	Articolo di riferimento	Query	Passage
0	Art. 456 Apertura della successione	1. In quale momento si apre la successione secondo il testo?	La successione si apre al momento della morte (4, 58 e seguenti), nel luogo dell’ultimo domicilio del defunto.
1	Art. 456 Apertura della successione	2. Dove si apre la successione secondo il testo?	La successione si apre al momento della morte (4, 58 e seguenti), nel luogo dell’ultimo domicilio del defunto.
2	Art. 457 Delazione dell’eredità	1. In quali modi si può devolvere un'eredità secondo il testo?	L’eredità si devolve per legge (565 e seguenti) o per testamento (587 e seguenti; Costit. 42). Non si fa luogo alla successione legittima se non quando manca, in tutto o in parte, quella testamentaria. Le disposizioni testamentarie non possono pregiudicare i diritti che la legge riserva ai legittimari (536 e seguenti).
3	Art. 457 Delazione dell’eredità	2. Quando si applica la successione legittima?	L’eredità si devolve per legge (565 e seguenti) o per testamento (587 e seguenti; Costit. 42). Non si fa luogo alla successione legittima se non quando manca, in tutto o in parte, quella testamentaria. Le disposizioni testamentarie non possono pregiudicare i diritti che la legge riserva ai legittimari (536 e seguenti).
4	Art. 457 Delazione dell’eredità	3. Quali articoli del codice civile regolano la devoluzione dell'eredità per legge?	L’eredità si devolve per legge (565 e seguenti) o per testamento (587 e seguenti; Costit. 42). Non si fa luogo alla successione legittima se non quando manca, in tutto o in parte, quella testamentaria. Le disposizioni testamentarie non possono pregiudicare i diritti che la legge riserva ai legittimari (536 e seguenti).
5	Art. 457 Delazione dell’eredità	4. Quali articoli del codice civile regolano la devoluzione dell'eredità per testamento?	L’eredità si devolve per legge (565 e seguenti) o per testamento (587 e seguenti; Costit. 42). Non si fa luogo alla successione legittima se non quando manca, in tutto o in parte, quella testamentaria. Le disposizioni testamentarie non possono pregiudicare i diritti che la legge riserva ai legittimari (536 e seguenti).
6	Art. 457 Delazione dell’eredità	5. Cosa accade se le disposizioni testamentarie pregiudicano i diritti dei legittimari?	L’eredità si devolve per legge (565 e seguenti) o per testamento (587 e seguenti; Costit. 42). Non si fa luogo alla successione legittima se non quando manca, in tutto o in parte, quella testamentaria. Le disposizioni testamentarie non possono pregiudicare i diritti che la legge riserva ai legittimari (536 e seguenti).
7	Art. 457 Delazione dell’eredità	6. Quali diritti la legge riserva ai legittimari che non possono essere pregiudicati dalle disposizioni testamentarie?	L’eredità si devolve per legge (565 e seguenti) o per testamento (587 e seguenti; Costit. 42). Non si fa luogo alla successione legittima se non quando manca, in tutto o in parte, quella testamentaria. Le disposizioni testamentarie non possono pregiudicare i diritti che la legge riserva ai legittimari (536 e seguenti).
8	Art. 458 Divieto di patti successori	1. Quali sono le conseguenze giuridiche di una convenzione con cui una persona dispone della propria successione?	È nulla ogni convenzione con cui taluno dispone della propria successione. È del pari nullo ogni atto col quale taluno dispone dei diritti che gli possono spettare su una successione non ancora aperta, o rinunzia ai medesimi.
9	Art. 458 Divieto di patti successori	2. È valido un atto con cui una persona rinuncia ai diritti su una successione non ancora aperta?	È nulla ogni convenzione con cui taluno dispone della propria successione. È del pari nullo ogni atto col quale taluno dispone dei diritti che gli possono spettare su una successione non ancora aperta, o rinunzia ai medesimi.
10	Art. 459 Acquisto dell’eredità	1. Qual è il momento in cui l'effetto dell'accettazione dell'eredità risale?	L’eredità si acquista con l’accettazione (470 e seguenti, 586). L’effetto dell’accettazione risale al momento nel quale si è aperta la successione.
11	Art. 459 Acquisto dell’eredità	2. Quali articoli del codice civile regolano l'acquisto dell'eredità tramite accettazione?	L’eredità si acquista con l’accettazione (470 e seguenti, 586). L’effetto dell’accettazione risale al momento nel quale si è aperta la successione.
12	Art. 460 Poteri del chiamato prima dell’accettazione	1. Quali azioni può esercitare il chiamato all'eredità a tutela dei beni ereditari?	Il chiamato all’eredità può esercitare le azioni possessorie (1168 e seguenti) a tutela dei beni ereditari, senza bisogno di materiale apprensione. Egli inoltre può compiere atti conservativi (Cod. Proc. Civ. 670) di vigilanza e di amministrazione temporanea, e può farsi autorizzare dall’autorità giudiziaria a vendere i beni che non si possono conservare o la cui conservazione importa grave dispendio (Cod. Proc. Civ. 747, 748). Non può il chiamato compiere gli atti indicati nei commi precedenti, quando si è provveduto alla nomina di un curatore dell’eredità a norma dell’Art. 528.
13	Art. 460 Poteri del chiamato prima dell’accettazione	2. In quali circostanze il chiamato all'eredità non può compiere atti conservativi o di amministrazione temporanea?	Il chiamato all’eredità può esercitare le azioni possessorie (1168 e seguenti) a tutela dei beni ereditari, senza bisogno di materiale apprensione. Egli inoltre può compiere atti conservativi (Cod. Proc. Civ. 670) di vigilanza e di amministrazione temporanea, e può farsi autorizzare dall’autorità giudiziaria a vendere i beni che non si possono conservare o la cui conservazione importa grave dispendio (Cod. Proc. Civ. 747, 748). Non può il chiamato compiere gli atti indicati nei commi precedenti, quando si è provveduto alla nomina di un curatore dell’eredità a norma dell’Art. 528.
14	Art. 460 Poteri del chiamato prima dell’accettazione	3. Quali autorizzazioni può richiedere il chiamato all'eredità all'autorità giudiziaria riguardo ai beni ereditari?	Il chiamato all’eredità può esercitare le azioni possessorie (1168 e seguenti) a tutela dei beni ereditari, senza bisogno di materiale apprensione. Egli inoltre può compiere atti conservativi (Cod. Proc. Civ. 670) di vigilanza e di amministrazione temporanea, e può farsi autorizzare dall’autorità giudiziaria a vendere i beni che non si possono conservare o la cui conservazione importa grave dispendio (Cod. Proc. Civ. 747, 748). Non può il chiamato compiere gli atti indicati nei commi precedenti, quando si è provveduto alla nomina di un curatore dell’eredità a norma dell’Art. 528.
15	Art. 461 Rimborso delle spese sostenute dal chiamato	1. Quali sono le conseguenze sulle spese sostenute per gli atti indicati dall'articolo precedente se il chiamato rinunzia all'eredità?	Se il chiamato rinunzia all’eredità (529 e seguenti), le spese sostenute per gli atti indicati dall’articolo precedente sono a carico dell’eredità.
16	Art. 462 Capacità delle persone fisiche	1. Chi è considerato capace di succedere secondo il testo?	Sono capaci di succedere tutti coloro che sono nati o concepiti al tempo dell’apertura della successione (1, 456, 594 e seguenti, 784). Salvo prova contraria, si presume concepito al tempo dell’apertura della successione chi è nato entro i trecento giorni dalla morte della persona della cui successione si tratta. Possono inoltre ricevere per testamento i figli di una determinata persona vivente al tempo della morte del testatore, benché non ancora concepiti.
17	Art. 462 Capacità delle persone fisiche	2. Qual è la presunzione legale riguardo al concepimento al tempo dell’apertura della successione?	Sono capaci di succedere tutti coloro che sono nati o concepiti al tempo dell’apertura della successione (1, 456, 594 e seguenti, 784). Salvo prova contraria, si presume concepito al tempo dell’apertura della successione chi è nato entro i trecento giorni dalla morte della persona della cui successione si tratta. Possono inoltre ricevere per testamento i figli di una determinata persona vivente al tempo della morte del testatore, benché non ancora concepiti.
18	Art. 462 Capacità delle persone fisiche	3. In quali circostanze i figli non ancora concepiti possono ricevere per testamento?	Sono capaci di succedere tutti coloro che sono nati o concepiti al tempo dell’apertura della successione (1, 456, 594 e seguenti, 784). Salvo prova contraria, si presume concepito al tempo dell’apertura della successione chi è nato entro i trecento giorni dalla morte della persona della cui successione si tratta. Possono inoltre ricevere per testamento i figli di una determinata persona vivente al tempo della morte del testatore, benché non ancora concepiti.
19	Art. 463 Casi d’indegnità	1. Quali sono le condizioni che escludono una persona dalla successione come indegna secondo il testo?	È escluso dalla successione come indegno : 1) chi ha volontariamente ucciso o tentato di uccidere la persona della cui successione si tratta, o il coniuge, o un discendente, o un ascendente della medesima, purché non ricorra alcuna delle cause che escludono la punibilità a norma della legge penale (cod. pen. 43, 575); 2) chi ha commesso, in danno di una di tali persone, un fatto al quale la legge 
20	Art. 464 Restituzione dei frutti	1. Quali sono le conseguenze per un indegno riguardo ai frutti ricevuti dopo l'apertura della successione?	L’indegno è obbligato a restituire i frutti che gli sono pervenuti dopo l’apertura della successione.
21	Art. 465 Indegnità del genitore	1. Quali diritti non ha colui che è escluso per indegnità dalla successione sui beni devoluti ai suoi figli?	Colui che è escluso per indegnità dalla successione non ha sui beni della medesima, che siano devoluti ai suoi figli, i diritti di usufrutto o di amministrazione che la legge accorda ai genitori (320 e seguenti).
22	Art. 466 Riabilitazione dell’indegno	1. In quali modi una persona indegna può essere abilitata a succedere nella successione di un testatore?	Chi è incorso nell’indegnità è ammesso a succedere quando la persona, della cui successione si tratta, ve lo ha espressamente abilitato con atto pubblico o con testamento. Tuttavia l’indegno non espressamente abilitato, se è stato contemplato nel testamento quando il testatore conosceva la causa dell’indegnità, è ammesso a succedere nei limiti della disposizione testamentaria.
23	Art. 466 Riabilitazione dell’indegno	2. Cosa accade se un indegno è contemplato nel testamento ma non è espressamente abilitato, e il testatore conosceva la causa dell’indegnità?	Chi è incorso nell’indegnità è ammesso a succedere quando la persona, della cui successione si tratta, ve lo ha espressamente abilitato con atto pubblico o con testamento. Tuttavia l’indegno non espressamente abilitato, se è stato contemplato nel testamento quando il testatore conosceva la causa dell’indegnità, è ammesso a succedere nei limiti della disposizione testamentaria.
24	Art. 467 Nozione	1. In quali casi i discendenti subentrano nel luogo e nel grado del loro ascendente nella rappresentazione?	La rappresentazione fa subentrare i discendenti nel luogo e nel grado del loro ascendente, in tutti i casi in cui questi non può o non vuole accettare l’eredità o il legato. Si ha rappresentazione nella successione testamentaria quando il testatore non ha provveduto per il caso in cui l’istituto non possa o non voglia accettare l’eredità o il legato, e sempre che non si tratti di legato di usufrutto o di altro diritto di natura personale.
25	Art. 467 Nozione	2. Quando si verifica la rappresentazione nella successione testamentaria?	La rappresentazione fa subentrare i discendenti nel luogo e nel grado del loro ascendente, in tutti i casi in cui questi non può o non vuole accettare l’eredità o il legato. Si ha rappresentazione nella successione testamentaria quando il testatore non ha provveduto per il caso in cui l’istituto non possa o non voglia accettare l’eredità o il legato, e sempre che non si tratti di legato di usufrutto o di altro diritto di natura personale.
26	Art. 468 Soggetti	1. In quali linee di successione si applica la rappresentazione secondo il testo?	La rappresentazione ha luogo, nella linea retta a favore dei discendenti dei figli anche adottivi e, nella linea collaterale, a favore dei discendenti dei fratelli e delle sorelle del defunto. I discendenti possono succedere per rappresentazione anche se hanno rinunziato (519 e seguenti) all’eredità della persona in luogo della quale subentrano, o sono incapaci o indegni di succedere rispetto a questa.
27	Art. 468 Soggetti	2. I discendenti possono succedere per rappresentazione se hanno rinunciato all'eredità della persona in luogo della quale subentrano?	La rappresentazione ha luogo, nella linea retta a favore dei discendenti dei figli anche adottivi e, nella linea collaterale, a favore dei discendenti dei fratelli e delle sorelle del defunto. I discendenti possono succedere per rappresentazione anche se hanno rinunziato (519 e seguenti) all’eredità della persona in luogo della quale subentrano, o sono incapaci o indegni di succedere rispetto a questa.
28	Art. 468 Soggetti	3. È possibile per i discendenti succedere per rappresentazione se sono incapaci o indegni di succedere rispetto alla persona in luogo della quale subentrano?	La rappresentazione ha luogo, nella linea retta a favore dei discendenti dei figli anche adottivi e, nella linea collaterale, a favore dei discendenti dei fratelli e delle sorelle del defunto. I discendenti possono succedere per rappresentazione anche se hanno rinunziato (519 e seguenti) all’eredità della persona in luogo della quale subentrano, o sono incapaci o indegni di succedere rispetto a questa.
29	Art. 469 Estensione del diritto di rappresentazione. Divisione	1. In quali circostanze la rappresentazione ha luogo in infinito?	La rappresentazione ha luogo in infinito, siano uguali o disuguali il grado dei discendenti e il loro numero in ciascuna stirpe. La rappresentazione ha luogo anche nel caso di unicità di stirpe. Quando vi è rappresentazione la divisione si fa per stirpi. Se uno stipite ha prodotto più rami, la suddivisione avviene per stirpi anche in ciascun ramo, e per capi tra i membri del medesimo ramo.
30	Art. 469 Estensione del diritto di rappresentazione. Divisione	2. Come avviene la divisione quando vi è rappresentazione?	La rappresentazione ha luogo in infinito, siano uguali o disuguali il grado dei discendenti e il loro numero in ciascuna stirpe. La rappresentazione ha luogo anche nel caso di unicità di stirpe. Quando vi è rappresentazione la divisione si fa per stirpi. Se uno stipite ha prodotto più rami, la suddivisione avviene per stirpi anche in ciascun ramo, e per capi tra i membri del medesimo ramo.
31	Art. 469 Estensione del diritto di rappresentazione. Divisione	3. Cosa accade se uno stipite ha prodotto più rami?	La rappresentazione ha luogo in infinito, siano uguali o disuguali il grado dei discendenti e il loro numero in ciascuna stirpe. La rappresentazione ha luogo anche nel caso di unicità di stirpe. Quando vi è rappresentazione la divisione si fa per stirpi. Se uno stipite ha prodotto più rami, la suddivisione avviene per stirpi anche in ciascun ramo, e per capi tra i membri del medesimo ramo.
32	Art. 469 Estensione del diritto di rappresentazione. Divisione	4. In che modo avviene la suddivisione tra i membri di un medesimo ramo?	La rappresentazione ha luogo in infinito, siano uguali o disuguali il grado dei discendenti e il loro numero in ciascuna stirpe. La rappresentazione ha luogo anche nel caso di unicità di stirpe. Quando vi è rappresentazione la divisione si fa per stirpi. Se uno stipite ha prodotto più rami, la suddivisione avviene per stirpi anche in ciascun ramo, e per capi tra i membri del medesimo ramo.
33	Art. 470 Accettazione pura e semplice e accettazione col beneficio d’inventario	1. Quali sono le modalità di accettazione dell'eredità previste dal testo?	L’eredità può essere accettata puramente e semplicemente o col beneficio d’inventario (484 e seguenti). L’accettazione col beneficio d’inventario può farsi nonostante qualunque divieto del testatore.
34	Art. 470 Accettazione pura e semplice e accettazione col beneficio d’inventario	2. È possibile accettare un'eredità col beneficio d'inventario anche se il testatore lo ha vietato?	L’eredità può essere accettata puramente e semplicemente o col beneficio d’inventario (484 e seguenti). L’accettazione col beneficio d’inventario può farsi nonostante qualunque divieto del testatore.
35	Art. 471 Eredità devolute a minori o interdetti	1. Quali sono le condizioni necessarie per accettare le eredità devolute ai minori e agli interdetti?	Non si possono accettare le eredità devolute ai minori e agli interdetti, se non col beneficio d’inventario, osservate le disposizioni degli artt. 321 e 374.
36	Art. 472 Eredità devolute a minori emancipati o a inabilitati	1. Quali sono le condizioni necessarie affinché i minori emancipati possano accettare un'eredità?	I minori emancipati (390 e seguenti) e gli inabilitati (415 e seguenti) non possono accettare l’eredità, se non col beneficio d’inventario, osservate le disposizioni dell’Art. 394.
37	Art. 473 Eredità devolute a persone giuridiche od a associazioni, fondazioni o enti non riconosciuti 	1. Qual è la condizione necessaria per l'accettazione delle eredità devolute alle persone giuridiche?	L’accettazione delle eredità devolute alle persone giuridiche (11 e seguenti) non può farsi che col beneficio d’inventario. Questo articolo non si applica alle società.
38	Art. 473 Eredità devolute a persone giuridiche od a associazioni, fondazioni o enti non riconosciuti 	2. A quali entità non si applica l'obbligo di accettare le eredità col beneficio d'inventario?	L’accettazione delle eredità devolute alle persone giuridiche (11 e seguenti) non può farsi che col beneficio d’inventario. Questo articolo non si applica alle società.
39	Art. 474 Modi di accettazione	1. Quali sono le modalità attraverso le quali può avvenire l'accettazione?	L’accettazione può essere espressa o tacita.
40	Art. 475 Accettazione espressa	1. Quando si considera espressa l'accettazione dell'eredità?	L’accettazione e espressa quando, in un atto pubblico o in una scrittura privata, il chiamato all’eredità ha dichiarato di accettarla oppure ha assunto il titolo di erede. E nulla la dichiarazione di accettare sotto condizione (1335 e seguenti) o a termine. Parimenti è nulla la dichiarazione di accettazione parziale di eredità.
41	Art. 475 Accettazione espressa	2. Quali condizioni rendono nulla la dichiarazione di accettazione dell'eredità?	L’accettazione e espressa quando, in un atto pubblico o in una scrittura privata, il chiamato all’eredità ha dichiarato di accettarla oppure ha assunto il titolo di erede. E nulla la dichiarazione di accettare sotto condizione (1335 e seguenti) o a termine. Parimenti è nulla la dichiarazione di accettazione parziale di eredità.
42	Art. 475 Accettazione espressa	3. È valida una dichiarazione di accettazione parziale di eredità?	L’accettazione e espressa quando, in un atto pubblico o in una scrittura privata, il chiamato all’eredità ha dichiarato di accettarla oppure ha assunto il titolo di erede. E nulla la dichiarazione di accettare sotto condizione (1335 e seguenti) o a termine. Parimenti è nulla la dichiarazione di accettazione parziale di eredità.
43	Art. 476 Accettazione tacita	1. Quali atti compiuti dal chiamato all'eredità possono essere considerati come accettazione tacita?	L’accettazione è tacita quando il chiamato all’eredità compie un atto che presuppone necessariamente la sua volontà di accettare e che non avrebbe il diritto di fare se non nella qualità di erede.
44	Art. 477 Donazione, vendita e cessione dei diritti di successione	1. Quali atti compiuti dal chiamato all'eredità comportano l'accettazione dell'eredità?	La donazione, la vendita o la cessione, che il chiamato all’eredità faccia dei suoi diritti di successione a un estraneo o a tutti gli altri chiamati o ad alcuno di questi, importa accettazione dell’eredità (769 e seguenti).
45	Art. 478 Rinunzia che importa accettazione	1. Cosa implica la rinunzia ai diritti di successione se fatta verso corrispettivo o a favore di alcuni soltanto dei chiamati?	La rinunzia ai diritti di successione, qualora sia fatta verso corrispettivo o a favore di alcuni soltanto dei chiamati, importa accettazione.
46	Art. 479 Trasmissione del diritto di accettazione	1. Cosa accade al diritto di accettare un'eredità se il chiamato muore senza averla accettata?	Se il chiamato all’eredità muore senza averla accettata, il diritto di accettarla si trasmette agli eredi. Se questi non sono d’accordo per accettare o rinunziare, colui che accetta l’eredità acquista tutti i diritti e soggiace a tutti i pesi ereditari, mentre vi rimane estraneo chi ha rinunziato. La rinunzia all’eredità propria del trasmittente include rinunzia all’eredità che al medesimo è devoluta.
47	Art. 479 Trasmissione del diritto di accettazione	2. Quali sono le conseguenze per chi accetta l'eredità rispetto a chi vi rinunzia?	Se il chiamato all’eredità muore senza averla accettata, il diritto di accettarla si trasmette agli eredi. Se questi non sono d’accordo per accettare o rinunziare, colui che accetta l’eredità acquista tutti i diritti e soggiace a tutti i pesi ereditari, mentre vi rimane estraneo chi ha rinunziato. La rinunzia all’eredità propria del trasmittente include rinunzia all’eredità che al medesimo è devoluta.
48	Art. 479 Trasmissione del diritto di accettazione	3. Cosa implica la rinunzia all'eredità propria del trasmittente in relazione all'eredità devoluta al medesimo?	Se il chiamato all’eredità muore senza averla accettata, il diritto di accettarla si trasmette agli eredi. Se questi non sono d’accordo per accettare o rinunziare, colui che accetta l’eredità acquista tutti i diritti e soggiace a tutti i pesi ereditari, mentre vi rimane estraneo chi ha rinunziato. La rinunzia all’eredità propria del trasmittente include rinunzia all’eredità che al medesimo è devoluta.
49	Art. 480 Prescrizione	1. Qual è il termine di prescrizione per accettare l'eredità?	Il diritto di accettare l’eredità si prescrive in dieci anni. Il termine decorre dal giorno dell’apertura della successione e, in caso d’istituzione condizionale (633 e seguenti), dal giorno in cui si verifica la condizione (2935. In caso di accertamento giudiziale della filiazione il termine decorre dal passaggio in giudicato della sentenza che accerta la filiazione stessa. Il termine non corre per i chiamati ulteriori, se vi è stata accettazione da parte di precedenti chiamati e successivamente il loro acquisto ereditario è venuto meno.
50	Art. 480 Prescrizione	2. Da quale momento decorre il termine di prescrizione in caso di istituzione condizionale?	Il diritto di accettare l’eredità si prescrive in dieci anni. Il termine decorre dal giorno dell’apertura della successione e, in caso d’istituzione condizionale (633 e seguenti), dal giorno in cui si verifica la condizione (2935. In caso di accertamento giudiziale della filiazione il termine decorre dal passaggio in giudicato della sentenza che accerta la filiazione stessa. Il termine non corre per i chiamati ulteriori, se vi è stata accettazione da parte di precedenti chiamati e successivamente il loro acquisto ereditario è venuto meno.
51	Art. 480 Prescrizione	3. Quando inizia a decorrere il termine di prescrizione in caso di accertamento giudiziale della filiazione?	Il diritto di accettare l’eredità si prescrive in dieci anni. Il termine decorre dal giorno dell’apertura della successione e, in caso d’istituzione condizionale (633 e seguenti), dal giorno in cui si verifica la condizione (2935. In caso di accertamento giudiziale della filiazione il termine decorre dal passaggio in giudicato della sentenza che accerta la filiazione stessa. Il termine non corre per i chiamati ulteriori, se vi è stata accettazione da parte di precedenti chiamati e successivamente il loro acquisto ereditario è venuto meno.
52	Art. 480 Prescrizione	4. In quali circostanze il termine di prescrizione non corre per i chiamati ulteriori?	Il diritto di accettare l’eredità si prescrive in dieci anni. Il termine decorre dal giorno dell’apertura della successione e, in caso d’istituzione condizionale (633 e seguenti), dal giorno in cui si verifica la condizione (2935. In caso di accertamento giudiziale della filiazione il termine decorre dal passaggio in giudicato della sentenza che accerta la filiazione stessa. Il termine non corre per i chiamati ulteriori, se vi è stata accettazione da parte di precedenti chiamati e successivamente il loro acquisto ereditario è venuto meno.
53	Art. 481 Fissazione di un termine per l’accettazione	1. Quali sono le conseguenze per il chiamato all'eredità se non dichiara la sua decisione entro il termine fissato dall'autorità giudiziaria?	Chiunque vi ha interesse può chiedere che l’autorità giudiziaria fissi un termine (Cod. Proc. Civ. 749) entro il quale il chiamato dichiari se accetta o rinunzia all’eredità. Trascorso questo termine senza che abbia fatto la dichiarazione, il chiamato perde il diritto di accettare.
54	Art. 481 Fissazione di un termine per l’accettazione	2. Chi ha il diritto di richiedere all'autorità giudiziaria di fissare un termine per il chiamato all'eredità?	Chiunque vi ha interesse può chiedere che l’autorità giudiziaria fissi un termine (Cod. Proc. Civ. 749) entro il quale il chiamato dichiari se accetta o rinunzia all’eredità. Trascorso questo termine senza che abbia fatto la dichiarazione, il chiamato perde il diritto di accettare.
55	Art. 482 Impugnazione per violenza o dolo	1. In quali circostanze l'accettazione dell'eredità può essere impugnata secondo il testo?	L’accettazione dell’eredità si può impugnare quando e effetto di violenza o di dolo (526, 1434 e seguenti). L’azione si prescrive in cinque anni dal giorno in cui è cessata la violenza o è stato scoperto il dolo.
56	Art. 482 Impugnazione per violenza o dolo	2. Qual è il termine di prescrizione per l'azione di impugnazione dell'accettazione dell'eredità a causa di violenza o dolo?	L’accettazione dell’eredità si può impugnare quando e effetto di violenza o di dolo (526, 1434 e seguenti). L’azione si prescrive in cinque anni dal giorno in cui è cessata la violenza o è stato scoperto il dolo.
57	Art. 483 Impugnazione per errore	1. Quali sono le conseguenze se si scopre un testamento sconosciuto al momento dell'accettazione dell'eredità?	L’accettazione dell’eredità non si può impugnare se è viziata da errore (526, 1428 e seguenti). Tuttavia, se si scopre un testamento del quale non si aveva notizia al tempo dell’accettazione, l’erede (662 e seguente) non è tenuto a soddisfare i legati (649 e seguenti) scritti in esso oltre il valore dell’eredità, o con pregiudizio della porzione legittima che gli e dovuta (536 e seguenti). Se i beni ereditari non bastano a soddisfare tali legati, si riducono proporzionalmente anche i legati scritti in altri testamenti. Se alcuni legatari sono stati già soddisfatti per intero, contro di loro è data azione di regresso. L’onere di provare il valore dell’eredità incombe all’erede.
58	Art. 483 Impugnazione per errore	2. Cosa accade se i beni ereditari non sono sufficienti a soddisfare i legati indicati nei testamenti?	L’accettazione dell’eredità non si può impugnare se è viziata da errore (526, 1428 e seguenti). Tuttavia, se si scopre un testamento del quale non si aveva notizia al tempo dell’accettazione, l’erede (662 e seguente) non è tenuto a soddisfare i legati (649 e seguenti) scritti in esso oltre il valore dell’eredità, o con pregiudizio della porzione legittima che gli e dovuta (536 e seguenti). Se i beni ereditari non bastano a soddisfare tali legati, si riducono proporzionalmente anche i legati scritti in altri testamenti. Se alcuni legatari sono stati già soddisfatti per intero, contro di loro è data azione di regresso. L’onere di provare il valore dell’eredità incombe all’erede.
59	Art. 483 Impugnazione per errore	3. Qual è l'onere dell'erede in relazione al valore dell'eredità?	L’accettazione dell’eredità non si può impugnare se è viziata da errore (526, 1428 e seguenti). Tuttavia, se si scopre un testamento del quale non si aveva notizia al tempo dell’accettazione, l’erede (662 e seguente) non è tenuto a soddisfare i legati (649 e seguenti) scritti in esso oltre il valore dell’eredità, o con pregiudizio della porzione legittima che gli e dovuta (536 e seguenti). Se i beni ereditari non bastano a soddisfare tali legati, si riducono proporzionalmente anche i legati scritti in altri testamenti. Se alcuni legatari sono stati già soddisfatti per intero, contro di loro è data azione di regresso. L’onere di provare il valore dell’eredità incombe all’erede.
60	Art. 483 Impugnazione per errore	4. In che modo si riducono i legati se i beni ereditari non bastano a soddisfarli?	L’accettazione dell’eredità non si può impugnare se è viziata da errore (526, 1428 e seguenti). Tuttavia, se si scopre un testamento del quale non si aveva notizia al tempo dell’accettazione, l’erede (662 e seguente) non è tenuto a soddisfare i legati (649 e seguenti) scritti in esso oltre il valore dell’eredità, o con pregiudizio della porzione legittima che gli e dovuta (536 e seguenti). Se i beni ereditari non bastano a soddisfare tali legati, si riducono proporzionalmente anche i legati scritti in altri testamenti. Se alcuni legatari sono stati già soddisfatti per intero, contro di loro è data azione di regresso. L’onere di provare il valore dell’eredità incombe all’erede.
61	Art. 483 Impugnazione per errore	5. Quale azione è possibile contro i legatari che sono stati già soddisfatti per intero?	L’accettazione dell’eredità non si può impugnare se è viziata da errore (526, 1428 e seguenti). Tuttavia, se si scopre un testamento del quale non si aveva notizia al tempo dell’accettazione, l’erede (662 e seguente) non è tenuto a soddisfare i legati (649 e seguenti) scritti in esso oltre il valore dell’eredità, o con pregiudizio della porzione legittima che gli e dovuta (536 e seguenti). Se i beni ereditari non bastano a soddisfare tali legati, si riducono proporzionalmente anche i legati scritti in altri testamenti. Se alcuni legatari sono stati già soddisfatti per intero, contro di loro è data azione di regresso. L’onere di provare il valore dell’eredità incombe all’erede.
62	Art. 484 Accettazione col beneficio d’inventario	1. In che modo si effettua l'accettazione col beneficio d'inventario secondo il testo?	L’accettazione col beneficio d’inventario (490 e seguenti, 2830) si fa mediante dichiarazione, ricevuta da un notaio o dal cancelliere del tribunale del circondario in cui si è aperta la successione, e inserita nel registro delle successioni conservato nello stesso tribunale (att. 52, 53). Entro un mese dall’inserzione, la dichiarazione deve essere trascritta, a cura del cancelliere, presso l’ufficio dei registri immobiliari del luogo in cui si è aperta la successione. La dichiarazione deve essere preceduta o seguita dall’inventario, nelle forme prescritte dal codice di procedura civile (Cod. Proc. Civ. 769 e seguenti). Se l’inventario è fatto prima della dichiarazione, nel registro deve pure menzionarsi la data in cui esso e stato compiuto. Se l’inventario è fatto dopo la dichiarazione, l’ufficiale pubblico che lo ha redatto deve, nel termine di un mese, far inserire nel registro l’annotazione della data in cui esso è stato compiuto.
63	Art. 484 Accettazione col beneficio d’inventario	2. Qual è il ruolo del cancelliere del tribunale nel processo di accettazione col beneficio d'inventario?	L’accettazione col beneficio d’inventario (490 e seguenti, 2830) si fa mediante dichiarazione, ricevuta da un notaio o dal cancelliere del tribunale del circondario in cui si è aperta la successione, e inserita nel registro delle successioni conservato nello stesso tribunale (att. 52, 53). Entro un mese dall’inserzione, la dichiarazione deve essere trascritta, a cura del cancelliere, presso l’ufficio dei registri immobiliari del luogo in cui si è aperta la successione. La dichiarazione deve essere preceduta o seguita dall’inventario, nelle forme prescritte dal codice di procedura civile (Cod. Proc. Civ. 769 e seguenti). Se l’inventario è fatto prima della dichiarazione, nel registro deve pure menzionarsi la data in cui esso e stato compiuto. Se l’inventario è fatto dopo la dichiarazione, l’ufficiale pubblico che lo ha redatto deve, nel termine di un mese, far inserire nel registro l’annotazione della data in cui esso è stato compiuto.
64	Art. 484 Accettazione col beneficio d’inventario	3. Entro quanto tempo deve essere trascritta la dichiarazione presso l'ufficio dei registri immobiliari?	L’accettazione col beneficio d’inventario (490 e seguenti, 2830) si fa mediante dichiarazione, ricevuta da un notaio o dal cancelliere del tribunale del circondario in cui si è aperta la successione, e inserita nel registro delle successioni conservato nello stesso tribunale (att. 52, 53). Entro un mese dall’inserzione, la dichiarazione deve essere trascritta, a cura del cancelliere, presso l’ufficio dei registri immobiliari del luogo in cui si è aperta la successione. La dichiarazione deve essere preceduta o seguita dall’inventario, nelle forme prescritte dal codice di procedura civile (Cod. Proc. Civ. 769 e seguenti). Se l’inventario è fatto prima della dichiarazione, nel registro deve pure menzionarsi la data in cui esso e stato compiuto. Se l’inventario è fatto dopo la dichiarazione, l’ufficiale pubblico che lo ha redatto deve, nel termine di un mese, far inserire nel registro l’annotazione della data in cui esso è stato compiuto.
65	Art. 484 Accettazione col beneficio d’inventario	4. Cosa deve essere menzionato nel registro se l'inventario è fatto prima della dichiarazione?	L’accettazione col beneficio d’inventario (490 e seguenti, 2830) si fa mediante dichiarazione, ricevuta da un notaio o dal cancelliere del tribunale del circondario in cui si è aperta la successione, e inserita nel registro delle successioni conservato nello stesso tribunale (att. 52, 53). Entro un mese dall’inserzione, la dichiarazione deve essere trascritta, a cura del cancelliere, presso l’ufficio dei registri immobiliari del luogo in cui si è aperta la successione. La dichiarazione deve essere preceduta o seguita dall’inventario, nelle forme prescritte dal codice di procedura civile (Cod. Proc. Civ. 769 e seguenti). Se l’inventario è fatto prima della dichiarazione, nel registro deve pure menzionarsi la data in cui esso e stato compiuto. Se l’inventario è fatto dopo la dichiarazione, l’ufficiale pubblico che lo ha redatto deve, nel termine di un mese, far inserire nel registro l’annotazione della data in cui esso è stato compiuto.
66	Art. 484 Accettazione col beneficio d’inventario	5. Qual è il termine entro cui l'ufficiale pubblico deve far inserire nel registro l'annotazione della data di compimento dell'inventario se questo è fatto dopo la dichiarazione?	L’accettazione col beneficio d’inventario (490 e seguenti, 2830) si fa mediante dichiarazione, ricevuta da un notaio o dal cancelliere del tribunale del circondario in cui si è aperta la successione, e inserita nel registro delle successioni conservato nello stesso tribunale (att. 52, 53). Entro un mese dall’inserzione, la dichiarazione deve essere trascritta, a cura del cancelliere, presso l’ufficio dei registri immobiliari del luogo in cui si è aperta la successione. La dichiarazione deve essere preceduta o seguita dall’inventario, nelle forme prescritte dal codice di procedura civile (Cod. Proc. Civ. 769 e seguenti). Se l’inventario è fatto prima della dichiarazione, nel registro deve pure menzionarsi la data in cui esso e stato compiuto. Se l’inventario è fatto dopo la dichiarazione, l’ufficiale pubblico che lo ha redatto deve, nel termine di un mese, far inserire nel registro l’annotazione della data in cui esso è stato compiuto.
67	Art. 485 Chiamato all’eredità che è nel possesso di beni	1. Quali sono le conseguenze per il chiamato all'eredità se non completa l'inventario entro il termine stabilito?	Il chiamato all’eredità, quando a qualsiasi titolo e nel possesso di beni ereditari, deve fare l’inventario entro tre mesi dal giorno dell’apertura della successione o della notizia della devoluta eredità. Se entro questo termine lo ha cominciato ma non e stato in grado di completarlo, può ottenere dal tribunale del luogo in cui si e aperta la successione una proroga che, salvo gravi circostanze, non deve eccedere i tre mesi (Cod. Proc. Civ. 7494). Trascorso tale termine senza che l’inventario sia stato compiuto, il chiamato all’eredità è considerato erede puro e semplice. Compiuto l’inventario, il chiamato che non abbia ancora fatto la dichiarazione a norma dell’Art. 484 ha un termine di quaranta giorni da quello del compimento dell’inventario medesimo, per deliberare se accetta o rinunzia all’eredità. Trascorso questo termine senza che abbia deliberato, è considerato erede puro e semplice.
68	Art. 485 Chiamato all’eredità che è nel possesso di beni	2. Qual è il termine entro il quale il chiamato all'eredità deve deliberare se accettare o rinunciare all'eredità dopo aver compiuto l'inventario?	Il chiamato all’eredità, quando a qualsiasi titolo e nel possesso di beni ereditari, deve fare l’inventario entro tre mesi dal giorno dell’apertura della successione o della notizia della devoluta eredità. Se entro questo termine lo ha cominciato ma non e stato in grado di completarlo, può ottenere dal tribunale del luogo in cui si e aperta la successione una proroga che, salvo gravi circostanze, non deve eccedere i tre mesi (Cod. Proc. Civ. 7494). Trascorso tale termine senza che l’inventario sia stato compiuto, il chiamato all’eredità è considerato erede puro e semplice. Compiuto l’inventario, il chiamato che non abbia ancora fatto la dichiarazione a norma dell’Art. 484 ha un termine di quaranta giorni da quello del compimento dell’inventario medesimo, per deliberare se accetta o rinunzia all’eredità. Trascorso questo termine senza che abbia deliberato, è considerato erede puro e semplice.
69	Art. 485 Chiamato all’eredità che è nel possesso di beni	3. In quali circostanze il tribunale può concedere una proroga per completare l'inventario e qual è la durata massima di tale proroga?	Il chiamato all’eredità, quando a qualsiasi titolo e nel possesso di beni ereditari, deve fare l’inventario entro tre mesi dal giorno dell’apertura della successione o della notizia della devoluta eredità. Se entro questo termine lo ha cominciato ma non e stato in grado di completarlo, può ottenere dal tribunale del luogo in cui si e aperta la successione una proroga che, salvo gravi circostanze, non deve eccedere i tre mesi (Cod. Proc. Civ. 7494). Trascorso tale termine senza che l’inventario sia stato compiuto, il chiamato all’eredità è considerato erede puro e semplice. Compiuto l’inventario, il chiamato che non abbia ancora fatto la dichiarazione a norma dell’Art. 484 ha un termine di quaranta giorni da quello del compimento dell’inventario medesimo, per deliberare se accetta o rinunzia all’eredità. Trascorso questo termine senza che abbia deliberato, è considerato erede puro e semplice.
70	Art. 486 Poteri	1. Quali poteri può esercitare il chiamato durante i termini stabiliti per fare l'inventario e per deliberare?	Durante i termini stabiliti dall’articolo precedente per fare l’inventario e per deliberare, il chiamato, oltre che esercitare i poteri indicati nell’Art. 460, può stare in giudizio come convenuto per rappresentare l’eredità. Se non compare, l’autorità giudiziaria nomina un curatore all’eredità affinche la rappresenti in giudizio (Cod. Proc. Civ. 78-80).
71	Art. 486 Poteri	2. Cosa accade se il chiamato non compare in giudizio per rappresentare l'eredità?	Durante i termini stabiliti dall’articolo precedente per fare l’inventario e per deliberare, il chiamato, oltre che esercitare i poteri indicati nell’Art. 460, può stare in giudizio come convenuto per rappresentare l’eredità. Se non compare, l’autorità giudiziaria nomina un curatore all’eredità affinche la rappresenti in giudizio (Cod. Proc. Civ. 78-80).
72	Art. 487 Chiamato all’eredità che non è nel possesso di beni	1. Qual è il termine entro cui il chiamato all'eredità deve compiere l'inventario dopo aver fatto la dichiarazione di accettare col beneficio d’inventario?	Il chiamato all’eredità, che non è nel possesso di beni ereditari, può fare la dichiarazione di accettare col beneficio d’inventario, fino a che il diritto di accettare non e prescritto. Quando ha fatto la dichiarazione, deve compiere l’inventario nel termine di tre mesi dalla dichiarazione, salva la proroga accordata dall’autorità giudiziaria a norma dell’Art. 485; in mancanza, e considerato erede puro e semplice. Quando ha fatto l’inventario non preceduto da dichiarazione d’accettazione, questa deve essere fatta nei quaranta giorni successivi al compimento dell’inventario; in mancanza, il chiamato perde il diritto di accettare l’eredità.
73	Art. 487 Chiamato all’eredità che non è nel possesso di beni	2. Cosa accade se il chiamato all'eredità non compie l'inventario entro il termine stabilito?	Il chiamato all’eredità, che non è nel possesso di beni ereditari, può fare la dichiarazione di accettare col beneficio d’inventario, fino a che il diritto di accettare non e prescritto. Quando ha fatto la dichiarazione, deve compiere l’inventario nel termine di tre mesi dalla dichiarazione, salva la proroga accordata dall’autorità giudiziaria a norma dell’Art. 485; in mancanza, e considerato erede puro e semplice. Quando ha fatto l’inventario non preceduto da dichiarazione d’accettazione, questa deve essere fatta nei quaranta giorni successivi al compimento dell’inventario; in mancanza, il chiamato perde il diritto di accettare l’eredità.
74	Art. 487 Chiamato all’eredità che non è nel possesso di beni	3. Qual è la conseguenza per il chiamato all'eredità se non fa la dichiarazione d’accettazione nei quaranta giorni successivi al compimento dell’inventario?	Il chiamato all’eredità, che non è nel possesso di beni ereditari, può fare la dichiarazione di accettare col beneficio d’inventario, fino a che il diritto di accettare non e prescritto. Quando ha fatto la dichiarazione, deve compiere l’inventario nel termine di tre mesi dalla dichiarazione, salva la proroga accordata dall’autorità giudiziaria a norma dell’Art. 485; in mancanza, e considerato erede puro e semplice. Quando ha fatto l’inventario non preceduto da dichiarazione d’accettazione, questa deve essere fatta nei quaranta giorni successivi al compimento dell’inventario; in mancanza, il chiamato perde il diritto di accettare l’eredità.
75	Art. 487 Chiamato all’eredità che non è nel possesso di beni	4. In quali circostanze l'autorità giudiziaria può accordare una proroga per compiere l'inventario?	Il chiamato all’eredità, che non è nel possesso di beni ereditari, può fare la dichiarazione di accettare col beneficio d’inventario, fino a che il diritto di accettare non e prescritto. Quando ha fatto la dichiarazione, deve compiere l’inventario nel termine di tre mesi dalla dichiarazione, salva la proroga accordata dall’autorità giudiziaria a norma dell’Art. 485; in mancanza, e considerato erede puro e semplice. Quando ha fatto l’inventario non preceduto da dichiarazione d’accettazione, questa deve essere fatta nei quaranta giorni successivi al compimento dell’inventario; in mancanza, il chiamato perde il diritto di accettare l’eredità.
76	Art. 487 Chiamato all’eredità che non è nel possesso di beni	5. Cosa succede se il chiamato all'eredità compie l'inventario senza aver fatto la dichiarazione d’accettazione?	Il chiamato all’eredità, che non è nel possesso di beni ereditari, può fare la dichiarazione di accettare col beneficio d’inventario, fino a che il diritto di accettare non e prescritto. Quando ha fatto la dichiarazione, deve compiere l’inventario nel termine di tre mesi dalla dichiarazione, salva la proroga accordata dall’autorità giudiziaria a norma dell’Art. 485; in mancanza, e considerato erede puro e semplice. Quando ha fatto l’inventario non preceduto da dichiarazione d’accettazione, questa deve essere fatta nei quaranta giorni successivi al compimento dell’inventario; in mancanza, il chiamato perde il diritto di accettare l’eredità.
77	Art. 488 Dichiarazione in caso di termine fissato dall’autorità giudiziaria	1. Cosa accade se il chiamato all'eredità fa la dichiarazione ma non compie l'inventario entro il termine assegnato?	Il chiamato all’eredità che non è nel possesso di beni ereditari, qualora gli sia stato assegnato un termine a norma dell’Art. 481, deve, entro detto termine, compiere anche l’inventario; se fa la dichiarazione e non l’inventario, è considerato erede puro e semplice. L’autorità giudiziaria può accordare una dilazione (Cod. Proc. Civ. 749-4).
78	Art. 488 Dichiarazione in caso di termine fissato dall’autorità giudiziaria	2. Quale ruolo ha l'autorità giudiziaria nel contesto del termine assegnato al chiamato all'eredità per compiere l'inventario?	Il chiamato all’eredità che non è nel possesso di beni ereditari, qualora gli sia stato assegnato un termine a norma dell’Art. 481, deve, entro detto termine, compiere anche l’inventario; se fa la dichiarazione e non l’inventario, è considerato erede puro e semplice. L’autorità giudiziaria può accordare una dilazione (Cod. Proc. Civ. 749-4).
79	Art. 488 Dichiarazione in caso di termine fissato dall’autorità giudiziaria	3. In quale situazione il chiamato all'eredità è considerato erede puro e semplice secondo il testo?	Il chiamato all’eredità che non è nel possesso di beni ereditari, qualora gli sia stato assegnato un termine a norma dell’Art. 481, deve, entro detto termine, compiere anche l’inventario; se fa la dichiarazione e non l’inventario, è considerato erede puro e semplice. L’autorità giudiziaria può accordare una dilazione (Cod. Proc. Civ. 749-4).
80	Art. 489 Incapaci	1. Qual è il termine entro il quale i minori, gli interdetti e gli inabilitati devono conformarsi alle norme per non decadere dal beneficio d’inventario?	I minori, gli interdetti e gli inabilitati (414 e seguente) non s’intendono decaduti dal beneficio d’inventario, se non al compimento di un anno dalla maggiore età o dal cessare dello stato d’interdizione o d’inabilitazione, qualora entro tale termine non si siano conformati alle norme della presente
81	Art. 490 Effetti del beneficio d’inventario	1. Qual è l'effetto principale del beneficio d'inventario sul patrimonio dell'erede?	L’effetto del beneficio d’inventario consiste nel tener distinto il patrimonio del defunto da quello dell’erede (2941, n. 5). Conseguentemente:  l’erede conserva verso l’eredità tutti i diritti e tutti gli obblighi che aveva verso il defunto, tranne quelli che si sono estinti per effetto della morte; l’erede non è tenuto al pagamento dei debiti ereditari e dei legati oltre il valore dei beni a lui pervenuti ; i creditori dell’eredità e i legatari hanno preferenza sul patrimonio ereditario di fronte ai creditori dell’erede. Essi però non sono dispensati dal domandare la separazione dei beni, secondo le disposizioni del Capo seguente, se vogliono conservare questa preferenza anche nel caso che l’erede decada dal beneficio d’inventario o vi rinunzi.
82	Art. 490 Effetti del beneficio d’inventario	2. Quali diritti e obblighi conserva l'erede verso l'eredità?	L’effetto del beneficio d’inventario consiste nel tener distinto il patrimonio del defunto da quello dell’erede (2941, n. 5). Conseguentemente:  l’erede conserva verso l’eredità tutti i diritti e tutti gli obblighi che aveva verso il defunto, tranne quelli che si sono estinti per effetto della morte; l’erede non è tenuto al pagamento dei debiti ereditari e dei legati oltre il valore dei beni a lui pervenuti ; i creditori dell’eredità e i legatari hanno preferenza sul patrimonio ereditario di fronte ai creditori dell’erede. Essi però non sono dispensati dal domandare la separazione dei beni, secondo le disposizioni del Capo seguente, se vogliono conservare questa preferenza anche nel caso che l’erede decada dal beneficio d’inventario o vi rinunzi.
83	Art. 490 Effetti del beneficio d’inventario	3. Fino a che limite l'erede è tenuto al pagamento dei debiti ereditari e dei legati?	L’effetto del beneficio d’inventario consiste nel tener distinto il patrimonio del defunto da quello dell’erede (2941, n. 5). Conseguentemente:  l’erede conserva verso l’eredità tutti i diritti e tutti gli obblighi che aveva verso il defunto, tranne quelli che si sono estinti per effetto della morte; l’erede non è tenuto al pagamento dei debiti ereditari e dei legati oltre il valore dei beni a lui pervenuti ; i creditori dell’eredità e i legatari hanno preferenza sul patrimonio ereditario di fronte ai creditori dell’erede. Essi però non sono dispensati dal domandare la separazione dei beni, secondo le disposizioni del Capo seguente, se vogliono conservare questa preferenza anche nel caso che l’erede decada dal beneficio d’inventario o vi rinunzi.
84	Art. 490 Effetti del beneficio d’inventario	4. Chi ha preferenza sul patrimonio ereditario rispetto ai creditori dell'erede?	L’effetto del beneficio d’inventario consiste nel tener distinto il patrimonio del defunto da quello dell’erede (2941, n. 5). Conseguentemente:  l’erede conserva verso l’eredità tutti i diritti e tutti gli obblighi che aveva verso il defunto, tranne quelli che si sono estinti per effetto della morte; l’erede non è tenuto al pagamento dei debiti ereditari e dei legati oltre il valore dei beni a lui pervenuti ; i creditori dell’eredità e i legatari hanno preferenza sul patrimonio ereditario di fronte ai creditori dell’erede. Essi però non sono dispensati dal domandare la separazione dei beni, secondo le disposizioni del Capo seguente, se vogliono conservare questa preferenza anche nel caso che l’erede decada dal beneficio d’inventario o vi rinunzi.
85	Art. 490 Effetti del beneficio d’inventario	5. Cosa devono fare i creditori dell'eredità e i legatari per mantenere la preferenza sul patrimonio ereditario?	L’effetto del beneficio d’inventario consiste nel tener distinto il patrimonio del defunto da quello dell’erede (2941, n. 5). Conseguentemente:  l’erede conserva verso l’eredità tutti i diritti e tutti gli obblighi che aveva verso il defunto, tranne quelli che si sono estinti per effetto della morte; l’erede non è tenuto al pagamento dei debiti ereditari e dei legati oltre il valore dei beni a lui pervenuti ; i creditori dell’eredità e i legatari hanno preferenza sul patrimonio ereditario di fronte ai creditori dell’erede. Essi però non sono dispensati dal domandare la separazione dei beni, secondo le disposizioni del Capo seguente, se vogliono conservare questa preferenza anche nel caso che l’erede decada dal beneficio d’inventario o vi rinunzi.
86	Art. 490 Effetti del beneficio d’inventario	6. Cosa accade alla preferenza dei creditori dell'eredità e dei legatari se l'erede decada dal beneficio d'inventario o vi rinunzi?	L’effetto del beneficio d’inventario consiste nel tener distinto il patrimonio del defunto da quello dell’erede (2941, n. 5). Conseguentemente:  l’erede conserva verso l’eredità tutti i diritti e tutti gli obblighi che aveva verso il defunto, tranne quelli che si sono estinti per effetto della morte; l’erede non è tenuto al pagamento dei debiti ereditari e dei legati oltre il valore dei beni a lui pervenuti ; i creditori dell’eredità e i legatari hanno preferenza sul patrimonio ereditario di fronte ai creditori dell’erede. Essi però non sono dispensati dal domandare la separazione dei beni, secondo le disposizioni del Capo seguente, se vogliono conservare questa preferenza anche nel caso che l’erede decada dal beneficio d’inventario o vi rinunzi.
87	Art. 491 Responsabilità dell’erede nell’amministrazione	1. In quali circostanze l’erede con beneficio d’inventario è responsabile dell’amministrazione dei beni ereditari?	L’erede con beneficio d’inventario non risponde dell’amministrazione dei beni ereditari se non per colpa grave.
88	Art. 492 Garanzia	1. In quali circostanze l'erede è tenuto a fornire una garanzia per il valore dei beni mobili compresi nell'inventario?	Se i creditori o altri aventi interesse lo richiedono, l’erede deve dare idonea garanzia (1179; Cod. Proc. Civ. 750) per il valore dei beni mobili compresi nell’inventario, per i frutti degli immobili e per il prezzo dei medesimi che sopravanzi al pagamento dei creditori ipotecari.
89	Art. 492 Garanzia	2. Quali sono i beni per i quali l'erede deve dare garanzia se richiesto dai creditori o altri aventi interesse?	Se i creditori o altri aventi interesse lo richiedono, l’erede deve dare idonea garanzia (1179; Cod. Proc. Civ. 750) per il valore dei beni mobili compresi nell’inventario, per i frutti degli immobili e per il prezzo dei medesimi che sopravanzi al pagamento dei creditori ipotecari.
90	Art. 492 Garanzia	3. Cosa deve includere la garanzia fornita dall'erede secondo il testo?	Se i creditori o altri aventi interesse lo richiedono, l’erede deve dare idonea garanzia (1179; Cod. Proc. Civ. 750) per il valore dei beni mobili compresi nell’inventario, per i frutti degli immobili e per il prezzo dei medesimi che sopravanzi al pagamento dei creditori ipotecari.
91	Art. 492 Garanzia	4. Chi può richiedere che l'erede dia idonea garanzia per i beni dell'inventario?	Se i creditori o altri aventi interesse lo richiedono, l’erede deve dare idonea garanzia (1179; Cod. Proc. Civ. 750) per il valore dei beni mobili compresi nell’inventario, per i frutti degli immobili e per il prezzo dei medesimi che sopravanzi al pagamento dei creditori ipotecari.
92	Art. 492 Garanzia	5. Qual è il riferimento normativo che disciplina la garanzia che l'erede deve fornire?	Se i creditori o altri aventi interesse lo richiedono, l’erede deve dare idonea garanzia (1179; Cod. Proc. Civ. 750) per il valore dei beni mobili compresi nell’inventario, per i frutti degli immobili e per il prezzo dei medesimi che sopravanzi al pagamento dei creditori ipotecari.
93	Art. 493 Alienazione dei beni ereditari senza autorizzazione	1. Quali azioni compiute dall'erede possono causare la decadenza dal beneficio d'inventario?	L’erede decade dal beneficio d’inventario, se aliena o sottopone a pegno o ipoteca beni ereditari, o transige relativamente a questi beni senza l’autorizzazione scritte dal codice di procedura civile (Cod. Proc. Civ. 747 e seguenti). Per i beni mobili l’autorizzazione non è necessaria trascorsi cinque anni dalla dichiarazione di accettare con beneficio d’inventario.
94	Art. 493 Alienazione dei beni ereditari senza autorizzazione	2. Dopo quanti anni dalla dichiarazione di accettare con beneficio d'inventario non è più necessaria l'autorizzazione per alienare beni mobili ereditari?	L’erede decade dal beneficio d’inventario, se aliena o sottopone a pegno o ipoteca beni ereditari, o transige relativamente a questi beni senza l’autorizzazione scritte dal codice di procedura civile (Cod. Proc. Civ. 747 e seguenti). Per i beni mobili l’autorizzazione non è necessaria trascorsi cinque anni dalla dichiarazione di accettare con beneficio d’inventario.
95	Art. 494 Omissioni o infedeltà nell’inventario	1. Quali sono le conseguenze per un erede che omette in mala fede di denunciare beni appartenenti all'eredità nell'inventario?	Dal beneficio d’inventario decade l’erede che ha omesso in mala fede di denunziare nell’inventario beni appartenenti all’eredità, o che ha denunziato in mala fede, nell’inventario stesso, passività non esistenti.
96	Art. 494 Omissioni o infedeltà nell’inventario	2. Cosa accade se un erede denuncia in mala fede passività non esistenti nell'inventario?	Dal beneficio d’inventario decade l’erede che ha omesso in mala fede di denunziare nell’inventario beni appartenenti all’eredità, o che ha denunziato in mala fede, nell’inventario stesso, passività non esistenti.
97	Art. 495 Pagamento dei creditori e legatari	1. Quali sono le condizioni che permettono all'erede di pagare i creditori e i legatari a misura che si presentano, secondo il testo?	Trascorso un mese dalla trascrizione prevista nell’Art. 484 o dall’annotazione disposta nello stesso articolo per il caso che l’inventario sia posteriore alla dichiarazione, l’erede, quando creditori o legatari non si oppongono ed egli non intende promuovere la liquidazione a norma dell’Art. 503, paga i creditori e i legatari a misura che si presentano, salvi i loro diritti di poziorità. Esaurito l’asse ereditario, i creditori rimasti insoddisfatti hanno soltanto diritto di regresso contro i legatari, ancorché di cosa determinata appartenente al testatore, nei limiti del valore del legato. Tale diritto si prescrive in tre anni dal giorno dell’ultimo pagamento, salvo che il credito sia anteriormente prescritto (2934 e seguenti).
98	Art. 495 Pagamento dei creditori e legatari	2. Entro quale termine si prescrive il diritto di regresso dei creditori rimasti insoddisfatti contro i legatari?	Trascorso un mese dalla trascrizione prevista nell’Art. 484 o dall’annotazione disposta nello stesso articolo per il caso che l’inventario sia posteriore alla dichiarazione, l’erede, quando creditori o legatari non si oppongono ed egli non intende promuovere la liquidazione a norma dell’Art. 503, paga i creditori e i legatari a misura che si presentano, salvi i loro diritti di poziorità. Esaurito l’asse ereditario, i creditori rimasti insoddisfatti hanno soltanto diritto di regresso contro i legatari, ancorché di cosa determinata appartenente al testatore, nei limiti del valore del legato. Tale diritto si prescrive in tre anni dal giorno dell’ultimo pagamento, salvo che il credito sia anteriormente prescritto (2934 e seguenti).
99	Art. 496 Rendimento del conto	1. Quali obblighi ha l'erede nei confronti dei creditori e dei legatari secondo il testo?	L’erede ha l’obbligo di rendere conto della sua amministrazione ai creditori e ai legatari, i quali possono fare assegnare un termine all’erede (Cod. Proc. Civ. 263 e seguenti, 747 e seguente.; att. Cod. Proc. Civ. 109, 178).
100	Art. 496 Rendimento del conto	2. Quali strumenti legali possono utilizzare i creditori e i legatari per far rispettare l'obbligo dell'erede di rendere conto della sua amministrazione?	L’erede ha l’obbligo di rendere conto della sua amministrazione ai creditori e ai legatari, i quali possono fare assegnare un termine all’erede (Cod. Proc. Civ. 263 e seguenti, 747 e seguente.; att. Cod. Proc. Civ. 109, 178).
101	Art. 496 Rendimento del conto	3. A quali articoli del Codice di Procedura Civile si fa riferimento per l'assegnazione di un termine all'erede?	L’erede ha l’obbligo di rendere conto della sua amministrazione ai creditori e ai legatari, i quali possono fare assegnare un termine all’erede (Cod. Proc. Civ. 263 e seguenti, 747 e seguente.; att. Cod. Proc. Civ. 109, 178).
102	Art. 497 Mora nel rendimento del conto	1. In quali circostanze l'erede può essere costretto al pagamento con i propri beni?	L’erede non può essere costretto al pagamento con i propri beni, se non quando è stato costituito in mora a presentare il conto e non ha ancora soddisfatto a quest’obbligo. Dopo la liquidazione del conto, non può essere costretto al pagamento con i propri beni se non fino alla concorrenza delle somme di cui è debitore.
103	Art. 497 Mora nel rendimento del conto	2. Quali sono le limitazioni imposte all'erede riguardo al pagamento con i propri beni dopo la liquidazione del conto?	L’erede non può essere costretto al pagamento con i propri beni, se non quando è stato costituito in mora a presentare il conto e non ha ancora soddisfatto a quest’obbligo. Dopo la liquidazione del conto, non può essere costretto al pagamento con i propri beni se non fino alla concorrenza delle somme di cui è debitore.
104	Art. 498 Liquidazione dell’eredità in caso di opposizione	1. Cosa deve fare l'erede se riceve un'opposizione da parte di creditori o legatari entro il termine indicato nell'Art. 495?	Qualora entro il termine indicato nell’Art. 495 gli sia stata notificata opposizione da parte di creditori o di legatari, l’erede non può eseguire pagamenti, ma deve provvedere alla liquidazione dell’eredità nell’interesse di tutti i creditori e legatari. A tal fine egli, non oltre un mese dalla notificazione dell’opposizione, deve, a mezzo di un notaio del luogo dell’aperta successione, invitare i creditori e i legatari a presentare, entro un termine stabilito dal notaio stesso e non inferiore a giorni trenta, le dichiarazioni di credito. L’invito è spedito per raccomandata ai creditori e ai legatari dei quali è noto il domicilio o la residenza ed e pubblicato nel foglio degli annunzi legali della provincia.
105	Art. 498 Liquidazione dell’eredità in caso di opposizione	2. Qual è il ruolo del notaio nel processo di liquidazione dell'eredità in caso di opposizione da parte di creditori o legatari?	Qualora entro il termine indicato nell’Art. 495 gli sia stata notificata opposizione da parte di creditori o di legatari, l’erede non può eseguire pagamenti, ma deve provvedere alla liquidazione dell’eredità nell’interesse di tutti i creditori e legatari. A tal fine egli, non oltre un mese dalla notificazione dell’opposizione, deve, a mezzo di un notaio del luogo dell’aperta successione, invitare i creditori e i legatari a presentare, entro un termine stabilito dal notaio stesso e non inferiore a giorni trenta, le dichiarazioni di credito. L’invito è spedito per raccomandata ai creditori e ai legatari dei quali è noto il domicilio o la residenza ed e pubblicato nel foglio degli annunzi legali della provincia.
106	Art. 498 Liquidazione dell’eredità in caso di opposizione	3. In che modo viene comunicato l'invito ai creditori e legatari noti per presentare le dichiarazioni di credito?	Qualora entro il termine indicato nell’Art. 495 gli sia stata notificata opposizione da parte di creditori o di legatari, l’erede non può eseguire pagamenti, ma deve provvedere alla liquidazione dell’eredità nell’interesse di tutti i creditori e legatari. A tal fine egli, non oltre un mese dalla notificazione dell’opposizione, deve, a mezzo di un notaio del luogo dell’aperta successione, invitare i creditori e i legatari a presentare, entro un termine stabilito dal notaio stesso e non inferiore a giorni trenta, le dichiarazioni di credito. L’invito è spedito per raccomandata ai creditori e ai legatari dei quali è noto il domicilio o la residenza ed e pubblicato nel foglio degli annunzi legali della provincia.
107	Art. 499 Procedura di liquidazione	1. Quali sono i passaggi che l'erede deve seguire per liquidare le attività ereditarie dopo la scadenza del termine per la presentazione delle dichiarazioni di credito?	Scaduto il termine entro il quale devono presentarsi le dichiarazioni di credito, l’erede provvede, con l’assistenza del notaio, a liquidare le attività ereditarie facendosi autorizzare alle alienazioni necessarie. Se l’alienazione ha per oggetto beni sottoposti a privilegio o a ipoteca, i privilegi non si estinguono, e le ipoteche non possono essere cancellate sino a che l’acquirente non depositi il prezzo nel modo stabilito dal giudice o non provveda al pagamento dei creditori collocati nello stato di graduazione previsto dal comma seguente. L’erede forma, sempre con l’assistenza del notaio, lo stato di graduazione. I creditori sono collocati secondo i rispettivi diritti di prelazione (2741 e seguenti). Essi sono preferiti ai legatari. Tra i creditori non aventi diritto a prelazione l’attivo ereditario è ripartito in proporzione dei rispettivi crediti. Qualora, per soddisfare i creditori, sia necessario comprendere nella liquidazione anche l’oggetto di un legato di specie, sulla somma che residua dopo il pagamento dei creditori il legatario di specie è preferito agli altri legatari.
108	Art. 499 Procedura di liquidazione	2. Cosa accade ai privilegi e alle ipoteche sui beni oggetto di alienazione nell'ambito della liquidazione ereditaria?	Scaduto il termine entro il quale devono presentarsi le dichiarazioni di credito, l’erede provvede, con l’assistenza del notaio, a liquidare le attività ereditarie facendosi autorizzare alle alienazioni necessarie. Se l’alienazione ha per oggetto beni sottoposti a privilegio o a ipoteca, i privilegi non si estinguono, e le ipoteche non possono essere cancellate sino a che l’acquirente non depositi il prezzo nel modo stabilito dal giudice o non provveda al pagamento dei creditori collocati nello stato di graduazione previsto dal comma seguente. L’erede forma, sempre con l’assistenza del notaio, lo stato di graduazione. I creditori sono collocati secondo i rispettivi diritti di prelazione (2741 e seguenti). Essi sono preferiti ai legatari. Tra i creditori non aventi diritto a prelazione l’attivo ereditario è ripartito in proporzione dei rispettivi crediti. Qualora, per soddisfare i creditori, sia necessario comprendere nella liquidazione anche l’oggetto di un legato di specie, sulla somma che residua dopo il pagamento dei creditori il legatario di specie è preferito agli altri legatari.
109	Art. 499 Procedura di liquidazione	3. In che modo l'acquirente può ottenere la cancellazione delle ipoteche sui beni acquistati?	Scaduto il termine entro il quale devono presentarsi le dichiarazioni di credito, l’erede provvede, con l’assistenza del notaio, a liquidare le attività ereditarie facendosi autorizzare alle alienazioni necessarie. Se l’alienazione ha per oggetto beni sottoposti a privilegio o a ipoteca, i privilegi non si estinguono, e le ipoteche non possono essere cancellate sino a che l’acquirente non depositi il prezzo nel modo stabilito dal giudice o non provveda al pagamento dei creditori collocati nello stato di graduazione previsto dal comma seguente. L’erede forma, sempre con l’assistenza del notaio, lo stato di graduazione. I creditori sono collocati secondo i rispettivi diritti di prelazione (2741 e seguenti). Essi sono preferiti ai legatari. Tra i creditori non aventi diritto a prelazione l’attivo ereditario è ripartito in proporzione dei rispettivi crediti. Qualora, per soddisfare i creditori, sia necessario comprendere nella liquidazione anche l’oggetto di un legato di specie, sulla somma che residua dopo il pagamento dei creditori il legatario di specie è preferito agli altri legatari.
110	Art. 499 Procedura di liquidazione	4. Come viene formato lo stato di graduazione dei creditori nell'ambito della liquidazione ereditaria?	Scaduto il termine entro il quale devono presentarsi le dichiarazioni di credito, l’erede provvede, con l’assistenza del notaio, a liquidare le attività ereditarie facendosi autorizzare alle alienazioni necessarie. Se l’alienazione ha per oggetto beni sottoposti a privilegio o a ipoteca, i privilegi non si estinguono, e le ipoteche non possono essere cancellate sino a che l’acquirente non depositi il prezzo nel modo stabilito dal giudice o non provveda al pagamento dei creditori collocati nello stato di graduazione previsto dal comma seguente. L’erede forma, sempre con l’assistenza del notaio, lo stato di graduazione. I creditori sono collocati secondo i rispettivi diritti di prelazione (2741 e seguenti). Essi sono preferiti ai legatari. Tra i creditori non aventi diritto a prelazione l’attivo ereditario è ripartito in proporzione dei rispettivi crediti. Qualora, per soddisfare i creditori, sia necessario comprendere nella liquidazione anche l’oggetto di un legato di specie, sulla somma che residua dopo il pagamento dei creditori il legatario di specie è preferito agli altri legatari.
111	Art. 499 Procedura di liquidazione	5. Qual è l'ordine di preferenza tra creditori e legatari nella distribuzione dell'attivo ereditario?	Scaduto il termine entro il quale devono presentarsi le dichiarazioni di credito, l’erede provvede, con l’assistenza del notaio, a liquidare le attività ereditarie facendosi autorizzare alle alienazioni necessarie. Se l’alienazione ha per oggetto beni sottoposti a privilegio o a ipoteca, i privilegi non si estinguono, e le ipoteche non possono essere cancellate sino a che l’acquirente non depositi il prezzo nel modo stabilito dal giudice o non provveda al pagamento dei creditori collocati nello stato di graduazione previsto dal comma seguente. L’erede forma, sempre con l’assistenza del notaio, lo stato di graduazione. I creditori sono collocati secondo i rispettivi diritti di prelazione (2741 e seguenti). Essi sono preferiti ai legatari. Tra i creditori non aventi diritto a prelazione l’attivo ereditario è ripartito in proporzione dei rispettivi crediti. Qualora, per soddisfare i creditori, sia necessario comprendere nella liquidazione anche l’oggetto di un legato di specie, sulla somma che residua dopo il pagamento dei creditori il legatario di specie è preferito agli altri legatari.
112	Art. 499 Procedura di liquidazione	6. Come viene ripartito l'attivo ereditario tra i creditori che non hanno diritto a prelazione?	Scaduto il termine entro il quale devono presentarsi le dichiarazioni di credito, l’erede provvede, con l’assistenza del notaio, a liquidare le attività ereditarie facendosi autorizzare alle alienazioni necessarie. Se l’alienazione ha per oggetto beni sottoposti a privilegio o a ipoteca, i privilegi non si estinguono, e le ipoteche non possono essere cancellate sino a che l’acquirente non depositi il prezzo nel modo stabilito dal giudice o non provveda al pagamento dei creditori collocati nello stato di graduazione previsto dal comma seguente. L’erede forma, sempre con l’assistenza del notaio, lo stato di graduazione. I creditori sono collocati secondo i rispettivi diritti di prelazione (2741 e seguenti). Essi sono preferiti ai legatari. Tra i creditori non aventi diritto a prelazione l’attivo ereditario è ripartito in proporzione dei rispettivi crediti. Qualora, per soddisfare i creditori, sia necessario comprendere nella liquidazione anche l’oggetto di un legato di specie, sulla somma che residua dopo il pagamento dei creditori il legatario di specie è preferito agli altri legatari.
113	Art. 499 Procedura di liquidazione	7. In che circostanze un legatario di specie può essere preferito agli altri legatari nella liquidazione ereditaria?	Scaduto il termine entro il quale devono presentarsi le dichiarazioni di credito, l’erede provvede, con l’assistenza del notaio, a liquidare le attività ereditarie facendosi autorizzare alle alienazioni necessarie. Se l’alienazione ha per oggetto beni sottoposti a privilegio o a ipoteca, i privilegi non si estinguono, e le ipoteche non possono essere cancellate sino a che l’acquirente non depositi il prezzo nel modo stabilito dal giudice o non provveda al pagamento dei creditori collocati nello stato di graduazione previsto dal comma seguente. L’erede forma, sempre con l’assistenza del notaio, lo stato di graduazione. I creditori sono collocati secondo i rispettivi diritti di prelazione (2741 e seguenti). Essi sono preferiti ai legatari. Tra i creditori non aventi diritto a prelazione l’attivo ereditario è ripartito in proporzione dei rispettivi crediti. Qualora, per soddisfare i creditori, sia necessario comprendere nella liquidazione anche l’oggetto di un legato di specie, sulla somma che residua dopo il pagamento dei creditori il legatario di specie è preferito agli altri legatari.
114	Art. 500 Termine per la liquidazione	1. Quali soggetti possono presentare istanza all'autorità giudiziaria per assegnare un termine all'erede per liquidare le attività ereditarie?	L’autorità giudiziaria, su istanza di alcuno dei creditori o legatari, può assegnare un termine all’erede per liquidare le attività ereditarie e per formare lo stato di graduazione (Cod. Proc. Civ. 749).
115	Art. 501 Reclami	1. Quali sono i passaggi che il notaio deve seguire per notificare lo stato di graduazione ai creditori e legatari?	Compiuto lo stato di graduazione, il notaio ne dà avviso con raccomandata ai creditori e legatari di cui è noto il domicilio o la residenza, e provvede alla pubblicazione di un estratto dello stato nel foglio degli annunzi legali della provincia. Trascorsi senza reclami trenta giorni dalla data di questa pubblicazione, lo stato di graduazione diviene definitivo.
116	Art. 501 Reclami	2. Cosa accade se trascorrono trenta giorni dalla pubblicazione dello stato di graduazione senza che siano presentati reclami?	Compiuto lo stato di graduazione, il notaio ne dà avviso con raccomandata ai creditori e legatari di cui è noto il domicilio o la residenza, e provvede alla pubblicazione di un estratto dello stato nel foglio degli annunzi legali della provincia. Trascorsi senza reclami trenta giorni dalla data di questa pubblicazione, lo stato di graduazione diviene definitivo.
117	Art. 502 Pagamento dei creditori e dei legatari	1. Qual è il titolo esecutivo contro l'erede una volta che lo stato di graduazione diventa definitivo o la sentenza sui reclami passa in giudicato?	Divenuto definitivo lo stato di graduazione o passata in giudicato la sentenza che pronunzia sui reclami, l’erede deve soddisfare i creditori e i legatari in conformità dello stato medesimo. Questo costituisce titolo esecutivo contro l’erede (Cod. Proc. Civ. 474). La collocazione dei crediti condizionali non impedisce il pagamento dei creditori posteriori, sempre che questi diano cauzione. I creditori e i legatari che non si sono presentati hanno azione contro l’erede solo nei limiti della somma che residua dopo il pagamento dei creditori e dei legatari collocati nello stato di graduazione. Questa azione si prescrive in tre anni dal giorno in cui lo stato e divenuto definitivo o è passata in giudicato la sentenza che ha pronunziato sui reclami, salvo che il credito sia anteriormente prescritto.
118	Art. 502 Pagamento dei creditori e dei legatari	2. In che modo la collocazione dei crediti condizionali influisce sul pagamento dei creditori posteriori?	Divenuto definitivo lo stato di graduazione o passata in giudicato la sentenza che pronunzia sui reclami, l’erede deve soddisfare i creditori e i legatari in conformità dello stato medesimo. Questo costituisce titolo esecutivo contro l’erede (Cod. Proc. Civ. 474). La collocazione dei crediti condizionali non impedisce il pagamento dei creditori posteriori, sempre che questi diano cauzione. I creditori e i legatari che non si sono presentati hanno azione contro l’erede solo nei limiti della somma che residua dopo il pagamento dei creditori e dei legatari collocati nello stato di graduazione. Questa azione si prescrive in tre anni dal giorno in cui lo stato e divenuto definitivo o è passata in giudicato la sentenza che ha pronunziato sui reclami, salvo che il credito sia anteriormente prescritto.
119	Art. 502 Pagamento dei creditori e dei legatari	3. Quali sono i limiti dell'azione dei creditori e legatari che non si sono presentati contro l'erede?	Divenuto definitivo lo stato di graduazione o passata in giudicato la sentenza che pronunzia sui reclami, l’erede deve soddisfare i creditori e i legatari in conformità dello stato medesimo. Questo costituisce titolo esecutivo contro l’erede (Cod. Proc. Civ. 474). La collocazione dei crediti condizionali non impedisce il pagamento dei creditori posteriori, sempre che questi diano cauzione. I creditori e i legatari che non si sono presentati hanno azione contro l’erede solo nei limiti della somma che residua dopo il pagamento dei creditori e dei legatari collocati nello stato di graduazione. Questa azione si prescrive in tre anni dal giorno in cui lo stato e divenuto definitivo o è passata in giudicato la sentenza che ha pronunziato sui reclami, salvo che il credito sia anteriormente prescritto.
120	Art. 502 Pagamento dei creditori e dei legatari	4. Entro quale termine si prescrive l'azione dei creditori e legatari non presentatisi, a partire dal momento in cui lo stato diventa definitivo o la sentenza passa in giudicato?	Divenuto definitivo lo stato di graduazione o passata in giudicato la sentenza che pronunzia sui reclami, l’erede deve soddisfare i creditori e i legatari in conformità dello stato medesimo. Questo costituisce titolo esecutivo contro l’erede (Cod. Proc. Civ. 474). La collocazione dei crediti condizionali non impedisce il pagamento dei creditori posteriori, sempre che questi diano cauzione. I creditori e i legatari che non si sono presentati hanno azione contro l’erede solo nei limiti della somma che residua dopo il pagamento dei creditori e dei legatari collocati nello stato di graduazione. Questa azione si prescrive in tre anni dal giorno in cui lo stato e divenuto definitivo o è passata in giudicato la sentenza che ha pronunziato sui reclami, salvo che il credito sia anteriormente prescritto.
121	Art. 502 Pagamento dei creditori e dei legatari	5. Cosa accade se un credito è già prescritto prima che lo stato diventi definitivo o la sentenza passi in giudicato?	Divenuto definitivo lo stato di graduazione o passata in giudicato la sentenza che pronunzia sui reclami, l’erede deve soddisfare i creditori e i legatari in conformità dello stato medesimo. Questo costituisce titolo esecutivo contro l’erede (Cod. Proc. Civ. 474). La collocazione dei crediti condizionali non impedisce il pagamento dei creditori posteriori, sempre che questi diano cauzione. I creditori e i legatari che non si sono presentati hanno azione contro l’erede solo nei limiti della somma che residua dopo il pagamento dei creditori e dei legatari collocati nello stato di graduazione. Questa azione si prescrive in tre anni dal giorno in cui lo stato e divenuto definitivo o è passata in giudicato la sentenza che ha pronunziato sui reclami, salvo che il credito sia anteriormente prescritto.
122	Art. 503 Liquidazione promossa dall’erede	1. In quali circostanze l'erede può avvalersi della procedura di liquidazione prevista dagli articoli precedenti?	Anche quando non vi e opposizione di creditori o di legatari, l’erede può valersi della procedura di liquidazione prevista dagli articoli precedenti (att. 132). Il pagamento fatto a creditori privilegiati ipotecari non impedisce all’erede di valersi di questa procedura.
123	Art. 503 Liquidazione promossa dall’erede	2. Il pagamento ai creditori privilegiati ipotecari impedisce all'erede di utilizzare la procedura di liquidazione?	Anche quando non vi e opposizione di creditori o di legatari, l’erede può valersi della procedura di liquidazione prevista dagli articoli precedenti (att. 132). Il pagamento fatto a creditori privilegiati ipotecari non impedisce all’erede di valersi di questa procedura.
124	Art. 504 Liquidazione nel caso di più eredi	1. Cosa deve fare un erede con beneficio d'inventario per promuovere la liquidazione?	Se vi sono più eredi con beneficio d’inventario, ciascuno può promuovere la liquidazione; ma deve convocare i propri coeredi al notaio nel termine che questi ha stabilito per la dichiarazione dei crediti. I coeredi che non si presentano sono rappresentati nella liquidazione dal notaio.
125	Art. 504 Liquidazione nel caso di più eredi	2. Qual è il ruolo del notaio se i coeredi non si presentano alla convocazione per la liquidazione?	Se vi sono più eredi con beneficio d’inventario, ciascuno può promuovere la liquidazione; ma deve convocare i propri coeredi al notaio nel termine che questi ha stabilito per la dichiarazione dei crediti. I coeredi che non si presentano sono rappresentati nella liquidazione dal notaio.
126	Art. 504 Liquidazione nel caso di più eredi	3. Qual è il termine stabilito dal notaio per la dichiarazione dei crediti nella procedura di liquidazione con più eredi?	Se vi sono più eredi con beneficio d’inventario, ciascuno può promuovere la liquidazione; ma deve convocare i propri coeredi al notaio nel termine che questi ha stabilito per la dichiarazione dei crediti. I coeredi che non si presentano sono rappresentati nella liquidazione dal notaio.
127	Art. 505 Decadenza dal beneficio	1. Quali sono le conseguenze per l'erede che non osserva le norme stabilite dall'Art. 498 o non compie la liquidazione nel termine stabilito dall'Art. 500?	L’erede che, in caso di opposizione, non osserva le norme stabilite dall’Art. 498 o non compie la liquidazione o lo stato di graduazione nel termine stabilito dall’Art. 500, decade dal beneficio d’inventario. Parimenti decade dal beneficio d’inventario l’erede che, nel caso previsto dall’Art. 503 dopo l’invito ai creditori di presentare le dichiarazioni di credito, esegue pagamenti prima che sia definita la procedura di liquidazione o non osserva il termine che gli è stato prefisso a norma dell’art. 500. La decadenza non si verifica quando si tratta di pagamenti a favore di creditori privilegiati o ipotecari. In ogni caso la decadenza dal beneficio d’inventario può essere fatta valere solo dai creditori del defunto e dai legatari.
128	Art. 505 Decadenza dal beneficio	2. In quali circostanze l'erede decade dal beneficio d'inventario secondo l'Art. 503?	L’erede che, in caso di opposizione, non osserva le norme stabilite dall’Art. 498 o non compie la liquidazione o lo stato di graduazione nel termine stabilito dall’Art. 500, decade dal beneficio d’inventario. Parimenti decade dal beneficio d’inventario l’erede che, nel caso previsto dall’Art. 503 dopo l’invito ai creditori di presentare le dichiarazioni di credito, esegue pagamenti prima che sia definita la procedura di liquidazione o non osserva il termine che gli è stato prefisso a norma dell’art. 500. La decadenza non si verifica quando si tratta di pagamenti a favore di creditori privilegiati o ipotecari. In ogni caso la decadenza dal beneficio d’inventario può essere fatta valere solo dai creditori del defunto e dai legatari.
129	Art. 505 Decadenza dal beneficio	3. Chi può far valere la decadenza dal beneficio d'inventario?	L’erede che, in caso di opposizione, non osserva le norme stabilite dall’Art. 498 o non compie la liquidazione o lo stato di graduazione nel termine stabilito dall’Art. 500, decade dal beneficio d’inventario. Parimenti decade dal beneficio d’inventario l’erede che, nel caso previsto dall’Art. 503 dopo l’invito ai creditori di presentare le dichiarazioni di credito, esegue pagamenti prima che sia definita la procedura di liquidazione o non osserva il termine che gli è stato prefisso a norma dell’art. 500. La decadenza non si verifica quando si tratta di pagamenti a favore di creditori privilegiati o ipotecari. In ogni caso la decadenza dal beneficio d’inventario può essere fatta valere solo dai creditori del defunto e dai legatari.
130	Art. 506 Procedure individuali	1. Cosa accade alle procedure esecutive dopo la pubblicazione prescritta dal terzo comma dell’Art. 498?	Eseguita la pubblicazione prescritta dal terzo comma dell’Art. 498, non possono essere promosse procedure esecutive a istanza dei creditori. Possono tuttavia essere continuate quelle in corso, ma la parte di prezzo che residua dopo il pagamento dei creditori privilegiati e ipotecari deve essere distribuita in base allo stato di graduazione previsto dall’art. 499. I crediti a termine diventano esigibili. Resta tuttavia il beneficio del termine, quando il credito e munito di garanzia reale su beni la cui alienazione non si renda necessaria ai fini della liquidazione, e la garanzia stessa è idonea ad assicurare il soddisfacimento integrale del credito. Dalla data di pubblicazione dell’invito ai creditori previsto dal terzo comma dell’art. 498 e sospeso il decorso degli interessi dei crediti chirografari. I creditori tuttavia hanno diritto, compiuta la liquidazione, al collocamento degli interessi sugli eventuali residui.
131	Art. 506 Procedure individuali	2. In che modo viene distribuita la parte di prezzo residua dopo il pagamento dei creditori privilegiati e ipotecari?	Eseguita la pubblicazione prescritta dal terzo comma dell’Art. 498, non possono essere promosse procedure esecutive a istanza dei creditori. Possono tuttavia essere continuate quelle in corso, ma la parte di prezzo che residua dopo il pagamento dei creditori privilegiati e ipotecari deve essere distribuita in base allo stato di graduazione previsto dall’art. 499. I crediti a termine diventano esigibili. Resta tuttavia il beneficio del termine, quando il credito e munito di garanzia reale su beni la cui alienazione non si renda necessaria ai fini della liquidazione, e la garanzia stessa è idonea ad assicurare il soddisfacimento integrale del credito. Dalla data di pubblicazione dell’invito ai creditori previsto dal terzo comma dell’art. 498 e sospeso il decorso degli interessi dei crediti chirografari. I creditori tuttavia hanno diritto, compiuta la liquidazione, al collocamento degli interessi sugli eventuali residui.
132	Art. 506 Procedure individuali	3. Quando i crediti a termine diventano esigibili secondo il testo?	Eseguita la pubblicazione prescritta dal terzo comma dell’Art. 498, non possono essere promosse procedure esecutive a istanza dei creditori. Possono tuttavia essere continuate quelle in corso, ma la parte di prezzo che residua dopo il pagamento dei creditori privilegiati e ipotecari deve essere distribuita in base allo stato di graduazione previsto dall’art. 499. I crediti a termine diventano esigibili. Resta tuttavia il beneficio del termine, quando il credito e munito di garanzia reale su beni la cui alienazione non si renda necessaria ai fini della liquidazione, e la garanzia stessa è idonea ad assicurare il soddisfacimento integrale del credito. Dalla data di pubblicazione dell’invito ai creditori previsto dal terzo comma dell’art. 498 e sospeso il decorso degli interessi dei crediti chirografari. I creditori tuttavia hanno diritto, compiuta la liquidazione, al collocamento degli interessi sugli eventuali residui.
133	Art. 506 Procedure individuali	4. In quali circostanze resta il beneficio del termine per i crediti a termine?	Eseguita la pubblicazione prescritta dal terzo comma dell’Art. 498, non possono essere promosse procedure esecutive a istanza dei creditori. Possono tuttavia essere continuate quelle in corso, ma la parte di prezzo che residua dopo il pagamento dei creditori privilegiati e ipotecari deve essere distribuita in base allo stato di graduazione previsto dall’art. 499. I crediti a termine diventano esigibili. Resta tuttavia il beneficio del termine, quando il credito e munito di garanzia reale su beni la cui alienazione non si renda necessaria ai fini della liquidazione, e la garanzia stessa è idonea ad assicurare il soddisfacimento integrale del credito. Dalla data di pubblicazione dell’invito ai creditori previsto dal terzo comma dell’art. 498 e sospeso il decorso degli interessi dei crediti chirografari. I creditori tuttavia hanno diritto, compiuta la liquidazione, al collocamento degli interessi sugli eventuali residui.
134	Art. 506 Procedure individuali	5. Cosa succede al decorso degli interessi dei crediti chirografari dalla data di pubblicazione dell’invito ai creditori?	Eseguita la pubblicazione prescritta dal terzo comma dell’Art. 498, non possono essere promosse procedure esecutive a istanza dei creditori. Possono tuttavia essere continuate quelle in corso, ma la parte di prezzo che residua dopo il pagamento dei creditori privilegiati e ipotecari deve essere distribuita in base allo stato di graduazione previsto dall’art. 499. I crediti a termine diventano esigibili. Resta tuttavia il beneficio del termine, quando il credito e munito di garanzia reale su beni la cui alienazione non si renda necessaria ai fini della liquidazione, e la garanzia stessa è idonea ad assicurare il soddisfacimento integrale del credito. Dalla data di pubblicazione dell’invito ai creditori previsto dal terzo comma dell’art. 498 e sospeso il decorso degli interessi dei crediti chirografari. I creditori tuttavia hanno diritto, compiuta la liquidazione, al collocamento degli interessi sugli eventuali residui.
135	Art. 506 Procedure individuali	6. Quali diritti hanno i creditori chirografari riguardo agli interessi dopo la liquidazione?	Eseguita la pubblicazione prescritta dal terzo comma dell’Art. 498, non possono essere promosse procedure esecutive a istanza dei creditori. Possono tuttavia essere continuate quelle in corso, ma la parte di prezzo che residua dopo il pagamento dei creditori privilegiati e ipotecari deve essere distribuita in base allo stato di graduazione previsto dall’art. 499. I crediti a termine diventano esigibili. Resta tuttavia il beneficio del termine, quando il credito e munito di garanzia reale su beni la cui alienazione non si renda necessaria ai fini della liquidazione, e la garanzia stessa è idonea ad assicurare il soddisfacimento integrale del credito. Dalla data di pubblicazione dell’invito ai creditori previsto dal terzo comma dell’art. 498 e sospeso il decorso degli interessi dei crediti chirografari. I creditori tuttavia hanno diritto, compiuta la liquidazione, al collocamento degli interessi sugli eventuali residui.
136	Art. 507 Rilascio dei beni ai creditori e ai legatari	1. Quali sono le condizioni che permettono all'erede di rilasciare i beni ereditari a favore dei creditori e dei legatari?	L’erede, non oltre un mese dalla scadenza del termine stabilito per presentare le dichiarazioni di credito, se non ha provveduto ad alcun atto di liquidazione, può rilasciare tutti i beni ereditari a favore dei creditori e dei legatari. A tal fine l’erede deve, nelle forme indicate dall’Art. 498, dare avviso ai creditori e ai legatari dei quali è noto il domicilio o la residenza; deve iscrivere la dichiarazione di rilascio nel registro delle successioni (att. 52, 53), annotarla in margine alla trascrizione prescritta dal secondo comma dell’Art. 484, e trascriverla presso gli uffici dei registri immobiliari dei luoghi in cui si trovano gli immobili ereditari e presso gli uffici dove sono registrati i beni mobili. Dal momento in cui è trascritta la dichiarazione di rilascio, gli atti di disposizione dei beni ereditari compiuti dall’erede sono senza effetto rispetto ai creditori e ai legatari. L’erede deve consegnare i beni al curatore nominato secondo le norme dell’articolo seguente. Eseguita la consegna, egli resta liberato da ogni responsabilità per i debiti ereditari.
137	Art. 507 Rilascio dei beni ai creditori e ai legatari	2. Quali sono le formalità che l’erede deve seguire per dare avviso ai creditori e ai legatari?	L’erede, non oltre un mese dalla scadenza del termine stabilito per presentare le dichiarazioni di credito, se non ha provveduto ad alcun atto di liquidazione, può rilasciare tutti i beni ereditari a favore dei creditori e dei legatari. A tal fine l’erede deve, nelle forme indicate dall’Art. 498, dare avviso ai creditori e ai legatari dei quali è noto il domicilio o la residenza; deve iscrivere la dichiarazione di rilascio nel registro delle successioni (att. 52, 53), annotarla in margine alla trascrizione prescritta dal secondo comma dell’Art. 484, e trascriverla presso gli uffici dei registri immobiliari dei luoghi in cui si trovano gli immobili ereditari e presso gli uffici dove sono registrati i beni mobili. Dal momento in cui è trascritta la dichiarazione di rilascio, gli atti di disposizione dei beni ereditari compiuti dall’erede sono senza effetto rispetto ai creditori e ai legatari. L’erede deve consegnare i beni al curatore nominato secondo le norme dell’articolo seguente. Eseguita la consegna, egli resta liberato da ogni responsabilità per i debiti ereditari.
138	Art. 507 Rilascio dei beni ai creditori e ai legatari	3. Dove deve essere iscritta la dichiarazione di rilascio dei beni ereditari?	L’erede, non oltre un mese dalla scadenza del termine stabilito per presentare le dichiarazioni di credito, se non ha provveduto ad alcun atto di liquidazione, può rilasciare tutti i beni ereditari a favore dei creditori e dei legatari. A tal fine l’erede deve, nelle forme indicate dall’Art. 498, dare avviso ai creditori e ai legatari dei quali è noto il domicilio o la residenza; deve iscrivere la dichiarazione di rilascio nel registro delle successioni (att. 52, 53), annotarla in margine alla trascrizione prescritta dal secondo comma dell’Art. 484, e trascriverla presso gli uffici dei registri immobiliari dei luoghi in cui si trovano gli immobili ereditari e presso gli uffici dove sono registrati i beni mobili. Dal momento in cui è trascritta la dichiarazione di rilascio, gli atti di disposizione dei beni ereditari compiuti dall’erede sono senza effetto rispetto ai creditori e ai legatari. L’erede deve consegnare i beni al curatore nominato secondo le norme dell’articolo seguente. Eseguita la consegna, egli resta liberato da ogni responsabilità per i debiti ereditari.
139	Art. 507 Rilascio dei beni ai creditori e ai legatari	4. Qual è l'effetto della trascrizione della dichiarazione di rilascio sugli atti di disposizione dei beni ereditari compiuti dall'erede?	L’erede, non oltre un mese dalla scadenza del termine stabilito per presentare le dichiarazioni di credito, se non ha provveduto ad alcun atto di liquidazione, può rilasciare tutti i beni ereditari a favore dei creditori e dei legatari. A tal fine l’erede deve, nelle forme indicate dall’Art. 498, dare avviso ai creditori e ai legatari dei quali è noto il domicilio o la residenza; deve iscrivere la dichiarazione di rilascio nel registro delle successioni (att. 52, 53), annotarla in margine alla trascrizione prescritta dal secondo comma dell’Art. 484, e trascriverla presso gli uffici dei registri immobiliari dei luoghi in cui si trovano gli immobili ereditari e presso gli uffici dove sono registrati i beni mobili. Dal momento in cui è trascritta la dichiarazione di rilascio, gli atti di disposizione dei beni ereditari compiuti dall’erede sono senza effetto rispetto ai creditori e ai legatari. L’erede deve consegnare i beni al curatore nominato secondo le norme dell’articolo seguente. Eseguita la consegna, egli resta liberato da ogni responsabilità per i debiti ereditari.
140	Art. 507 Rilascio dei beni ai creditori e ai legatari	5. Chi deve ricevere la consegna dei beni ereditari una volta che l'erede ha rilasciato la dichiarazione di rilascio?	L’erede, non oltre un mese dalla scadenza del termine stabilito per presentare le dichiarazioni di credito, se non ha provveduto ad alcun atto di liquidazione, può rilasciare tutti i beni ereditari a favore dei creditori e dei legatari. A tal fine l’erede deve, nelle forme indicate dall’Art. 498, dare avviso ai creditori e ai legatari dei quali è noto il domicilio o la residenza; deve iscrivere la dichiarazione di rilascio nel registro delle successioni (att. 52, 53), annotarla in margine alla trascrizione prescritta dal secondo comma dell’Art. 484, e trascriverla presso gli uffici dei registri immobiliari dei luoghi in cui si trovano gli immobili ereditari e presso gli uffici dove sono registrati i beni mobili. Dal momento in cui è trascritta la dichiarazione di rilascio, gli atti di disposizione dei beni ereditari compiuti dall’erede sono senza effetto rispetto ai creditori e ai legatari. L’erede deve consegnare i beni al curatore nominato secondo le norme dell’articolo seguente. Eseguita la consegna, egli resta liberato da ogni responsabilità per i debiti ereditari.
141	Art. 507 Rilascio dei beni ai creditori e ai legatari	6. Qual è la conseguenza per l'erede una volta che ha consegnato i beni al curatore nominato?	L’erede, non oltre un mese dalla scadenza del termine stabilito per presentare le dichiarazioni di credito, se non ha provveduto ad alcun atto di liquidazione, può rilasciare tutti i beni ereditari a favore dei creditori e dei legatari. A tal fine l’erede deve, nelle forme indicate dall’Art. 498, dare avviso ai creditori e ai legatari dei quali è noto il domicilio o la residenza; deve iscrivere la dichiarazione di rilascio nel registro delle successioni (att. 52, 53), annotarla in margine alla trascrizione prescritta dal secondo comma dell’Art. 484, e trascriverla presso gli uffici dei registri immobiliari dei luoghi in cui si trovano gli immobili ereditari e presso gli uffici dove sono registrati i beni mobili. Dal momento in cui è trascritta la dichiarazione di rilascio, gli atti di disposizione dei beni ereditari compiuti dall’erede sono senza effetto rispetto ai creditori e ai legatari. L’erede deve consegnare i beni al curatore nominato secondo le norme dell’articolo seguente. Eseguita la consegna, egli resta liberato da ogni responsabilità per i debiti ereditari.
142	Art. 508 Nomina del curatore	1. Chi può richiedere la nomina di un curatore per la liquidazione di un'eredità?	Trascritta la dichiarazione di rilascio, il tribunale del luogo dell’aperta successione, su istanza dell’erede o di uno dei creditori o legatari, o anche d’ufficio, nomina un curatore, perché provveda alla liquidazione secondo le norme degli artt. 498 e seguenti. Il decreto di nomina del curatore è iscritto nel registro delle successioni (att. 52, 53). Le attività che residuano, pagate le spese della curatela e soddisfatti i creditori e i legatari collocati nello stato di graduazione, spettano all’erede, salva l’azione dei creditori e legatari, che non si sono presentati, nei limiti determinati dal terzo comma dell’Art. 502.
143	Art. 508 Nomina del curatore	2. Dove viene iscritto il decreto di nomina del curatore?	Trascritta la dichiarazione di rilascio, il tribunale del luogo dell’aperta successione, su istanza dell’erede o di uno dei creditori o legatari, o anche d’ufficio, nomina un curatore, perché provveda alla liquidazione secondo le norme degli artt. 498 e seguenti. Il decreto di nomina del curatore è iscritto nel registro delle successioni (att. 52, 53). Le attività che residuano, pagate le spese della curatela e soddisfatti i creditori e i legatari collocati nello stato di graduazione, spettano all’erede, salva l’azione dei creditori e legatari, che non si sono presentati, nei limiti determinati dal terzo comma dell’Art. 502.
144	Art. 508 Nomina del curatore	3. A chi spettano le attività residue dopo il pagamento delle spese della curatela e la soddisfazione dei creditori e legatari?	Trascritta la dichiarazione di rilascio, il tribunale del luogo dell’aperta successione, su istanza dell’erede o di uno dei creditori o legatari, o anche d’ufficio, nomina un curatore, perché provveda alla liquidazione secondo le norme degli artt. 498 e seguenti. Il decreto di nomina del curatore è iscritto nel registro delle successioni (att. 52, 53). Le attività che residuano, pagate le spese della curatela e soddisfatti i creditori e i legatari collocati nello stato di graduazione, spettano all’erede, salva l’azione dei creditori e legatari, che non si sono presentati, nei limiti determinati dal terzo comma dell’Art. 502.
145	Art. 509 Liquidazione proseguita su istanza dei creditori o legatari	1. Cosa accade se l'erede incorre nella decadenza dal beneficio d'inventario e nessuno dei creditori o legatari la fa valere?	Se, dopo la scadenza del termine stabilito per presentare le dichiarazioni di credito, l’erede incorre nella decadenza dal beneficio d’inventario, ma nessuno dei creditori o legatari la fa valere, il tribunale del luogo dell’aperta successione, su istanza di uno dei creditori o legatari, sentiti l’erede e coloro che hanno presentato le dichiarazioni di credito, può nominare un curatore con l’incarico di provvedere alla liquidazione dell’eredità secondo le norme degli artt. 499 e seguenti. Dopo la nomina del curatore, la decadenza dal beneficio non può più essere fatta valere. Il decreto di nomina del curatore è iscritto nel registro delle successioni (att. 52, 53), annotato a margine della trascrizione prescritta dal secondo comma dell’Art. 484, e trascritto negli uffici dei registri immobiliari dei luoghi dove si trovano gli immobili ereditari e negli uffici dove sono registrati i beni mobili. L’erede perde l’amministrazione dei beni ed è tenuto a consegnarli al curatore. Gli atti di disposizione che l’erede compie dopo trascritto il decreto di nomina del curatore sono senza effetto rispetto ai creditori e ai legatari.
146	Art. 509 Liquidazione proseguita su istanza dei creditori o legatari	2. Qual è il ruolo del tribunale del luogo dell’aperta successione in caso di decadenza dal beneficio d'inventario?	Se, dopo la scadenza del termine stabilito per presentare le dichiarazioni di credito, l’erede incorre nella decadenza dal beneficio d’inventario, ma nessuno dei creditori o legatari la fa valere, il tribunale del luogo dell’aperta successione, su istanza di uno dei creditori o legatari, sentiti l’erede e coloro che hanno presentato le dichiarazioni di credito, può nominare un curatore con l’incarico di provvedere alla liquidazione dell’eredità secondo le norme degli artt. 499 e seguenti. Dopo la nomina del curatore, la decadenza dal beneficio non può più essere fatta valere. Il decreto di nomina del curatore è iscritto nel registro delle successioni (att. 52, 53), annotato a margine della trascrizione prescritta dal secondo comma dell’Art. 484, e trascritto negli uffici dei registri immobiliari dei luoghi dove si trovano gli immobili ereditari e negli uffici dove sono registrati i beni mobili. L’erede perde l’amministrazione dei beni ed è tenuto a consegnarli al curatore. Gli atti di disposizione che l’erede compie dopo trascritto il decreto di nomina del curatore sono senza effetto rispetto ai creditori e ai legatari.
147	Art. 509 Liquidazione proseguita su istanza dei creditori o legatari	3. Quali sono le conseguenze per l'erede dopo la nomina del curatore?	Se, dopo la scadenza del termine stabilito per presentare le dichiarazioni di credito, l’erede incorre nella decadenza dal beneficio d’inventario, ma nessuno dei creditori o legatari la fa valere, il tribunale del luogo dell’aperta successione, su istanza di uno dei creditori o legatari, sentiti l’erede e coloro che hanno presentato le dichiarazioni di credito, può nominare un curatore con l’incarico di provvedere alla liquidazione dell’eredità secondo le norme degli artt. 499 e seguenti. Dopo la nomina del curatore, la decadenza dal beneficio non può più essere fatta valere. Il decreto di nomina del curatore è iscritto nel registro delle successioni (att. 52, 53), annotato a margine della trascrizione prescritta dal secondo comma dell’Art. 484, e trascritto negli uffici dei registri immobiliari dei luoghi dove si trovano gli immobili ereditari e negli uffici dove sono registrati i beni mobili. L’erede perde l’amministrazione dei beni ed è tenuto a consegnarli al curatore. Gli atti di disposizione che l’erede compie dopo trascritto il decreto di nomina del curatore sono senza effetto rispetto ai creditori e ai legatari.
148	Art. 509 Liquidazione proseguita su istanza dei creditori o legatari	4. Dove deve essere iscritto il decreto di nomina del curatore?	Se, dopo la scadenza del termine stabilito per presentare le dichiarazioni di credito, l’erede incorre nella decadenza dal beneficio d’inventario, ma nessuno dei creditori o legatari la fa valere, il tribunale del luogo dell’aperta successione, su istanza di uno dei creditori o legatari, sentiti l’erede e coloro che hanno presentato le dichiarazioni di credito, può nominare un curatore con l’incarico di provvedere alla liquidazione dell’eredità secondo le norme degli artt. 499 e seguenti. Dopo la nomina del curatore, la decadenza dal beneficio non può più essere fatta valere. Il decreto di nomina del curatore è iscritto nel registro delle successioni (att. 52, 53), annotato a margine della trascrizione prescritta dal secondo comma dell’Art. 484, e trascritto negli uffici dei registri immobiliari dei luoghi dove si trovano gli immobili ereditari e negli uffici dove sono registrati i beni mobili. L’erede perde l’amministrazione dei beni ed è tenuto a consegnarli al curatore. Gli atti di disposizione che l’erede compie dopo trascritto il decreto di nomina del curatore sono senza effetto rispetto ai creditori e ai legatari.
149	Art. 509 Liquidazione proseguita su istanza dei creditori o legatari	5. Qual è l'effetto degli atti di disposizione compiuti dall'erede dopo la trascrizione del decreto di nomina del curatore?	Se, dopo la scadenza del termine stabilito per presentare le dichiarazioni di credito, l’erede incorre nella decadenza dal beneficio d’inventario, ma nessuno dei creditori o legatari la fa valere, il tribunale del luogo dell’aperta successione, su istanza di uno dei creditori o legatari, sentiti l’erede e coloro che hanno presentato le dichiarazioni di credito, può nominare un curatore con l’incarico di provvedere alla liquidazione dell’eredità secondo le norme degli artt. 499 e seguenti. Dopo la nomina del curatore, la decadenza dal beneficio non può più essere fatta valere. Il decreto di nomina del curatore è iscritto nel registro delle successioni (att. 52, 53), annotato a margine della trascrizione prescritta dal secondo comma dell’Art. 484, e trascritto negli uffici dei registri immobiliari dei luoghi dove si trovano gli immobili ereditari e negli uffici dove sono registrati i beni mobili. L’erede perde l’amministrazione dei beni ed è tenuto a consegnarli al curatore. Gli atti di disposizione che l’erede compie dopo trascritto il decreto di nomina del curatore sono senza effetto rispetto ai creditori e ai legatari.
150	Art. 510 Accettazione o inventario fatti da uno dei chiamati	1. In che modo l'accettazione con beneficio d'inventario fatta da uno dei chiamati influisce sugli altri chiamati?	L’accettazione con beneficio d’inventario fatta da uno dei chiamati giova a tutti gli altri, anche se l’inventario è compiuto da un chiamato diverso da quello che ha fatto la dichiarazione.
151	Art. 511 Spese	1. Quali spese sono a carico dell'eredità secondo il Codice di Procedura Civile?	Le spese dell’apposizione dei sigilli (Cod. Proc. Civ. 752 e seguente), dell’inventario e di ogni altro atto dipendente dall’accettazione con beneficio d’inventario sono a carico dell’eredità.
152	Art. 512 Oggetto della separazione	1. Quali sono i benefici della separazione dei beni del defunto da quelli dell'erede per i creditori del defunto?	La separazione dei beni del defunto da quelli dell’erede assicura il soddisfacimento, con i beni del defunto, dei creditori di lui e dei legatari che l’hanno esercitata, a preferenza dei creditori dell’erede. Il diritto alla separazione spetta anche ai creditori o legatari che hanno altre garanzie sui beni del defunto. La separazione non impedisce ai creditori e ai legatari che l’hanno esercitata, di soddisfarsi anche sui beni propri dell’erede.
153	Art. 512 Oggetto della separazione	2. Il diritto alla separazione dei beni spetta anche ai creditori o legatari che possiedono altre garanzie sui beni del defunto?	La separazione dei beni del defunto da quelli dell’erede assicura il soddisfacimento, con i beni del defunto, dei creditori di lui e dei legatari che l’hanno esercitata, a preferenza dei creditori dell’erede. Il diritto alla separazione spetta anche ai creditori o legatari che hanno altre garanzie sui beni del defunto. La separazione non impedisce ai creditori e ai legatari che l’hanno esercitata, di soddisfarsi anche sui beni propri dell’erede.
154	Art. 512 Oggetto della separazione	3. La separazione dei beni impedisce ai creditori e ai legatari di soddisfarsi sui beni propri dell'erede?	La separazione dei beni del defunto da quelli dell’erede assicura il soddisfacimento, con i beni del defunto, dei creditori di lui e dei legatari che l’hanno esercitata, a preferenza dei creditori dell’erede. Il diritto alla separazione spetta anche ai creditori o legatari che hanno altre garanzie sui beni del defunto. La separazione non impedisce ai creditori e ai legatari che l’hanno esercitata, di soddisfarsi anche sui beni propri dell’erede.
155	Art. 513 Separazione contro i legatari di specie	1. In che modo i creditori del defunto possono esercitare la separazione rispetto ai beni oggetto di legato di specie?	I creditori del defunto possono esercitare la separazione anche rispetto ai beni che formano oggetto di legato di specie.
156	Art. 514 Rapporti tra creditori separatisti e non separatisti	1. Quali diritti hanno i creditori e i legatari che hanno esercitato la separazione sui beni separati?	I creditori e i legatari che hanno esercitato la separazione hanno diritto di soddisfarsi sui beni separati a preferenza dei creditori e dei legatari che non l’hanno esercitata, quando il valore della parte di patrimonio non separata sarebbe stato sufficiente a soddisfare i creditori e i legatari non separatisti. Fuori di questo caso, i creditori e i legatari non separatisti possono concorrere con coloro che hanno esercitato la separazione; ma, se parte del patrimonio non e stata separata, il valore di questa si aggiunge al prezzo dei beni separati per determinare quanto spetterebbe a ciascuno dei concorrenti, e quindi si considera come attribuito integralmente ai creditori e ai legatari non separatisti (att. 54). Quando la separazione è esercitata da creditori e legatari, i creditori sono preferiti ai legatari. La preferenza è anche accordata, nel caso previsto dal comma precedente, ai creditori non separatisti di fronte ai legatari separatisti. Restano salve in ogni caso le cause di prelazione (2741 e seguenti).
157	Art. 514 Rapporti tra creditori separatisti e non separatisti	2. In quale situazione i creditori e i legatari non separatisti possono concorrere con quelli che hanno esercitato la separazione?	I creditori e i legatari che hanno esercitato la separazione hanno diritto di soddisfarsi sui beni separati a preferenza dei creditori e dei legatari che non l’hanno esercitata, quando il valore della parte di patrimonio non separata sarebbe stato sufficiente a soddisfare i creditori e i legatari non separatisti. Fuori di questo caso, i creditori e i legatari non separatisti possono concorrere con coloro che hanno esercitato la separazione; ma, se parte del patrimonio non e stata separata, il valore di questa si aggiunge al prezzo dei beni separati per determinare quanto spetterebbe a ciascuno dei concorrenti, e quindi si considera come attribuito integralmente ai creditori e ai legatari non separatisti (att. 54). Quando la separazione è esercitata da creditori e legatari, i creditori sono preferiti ai legatari. La preferenza è anche accordata, nel caso previsto dal comma precedente, ai creditori non separatisti di fronte ai legatari separatisti. Restano salve in ogni caso le cause di prelazione (2741 e seguenti).
158	Art. 514 Rapporti tra creditori separatisti e non separatisti	3. Come si determina quanto spetterebbe a ciascuno dei concorrenti quando parte del patrimonio non è stata separata?	I creditori e i legatari che hanno esercitato la separazione hanno diritto di soddisfarsi sui beni separati a preferenza dei creditori e dei legatari che non l’hanno esercitata, quando il valore della parte di patrimonio non separata sarebbe stato sufficiente a soddisfare i creditori e i legatari non separatisti. Fuori di questo caso, i creditori e i legatari non separatisti possono concorrere con coloro che hanno esercitato la separazione; ma, se parte del patrimonio non e stata separata, il valore di questa si aggiunge al prezzo dei beni separati per determinare quanto spetterebbe a ciascuno dei concorrenti, e quindi si considera come attribuito integralmente ai creditori e ai legatari non separatisti (att. 54). Quando la separazione è esercitata da creditori e legatari, i creditori sono preferiti ai legatari. La preferenza è anche accordata, nel caso previsto dal comma precedente, ai creditori non separatisti di fronte ai legatari separatisti. Restano salve in ogni caso le cause di prelazione (2741 e seguenti).
159	Art. 514 Rapporti tra creditori separatisti e non separatisti	4. Chi ha la preferenza tra creditori e legatari quando entrambi esercitano la separazione?	I creditori e i legatari che hanno esercitato la separazione hanno diritto di soddisfarsi sui beni separati a preferenza dei creditori e dei legatari che non l’hanno esercitata, quando il valore della parte di patrimonio non separata sarebbe stato sufficiente a soddisfare i creditori e i legatari non separatisti. Fuori di questo caso, i creditori e i legatari non separatisti possono concorrere con coloro che hanno esercitato la separazione; ma, se parte del patrimonio non e stata separata, il valore di questa si aggiunge al prezzo dei beni separati per determinare quanto spetterebbe a ciascuno dei concorrenti, e quindi si considera come attribuito integralmente ai creditori e ai legatari non separatisti (att. 54). Quando la separazione è esercitata da creditori e legatari, i creditori sono preferiti ai legatari. La preferenza è anche accordata, nel caso previsto dal comma precedente, ai creditori non separatisti di fronte ai legatari separatisti. Restano salve in ogni caso le cause di prelazione (2741 e seguenti).
160	Art. 514 Rapporti tra creditori separatisti e non separatisti	5. In che modo i creditori non separatisti sono preferiti rispetto ai legatari separatisti?	I creditori e i legatari che hanno esercitato la separazione hanno diritto di soddisfarsi sui beni separati a preferenza dei creditori e dei legatari che non l’hanno esercitata, quando il valore della parte di patrimonio non separata sarebbe stato sufficiente a soddisfare i creditori e i legatari non separatisti. Fuori di questo caso, i creditori e i legatari non separatisti possono concorrere con coloro che hanno esercitato la separazione; ma, se parte del patrimonio non e stata separata, il valore di questa si aggiunge al prezzo dei beni separati per determinare quanto spetterebbe a ciascuno dei concorrenti, e quindi si considera come attribuito integralmente ai creditori e ai legatari non separatisti (att. 54). Quando la separazione è esercitata da creditori e legatari, i creditori sono preferiti ai legatari. La preferenza è anche accordata, nel caso previsto dal comma precedente, ai creditori non separatisti di fronte ai legatari separatisti. Restano salve in ogni caso le cause di prelazione (2741 e seguenti).
161	Art. 514 Rapporti tra creditori separatisti e non separatisti	6. Quali disposizioni restano salve in ogni caso secondo il testo?	I creditori e i legatari che hanno esercitato la separazione hanno diritto di soddisfarsi sui beni separati a preferenza dei creditori e dei legatari che non l’hanno esercitata, quando il valore della parte di patrimonio non separata sarebbe stato sufficiente a soddisfare i creditori e i legatari non separatisti. Fuori di questo caso, i creditori e i legatari non separatisti possono concorrere con coloro che hanno esercitato la separazione; ma, se parte del patrimonio non e stata separata, il valore di questa si aggiunge al prezzo dei beni separati per determinare quanto spetterebbe a ciascuno dei concorrenti, e quindi si considera come attribuito integralmente ai creditori e ai legatari non separatisti (att. 54). Quando la separazione è esercitata da creditori e legatari, i creditori sono preferiti ai legatari. La preferenza è anche accordata, nel caso previsto dal comma precedente, ai creditori non separatisti di fronte ai legatari separatisti. Restano salve in ogni caso le cause di prelazione (2741 e seguenti).
162	Art. 515 Cessazione della separazione	1. In che modo l'erede può impedire o far cessare la separazione dei beni?	L’erede può impedire o far cessare la separazione pagando i creditori e i legatari, e dando cauzione per il pagamento di quelli il cui diritto è sospeso da condizione o sottoposto a termine, oppure è contestato.
163	Art. 516 Termine per l’esercizio del diritto alla separazione	1. Qual è il termine entro cui deve essere esercitato il diritto alla separazione dopo l'apertura della successione?	Il diritto alla separazione deve essere esercitato entro il termine di tre mesi dall’apertura della successione.
164	Art. 517 Separazione riguardo ai mobili	1. Come si esercita il diritto alla separazione riguardo ai mobili?	Il diritto alla separazione riguardo ai mobili si esercita mediante domanda giudiziale. La domanda si propone con ricorso al tribunale del luogo dell’aperta successione, il quale ordina l’inventario, se non e ancora fatto, e dà le disposizioni necessarie per la conservazione dei beni stessi. Riguardo ai mobili già alienati dall’erede, il diritto alla separazione comprende soltanto il prezzo non ancora pagato.
165	Art. 517 Separazione riguardo ai mobili	2. Qual è il tribunale competente per proporre la domanda di separazione dei mobili?	Il diritto alla separazione riguardo ai mobili si esercita mediante domanda giudiziale. La domanda si propone con ricorso al tribunale del luogo dell’aperta successione, il quale ordina l’inventario, se non e ancora fatto, e dà le disposizioni necessarie per la conservazione dei beni stessi. Riguardo ai mobili già alienati dall’erede, il diritto alla separazione comprende soltanto il prezzo non ancora pagato.
166	Art. 517 Separazione riguardo ai mobili	3. Cosa comprende il diritto alla separazione riguardo ai mobili già alienati dall'erede?	Il diritto alla separazione riguardo ai mobili si esercita mediante domanda giudiziale. La domanda si propone con ricorso al tribunale del luogo dell’aperta successione, il quale ordina l’inventario, se non e ancora fatto, e dà le disposizioni necessarie per la conservazione dei beni stessi. Riguardo ai mobili già alienati dall’erede, il diritto alla separazione comprende soltanto il prezzo non ancora pagato.
167	Art. 518 Separazione riguardo agli immobili	1. Quali sono i beni sui quali si può esercitare il diritto alla separazione mediante iscrizione del credito o del legato?	Riguardo agli immobili e agli altri beni capaci d’ipoteca, il diritto alla separazione si esercita mediante l’iscrizione del credito o del legato sopra ciascuno dei beni stessi. L’iscrizione si esegue nei modi stabiliti per iscrivere le ipoteche (2827 e seguenti), indicando il nome del defunto e quello dell’erede, se è conosciuto, e dichiarando che l’iscrizione stessa viene presa a titolo di separazione dei beni. Per tale iscrizione non è necessario esibire il titolo. Le iscrizioni a titolo di separazione, anche se eseguite in tempi diversi, prendono tutte il grado della prima e prevalgono sulle trascrizioni ed iscrizioni contro l’erede o il legatario, anche se anteriori. Alle iscrizioni a titolo di separazione sono applicabili le norme sulle ipoteche (2808 e seguenti).
168	Art. 518 Separazione riguardo agli immobili	2. Quali informazioni devono essere indicate nell'iscrizione per esercitare il diritto alla separazione dei beni?	Riguardo agli immobili e agli altri beni capaci d’ipoteca, il diritto alla separazione si esercita mediante l’iscrizione del credito o del legato sopra ciascuno dei beni stessi. L’iscrizione si esegue nei modi stabiliti per iscrivere le ipoteche (2827 e seguenti), indicando il nome del defunto e quello dell’erede, se è conosciuto, e dichiarando che l’iscrizione stessa viene presa a titolo di separazione dei beni. Per tale iscrizione non è necessario esibire il titolo. Le iscrizioni a titolo di separazione, anche se eseguite in tempi diversi, prendono tutte il grado della prima e prevalgono sulle trascrizioni ed iscrizioni contro l’erede o il legatario, anche se anteriori. Alle iscrizioni a titolo di separazione sono applicabili le norme sulle ipoteche (2808 e seguenti).
169	Art. 518 Separazione riguardo agli immobili	3. È necessario esibire il titolo per effettuare l'iscrizione a titolo di separazione dei beni?	Riguardo agli immobili e agli altri beni capaci d’ipoteca, il diritto alla separazione si esercita mediante l’iscrizione del credito o del legato sopra ciascuno dei beni stessi. L’iscrizione si esegue nei modi stabiliti per iscrivere le ipoteche (2827 e seguenti), indicando il nome del defunto e quello dell’erede, se è conosciuto, e dichiarando che l’iscrizione stessa viene presa a titolo di separazione dei beni. Per tale iscrizione non è necessario esibire il titolo. Le iscrizioni a titolo di separazione, anche se eseguite in tempi diversi, prendono tutte il grado della prima e prevalgono sulle trascrizioni ed iscrizioni contro l’erede o il legatario, anche se anteriori. Alle iscrizioni a titolo di separazione sono applicabili le norme sulle ipoteche (2808 e seguenti).
170	Art. 518 Separazione riguardo agli immobili	4. Come si determina il grado delle iscrizioni a titolo di separazione eseguite in tempi diversi?	Riguardo agli immobili e agli altri beni capaci d’ipoteca, il diritto alla separazione si esercita mediante l’iscrizione del credito o del legato sopra ciascuno dei beni stessi. L’iscrizione si esegue nei modi stabiliti per iscrivere le ipoteche (2827 e seguenti), indicando il nome del defunto e quello dell’erede, se è conosciuto, e dichiarando che l’iscrizione stessa viene presa a titolo di separazione dei beni. Per tale iscrizione non è necessario esibire il titolo. Le iscrizioni a titolo di separazione, anche se eseguite in tempi diversi, prendono tutte il grado della prima e prevalgono sulle trascrizioni ed iscrizioni contro l’erede o il legatario, anche se anteriori. Alle iscrizioni a titolo di separazione sono applicabili le norme sulle ipoteche (2808 e seguenti).
171	Art. 518 Separazione riguardo agli immobili	5. Quali norme si applicano alle iscrizioni a titolo di separazione?	Riguardo agli immobili e agli altri beni capaci d’ipoteca, il diritto alla separazione si esercita mediante l’iscrizione del credito o del legato sopra ciascuno dei beni stessi. L’iscrizione si esegue nei modi stabiliti per iscrivere le ipoteche (2827 e seguenti), indicando il nome del defunto e quello dell’erede, se è conosciuto, e dichiarando che l’iscrizione stessa viene presa a titolo di separazione dei beni. Per tale iscrizione non è necessario esibire il titolo. Le iscrizioni a titolo di separazione, anche se eseguite in tempi diversi, prendono tutte il grado della prima e prevalgono sulle trascrizioni ed iscrizioni contro l’erede o il legatario, anche se anteriori. Alle iscrizioni a titolo di separazione sono applicabili le norme sulle ipoteche (2808 e seguenti).
172	Art. 519 Dichiarazione di rinunzia	1. Quali sono le modalità formali richieste per la rinunzia all'eredità secondo il testo?	La rinunzia all’eredità deve farsi con dichiarazione, ricevuta da un notaio o dal cancelliere della pretura del mandamento in cui si è aperta la successione, e inserita nel registro delle successioni (att. 52, 53, 133). La rinunzia fatta gratuitamente a favore di tutti coloro ai quali si sarebbe devoluta la quota del rinunziante non ha effetto finché, a cura di alcuna delle parti, non siano osservate le forme indicate nel comma precedente.
173	Art. 519 Dichiarazione di rinunzia	2. Quando la rinunzia all'eredità fatta gratuitamente a favore di tutti coloro ai quali si sarebbe devoluta la quota del rinunziante diventa effettiva?	La rinunzia all’eredità deve farsi con dichiarazione, ricevuta da un notaio o dal cancelliere della pretura del mandamento in cui si è aperta la successione, e inserita nel registro delle successioni (att. 52, 53, 133). La rinunzia fatta gratuitamente a favore di tutti coloro ai quali si sarebbe devoluta la quota del rinunziante non ha effetto finché, a cura di alcuna delle parti, non siano osservate le forme indicate nel comma precedente.
174	Art. 520 Rinunzia condizionata, a termine o parziale	1. Quali sono le condizioni che rendono nulla una rinunzia secondo il testo?	È nulla la rinunzia fatta sotto condizione o a termine o solo per parte.
175	Art. 521 Retroattività della rinunzia	1. Quali sono le conseguenze giuridiche per chi rinunzia all'eredità secondo il testo?	Chi rinunzia all’eredità è considerato come se non vi fosse mai stato chiamato. Il rinunziante può tuttavia ritenere la donazione o domandare il legato a lui fatto sino alla concorrenza della porzione disponibile, salve le disposizioni degli artt. 551 e 552.
176	Art. 521 Retroattività della rinunzia	2. In che modo il rinunziante può beneficiare di una donazione o di un legato nonostante la rinuncia all'eredità?	Chi rinunzia all’eredità è considerato come se non vi fosse mai stato chiamato. Il rinunziante può tuttavia ritenere la donazione o domandare il legato a lui fatto sino alla concorrenza della porzione disponibile, salve le disposizioni degli artt. 551 e 552.
177	Art. 522 Devoluzione nelle successioni legittime	1. Cosa accade alla parte di eredità di un rinunziante nelle successioni legittime se ci sono altri eredi che avrebbero concorso con lui?	Nelle successioni legittime la parte di colui che rinunzia si accresce a coloro che avrebbero concorso col rinunziante, salvo il diritto di rappresentazione (467 e seguenti) e salvo il disposto dell’ultimo comma dell’Art. 571. Se il rinunziante e solo, l’eredità si devolve a coloro ai quali spetterebbe nel caso che egli mancasse.
178	Art. 522 Devoluzione nelle successioni legittime	2. Come viene devoluta l'eredità se il rinunziante è l'unico erede?	Nelle successioni legittime la parte di colui che rinunzia si accresce a coloro che avrebbero concorso col rinunziante, salvo il diritto di rappresentazione (467 e seguenti) e salvo il disposto dell’ultimo comma dell’Art. 571. Se il rinunziante e solo, l’eredità si devolve a coloro ai quali spetterebbe nel caso che egli mancasse.
179	Art. 523 Devoluzione nelle successioni testamentarie	1. Cosa accade alla parte del rinunziante nelle successioni testamentarie se il testatore non ha disposto una sostituzione e non ha luogo il diritto di rappresentazione?	Nelle successioni testamentarie, se il testatore non ha disposto una sostituzione e se non ha luogo il diritto di rappresentazione, la parte del rinunziante si accresce ai coeredi a norma dell’Art. 674, ovvero si devolve agli eredi legittimi a norma dell’Art. 677.
180	Art. 524 Impugnazione della rinunzia da parte dei creditori	1. In quali circostanze i creditori possono essere autorizzati ad accettare un'eredità in nome e per conto del rinunziante?	Se taluno rinunzia, benché senza frode, a un’eredità con danno dei suoi creditori, questi possono farsi autorizzare ad accettare l’eredità in nome e luogo del rinunziante, al solo scopo di soddisfarsi sui beni ereditari fino alla concorrenza dei loro crediti. Il diritto dei creditori si prescrive in cinque anni dalla rinunzia (2934 e seguenti).
181	Art. 524 Impugnazione della rinunzia da parte dei creditori	2. Qual è il termine di prescrizione per il diritto dei creditori di accettare un'eredità rinunciata?	Se taluno rinunzia, benché senza frode, a un’eredità con danno dei suoi creditori, questi possono farsi autorizzare ad accettare l’eredità in nome e luogo del rinunziante, al solo scopo di soddisfarsi sui beni ereditari fino alla concorrenza dei loro crediti. Il diritto dei creditori si prescrive in cinque anni dalla rinunzia (2934 e seguenti).
182	Art. 525 Revoca della rinunzia	1. In quali circostanze i chiamati che hanno rinunciato all'eredità possono successivamente accettarla?	Fino a che il diritto di accettare l’eredità non e prescritto contro i chiamati che vi hanno rinunziato, questi possono sempre accettarla, se non è già stata acquistata da altro dei chiamati, senza pregiudizio delle ragioni acquistate da terzi sopra i beni dell’eredità.
183	Art. 525 Revoca della rinunzia	2. Cosa accade se l'eredità è già stata acquistata da un altro dei chiamati?	Fino a che il diritto di accettare l’eredità non e prescritto contro i chiamati che vi hanno rinunziato, questi possono sempre accettarla, se non è già stata acquistata da altro dei chiamati, senza pregiudizio delle ragioni acquistate da terzi sopra i beni dell’eredità.
184	Art. 525 Revoca della rinunzia	3. Quali sono le conseguenze per i terzi che hanno acquisito diritti sui beni dell'eredità se un chiamato rinunciatario decide di accettare l'eredità?	Fino a che il diritto di accettare l’eredità non e prescritto contro i chiamati che vi hanno rinunziato, questi possono sempre accettarla, se non è già stata acquistata da altro dei chiamati, senza pregiudizio delle ragioni acquistate da terzi sopra i beni dell’eredità.
185	Art. 526 Impugnazione per violenza o dolo	1. Quali sono le condizioni che permettono di impugnare la rinunzia all'eredità?	La rinunzia all’eredità si può impugnare solo se è l’effetto di violenza o di dolo (1434 e seguenti). L’azione si prescrive in cinque anni dal giorno in cui è cessata la violenza o e stato scoperto il dolo.
186	Art. 526 Impugnazione per violenza o dolo	2. Entro quale termine si prescrive l'azione per impugnare la rinunzia all'eredità a causa di violenza o dolo?	La rinunzia all’eredità si può impugnare solo se è l’effetto di violenza o di dolo (1434 e seguenti). L’azione si prescrive in cinque anni dal giorno in cui è cessata la violenza o e stato scoperto il dolo.
187	Art. 527 Sottrazione di beni ereditari	1. Quali sono le conseguenze per i chiamati all'eredità che sottraggono o nascondono beni spettanti all'eredità?	I chiamati all’eredità, che hanno sottratto o nascosto beni spettanti all’eredità stessa, decadono dalla facoltà di rinunziarvi e si considerano eredi puri e semplici, nonostante la loro rinunzia.
188	Art. 528 Nomina del curatore	1. Quali sono le condizioni necessarie affinché il tribunale nomini un curatore dell'eredità?	Quando il chiamato non ha accettato l’eredità e non è nel possesso di beni ereditari (458 e seguenti), il tribunale del mandamento in cui si e aperta la successione, su istanza delle persone interessate o anche d’ufficio, nomina un curatore dell’eredità. Il decreto di nomina del curatore, a cura del cancelliere, e pubblicato per estratto nel foglio degli annunzi legali della provincia e iscritto nel registro delle successioni (att. 52, 53).
189	Art. 528 Nomina del curatore	2. Dove viene pubblicato il decreto di nomina del curatore dell'eredità?	Quando il chiamato non ha accettato l’eredità e non è nel possesso di beni ereditari (458 e seguenti), il tribunale del mandamento in cui si e aperta la successione, su istanza delle persone interessate o anche d’ufficio, nomina un curatore dell’eredità. Il decreto di nomina del curatore, a cura del cancelliere, e pubblicato per estratto nel foglio degli annunzi legali della provincia e iscritto nel registro delle successioni (att. 52, 53).
190	Art. 529 Obblighi del curatore	1. Quali sono i compiti principali del curatore in relazione all'eredità?	Il curatore e tenuto a procedere all’inventario dell’eredità, a esercitarne e promuoverne le ragioni, a rispondere alle istanze proposte contro la medesima, ad amministrarla, a depositare presso le casse postali o presso un istituto di credito designato dal tribunale il danaro che si trova nell’eredità o si ritrae dalla vendita dei mobili o degli immobili, e, da ultimo, a rendere conto della propria amministrazione.
191	Art. 530 Pagamento dei debiti ereditari	1. Quale autorizzazione deve ottenere il curatore per provvedere al pagamento dei debiti ereditari e dei legati?	Il curatore può provvedere al pagamento dei debiti ereditari e dei legati, previa autorizzazione del tribunale(Cod. Proc. Civ. 783). Se però alcuno dei creditori o dei legatari fa opposizione, il curatore non può procedere ad alcun pagamento, ma deve provvedere alla liquidazione dell’eredità secondo le norme degli artt. 498 e seguenti (att. 134-2).
192	Art. 530 Pagamento dei debiti ereditari	2. Cosa accade se un creditore o un legatario fa opposizione al pagamento da parte del curatore?	Il curatore può provvedere al pagamento dei debiti ereditari e dei legati, previa autorizzazione del tribunale(Cod. Proc. Civ. 783). Se però alcuno dei creditori o dei legatari fa opposizione, il curatore non può procedere ad alcun pagamento, ma deve provvedere alla liquidazione dell’eredità secondo le norme degli artt. 498 e seguenti (att. 134-2).
193	Art. 530 Pagamento dei debiti ereditari	3. A quali norme deve attenersi il curatore per la liquidazione dell'eredità in caso di opposizione da parte di creditori o legatari?	Il curatore può provvedere al pagamento dei debiti ereditari e dei legati, previa autorizzazione del tribunale(Cod. Proc. Civ. 783). Se però alcuno dei creditori o dei legatari fa opposizione, il curatore non può procedere ad alcun pagamento, ma deve provvedere alla liquidazione dell’eredità secondo le norme degli artt. 498 e seguenti (att. 134-2).
194	Art. 531 Inventario, amministrazione e rendimento dei conti	Mi dispiace, ma il testo fornito è incompleto. Potresti fornire un testo più completo o specifico per permettermi di formulare domande pertinenti?	Le disposizioni della
195	Art. 532 Cessazione della curatela per accettazione dell’eredità	1. Quando cessa dalle sue funzioni il curatore di un'eredità?	Il curatore cessa dalle sue funzioni quando l’eredità è stata accettata.
196	Art. 533 Nozione	1. In quali circostanze un erede può chiedere il riconoscimento della qualità ereditaria?	L’erede può chiedere il riconoscimento della qualità ereditaria contro chiunque possiede tutti o parte dei beni ereditari a titolo di erede o senza titolo alcuno, allo scopo di ottenere la restituzione dei beni medesimi. L’azione è imprescrittibile, salvi gli effetti dell’usucapione rispetto ai singoli beni (1158 e seguenti).
197	Art. 533 Nozione	2. Quali sono gli effetti dell'usucapione rispetto all'azione di riconoscimento della qualità ereditaria?	L’erede può chiedere il riconoscimento della qualità ereditaria contro chiunque possiede tutti o parte dei beni ereditari a titolo di erede o senza titolo alcuno, allo scopo di ottenere la restituzione dei beni medesimi. L’azione è imprescrittibile, salvi gli effetti dell’usucapione rispetto ai singoli beni (1158 e seguenti).
198	Art. 534 Diritti dei terzi	1. In quali circostanze l'erede può agire contro gli aventi causa da chi possiede a titolo di erede o senza titolo?	L’erede può agire anche contro gli aventi causa da chi possiede a titolo di erede o senza titolo. Sono salvi i diritti acquistati, per effetto di convenzioni a titolo oneroso con l’erede apparente, dai terzi i quali provino di avere contrattato in buona fede. La disposizione del comma precedente non si applica ai beni immobili e ai beni mobili iscritti nei pubblici registri, se l’acquisto a titolo di erede e l’acquisto dall’erede apparente non sono stati trascritti anteriormente alla trascrizione dell’acquisto da parte dell’erede o del legatario vero, o alla trascrizione della domanda giudiziale contro l’erede apparente (2652, n. 7).
199	Art. 534 Diritti dei terzi	2. Quali diritti dei terzi sono salvaguardati quando contrattano in buona fede con l'erede apparente?	L’erede può agire anche contro gli aventi causa da chi possiede a titolo di erede o senza titolo. Sono salvi i diritti acquistati, per effetto di convenzioni a titolo oneroso con l’erede apparente, dai terzi i quali provino di avere contrattato in buona fede. La disposizione del comma precedente non si applica ai beni immobili e ai beni mobili iscritti nei pubblici registri, se l’acquisto a titolo di erede e l’acquisto dall’erede apparente non sono stati trascritti anteriormente alla trascrizione dell’acquisto da parte dell’erede o del legatario vero, o alla trascrizione della domanda giudiziale contro l’erede apparente (2652, n. 7).
200	Art. 534 Diritti dei terzi	3. In che modo la disposizione riguardante l'acquisto di beni immobili e mobili iscritti nei pubblici registri si applica in relazione alla trascrizione degli acquisti?	L’erede può agire anche contro gli aventi causa da chi possiede a titolo di erede o senza titolo. Sono salvi i diritti acquistati, per effetto di convenzioni a titolo oneroso con l’erede apparente, dai terzi i quali provino di avere contrattato in buona fede. La disposizione del comma precedente non si applica ai beni immobili e ai beni mobili iscritti nei pubblici registri, se l’acquisto a titolo di erede e l’acquisto dall’erede apparente non sono stati trascritti anteriormente alla trascrizione dell’acquisto da parte dell’erede o del legatario vero, o alla trascrizione della domanda giudiziale contro l’erede apparente (2652, n. 7).
201	Art. 535 Possessore di beni ereditari	1. Quali sono le disposizioni applicabili al possessore di beni ereditari in relazione alla restituzione dei frutti, alle spese, ai miglioramenti e alle addizioni?	Le disposizioni in materia di possesso si applicano anche al possessore di beni ereditari, per quanto riguarda la restituzione dei frutti, le spese, i miglioramenti e le addizioni (1148 e seguenti). Il possessore in buona fede, che ha alienato pure in buona fede una cosa dell’eredità, è solo obbligato a restituire all’erede il prezzo o il corrispettivo ricevuto. Se il prezzo o il corrispettivo è ancora dovuto, l’erede subentra nel diritto di conseguirlo. E possessore in buona fede colui che ha acquistato il possesso dei beni ereditari, ritenendo per errore di essere erede. La buona fede non giova se l’errore dipende da colpa grave.
202	Art. 535 Possessore di beni ereditari	2. Qual è l'obbligo del possessore in buona fede che ha alienato una cosa dell'eredità?	Le disposizioni in materia di possesso si applicano anche al possessore di beni ereditari, per quanto riguarda la restituzione dei frutti, le spese, i miglioramenti e le addizioni (1148 e seguenti). Il possessore in buona fede, che ha alienato pure in buona fede una cosa dell’eredità, è solo obbligato a restituire all’erede il prezzo o il corrispettivo ricevuto. Se il prezzo o il corrispettivo è ancora dovuto, l’erede subentra nel diritto di conseguirlo. E possessore in buona fede colui che ha acquistato il possesso dei beni ereditari, ritenendo per errore di essere erede. La buona fede non giova se l’errore dipende da colpa grave.
203	Art. 535 Possessore di beni ereditari	3. Cosa accade se il prezzo o il corrispettivo di una cosa alienata dall'eredità è ancora dovuto?	Le disposizioni in materia di possesso si applicano anche al possessore di beni ereditari, per quanto riguarda la restituzione dei frutti, le spese, i miglioramenti e le addizioni (1148 e seguenti). Il possessore in buona fede, che ha alienato pure in buona fede una cosa dell’eredità, è solo obbligato a restituire all’erede il prezzo o il corrispettivo ricevuto. Se il prezzo o il corrispettivo è ancora dovuto, l’erede subentra nel diritto di conseguirlo. E possessore in buona fede colui che ha acquistato il possesso dei beni ereditari, ritenendo per errore di essere erede. La buona fede non giova se l’errore dipende da colpa grave.
204	Art. 535 Possessore di beni ereditari	4. Come viene definito il possessore in buona fede nel contesto dei beni ereditari?	Le disposizioni in materia di possesso si applicano anche al possessore di beni ereditari, per quanto riguarda la restituzione dei frutti, le spese, i miglioramenti e le addizioni (1148 e seguenti). Il possessore in buona fede, che ha alienato pure in buona fede una cosa dell’eredità, è solo obbligato a restituire all’erede il prezzo o il corrispettivo ricevuto. Se il prezzo o il corrispettivo è ancora dovuto, l’erede subentra nel diritto di conseguirlo. E possessore in buona fede colui che ha acquistato il possesso dei beni ereditari, ritenendo per errore di essere erede. La buona fede non giova se l’errore dipende da colpa grave.
205	Art. 535 Possessore di beni ereditari	5. In quali circostanze la buona fede non giova al possessore di beni ereditari?	Le disposizioni in materia di possesso si applicano anche al possessore di beni ereditari, per quanto riguarda la restituzione dei frutti, le spese, i miglioramenti e le addizioni (1148 e seguenti). Il possessore in buona fede, che ha alienato pure in buona fede una cosa dell’eredità, è solo obbligato a restituire all’erede il prezzo o il corrispettivo ricevuto. Se il prezzo o il corrispettivo è ancora dovuto, l’erede subentra nel diritto di conseguirlo. E possessore in buona fede colui che ha acquistato il possesso dei beni ereditari, ritenendo per errore di essere erede. La buona fede non giova se l’errore dipende da colpa grave.
206	Art. 536 Legittimari	1. Quali categorie di persone hanno diritto a una quota riservata di eredità secondo la legge?	Le persone a favore delle quali la legge riserva una quota di eredità o altri diritti nella successione sono: il coniuge, i figli, gli ascendenti. Ai figli sono equiparati gli adottivi. A favore dei discendenti, i quali vengono alla successione in luogo di questi, la legge riserva gli stessi diritti che sono riservati ai figli.
207	Art. 536 Legittimari	2. Gli adottivi hanno gli stessi diritti successori dei figli naturali?	Le persone a favore delle quali la legge riserva una quota di eredità o altri diritti nella successione sono: il coniuge, i figli, gli ascendenti. Ai figli sono equiparati gli adottivi. A favore dei discendenti, i quali vengono alla successione in luogo di questi, la legge riserva gli stessi diritti che sono riservati ai figli.
208	Art. 536 Legittimari	3. In che modo la legge tutela i diritti successori dei discendenti?	Le persone a favore delle quali la legge riserva una quota di eredità o altri diritti nella successione sono: il coniuge, i figli, gli ascendenti. Ai figli sono equiparati gli adottivi. A favore dei discendenti, i quali vengono alla successione in luogo di questi, la legge riserva gli stessi diritti che sono riservati ai figli.
209	Art. 537 Riserva a favore dei figli	1. Quale quota del patrimonio è riservata a un figlio unico secondo il testo?	Salvo quanto disposto dall’Art. 542, se il genitore lascia un figlio solo, a questi è riservata la metà del patrimonio. Se i figli sono più, è loro riservata la quota dei due terzi, da dividersi in parti uguali tra tutti i figli.
210	Art. 537 Riserva a favore dei figli	2. Come viene suddiviso il patrimonio se ci sono più figli?	Salvo quanto disposto dall’Art. 542, se il genitore lascia un figlio solo, a questi è riservata la metà del patrimonio. Se i figli sono più, è loro riservata la quota dei due terzi, da dividersi in parti uguali tra tutti i figli.
211	Art. 538 Riserva a favore degli ascendenti	1. Quale parte del patrimonio è riservata agli ascendenti se chi muore non lascia figli?	Se chi muore non lascia figli, ma ascendenti, a favore di questi è riservato un terzo del patrimonio, salvo quanto disposto dall’art. 544. In caso di pluralità di ascendenti, la riserva è ripartita tra i medesimi secondo i criteri previsti dall’Art. 569.
212	Art. 538 Riserva a favore degli ascendenti	2. Come viene ripartita la riserva tra gli ascendenti in caso di pluralità?	Se chi muore non lascia figli, ma ascendenti, a favore di questi è riservato un terzo del patrimonio, salvo quanto disposto dall’art. 544. In caso di pluralità di ascendenti, la riserva è ripartita tra i medesimi secondo i criteri previsti dall’Art. 569.
213	Art. 540 Riserva a favore del coniuge	1. Quali diritti sono riservati al coniuge sulla casa adibita a residenza familiare in caso di decesso dell'altro coniuge?	A favore del coniuge è riservata la metà del patrimonio dell’altro coniuge, salve le disposizioni dell’Art. 542 per il caso di concorso con i figli. Al coniuge, anche quando concorra con altri chiamati, sono riservati i diritti di abitazione sulla casa adibita a residenza familiare, e di uso sui mobili che la corredano, se di proprietà del defunto o comuni. Tali diritti gravano sulla porzione disponibile e, qualora questa non sia sufficiente, per il rimanente sulla quota di riserva del coniuge ed eventualmente sulla quota riservata ai figli.
214	Art. 540 Riserva a favore del coniuge	2. In che modo i diritti di abitazione e di uso del coniuge influenzano la porzione disponibile del patrimonio del defunto?	A favore del coniuge è riservata la metà del patrimonio dell’altro coniuge, salve le disposizioni dell’Art. 542 per il caso di concorso con i figli. Al coniuge, anche quando concorra con altri chiamati, sono riservati i diritti di abitazione sulla casa adibita a residenza familiare, e di uso sui mobili che la corredano, se di proprietà del defunto o comuni. Tali diritti gravano sulla porzione disponibile e, qualora questa non sia sufficiente, per il rimanente sulla quota di riserva del coniuge ed eventualmente sulla quota riservata ai figli.
215	Art. 540 Riserva a favore del coniuge	3. Come viene gestita la quota di riserva del coniuge in caso di concorso con i figli secondo l'Art. 542?	A favore del coniuge è riservata la metà del patrimonio dell’altro coniuge, salve le disposizioni dell’Art. 542 per il caso di concorso con i figli. Al coniuge, anche quando concorra con altri chiamati, sono riservati i diritti di abitazione sulla casa adibita a residenza familiare, e di uso sui mobili che la corredano, se di proprietà del defunto o comuni. Tali diritti gravano sulla porzione disponibile e, qualora questa non sia sufficiente, per il rimanente sulla quota di riserva del coniuge ed eventualmente sulla quota riservata ai figli.
216	Art. 542 Concorso di coniuge e figli	1. Quale quota del patrimonio è riservata al coniuge se il defunto lascia un solo figlio?	Se chi muore lascia, oltre al coniuge, un solo figlio a quest’ultimo è riservato un terzo del patrimonio ed un altro terzo spetta al coniuge. Quando i figli sono più di uno ad essi è complessivamente riservata la metà del patrimonio e al coniuge spetta un quarto del patrimonio del defunto. La divisione tra tutti i figli è effettuata in parti uguali. Si applica il terzo comma dell’Art. 537.
217	Art. 542 Concorso di coniuge e figli	2. Cosa accade alla divisione del patrimonio se il defunto lascia più di un figlio?	Se chi muore lascia, oltre al coniuge, un solo figlio a quest’ultimo è riservato un terzo del patrimonio ed un altro terzo spetta al coniuge. Quando i figli sono più di uno ad essi è complessivamente riservata la metà del patrimonio e al coniuge spetta un quarto del patrimonio del defunto. La divisione tra tutti i figli è effettuata in parti uguali. Si applica il terzo comma dell’Art. 537.
218	Art. 542 Concorso di coniuge e figli	3. Come viene suddiviso il patrimonio tra i figli quando sono più di uno?	Se chi muore lascia, oltre al coniuge, un solo figlio a quest’ultimo è riservato un terzo del patrimonio ed un altro terzo spetta al coniuge. Quando i figli sono più di uno ad essi è complessivamente riservata la metà del patrimonio e al coniuge spetta un quarto del patrimonio del defunto. La divisione tra tutti i figli è effettuata in parti uguali. Si applica il terzo comma dell’Art. 537.
219	Art. 542 Concorso di coniuge e figli	4. Quale articolo del codice civile si applica in caso di divisione del patrimonio tra coniuge e figli?	Se chi muore lascia, oltre al coniuge, un solo figlio a quest’ultimo è riservato un terzo del patrimonio ed un altro terzo spetta al coniuge. Quando i figli sono più di uno ad essi è complessivamente riservata la metà del patrimonio e al coniuge spetta un quarto del patrimonio del defunto. La divisione tra tutti i figli è effettuata in parti uguali. Si applica il terzo comma dell’Art. 537.
220	Art. 544 Concorso di ascendenti legittimi e coniuge	1. Qual è la quota del patrimonio riservata al coniuge quando il defunto non lascia figli ma solo ascendenti?	Quando chi muore non lascia figli ma ascendenti e il coniuge, a quest’ultimo è riservata la metà del patrimonio, ed agli ascendenti un quarto. In caso di pluralità di ascendenti, la quota di riserva ad essi attribuita ai sensi del precedente comma è ripartita tra i medesimi secondo i criteri previsti dall’Art. 569.
221	Art. 544 Concorso di ascendenti legittimi e coniuge	2. Come viene ripartita la quota di riserva tra gli ascendenti in caso di pluralità di ascendenti?	Quando chi muore non lascia figli ma ascendenti e il coniuge, a quest’ultimo è riservata la metà del patrimonio, ed agli ascendenti un quarto. In caso di pluralità di ascendenti, la quota di riserva ad essi attribuita ai sensi del precedente comma è ripartita tra i medesimi secondo i criteri previsti dall’Art. 569.
222	Art. 548 Riserva a favore del coniuge separato	1. Quali diritti successori ha il coniuge cui non è stata addebitata la separazione con sentenza passata in giudicato?	Il coniuge cui non è stata addebitata la separazione con sentenza passata in giudicato (Cod. Proc. Civ. 324), ai sensi del secondo comma dell’art. 151, ha gli stessi diritti successori del coniuge non separato. Il coniuge cui è stata addebitata la separazione con sentenza passata in giudicato ha diritto soltanto ad un assegno vitalizio se al momento dell’apertura della successione godeva degli alimenti a carico del coniuge deceduto. L’assegno è commisurato alle sostanze ereditarie e alla qualità e al numero degli eredi legittimi, e non è comunque di entità superiore a quella della prestazione alimentare goduta. La medesima disposizione si applica nel caso in cui la separazione sia stata addebitata ad entrambi i coniugi.
223	Art. 548 Riserva a favore del coniuge separato	2. Che diritto ha il coniuge cui è stata addebitata la separazione con sentenza passata in giudicato al momento dell’apertura della successione?	Il coniuge cui non è stata addebitata la separazione con sentenza passata in giudicato (Cod. Proc. Civ. 324), ai sensi del secondo comma dell’art. 151, ha gli stessi diritti successori del coniuge non separato. Il coniuge cui è stata addebitata la separazione con sentenza passata in giudicato ha diritto soltanto ad un assegno vitalizio se al momento dell’apertura della successione godeva degli alimenti a carico del coniuge deceduto. L’assegno è commisurato alle sostanze ereditarie e alla qualità e al numero degli eredi legittimi, e non è comunque di entità superiore a quella della prestazione alimentare goduta. La medesima disposizione si applica nel caso in cui la separazione sia stata addebitata ad entrambi i coniugi.
224	Art. 548 Riserva a favore del coniuge separato	3. Come viene determinato l'importo dell'assegno vitalizio per il coniuge cui è stata addebitata la separazione?	Il coniuge cui non è stata addebitata la separazione con sentenza passata in giudicato (Cod. Proc. Civ. 324), ai sensi del secondo comma dell’art. 151, ha gli stessi diritti successori del coniuge non separato. Il coniuge cui è stata addebitata la separazione con sentenza passata in giudicato ha diritto soltanto ad un assegno vitalizio se al momento dell’apertura della successione godeva degli alimenti a carico del coniuge deceduto. L’assegno è commisurato alle sostanze ereditarie e alla qualità e al numero degli eredi legittimi, e non è comunque di entità superiore a quella della prestazione alimentare goduta. La medesima disposizione si applica nel caso in cui la separazione sia stata addebitata ad entrambi i coniugi.
225	Art. 548 Riserva a favore del coniuge separato	4. La disposizione relativa all'assegno vitalizio si applica anche se la separazione è stata addebitata ad entrambi i coniugi?	Il coniuge cui non è stata addebitata la separazione con sentenza passata in giudicato (Cod. Proc. Civ. 324), ai sensi del secondo comma dell’art. 151, ha gli stessi diritti successori del coniuge non separato. Il coniuge cui è stata addebitata la separazione con sentenza passata in giudicato ha diritto soltanto ad un assegno vitalizio se al momento dell’apertura della successione godeva degli alimenti a carico del coniuge deceduto. L’assegno è commisurato alle sostanze ereditarie e alla qualità e al numero degli eredi legittimi, e non è comunque di entità superiore a quella della prestazione alimentare goduta. La medesima disposizione si applica nel caso in cui la separazione sia stata addebitata ad entrambi i coniugi.
226	Art. 549 Divieto di pesi o condizioni sulla quota dei legittimari	1. Quali sono le limitazioni imposte al testatore riguardo l'imposizione di pesi o condizioni sulla quota dei legittimari?	Il testatore non può imporre pesi o condizioni sulla quota spettante ai legittimari, salva l’applicazione delle norme contenute nel
227	Art. 549 Divieto di pesi o condizioni sulla quota dei legittimari	2. In quali circostanze si applicano le norme che permettono al testatore di imporre pesi o condizioni sulla quota dei legittimari?	Il testatore non può imporre pesi o condizioni sulla quota spettante ai legittimari, salva l’applicazione delle norme contenute nel
228	Art. 550 Lascito eccedente la porzione disponibile	1. Cosa possono scegliere di fare i legittimari quando il testatore dispone di un usufrutto o di una rendita vitalizia eccedente la porzione disponibile?	Quando il testatore dispone di un usufrutto o di una rendita vitalizia il cui reddito eccede quello della porzione disponibile, i legittimari, ai quali è stata assegnata la nuda proprietà della disponibile o di parte di essa, hanno la scelta o di eseguire tale disposizione o di abbandonare la nuda proprietà della porzione disponibile. Nel secondo caso il legatario, conseguendo la disponibile abbandonata, non acquista la qualità di erede. La stessa scelta spetta ai legittimari quando il testatore ha disposto della nuda proprietà di una parte eccedente la disponibile. Se i legittimari sono più, occorre l’accordo di tutti perché la disposizione testamentaria abbia esecuzione. Le stesse norme si applicano anche se dell’usufrutto, della rendita o della nuda proprietà è stato disposto con donazione.
229	Art. 550 Lascito eccedente la porzione disponibile	2. Qual è la conseguenza per il legatario se i legittimari decidono di abbandonare la nuda proprietà della porzione disponibile?	Quando il testatore dispone di un usufrutto o di una rendita vitalizia il cui reddito eccede quello della porzione disponibile, i legittimari, ai quali è stata assegnata la nuda proprietà della disponibile o di parte di essa, hanno la scelta o di eseguire tale disposizione o di abbandonare la nuda proprietà della porzione disponibile. Nel secondo caso il legatario, conseguendo la disponibile abbandonata, non acquista la qualità di erede. La stessa scelta spetta ai legittimari quando il testatore ha disposto della nuda proprietà di una parte eccedente la disponibile. Se i legittimari sono più, occorre l’accordo di tutti perché la disposizione testamentaria abbia esecuzione. Le stesse norme si applicano anche se dell’usufrutto, della rendita o della nuda proprietà è stato disposto con donazione.
230	Art. 550 Lascito eccedente la porzione disponibile	3. Cosa accade se i legittimari sono più di uno e devono decidere sull'esecuzione della disposizione testamentaria?	Quando il testatore dispone di un usufrutto o di una rendita vitalizia il cui reddito eccede quello della porzione disponibile, i legittimari, ai quali è stata assegnata la nuda proprietà della disponibile o di parte di essa, hanno la scelta o di eseguire tale disposizione o di abbandonare la nuda proprietà della porzione disponibile. Nel secondo caso il legatario, conseguendo la disponibile abbandonata, non acquista la qualità di erede. La stessa scelta spetta ai legittimari quando il testatore ha disposto della nuda proprietà di una parte eccedente la disponibile. Se i legittimari sono più, occorre l’accordo di tutti perché la disposizione testamentaria abbia esecuzione. Le stesse norme si applicano anche se dell’usufrutto, della rendita o della nuda proprietà è stato disposto con donazione.
231	Art. 550 Lascito eccedente la porzione disponibile	4. Le norme descritte nel testo si applicano anche nel caso di donazione di usufrutto, rendita o nuda proprietà?	Quando il testatore dispone di un usufrutto o di una rendita vitalizia il cui reddito eccede quello della porzione disponibile, i legittimari, ai quali è stata assegnata la nuda proprietà della disponibile o di parte di essa, hanno la scelta o di eseguire tale disposizione o di abbandonare la nuda proprietà della porzione disponibile. Nel secondo caso il legatario, conseguendo la disponibile abbandonata, non acquista la qualità di erede. La stessa scelta spetta ai legittimari quando il testatore ha disposto della nuda proprietà di una parte eccedente la disponibile. Se i legittimari sono più, occorre l’accordo di tutti perché la disposizione testamentaria abbia esecuzione. Le stesse norme si applicano anche se dell’usufrutto, della rendita o della nuda proprietà è stato disposto con donazione.
232	Art. 550 Lascito eccedente la porzione disponibile	5. Quale scelta spetta ai legittimari quando il testatore ha disposto della nuda proprietà di una parte eccedente la disponibile?	Quando il testatore dispone di un usufrutto o di una rendita vitalizia il cui reddito eccede quello della porzione disponibile, i legittimari, ai quali è stata assegnata la nuda proprietà della disponibile o di parte di essa, hanno la scelta o di eseguire tale disposizione o di abbandonare la nuda proprietà della porzione disponibile. Nel secondo caso il legatario, conseguendo la disponibile abbandonata, non acquista la qualità di erede. La stessa scelta spetta ai legittimari quando il testatore ha disposto della nuda proprietà di una parte eccedente la disponibile. Se i legittimari sono più, occorre l’accordo di tutti perché la disposizione testamentaria abbia esecuzione. Le stesse norme si applicano anche se dell’usufrutto, della rendita o della nuda proprietà è stato disposto con donazione.
233	Art. 551 Legato in sostituzione di legittima	1. Cosa può fare un legittimario se gli viene lasciato un legato in sostituzione della legittima?	Se a un legittimario è lasciato un legato in sostituzione della legittima, egli può rinunziare al legato (649 e seguenti) e chiedere la legittima. Se preferisce di conseguire il legato, perde il diritto di chiedere un supplemento, nel caso che il valore del legato sia inferiore a quello della legittima, e non acquista la qualità di erede. Questa disposizione non si applica quando il testatore ha espressamente attribuito al legittimario la facoltà di chiedere il supplemento. Il legato in sostituzione della legittima grava sulla porzione indisponibile. Se però il valore del legato eccede quello della legittima spettante al legittimario, per l’eccedenza il legato grava sulla disponibile.
234	Art. 551 Legato in sostituzione di legittima	2. Cosa accade se un legittimario decide di conseguire il legato invece di chiedere la legittima?	Se a un legittimario è lasciato un legato in sostituzione della legittima, egli può rinunziare al legato (649 e seguenti) e chiedere la legittima. Se preferisce di conseguire il legato, perde il diritto di chiedere un supplemento, nel caso che il valore del legato sia inferiore a quello della legittima, e non acquista la qualità di erede. Questa disposizione non si applica quando il testatore ha espressamente attribuito al legittimario la facoltà di chiedere il supplemento. Il legato in sostituzione della legittima grava sulla porzione indisponibile. Se però il valore del legato eccede quello della legittima spettante al legittimario, per l’eccedenza il legato grava sulla disponibile.
235	Art. 551 Legato in sostituzione di legittima	3. In quali circostanze un legittimario può chiedere un supplemento al valore del legato?	Se a un legittimario è lasciato un legato in sostituzione della legittima, egli può rinunziare al legato (649 e seguenti) e chiedere la legittima. Se preferisce di conseguire il legato, perde il diritto di chiedere un supplemento, nel caso che il valore del legato sia inferiore a quello della legittima, e non acquista la qualità di erede. Questa disposizione non si applica quando il testatore ha espressamente attribuito al legittimario la facoltà di chiedere il supplemento. Il legato in sostituzione della legittima grava sulla porzione indisponibile. Se però il valore del legato eccede quello della legittima spettante al legittimario, per l’eccedenza il legato grava sulla disponibile.
236	Art. 551 Legato in sostituzione di legittima	4. Su quale porzione grava il legato in sostituzione della legittima?	Se a un legittimario è lasciato un legato in sostituzione della legittima, egli può rinunziare al legato (649 e seguenti) e chiedere la legittima. Se preferisce di conseguire il legato, perde il diritto di chiedere un supplemento, nel caso che il valore del legato sia inferiore a quello della legittima, e non acquista la qualità di erede. Questa disposizione non si applica quando il testatore ha espressamente attribuito al legittimario la facoltà di chiedere il supplemento. Il legato in sostituzione della legittima grava sulla porzione indisponibile. Se però il valore del legato eccede quello della legittima spettante al legittimario, per l’eccedenza il legato grava sulla disponibile.
237	Art. 551 Legato in sostituzione di legittima	5. Cosa succede se il valore del legato eccede quello della legittima spettante al legittimario?	Se a un legittimario è lasciato un legato in sostituzione della legittima, egli può rinunziare al legato (649 e seguenti) e chiedere la legittima. Se preferisce di conseguire il legato, perde il diritto di chiedere un supplemento, nel caso che il valore del legato sia inferiore a quello della legittima, e non acquista la qualità di erede. Questa disposizione non si applica quando il testatore ha espressamente attribuito al legittimario la facoltà di chiedere il supplemento. Il legato in sostituzione della legittima grava sulla porzione indisponibile. Se però il valore del legato eccede quello della legittima spettante al legittimario, per l’eccedenza il legato grava sulla disponibile.
238	Art. 552 Donazione e legati in conto di legittima	1. Quali sono le conseguenze per un legittimario che rinunzia all'eredità in assenza di rappresentazione riguardo alle donazioni e ai legati a lui fatti?	Il legittimario che rinunzia all’eredità (519 e seguenti), quando non si ha rappresentazione, può sulla disponibile ritenere le donazioni o conseguire i legati a lui fatti (521-2); ma quando non vi è stata espressa dispensa dall’imputazione (564-2), se per integrare la legittima spettante agli eredi è necessario ridurre le disposizioni testamentarie o le donazioni (554 e seguenti), restano salve le assegnazioni, fatte dal testatore sulla disponibile, che non sarebbero soggette a riduzione se il legittimario accettasse l’eredità, e si riducono le donazioni e i legati fatti a quest’ultimo.
239	Art. 552 Donazione e legati in conto di legittima	2. In che modo si procede alla riduzione delle disposizioni testamentarie o delle donazioni per integrare la legittima spettante agli eredi quando non vi è stata espressa dispensa dall'imputazione?	Il legittimario che rinunzia all’eredità (519 e seguenti), quando non si ha rappresentazione, può sulla disponibile ritenere le donazioni o conseguire i legati a lui fatti (521-2); ma quando non vi è stata espressa dispensa dall’imputazione (564-2), se per integrare la legittima spettante agli eredi è necessario ridurre le disposizioni testamentarie o le donazioni (554 e seguenti), restano salve le assegnazioni, fatte dal testatore sulla disponibile, che non sarebbero soggette a riduzione se il legittimario accettasse l’eredità, e si riducono le donazioni e i legati fatti a quest’ultimo.
240	Art. 553 Riduzione delle porzioni degli eredi legittimi in concorso con legittimari	1. Cosa accade alle porzioni dei successibili non legittimari quando si apre una successione legittima in concorso con legittimari?	Quando sui beni lasciati dal defunto si apre in tutto o in parte la successione legittima, nel concorso di legittimari con altri successibili, le porzioni che spetterebbero a questi ultimi si riducono proporzionalmente nei limiti in cui è necessario per integrare la quota riservata (537 e seguenti) ai legittimari, i quali però devono imputare a questa, ai sensi dell’Art. 564, quanto hanno ricevuto dal defunto in virtù di donazioni o di legati.
241	Art. 553 Riduzione delle porzioni degli eredi legittimi in concorso con legittimari	2. Come devono comportarsi i legittimari riguardo alle donazioni o legati ricevuti dal defunto secondo l'Art. 564?	Quando sui beni lasciati dal defunto si apre in tutto o in parte la successione legittima, nel concorso di legittimari con altri successibili, le porzioni che spetterebbero a questi ultimi si riducono proporzionalmente nei limiti in cui è necessario per integrare la quota riservata (537 e seguenti) ai legittimari, i quali però devono imputare a questa, ai sensi dell’Art. 564, quanto hanno ricevuto dal defunto in virtù di donazioni o di legati.
242	Art. 554 Riduzione delle disposizioni testamentarie	1. Cosa accade alle disposizioni testamentarie che eccedono la quota di cui il defunto poteva disporre?	Le disposizioni testamentarie eccedenti la quota di cui il defunto poteva disporre sono soggette a riduzione (557 e seguenti) nei limiti della quota medesima.
243	Art. 555 Riduzione delle donazioni	1. In quale circostanza le donazioni sono soggette a riduzione secondo il testo?	Le donazioni, il cui valore eccede la quota della quale il defunto poteva disporre, sono soggette a riduzione fino alla quota medesima (att. 135). Le donazioni non si riducono se non dopo esaurito il valore dei beni di cui è stato disposto per testamento.
244	Art. 555 Riduzione delle donazioni	2. Quando le donazioni non vengono ridotte secondo il testo?	Le donazioni, il cui valore eccede la quota della quale il defunto poteva disporre, sono soggette a riduzione fino alla quota medesima (att. 135). Le donazioni non si riducono se non dopo esaurito il valore dei beni di cui è stato disposto per testamento.
245	Art. 556 Determinazione della porzione disponibile	1. Quali beni vengono considerati per determinare l'ammontare della quota di cui il defunto poteva disporre?	Per determinare l’ammontare della quota di cui il defunto poteva disporre si forma una massa di tutti i beni che appartenevano al defunto al tempo della morte, detraendone i debiti. Si riuniscono quindi fittiziamente i beni di cui sia stato disposto a titolo di donazione, secondo il loro valore determinato in base alle regole dettate negli artt. 747 e 750 e sull’asse così formato si calcola la quota ii cui il defunto poteva disporre (537 e seguenti, 737; att. 135-2).
246	Art. 556 Determinazione della porzione disponibile	2. Come vengono trattati i beni donati dal defunto nel calcolo della quota disponibile?	Per determinare l’ammontare della quota di cui il defunto poteva disporre si forma una massa di tutti i beni che appartenevano al defunto al tempo della morte, detraendone i debiti. Si riuniscono quindi fittiziamente i beni di cui sia stato disposto a titolo di donazione, secondo il loro valore determinato in base alle regole dettate negli artt. 747 e 750 e sull’asse così formato si calcola la quota ii cui il defunto poteva disporre (537 e seguenti, 737; att. 135-2).
247	Art. 556 Determinazione della porzione disponibile	3. Quali articoli del codice civile regolano la determinazione del valore dei beni donati per il calcolo della quota disponibile?	Per determinare l’ammontare della quota di cui il defunto poteva disporre si forma una massa di tutti i beni che appartenevano al defunto al tempo della morte, detraendone i debiti. Si riuniscono quindi fittiziamente i beni di cui sia stato disposto a titolo di donazione, secondo il loro valore determinato in base alle regole dettate negli artt. 747 e 750 e sull’asse così formato si calcola la quota ii cui il defunto poteva disporre (537 e seguenti, 737; att. 135-2).
248	Art. 557 Soggetti che possono chiedere la riduzione	1. Chi può domandare la riduzione delle donazioni e delle disposizioni lesive della porzione di legittima?	La riduzione delle donazioni e delle disposizioni lesive della porzione di legittima non può essere domandata che dai legittimari e dai loro eredi o aventi causa (537 e seguenti). Essi non possono rinunziare a questo diritto, finché vive il donante né con dichiarazione espressa, né prestando il loro assenso alla donazione. I donatari e i legatari non possono chiedere la riduzione, né approfittarne. Non possono chiederla né approfittarne nemmeno i creditori del defunto, se il legittimario avente diritto alla riduzione ha accettato con il beneficio d’inventario (484 e seguenti).
249	Art. 557 Soggetti che possono chiedere la riduzione	2. È possibile per i legittimari rinunciare al diritto di chiedere la riduzione delle donazioni mentre il donante è ancora in vita?	La riduzione delle donazioni e delle disposizioni lesive della porzione di legittima non può essere domandata che dai legittimari e dai loro eredi o aventi causa (537 e seguenti). Essi non possono rinunziare a questo diritto, finché vive il donante né con dichiarazione espressa, né prestando il loro assenso alla donazione. I donatari e i legatari non possono chiedere la riduzione, né approfittarne. Non possono chiederla né approfittarne nemmeno i creditori del defunto, se il legittimario avente diritto alla riduzione ha accettato con il beneficio d’inventario (484 e seguenti).
250	Art. 557 Soggetti che possono chiedere la riduzione	3. I donatari e i legatari possono chiedere o approfittare della riduzione delle donazioni lesive della porzione di legittima?	La riduzione delle donazioni e delle disposizioni lesive della porzione di legittima non può essere domandata che dai legittimari e dai loro eredi o aventi causa (537 e seguenti). Essi non possono rinunziare a questo diritto, finché vive il donante né con dichiarazione espressa, né prestando il loro assenso alla donazione. I donatari e i legatari non possono chiedere la riduzione, né approfittarne. Non possono chiederla né approfittarne nemmeno i creditori del defunto, se il legittimario avente diritto alla riduzione ha accettato con il beneficio d’inventario (484 e seguenti).
251	Art. 557 Soggetti che possono chiedere la riduzione	4. In quali circostanze i creditori del defunto non possono chiedere la riduzione delle donazioni lesive della porzione di legittima?	La riduzione delle donazioni e delle disposizioni lesive della porzione di legittima non può essere domandata che dai legittimari e dai loro eredi o aventi causa (537 e seguenti). Essi non possono rinunziare a questo diritto, finché vive il donante né con dichiarazione espressa, né prestando il loro assenso alla donazione. I donatari e i legatari non possono chiedere la riduzione, né approfittarne. Non possono chiederla né approfittarne nemmeno i creditori del defunto, se il legittimario avente diritto alla riduzione ha accettato con il beneficio d’inventario (484 e seguenti).
252	Art. 557 Soggetti che possono chiedere la riduzione	5. Cosa accade se il legittimario avente diritto alla riduzione accetta con il beneficio d’inventario?	La riduzione delle donazioni e delle disposizioni lesive della porzione di legittima non può essere domandata che dai legittimari e dai loro eredi o aventi causa (537 e seguenti). Essi non possono rinunziare a questo diritto, finché vive il donante né con dichiarazione espressa, né prestando il loro assenso alla donazione. I donatari e i legatari non possono chiedere la riduzione, né approfittarne. Non possono chiederla né approfittarne nemmeno i creditori del defunto, se il legittimario avente diritto alla riduzione ha accettato con il beneficio d’inventario (484 e seguenti).
253	Art. 558 Modo di ridurre le disposizioni testamentarie	1. In che modo avviene la riduzione delle disposizioni testamentarie secondo il testo?	La riduzione delle disposizioni testamentarie avviene proporzionalmente, senza distinguere tra eredi e legatari. Se il testatore ha dichiarato che una sua disposizione deve avere effetto a preferenza delle altre, questa disposizione non si riduce, se non in quanto il valore delle altre non sia sufficiente a integrare la quota riservata ai legittimari.
254	Art. 558 Modo di ridurre le disposizioni testamentarie	2. Quali condizioni devono verificarsi affinché una disposizione testamentaria dichiarata preferenziale dal testatore non venga ridotta?	La riduzione delle disposizioni testamentarie avviene proporzionalmente, senza distinguere tra eredi e legatari. Se il testatore ha dichiarato che una sua disposizione deve avere effetto a preferenza delle altre, questa disposizione non si riduce, se non in quanto il valore delle altre non sia sufficiente a integrare la quota riservata ai legittimari.
255	Art. 559 Modo di ridurre le donazioni	1. Qual è il criterio utilizzato per ridurre le donazioni secondo il testo?	Le donazioni si riducono cominciando dall’ultima e risalendo via via alle anteriori.
256	Art. 560 Riduzione del legato o della donazione d’immobili	1. In che modo si procede alla riduzione di un legato o di una donazione quando l'oggetto è un immobile?	Quando oggetto del legato o della donazione da ridurre è un immobile, la riduzione si fa separando dall’immobile medesimo la parte occorrente per integrare la quota riservata, se ciò può avvenire comodamente. Se la separazione non può farsi comodamente e il legatario o il donatario ha nell’immobile un’eccedenza maggiore del quarto della porzione disponibile, l’immobile si deve lasciare per intero nell’eredità, salvo il diritto di conseguire il valore della porzione disponibile. Se l’eccedenza non supera il quarto, il legatario o il donatario può ritenere tutto l’immobile, compensando in danaro i legittimari. Il legatario o il donatario che è legittimario può ritenere tutto l’immobile, purché il valore di esso non superi l’importo della porzione disponibile e della quota che gli spetta come legittimario.
257	Art. 560 Riduzione del legato o della donazione d’immobili	2. Cosa accade se la separazione dell'immobile non può avvenire comodamente e l'eccedenza del legatario o del donatario è maggiore del quarto della porzione disponibile?	Quando oggetto del legato o della donazione da ridurre è un immobile, la riduzione si fa separando dall’immobile medesimo la parte occorrente per integrare la quota riservata, se ciò può avvenire comodamente. Se la separazione non può farsi comodamente e il legatario o il donatario ha nell’immobile un’eccedenza maggiore del quarto della porzione disponibile, l’immobile si deve lasciare per intero nell’eredità, salvo il diritto di conseguire il valore della porzione disponibile. Se l’eccedenza non supera il quarto, il legatario o il donatario può ritenere tutto l’immobile, compensando in danaro i legittimari. Il legatario o il donatario che è legittimario può ritenere tutto l’immobile, purché il valore di esso non superi l’importo della porzione disponibile e della quota che gli spetta come legittimario.
258	Art. 560 Riduzione del legato o della donazione d’immobili	3. Quali sono le opzioni per il legatario o il donatario se l'eccedenza nell'immobile non supera il quarto della porzione disponibile?	Quando oggetto del legato o della donazione da ridurre è un immobile, la riduzione si fa separando dall’immobile medesimo la parte occorrente per integrare la quota riservata, se ciò può avvenire comodamente. Se la separazione non può farsi comodamente e il legatario o il donatario ha nell’immobile un’eccedenza maggiore del quarto della porzione disponibile, l’immobile si deve lasciare per intero nell’eredità, salvo il diritto di conseguire il valore della porzione disponibile. Se l’eccedenza non supera il quarto, il legatario o il donatario può ritenere tutto l’immobile, compensando in danaro i legittimari. Il legatario o il donatario che è legittimario può ritenere tutto l’immobile, purché il valore di esso non superi l’importo della porzione disponibile e della quota che gli spetta come legittimario.
259	Art. 560 Riduzione del legato o della donazione d’immobili	4. In quali circostanze un legatario o donatario che è anche legittimario può ritenere l'intero immobile?	Quando oggetto del legato o della donazione da ridurre è un immobile, la riduzione si fa separando dall’immobile medesimo la parte occorrente per integrare la quota riservata, se ciò può avvenire comodamente. Se la separazione non può farsi comodamente e il legatario o il donatario ha nell’immobile un’eccedenza maggiore del quarto della porzione disponibile, l’immobile si deve lasciare per intero nell’eredità, salvo il diritto di conseguire il valore della porzione disponibile. Se l’eccedenza non supera il quarto, il legatario o il donatario può ritenere tutto l’immobile, compensando in danaro i legittimari. Il legatario o il donatario che è legittimario può ritenere tutto l’immobile, purché il valore di esso non superi l’importo della porzione disponibile e della quota che gli spetta come legittimario.
260	Art. 561 Restituzione degli immobili	1. Quali sono le condizioni in cui i pesi e le ipoteche sugli immobili restituiti restano efficaci?	Gli immobili restituiti in conseguenza della riduzione sono liberi da ogni peso o ipoteca di cui il legatario o il donatario può averli gravati, salvo il disposto del n. 8 dell’Art. 2652. I pesi e le ipoteche restano efficaci se la riduzione è domandata dopo venti anni dalla trascrizione della donazione, salvo in questo caso l'obbligo del donatario di compensare in denaro i legittimari in ragione del conseguente minor valore dei beni , purché la domanda sia stata proposta entro dieci anni dall'apertura della successione. La stessa disposizione si applica per i mobili iscritti in pubblici registri. I frutti sono dovuti a decorrere dal giorno della domanda giudiziale.
261	Art. 561 Restituzione degli immobili	2. Cosa accade se la riduzione è domandata dopo venti anni dalla trascrizione della donazione?	Gli immobili restituiti in conseguenza della riduzione sono liberi da ogni peso o ipoteca di cui il legatario o il donatario può averli gravati, salvo il disposto del n. 8 dell’Art. 2652. I pesi e le ipoteche restano efficaci se la riduzione è domandata dopo venti anni dalla trascrizione della donazione, salvo in questo caso l'obbligo del donatario di compensare in denaro i legittimari in ragione del conseguente minor valore dei beni , purché la domanda sia stata proposta entro dieci anni dall'apertura della successione. La stessa disposizione si applica per i mobili iscritti in pubblici registri. I frutti sono dovuti a decorrere dal giorno della domanda giudiziale.
262	Art. 561 Restituzione degli immobili	3. Entro quale termine deve essere proposta la domanda per l'obbligo del donatario di compensare in denaro i legittimari?	Gli immobili restituiti in conseguenza della riduzione sono liberi da ogni peso o ipoteca di cui il legatario o il donatario può averli gravati, salvo il disposto del n. 8 dell’Art. 2652. I pesi e le ipoteche restano efficaci se la riduzione è domandata dopo venti anni dalla trascrizione della donazione, salvo in questo caso l'obbligo del donatario di compensare in denaro i legittimari in ragione del conseguente minor valore dei beni , purché la domanda sia stata proposta entro dieci anni dall'apertura della successione. La stessa disposizione si applica per i mobili iscritti in pubblici registri. I frutti sono dovuti a decorrere dal giorno della domanda giudiziale.
263	Art. 561 Restituzione degli immobili	4. Da quale momento sono dovuti i frutti in caso di riduzione?	Gli immobili restituiti in conseguenza della riduzione sono liberi da ogni peso o ipoteca di cui il legatario o il donatario può averli gravati, salvo il disposto del n. 8 dell’Art. 2652. I pesi e le ipoteche restano efficaci se la riduzione è domandata dopo venti anni dalla trascrizione della donazione, salvo in questo caso l'obbligo del donatario di compensare in denaro i legittimari in ragione del conseguente minor valore dei beni , purché la domanda sia stata proposta entro dieci anni dall'apertura della successione. La stessa disposizione si applica per i mobili iscritti in pubblici registri. I frutti sono dovuti a decorrere dal giorno della domanda giudiziale.
264	Art. 562 Insolvenza del donatario soggetto a riduzione	1. In quali circostanze il valore della donazione si detrae dalla massa ereditaria?	Se la cosa donata è perita per causa imputabile al donatario o ai suoi aventi causa o se la restituzione della cosa donata non può essere richiesta contro l’acquirente, e il donatario è in tutto o in parte insolvente, il valore della donazione che non si può recuperare dal donatario si detrae dalla massa ereditaria, ma restano impregiudicate le ragioni di credito del legittimario e dei donatari antecedenti contro il donatario insolvente.
265	Art. 562 Insolvenza del donatario soggetto a riduzione	2. Cosa accade se la cosa donata è perita per causa imputabile al donatario?	Se la cosa donata è perita per causa imputabile al donatario o ai suoi aventi causa o se la restituzione della cosa donata non può essere richiesta contro l’acquirente, e il donatario è in tutto o in parte insolvente, il valore della donazione che non si può recuperare dal donatario si detrae dalla massa ereditaria, ma restano impregiudicate le ragioni di credito del legittimario e dei donatari antecedenti contro il donatario insolvente.
266	Art. 562 Insolvenza del donatario soggetto a riduzione	3. Quali sono le conseguenze per il donatario insolvente riguardo alle ragioni di credito del legittimario e dei donatari antecedenti?	Se la cosa donata è perita per causa imputabile al donatario o ai suoi aventi causa o se la restituzione della cosa donata non può essere richiesta contro l’acquirente, e il donatario è in tutto o in parte insolvente, il valore della donazione che non si può recuperare dal donatario si detrae dalla massa ereditaria, ma restano impregiudicate le ragioni di credito del legittimario e dei donatari antecedenti contro il donatario insolvente.
267	Art. 562 Insolvenza del donatario soggetto a riduzione	4. Quando la restituzione della cosa donata non può essere richiesta contro l’acquirente?	Se la cosa donata è perita per causa imputabile al donatario o ai suoi aventi causa o se la restituzione della cosa donata non può essere richiesta contro l’acquirente, e il donatario è in tutto o in parte insolvente, il valore della donazione che non si può recuperare dal donatario si detrae dalla massa ereditaria, ma restano impregiudicate le ragioni di credito del legittimario e dei donatari antecedenti contro il donatario insolvente.
268	Art. 562 Insolvenza del donatario soggetto a riduzione	5. Come si tutela il legittimario nel caso di insolvenza del donatario?	Se la cosa donata è perita per causa imputabile al donatario o ai suoi aventi causa o se la restituzione della cosa donata non può essere richiesta contro l’acquirente, e il donatario è in tutto o in parte insolvente, il valore della donazione che non si può recuperare dal donatario si detrae dalla massa ereditaria, ma restano impregiudicate le ragioni di credito del legittimario e dei donatari antecedenti contro il donatario insolvente.
269	Art. 563 Azione contro gli aventi causa dai donatari soggetti a riduzione	1. Quali sono le condizioni necessarie affinché il legittimario possa chiedere la restituzione degli immobili ai successivi acquirenti?	Se i donatari contro i quali è stata pronunziata la riduzione hanno alienato a terzi gli immobili donati, e non sono trascorsi venti anni dalla trascrizione della donazione, il legittimario, premessa l’escussione dei beni del donatario, può chiedere ai successivi acquirenti, nel modo e nell’ordine in cui si potrebbe chiederla ai donatari medesimi, la restituzione degli immobili (2652, n. 8). L’azione per ottenere la restituzione deve proporsi secondo l’ordine di data delle alienazioni, cominciando dall’ultima. Contro i terzi acquirenti può anche essere richiesta, entro il termine di cui al primo comma, la restituzione dei beni mobili, oggetto della donazione, salvi gli effetti del possesso di buona fede (1153 e seguenti). Il terzo acquirente può liberarsi dall’obbligo di restituire in natura le cose donate pagando l’equivalente in danaro. Salvo il disposto del numero 8) dell'articolo 2652, il decorso del termine di cui al primo comma e di quello di cui all'articolo 561, primo comma, è sospeso nei confronti del coniuge e dei parenti in linea retta del donante che abbiano notificato e trascritto, nei confronti del donatario e dei suoi aventi causa, un atto stragiudiziale di opposizione alla donazione. Il diritto dell'opponente è personale e rinunziabile. L'opposizione perde effetto se non è rinnovata prima che siano trascorsi venti anni dalla sua trascrizione.
270	Art. 563 Azione contro gli aventi causa dai donatari soggetti a riduzione	2. In che ordine deve essere proposta l'azione per ottenere la restituzione degli immobili alienati dai donatari?	Se i donatari contro i quali è stata pronunziata la riduzione hanno alienato a terzi gli immobili donati, e non sono trascorsi venti anni dalla trascrizione della donazione, il legittimario, premessa l’escussione dei beni del donatario, può chiedere ai successivi acquirenti, nel modo e nell’ordine in cui si potrebbe chiederla ai donatari medesimi, la restituzione degli immobili (2652, n. 8). L’azione per ottenere la restituzione deve proporsi secondo l’ordine di data delle alienazioni, cominciando dall’ultima. Contro i terzi acquirenti può anche essere richiesta, entro il termine di cui al primo comma, la restituzione dei beni mobili, oggetto della donazione, salvi gli effetti del possesso di buona fede (1153 e seguenti). Il terzo acquirente può liberarsi dall’obbligo di restituire in natura le cose donate pagando l’equivalente in danaro. Salvo il disposto del numero 8) dell'articolo 2652, il decorso del termine di cui al primo comma e di quello di cui all'articolo 561, primo comma, è sospeso nei confronti del coniuge e dei parenti in linea retta del donante che abbiano notificato e trascritto, nei confronti del donatario e dei suoi aventi causa, un atto stragiudiziale di opposizione alla donazione. Il diritto dell'opponente è personale e rinunziabile. L'opposizione perde effetto se non è rinnovata prima che siano trascorsi venti anni dalla sua trascrizione.
271	Art. 563 Azione contro gli aventi causa dai donatari soggetti a riduzione	3. Entro quale termine può essere richiesta la restituzione dei beni mobili oggetto della donazione ai terzi acquirenti?	Se i donatari contro i quali è stata pronunziata la riduzione hanno alienato a terzi gli immobili donati, e non sono trascorsi venti anni dalla trascrizione della donazione, il legittimario, premessa l’escussione dei beni del donatario, può chiedere ai successivi acquirenti, nel modo e nell’ordine in cui si potrebbe chiederla ai donatari medesimi, la restituzione degli immobili (2652, n. 8). L’azione per ottenere la restituzione deve proporsi secondo l’ordine di data delle alienazioni, cominciando dall’ultima. Contro i terzi acquirenti può anche essere richiesta, entro il termine di cui al primo comma, la restituzione dei beni mobili, oggetto della donazione, salvi gli effetti del possesso di buona fede (1153 e seguenti). Il terzo acquirente può liberarsi dall’obbligo di restituire in natura le cose donate pagando l’equivalente in danaro. Salvo il disposto del numero 8) dell'articolo 2652, il decorso del termine di cui al primo comma e di quello di cui all'articolo 561, primo comma, è sospeso nei confronti del coniuge e dei parenti in linea retta del donante che abbiano notificato e trascritto, nei confronti del donatario e dei suoi aventi causa, un atto stragiudiziale di opposizione alla donazione. Il diritto dell'opponente è personale e rinunziabile. L'opposizione perde effetto se non è rinnovata prima che siano trascorsi venti anni dalla sua trascrizione.
272	Art. 563 Azione contro gli aventi causa dai donatari soggetti a riduzione	4. Quali sono gli effetti del possesso di buona fede sui beni mobili oggetto della donazione?	Se i donatari contro i quali è stata pronunziata la riduzione hanno alienato a terzi gli immobili donati, e non sono trascorsi venti anni dalla trascrizione della donazione, il legittimario, premessa l’escussione dei beni del donatario, può chiedere ai successivi acquirenti, nel modo e nell’ordine in cui si potrebbe chiederla ai donatari medesimi, la restituzione degli immobili (2652, n. 8). L’azione per ottenere la restituzione deve proporsi secondo l’ordine di data delle alienazioni, cominciando dall’ultima. Contro i terzi acquirenti può anche essere richiesta, entro il termine di cui al primo comma, la restituzione dei beni mobili, oggetto della donazione, salvi gli effetti del possesso di buona fede (1153 e seguenti). Il terzo acquirente può liberarsi dall’obbligo di restituire in natura le cose donate pagando l’equivalente in danaro. Salvo il disposto del numero 8) dell'articolo 2652, il decorso del termine di cui al primo comma e di quello di cui all'articolo 561, primo comma, è sospeso nei confronti del coniuge e dei parenti in linea retta del donante che abbiano notificato e trascritto, nei confronti del donatario e dei suoi aventi causa, un atto stragiudiziale di opposizione alla donazione. Il diritto dell'opponente è personale e rinunziabile. L'opposizione perde effetto se non è rinnovata prima che siano trascorsi venti anni dalla sua trascrizione.
273	Art. 563 Azione contro gli aventi causa dai donatari soggetti a riduzione	5. In che modo il terzo acquirente può liberarsi dall'obbligo di restituire in natura le cose donate?	Se i donatari contro i quali è stata pronunziata la riduzione hanno alienato a terzi gli immobili donati, e non sono trascorsi venti anni dalla trascrizione della donazione, il legittimario, premessa l’escussione dei beni del donatario, può chiedere ai successivi acquirenti, nel modo e nell’ordine in cui si potrebbe chiederla ai donatari medesimi, la restituzione degli immobili (2652, n. 8). L’azione per ottenere la restituzione deve proporsi secondo l’ordine di data delle alienazioni, cominciando dall’ultima. Contro i terzi acquirenti può anche essere richiesta, entro il termine di cui al primo comma, la restituzione dei beni mobili, oggetto della donazione, salvi gli effetti del possesso di buona fede (1153 e seguenti). Il terzo acquirente può liberarsi dall’obbligo di restituire in natura le cose donate pagando l’equivalente in danaro. Salvo il disposto del numero 8) dell'articolo 2652, il decorso del termine di cui al primo comma e di quello di cui all'articolo 561, primo comma, è sospeso nei confronti del coniuge e dei parenti in linea retta del donante che abbiano notificato e trascritto, nei confronti del donatario e dei suoi aventi causa, un atto stragiudiziale di opposizione alla donazione. Il diritto dell'opponente è personale e rinunziabile. L'opposizione perde effetto se non è rinnovata prima che siano trascorsi venti anni dalla sua trascrizione.
274	Art. 563 Azione contro gli aventi causa dai donatari soggetti a riduzione	6. Quali sono le condizioni per la sospensione del termine di cui al primo comma nei confronti del coniuge e dei parenti in linea retta del donante?	Se i donatari contro i quali è stata pronunziata la riduzione hanno alienato a terzi gli immobili donati, e non sono trascorsi venti anni dalla trascrizione della donazione, il legittimario, premessa l’escussione dei beni del donatario, può chiedere ai successivi acquirenti, nel modo e nell’ordine in cui si potrebbe chiederla ai donatari medesimi, la restituzione degli immobili (2652, n. 8). L’azione per ottenere la restituzione deve proporsi secondo l’ordine di data delle alienazioni, cominciando dall’ultima. Contro i terzi acquirenti può anche essere richiesta, entro il termine di cui al primo comma, la restituzione dei beni mobili, oggetto della donazione, salvi gli effetti del possesso di buona fede (1153 e seguenti). Il terzo acquirente può liberarsi dall’obbligo di restituire in natura le cose donate pagando l’equivalente in danaro. Salvo il disposto del numero 8) dell'articolo 2652, il decorso del termine di cui al primo comma e di quello di cui all'articolo 561, primo comma, è sospeso nei confronti del coniuge e dei parenti in linea retta del donante che abbiano notificato e trascritto, nei confronti del donatario e dei suoi aventi causa, un atto stragiudiziale di opposizione alla donazione. Il diritto dell'opponente è personale e rinunziabile. L'opposizione perde effetto se non è rinnovata prima che siano trascorsi venti anni dalla sua trascrizione.
275	Art. 563 Azione contro gli aventi causa dai donatari soggetti a riduzione	7. Qual è la natura del diritto dell'opponente che ha notificato e trascritto un atto stragiudiziale di opposizione alla donazione?	Se i donatari contro i quali è stata pronunziata la riduzione hanno alienato a terzi gli immobili donati, e non sono trascorsi venti anni dalla trascrizione della donazione, il legittimario, premessa l’escussione dei beni del donatario, può chiedere ai successivi acquirenti, nel modo e nell’ordine in cui si potrebbe chiederla ai donatari medesimi, la restituzione degli immobili (2652, n. 8). L’azione per ottenere la restituzione deve proporsi secondo l’ordine di data delle alienazioni, cominciando dall’ultima. Contro i terzi acquirenti può anche essere richiesta, entro il termine di cui al primo comma, la restituzione dei beni mobili, oggetto della donazione, salvi gli effetti del possesso di buona fede (1153 e seguenti). Il terzo acquirente può liberarsi dall’obbligo di restituire in natura le cose donate pagando l’equivalente in danaro. Salvo il disposto del numero 8) dell'articolo 2652, il decorso del termine di cui al primo comma e di quello di cui all'articolo 561, primo comma, è sospeso nei confronti del coniuge e dei parenti in linea retta del donante che abbiano notificato e trascritto, nei confronti del donatario e dei suoi aventi causa, un atto stragiudiziale di opposizione alla donazione. Il diritto dell'opponente è personale e rinunziabile. L'opposizione perde effetto se non è rinnovata prima che siano trascorsi venti anni dalla sua trascrizione.
276	Art. 563 Azione contro gli aventi causa dai donatari soggetti a riduzione	8. Cosa accade all'opposizione se non viene rinnovata prima che siano trascorsi venti anni dalla sua trascrizione?	Se i donatari contro i quali è stata pronunziata la riduzione hanno alienato a terzi gli immobili donati, e non sono trascorsi venti anni dalla trascrizione della donazione, il legittimario, premessa l’escussione dei beni del donatario, può chiedere ai successivi acquirenti, nel modo e nell’ordine in cui si potrebbe chiederla ai donatari medesimi, la restituzione degli immobili (2652, n. 8). L’azione per ottenere la restituzione deve proporsi secondo l’ordine di data delle alienazioni, cominciando dall’ultima. Contro i terzi acquirenti può anche essere richiesta, entro il termine di cui al primo comma, la restituzione dei beni mobili, oggetto della donazione, salvi gli effetti del possesso di buona fede (1153 e seguenti). Il terzo acquirente può liberarsi dall’obbligo di restituire in natura le cose donate pagando l’equivalente in danaro. Salvo il disposto del numero 8) dell'articolo 2652, il decorso del termine di cui al primo comma e di quello di cui all'articolo 561, primo comma, è sospeso nei confronti del coniuge e dei parenti in linea retta del donante che abbiano notificato e trascritto, nei confronti del donatario e dei suoi aventi causa, un atto stragiudiziale di opposizione alla donazione. Il diritto dell'opponente è personale e rinunziabile. L'opposizione perde effetto se non è rinnovata prima che siano trascorsi venti anni dalla sua trascrizione.
277	Art. 564 Condizioni per l’esercizio dell’azione di riduzione	1. Quali sono le condizioni in cui un legittimario può chiedere la riduzione delle donazioni e dei legati?	Il legittimario che non ha accettato l’eredità col beneficio d’inventario (484 e seguenti) non può chiedere la riduzione delle donazioni e dei legati, salvo che le donazioni e i legati siano stati fatti a persone chiamate come coeredi, ancorché abbiano rinunziato all’eredità. Questa disposizione non si applica all’erede che ha accettato col beneficio d’inventario e che ne è decaduto (439 e seguenti). In ogni caso il legittimario, che domanda la riduzione di donazioni o di disposizioni testamentarie, deve imputare (737 e seguenti) alla sua porzione legittima le donazioni e i legati a lui fatti, salvo che ne sia stato espressamente dispensato (553; att. 1352). Il legittimario che succede per rappresentazione (467 e seguenti) deve anche imputare le donazioni e i legati fatti, senza espressa dispensa, al suo ascendente (740; att. 1352). La dispensa non ha effetto a danno dei donatari anteriori. Ogni cosa, che, secondo le regole contenute nel Capo II del
278	Art. 564 Condizioni per l’esercizio dell’azione di riduzione	2. Cosa deve fare il legittimario che domanda la riduzione di donazioni o di disposizioni testamentarie?	Il legittimario che non ha accettato l’eredità col beneficio d’inventario (484 e seguenti) non può chiedere la riduzione delle donazioni e dei legati, salvo che le donazioni e i legati siano stati fatti a persone chiamate come coeredi, ancorché abbiano rinunziato all’eredità. Questa disposizione non si applica all’erede che ha accettato col beneficio d’inventario e che ne è decaduto (439 e seguenti). In ogni caso il legittimario, che domanda la riduzione di donazioni o di disposizioni testamentarie, deve imputare (737 e seguenti) alla sua porzione legittima le donazioni e i legati a lui fatti, salvo che ne sia stato espressamente dispensato (553; att. 1352). Il legittimario che succede per rappresentazione (467 e seguenti) deve anche imputare le donazioni e i legati fatti, senza espressa dispensa, al suo ascendente (740; att. 1352). La dispensa non ha effetto a danno dei donatari anteriori. Ogni cosa, che, secondo le regole contenute nel Capo II del
279	Art. 564 Condizioni per l’esercizio dell’azione di riduzione	3. In quali circostanze la disposizione riguardante la riduzione delle donazioni e dei legati non si applica all'erede?	Il legittimario che non ha accettato l’eredità col beneficio d’inventario (484 e seguenti) non può chiedere la riduzione delle donazioni e dei legati, salvo che le donazioni e i legati siano stati fatti a persone chiamate come coeredi, ancorché abbiano rinunziato all’eredità. Questa disposizione non si applica all’erede che ha accettato col beneficio d’inventario e che ne è decaduto (439 e seguenti). In ogni caso il legittimario, che domanda la riduzione di donazioni o di disposizioni testamentarie, deve imputare (737 e seguenti) alla sua porzione legittima le donazioni e i legati a lui fatti, salvo che ne sia stato espressamente dispensato (553; att. 1352). Il legittimario che succede per rappresentazione (467 e seguenti) deve anche imputare le donazioni e i legati fatti, senza espressa dispensa, al suo ascendente (740; att. 1352). La dispensa non ha effetto a danno dei donatari anteriori. Ogni cosa, che, secondo le regole contenute nel Capo II del
280	Art. 564 Condizioni per l’esercizio dell’azione di riduzione	4. Cosa deve fare il legittimario che succede per rappresentazione riguardo alle donazioni e ai legati?	Il legittimario che non ha accettato l’eredità col beneficio d’inventario (484 e seguenti) non può chiedere la riduzione delle donazioni e dei legati, salvo che le donazioni e i legati siano stati fatti a persone chiamate come coeredi, ancorché abbiano rinunziato all’eredità. Questa disposizione non si applica all’erede che ha accettato col beneficio d’inventario e che ne è decaduto (439 e seguenti). In ogni caso il legittimario, che domanda la riduzione di donazioni o di disposizioni testamentarie, deve imputare (737 e seguenti) alla sua porzione legittima le donazioni e i legati a lui fatti, salvo che ne sia stato espressamente dispensato (553; att. 1352). Il legittimario che succede per rappresentazione (467 e seguenti) deve anche imputare le donazioni e i legati fatti, senza espressa dispensa, al suo ascendente (740; att. 1352). La dispensa non ha effetto a danno dei donatari anteriori. Ogni cosa, che, secondo le regole contenute nel Capo II del
281	Art. 564 Condizioni per l’esercizio dell’azione di riduzione	5. Qual è l'effetto della dispensa sulle donazioni e i legati fatti al legittimario?	Il legittimario che non ha accettato l’eredità col beneficio d’inventario (484 e seguenti) non può chiedere la riduzione delle donazioni e dei legati, salvo che le donazioni e i legati siano stati fatti a persone chiamate come coeredi, ancorché abbiano rinunziato all’eredità. Questa disposizione non si applica all’erede che ha accettato col beneficio d’inventario e che ne è decaduto (439 e seguenti). In ogni caso il legittimario, che domanda la riduzione di donazioni o di disposizioni testamentarie, deve imputare (737 e seguenti) alla sua porzione legittima le donazioni e i legati a lui fatti, salvo che ne sia stato espressamente dispensato (553; att. 1352). Il legittimario che succede per rappresentazione (467 e seguenti) deve anche imputare le donazioni e i legati fatti, senza espressa dispensa, al suo ascendente (740; att. 1352). La dispensa non ha effetto a danno dei donatari anteriori. Ogni cosa, che, secondo le regole contenute nel Capo II del
282	Art. 564 Condizioni per l’esercizio dell’azione di riduzione	6. A chi si applica la regola che il legittimario deve imputare le donazioni e i legati alla sua porzione legittima?	Il legittimario che non ha accettato l’eredità col beneficio d’inventario (484 e seguenti) non può chiedere la riduzione delle donazioni e dei legati, salvo che le donazioni e i legati siano stati fatti a persone chiamate come coeredi, ancorché abbiano rinunziato all’eredità. Questa disposizione non si applica all’erede che ha accettato col beneficio d’inventario e che ne è decaduto (439 e seguenti). In ogni caso il legittimario, che domanda la riduzione di donazioni o di disposizioni testamentarie, deve imputare (737 e seguenti) alla sua porzione legittima le donazioni e i legati a lui fatti, salvo che ne sia stato espressamente dispensato (553; att. 1352). Il legittimario che succede per rappresentazione (467 e seguenti) deve anche imputare le donazioni e i legati fatti, senza espressa dispensa, al suo ascendente (740; att. 1352). La dispensa non ha effetto a danno dei donatari anteriori. Ogni cosa, che, secondo le regole contenute nel Capo II del
283	Art. 564 Condizioni per l’esercizio dell’azione di riduzione	7. Qual è l'effetto della dispensa a danno dei donatari anteriori?	Il legittimario che non ha accettato l’eredità col beneficio d’inventario (484 e seguenti) non può chiedere la riduzione delle donazioni e dei legati, salvo che le donazioni e i legati siano stati fatti a persone chiamate come coeredi, ancorché abbiano rinunziato all’eredità. Questa disposizione non si applica all’erede che ha accettato col beneficio d’inventario e che ne è decaduto (439 e seguenti). In ogni caso il legittimario, che domanda la riduzione di donazioni o di disposizioni testamentarie, deve imputare (737 e seguenti) alla sua porzione legittima le donazioni e i legati a lui fatti, salvo che ne sia stato espressamente dispensato (553; att. 1352). Il legittimario che succede per rappresentazione (467 e seguenti) deve anche imputare le donazioni e i legati fatti, senza espressa dispensa, al suo ascendente (740; att. 1352). La dispensa non ha effetto a danno dei donatari anteriori. Ogni cosa, che, secondo le regole contenute nel Capo II del
284	Art. 565 Categorie dei successibili	1. Quali sono i soggetti che possono ereditare nella successione legittima secondo l'Art. 566?	Nella successione legittima l’eredità si devolve al coniuge, ai discendenti, agli ascendenti, ai collaterali, agli altri parenti e allo Stato, nell’ordine e secondo le regole stabilite nel presente Art. 566 Successione dei figli Al padre ed alla madre succedono i figli in parti uguali.
285	Art. 565 Categorie dei successibili	2. In che modo viene suddivisa l'eredità tra i figli nella successione legittima?	Nella successione legittima l’eredità si devolve al coniuge, ai discendenti, agli ascendenti, ai collaterali, agli altri parenti e allo Stato, nell’ordine e secondo le regole stabilite nel presente Art. 566 Successione dei figli Al padre ed alla madre succedono i figli in parti uguali.
286	Art. 567 Successione dei figli legittimati e adottivi	1. In che modo i figli adottivi sono equiparati ai figli naturali secondo il testo?	Ai figli sono equiparati gli adottivi. I figli adottivi sono estranei alla successione dei parenti dell’adottante.
287	Art. 567 Successione dei figli legittimati e adottivi	2. Qual è la posizione dei figli adottivi nella successione dei parenti dell’adottante?	Ai figli sono equiparati gli adottivi. I figli adottivi sono estranei alla successione dei parenti dell’adottante.
288	Art. 568 Successione dei genitori	1. Chi succede a una persona che muore senza lasciare prole, né fratelli o sorelle o loro discendenti?	A colui che muore senza lasciare prole, né fratelli o sorelle o loro discendenti (467 e seguenti), succedono il padre e la madre in eguali porzioni, o il genitore che sopravvive.
289	Art. 568 Successione dei genitori	2. In che modo vengono suddivise le porzioni ereditarie tra il padre e la madre di una persona deceduta senza prole, né fratelli o sorelle o loro discendenti?	A colui che muore senza lasciare prole, né fratelli o sorelle o loro discendenti (467 e seguenti), succedono il padre e la madre in eguali porzioni, o il genitore che sopravvive.
290	Art. 568 Successione dei genitori	3. Cosa accade se solo uno dei genitori sopravvive a una persona che muore senza lasciare prole, né fratelli o sorelle o loro discendenti?	A colui che muore senza lasciare prole, né fratelli o sorelle o loro discendenti (467 e seguenti), succedono il padre e la madre in eguali porzioni, o il genitore che sopravvive.
291	Art. 569 Successione degli ascendenti	1. Come viene suddivisa l'eredità se una persona muore senza lasciare prole, genitori, fratelli, sorelle o loro discendenti?	A colui che muore senza lasciare prole, ne genitori, ne fratelli o sorelle o loro discendenti (467 e seguenti), succedono per una metà gli ascendenti della linea paterna e per l’altra meta gli ascendenti della linea materna. Se però gli ascendenti non sono di eguale grado, l’eredità è devoluta al più vicino senza distinzione di linea.
292	Art. 569 Successione degli ascendenti	2. Cosa accade se gli ascendenti non sono di eguale grado nel caso di successione senza discendenti diretti?	A colui che muore senza lasciare prole, ne genitori, ne fratelli o sorelle o loro discendenti (467 e seguenti), succedono per una metà gli ascendenti della linea paterna e per l’altra meta gli ascendenti della linea materna. Se però gli ascendenti non sono di eguale grado, l’eredità è devoluta al più vicino senza distinzione di linea.
293	Art. 570 Successione dei fratelli e delle sorelle	1. Cosa accade alla successione ereditaria se una persona muore senza lasciare prole, genitori o altri ascendenti?	A colui che muore senza lasciare prole, né genitori, ne altri ascendenti, succedono i fratelli e le sorelle in parti uguali. I fratelli e le sorelle unilaterali conseguono però la metà della quota che conseguono i germani.
294	Art. 570 Successione dei fratelli e delle sorelle	2. Qual è la differenza nella quota ereditaria tra fratelli e sorelle germani e unilaterali?	A colui che muore senza lasciare prole, né genitori, ne altri ascendenti, succedono i fratelli e le sorelle in parti uguali. I fratelli e le sorelle unilaterali conseguono però la metà della quota che conseguono i germani.
295	Art. 571 Concorso di genitori o ascendenti con fratelli e sorelle	1. Qual è la quota minima garantita ai genitori o a uno di essi nella successione quando concorrono con fratelli e sorelle germani del defunto?	Se coi genitori o con uno soltanto di essi concorrono fratelli e sorelle germani del defunto, tutti sono ammessi alla successione del medesimo per capi, purché in nessun caso la quota, in cui succedono i genitori o uno di essi, sia minore della metà. Se vi sono fratelli e sorelle unilaterali, ciascuno di essi consegue la metà della quota che consegue ciascuno dei germani o dei genitori, salva in ogni caso la quota della metà in favore di questi ultimi. Se entrambi i genitori non possono o non vogliono venire alla successione, e vi sono ulteriori ascendenti, a questi ultimi si devolve, nel modo determinato dall’art. 569, la quota che sarebbe spettata a uno dei genitori in mancanza dell’altro.
296	Art. 571 Concorso di genitori o ascendenti con fratelli e sorelle	2. Come viene determinata la quota spettante ai fratelli e sorelle unilaterali rispetto a quella dei germani o dei genitori?	Se coi genitori o con uno soltanto di essi concorrono fratelli e sorelle germani del defunto, tutti sono ammessi alla successione del medesimo per capi, purché in nessun caso la quota, in cui succedono i genitori o uno di essi, sia minore della metà. Se vi sono fratelli e sorelle unilaterali, ciascuno di essi consegue la metà della quota che consegue ciascuno dei germani o dei genitori, salva in ogni caso la quota della metà in favore di questi ultimi. Se entrambi i genitori non possono o non vogliono venire alla successione, e vi sono ulteriori ascendenti, a questi ultimi si devolve, nel modo determinato dall’art. 569, la quota che sarebbe spettata a uno dei genitori in mancanza dell’altro.
297	Art. 571 Concorso di genitori o ascendenti con fratelli e sorelle	3. Cosa accade alla quota di successione se entrambi i genitori non possono o non vogliono partecipare e vi sono ulteriori ascendenti?	Se coi genitori o con uno soltanto di essi concorrono fratelli e sorelle germani del defunto, tutti sono ammessi alla successione del medesimo per capi, purché in nessun caso la quota, in cui succedono i genitori o uno di essi, sia minore della metà. Se vi sono fratelli e sorelle unilaterali, ciascuno di essi consegue la metà della quota che consegue ciascuno dei germani o dei genitori, salva in ogni caso la quota della metà in favore di questi ultimi. Se entrambi i genitori non possono o non vogliono venire alla successione, e vi sono ulteriori ascendenti, a questi ultimi si devolve, nel modo determinato dall’art. 569, la quota che sarebbe spettata a uno dei genitori in mancanza dell’altro.
298	Art. 572 Successione di altri parenti	1. Cosa accade se una persona muore senza lasciare prole, genitori, ascendenti, fratelli, sorelle o loro discendenti?	Se alcuno muore senza lasciare prole, ne genitori, né altri ascendenti, ne fratelli o sorelle o loro discendenti, la successione si apre a favore del parente o dei parenti prossimi, senza distinzione di linea. La successione non ha luogo tra i parenti oltre il sesto grado.
299	Art. 572 Successione di altri parenti	2. Fino a quale grado di parentela si apre la successione in assenza di discendenti diretti?	Se alcuno muore senza lasciare prole, ne genitori, né altri ascendenti, ne fratelli o sorelle o loro discendenti, la successione si apre a favore del parente o dei parenti prossimi, senza distinzione di linea. La successione non ha luogo tra i parenti oltre il sesto grado.
300	Art. 573 Successione dei figli naturali	1. Quali sono le condizioni necessarie affinché le disposizioni relative alla successione dei figli nati fuori del matrimonio si applichino?	Le disposizioni relative alla successione dei figli nati fuori del matrimonio si applicano quando la filiazione è stata riconosciuta o giudizialmente dichiarata (250 e seguenti), salvo quanto è disposto dall’art. 580.
301	Art. 577 Successione del figlio naturale all’ascendente legittimo immediato del suo genitore	1. In quali circostanze il figlio naturale può succedere all'ascendente legittimo immediato del suo genitore?	Il figlio naturale succede all’ascendente legittimo immediato del suo genitore che non può o non vuole accettare l’eredità, se l’ascendente non lascia ne coniuge, ne discendenti o ascendenti, ne fratelli o sorelle o loro discendenti, né altri parenti legittimi entro il terzo grado (Articolo dichiarato illegittimo dalla Corte Costit., con Sent. 14 aprile 1969, n. 79).
302	Art. 577 Successione del figlio naturale all’ascendente legittimo immediato del suo genitore	2. Quali sono le condizioni che impediscono al figlio naturale di succedere all'ascendente legittimo immediato del suo genitore?	Il figlio naturale succede all’ascendente legittimo immediato del suo genitore che non può o non vuole accettare l’eredità, se l’ascendente non lascia ne coniuge, ne discendenti o ascendenti, ne fratelli o sorelle o loro discendenti, né altri parenti legittimi entro il terzo grado (Articolo dichiarato illegittimo dalla Corte Costit., con Sent. 14 aprile 1969, n. 79).
303	Art. 577 Successione del figlio naturale all’ascendente legittimo immediato del suo genitore	3. Qual è la rilevanza della Sentenza della Corte Costituzionale del 14 aprile 1969, n. 79, in relazione all'articolo menzionato?	Il figlio naturale succede all’ascendente legittimo immediato del suo genitore che non può o non vuole accettare l’eredità, se l’ascendente non lascia ne coniuge, ne discendenti o ascendenti, ne fratelli o sorelle o loro discendenti, né altri parenti legittimi entro il terzo grado (Articolo dichiarato illegittimo dalla Corte Costit., con Sent. 14 aprile 1969, n. 79).
304	Art. 578 - 579 (agrogati)	1. Quali articoli sono stati abrogati dal D.Lgs. 28 dicembre 2013, n. 154, a decorrere dal 7 febbraio 2014?	Articoli abrogati dal D.Lgs. 28 dicembre 2013, n. 154, a decorrere dal 7 febbraio 2014.
305	Art. 580 Diritti dei figli naturali non riconoscibili	1. Quali diritti spettano ai figli nati fuori dal matrimonio secondo l'art. 279?	Ai figli nati fuori dal matrimonio aventi diritto al mantenimento, all’istruzione e alla educazione, a norma dell’art. 279, spetta un assegno vitalizio pari all’ammontare della rendita della quota di eredità alla quale avrebbero diritto, se la filiazione fosse stata dichiarata o riconosciuta. I figli nati fuori dal matrimonio hanno diritto di ottenere su loro richiesta la capitalizzazione dell’assegno loro spettante a norma del comma precedente, in denaro, ovvero, a scelta degli eredi legittimi, in beni ereditari.
306	Art. 580 Diritti dei figli naturali non riconoscibili	2. In che forma i figli nati fuori dal matrimonio possono ottenere la capitalizzazione dell'assegno vitalizio?	Ai figli nati fuori dal matrimonio aventi diritto al mantenimento, all’istruzione e alla educazione, a norma dell’art. 279, spetta un assegno vitalizio pari all’ammontare della rendita della quota di eredità alla quale avrebbero diritto, se la filiazione fosse stata dichiarata o riconosciuta. I figli nati fuori dal matrimonio hanno diritto di ottenere su loro richiesta la capitalizzazione dell’assegno loro spettante a norma del comma precedente, in denaro, ovvero, a scelta degli eredi legittimi, in beni ereditari.
307	Art. 581 Concorso del coniuge con i figli	1. Qual è la quota di eredità spettante al coniuge quando concorre un solo figlio?	Quando con il coniuge concorrono figli, il coniuge ha diritto alla metà dell’eredità, se alla successione concorre un solo figlio, e ad un terzo negli altri casi.
308	Art. 581 Concorso del coniuge con i figli	2. Qual è la quota di eredità spettante al coniuge quando concorrono più figli?	Quando con il coniuge concorrono figli, il coniuge ha diritto alla metà dell’eredità, se alla successione concorre un solo figlio, e ad un terzo negli altri casi.
309	Art. 582 Concorso del coniuge con ascendenti, fratelli e sorelle	1. Quale frazione dell'eredità spetta al coniuge se concorre con ascendenti e fratelli o sorelle?	Al coniuge sono devoluti i due terzi dell’eredità se egli concorre con ascendenti o con fratelli e sorelle anche se unilaterali, ovvero con gli uni e con gli altri. In questo ultimo caso la parte residua è devoluta agli ascendenti, ai fratelli e alle sorelle, secondo le disposizioni dell’art. 571, salvo in ogni caso agli ascendenti il diritto a un quarto della eredità.
310	Art. 582 Concorso del coniuge con ascendenti, fratelli e sorelle	2. Qual è il diritto minimo garantito agli ascendenti nell'eredità quando concorrono con il coniuge?	Al coniuge sono devoluti i due terzi dell’eredità se egli concorre con ascendenti o con fratelli e sorelle anche se unilaterali, ovvero con gli uni e con gli altri. In questo ultimo caso la parte residua è devoluta agli ascendenti, ai fratelli e alle sorelle, secondo le disposizioni dell’art. 571, salvo in ogni caso agli ascendenti il diritto a un quarto della eredità.
311	Art. 583 Successione del solo coniuge	1. Cosa accade all'eredità in assenza di figli, ascendenti, fratelli o sorelle?	In mancanza di figli, di ascendenti, di fratelli o sorelle, al coniuge si devolve tutta l’eredità.
312	Art. 584 Successione del coniuge putativo	1. Cosa spetta al coniuge superstite di buona fede quando il matrimonio è dichiarato nullo dopo la morte di uno dei coniugi?	Quando il matrimonio è stato dichiarato nullo dopo la morte di uno dei coniugi, al coniuge superstite di buona fede spetta la quota attribuita al coniuge dalle disposizioni che precedono. Si applica altresì la disposizione del secondo comma dell’art. 540. Egli è però escluso dalla successione, quando la persona della cui eredità si tratta è legata da valido matrimonio al momento della morte.
313	Art. 584 Successione del coniuge putativo	2. In quali circostanze il coniuge superstite è escluso dalla successione?	Quando il matrimonio è stato dichiarato nullo dopo la morte di uno dei coniugi, al coniuge superstite di buona fede spetta la quota attribuita al coniuge dalle disposizioni che precedono. Si applica altresì la disposizione del secondo comma dell’art. 540. Egli è però escluso dalla successione, quando la persona della cui eredità si tratta è legata da valido matrimonio al momento della morte.
314	Art. 584 Successione del coniuge putativo	3. Quale disposizione si applica al coniuge superstite di buona fede in caso di nullità del matrimonio dopo la morte di uno dei coniugi?	Quando il matrimonio è stato dichiarato nullo dopo la morte di uno dei coniugi, al coniuge superstite di buona fede spetta la quota attribuita al coniuge dalle disposizioni che precedono. Si applica altresì la disposizione del secondo comma dell’art. 540. Egli è però escluso dalla successione, quando la persona della cui eredità si tratta è legata da valido matrimonio al momento della morte.
315	Art. 585 Successione del coniuge separato	1. Quali diritti successori ha il coniuge cui non è stata addebitata la separazione con sentenza passata in giudicato?	Il coniuge cui non è stata addebitata la separazione con sentenza passata in giudicato ha gli stessi diritti successori del coniuge non separato. Nel caso in cui al coniuge sia stata addebitata la separazione con sentenza passata in giudicato, si applicano le disposizioni del secondo comma dell’art. 548.
316	Art. 585 Successione del coniuge separato	2. Cosa accade ai diritti successori del coniuge cui è stata addebitata la separazione con sentenza passata in giudicato?	Il coniuge cui non è stata addebitata la separazione con sentenza passata in giudicato ha gli stessi diritti successori del coniuge non separato. Nel caso in cui al coniuge sia stata addebitata la separazione con sentenza passata in giudicato, si applicano le disposizioni del secondo comma dell’art. 548.
317	Art. 586 Acquisto dei beni da parte dello Stato	1. Cosa accade all'eredità in mancanza di altri successibili?	In mancanza di altri successibili, l’eredità è devoluta allo Stato. L’acquisto si opera di diritto senza bisogno di accettazione e non può farsi luogo a rinunzia. Lo Stato non risponde dei debiti ereditari e dei legati oltre il valore dei beni acquistati. 
318	Art. 586 Acquisto dei beni da parte dello Stato	2. Lo Stato può rinunciare all'eredità devoluta in mancanza di successibili?	In mancanza di altri successibili, l’eredità è devoluta allo Stato. L’acquisto si opera di diritto senza bisogno di accettazione e non può farsi luogo a rinunzia. Lo Stato non risponde dei debiti ereditari e dei legati oltre il valore dei beni acquistati. 
319	Art. 586 Acquisto dei beni da parte dello Stato	3. Fino a che limite lo Stato risponde dei debiti ereditari e dei legati?	In mancanza di altri successibili, l’eredità è devoluta allo Stato. L’acquisto si opera di diritto senza bisogno di accettazione e non può farsi luogo a rinunzia. Lo Stato non risponde dei debiti ereditari e dei legati oltre il valore dei beni acquistati. 
320	Art. 587 Testamento	1. Quali sono le condizioni affinché le disposizioni di carattere non patrimoniale contenute in un testamento abbiano efficacia?	Il testamento è un atto revocabile (679 e seguenti) con il quale taluno dispone, per il tempo in cui avrà cessato di vivere, di tutte le proprie sostanze o di parte di esse. Le disposizioni di carattere non patrimoniale, che la legge consente siano contenute in un testamento (254, 256, 338, 348, 355, 424-3, 466), hanno efficacia, se contenute in un atto che ha la forma del testamento (601 e seguenti), anche se manchino disposizioni di carattere patrimoniale.
321	Art. 587 Testamento	2. È possibile che un testamento contenga solo disposizioni di carattere non patrimoniale?	Il testamento è un atto revocabile (679 e seguenti) con il quale taluno dispone, per il tempo in cui avrà cessato di vivere, di tutte le proprie sostanze o di parte di esse. Le disposizioni di carattere non patrimoniale, che la legge consente siano contenute in un testamento (254, 256, 338, 348, 355, 424-3, 466), hanno efficacia, se contenute in un atto che ha la forma del testamento (601 e seguenti), anche se manchino disposizioni di carattere patrimoniale.
322	Art. 588 Disposizioni a titolo universale e a titolo particolare	1. Quali sono le condizioni affinché una disposizione testamentaria attribuisca la qualità di erede?	Le disposizioni testamentarie, qualunque sia l’espressione o la denominazione usata dal testatore, sono a titolo universale e attribuiscono la qualità di erede, se comprendono l’universalità o una quota dei beni del testatore. Le altre disposizioni sono a titolo particolare e attribuiscono la qualità di legatario. L’indicazione di beni determinati o di un complesso di beni non esclude che la disposizione sia titolo universale, quando risulta che il testatore ha inteso assegnare quei beni come quota del patrimonio.
323	Art. 588 Disposizioni a titolo universale e a titolo particolare	2. In che modo l'indicazione di beni determinati può influire sulla qualificazione di una disposizione testamentaria come titolo universale?	Le disposizioni testamentarie, qualunque sia l’espressione o la denominazione usata dal testatore, sono a titolo universale e attribuiscono la qualità di erede, se comprendono l’universalità o una quota dei beni del testatore. Le altre disposizioni sono a titolo particolare e attribuiscono la qualità di legatario. L’indicazione di beni determinati o di un complesso di beni non esclude che la disposizione sia titolo universale, quando risulta che il testatore ha inteso assegnare quei beni come quota del patrimonio.
324	Art. 588 Disposizioni a titolo universale e a titolo particolare	3. Qual è la differenza tra disposizioni testamentarie a titolo universale e a titolo particolare?	Le disposizioni testamentarie, qualunque sia l’espressione o la denominazione usata dal testatore, sono a titolo universale e attribuiscono la qualità di erede, se comprendono l’universalità o una quota dei beni del testatore. Le altre disposizioni sono a titolo particolare e attribuiscono la qualità di legatario. L’indicazione di beni determinati o di un complesso di beni non esclude che la disposizione sia titolo universale, quando risulta che il testatore ha inteso assegnare quei beni come quota del patrimonio.
325	Art. 589 Testamento congiuntivo o reciproco	1. Quali sono le limitazioni previste dalla legge italiana riguardo alla possibilità di fare testamento da parte di due o più persone nel medesimo atto?	Non si può fare testamento da due o più persone nel medesimo atto, né a vantaggio di un terzo né con disposizione reciproca.
326	Art. 590 Conferma ed esecuzione volontaria di disposizioni testamentarie nulle	1. Chi non può far valere la nullità di una disposizione testamentaria se, dopo la morte del testatore, ha confermato la disposizione o dato ad essa volontaria esecuzione?	La nullità della disposizione testamentaria (att. 137), da qualunque causa dipenda, non può essere fatta valere da chi, conoscendo la causa della nullità, ha, dopo la morte del testatore, confermato la disposizione o dato ad essa volontaria esecuzione.
327	Art. 591 Casi d’incapacità	1. Chi è considerato incapace di disporre per testamento secondo la legge?	Possono disporre per testamento tutti coloro che non sono dichiarati incapaci dalla legge. Sono incapaci di testare:  coloro che non hanno compiuto la maggiore età; gli interdetti per infermità di mente; quelli che, sebbene non interdetti, si provi essere stati, per qualsiasi causa, anche transitoria, incapaci di intendere e di volere nel momento in cui fecero testamento. Nei casi d’incapacità preveduti dal presente articolo il testamento può essere impugnato da chiunque vi ha interesse. L’azione si prescrive nel termine di cinque anni dal giorno in cui è stata data esecuzione alle disposizioni testamentarie.
328	Art. 591 Casi d’incapacità	2. Quali sono le categorie di persone che non possono fare testamento?	Possono disporre per testamento tutti coloro che non sono dichiarati incapaci dalla legge. Sono incapaci di testare:  coloro che non hanno compiuto la maggiore età; gli interdetti per infermità di mente; quelli che, sebbene non interdetti, si provi essere stati, per qualsiasi causa, anche transitoria, incapaci di intendere e di volere nel momento in cui fecero testamento. Nei casi d’incapacità preveduti dal presente articolo il testamento può essere impugnato da chiunque vi ha interesse. L’azione si prescrive nel termine di cinque anni dal giorno in cui è stata data esecuzione alle disposizioni testamentarie.
329	Art. 591 Casi d’incapacità	3. Cosa accade se una persona incapace di intendere e di volere fa testamento?	Possono disporre per testamento tutti coloro che non sono dichiarati incapaci dalla legge. Sono incapaci di testare:  coloro che non hanno compiuto la maggiore età; gli interdetti per infermità di mente; quelli che, sebbene non interdetti, si provi essere stati, per qualsiasi causa, anche transitoria, incapaci di intendere e di volere nel momento in cui fecero testamento. Nei casi d’incapacità preveduti dal presente articolo il testamento può essere impugnato da chiunque vi ha interesse. L’azione si prescrive nel termine di cinque anni dal giorno in cui è stata data esecuzione alle disposizioni testamentarie.
330	Art. 591 Casi d’incapacità	4. Chi può impugnare un testamento redatto da una persona incapace?	Possono disporre per testamento tutti coloro che non sono dichiarati incapaci dalla legge. Sono incapaci di testare:  coloro che non hanno compiuto la maggiore età; gli interdetti per infermità di mente; quelli che, sebbene non interdetti, si provi essere stati, per qualsiasi causa, anche transitoria, incapaci di intendere e di volere nel momento in cui fecero testamento. Nei casi d’incapacità preveduti dal presente articolo il testamento può essere impugnato da chiunque vi ha interesse. L’azione si prescrive nel termine di cinque anni dal giorno in cui è stata data esecuzione alle disposizioni testamentarie.
331	Art. 591 Casi d’incapacità	5. Qual è il termine di prescrizione per impugnare un testamento in caso di incapacità?	Possono disporre per testamento tutti coloro che non sono dichiarati incapaci dalla legge. Sono incapaci di testare:  coloro che non hanno compiuto la maggiore età; gli interdetti per infermità di mente; quelli che, sebbene non interdetti, si provi essere stati, per qualsiasi causa, anche transitoria, incapaci di intendere e di volere nel momento in cui fecero testamento. Nei casi d’incapacità preveduti dal presente articolo il testamento può essere impugnato da chiunque vi ha interesse. L’azione si prescrive nel termine di cinque anni dal giorno in cui è stata data esecuzione alle disposizioni testamentarie.
332	Art. 591 Casi d’incapacità	6. Da quando decorre il termine di cinque anni per impugnare un testamento?	Possono disporre per testamento tutti coloro che non sono dichiarati incapaci dalla legge. Sono incapaci di testare:  coloro che non hanno compiuto la maggiore età; gli interdetti per infermità di mente; quelli che, sebbene non interdetti, si provi essere stati, per qualsiasi causa, anche transitoria, incapaci di intendere e di volere nel momento in cui fecero testamento. Nei casi d’incapacità preveduti dal presente articolo il testamento può essere impugnato da chiunque vi ha interesse. L’azione si prescrive nel termine di cinque anni dal giorno in cui è stata data esecuzione alle disposizioni testamentarie.
333	Art. 591 Casi d’incapacità	7. È possibile impugnare un testamento se il testatore era temporaneamente incapace di intendere e di volere?	Possono disporre per testamento tutti coloro che non sono dichiarati incapaci dalla legge. Sono incapaci di testare:  coloro che non hanno compiuto la maggiore età; gli interdetti per infermità di mente; quelli che, sebbene non interdetti, si provi essere stati, per qualsiasi causa, anche transitoria, incapaci di intendere e di volere nel momento in cui fecero testamento. Nei casi d’incapacità preveduti dal presente articolo il testamento può essere impugnato da chiunque vi ha interesse. L’azione si prescrive nel termine di cinque anni dal giorno in cui è stata data esecuzione alle disposizioni testamentarie.
334	Art. 591 Casi d’incapacità	8. Quali sono le condizioni per cui un testamento può essere impugnato secondo il testo?	Possono disporre per testamento tutti coloro che non sono dichiarati incapaci dalla legge. Sono incapaci di testare:  coloro che non hanno compiuto la maggiore età; gli interdetti per infermità di mente; quelli che, sebbene non interdetti, si provi essere stati, per qualsiasi causa, anche transitoria, incapaci di intendere e di volere nel momento in cui fecero testamento. Nei casi d’incapacità preveduti dal presente articolo il testamento può essere impugnato da chiunque vi ha interesse. L’azione si prescrive nel termine di cinque anni dal giorno in cui è stata data esecuzione alle disposizioni testamentarie.
335	Art. 592 Figli naturali riconosciuti o riconoscibili	1. Quali sono le limitazioni per i figli nati fuori dal matrimonio in termini di eredità testamentaria rispetto alla successione legale?	Se vi sono discendenti legittimi, i figli nati fuori dal matrimonio, quando la filiazione è stata riconosciuta o dichiarata (250 e seguenti), non possono ricevere per testamento più di quanto avrebbero ricevuto se la successione si fosse devoluta in base alla legge (573 e seguenti). I figli nati fuori dal matrimonio riconoscibili, quando la filiazione risulta nei modi indicati dall’art. 279, non possono ricevere più di quanto, secondo la disposizione del comma precedente, potrebbero conseguire se la filiazione fosse stata riconosciuta o dichiarata.
336	Art. 592 Figli naturali riconosciuti o riconoscibili	2. In che modo la filiazione dei figli nati fuori dal matrimonio deve essere riconosciuta per limitare la loro quota ereditaria secondo la legge?	Se vi sono discendenti legittimi, i figli nati fuori dal matrimonio, quando la filiazione è stata riconosciuta o dichiarata (250 e seguenti), non possono ricevere per testamento più di quanto avrebbero ricevuto se la successione si fosse devoluta in base alla legge (573 e seguenti). I figli nati fuori dal matrimonio riconoscibili, quando la filiazione risulta nei modi indicati dall’art. 279, non possono ricevere più di quanto, secondo la disposizione del comma precedente, potrebbero conseguire se la filiazione fosse stata riconosciuta o dichiarata.
337	Art. 594 Assegno ai figli non riconoscibili	1. In quali circostanze gli eredi, i legatari e i donatari sono obbligati a corrispondere un assegno vitalizio ai figli di cui all'art. 279?	Gli eredi, i legatari e i donatari sono tenuti, in proporzione a quanto hanno ricevuto, a corrispondere ai figli di cui all’art. 279, un assegno vitalizio nei limiti stabiliti dall’Art. 580, se il genitore non ha disposto per donazione o testamento in favore dei figli medesimi. Se il genitore ha disposto in loro favore, essi possono rinunziare alla disposizione e chiedere l’assegno.
338	Art. 594 Assegno ai figli non riconoscibili	2. Cosa possono fare i figli se il genitore ha disposto in loro favore tramite donazione o testamento?	Gli eredi, i legatari e i donatari sono tenuti, in proporzione a quanto hanno ricevuto, a corrispondere ai figli di cui all’art. 279, un assegno vitalizio nei limiti stabiliti dall’Art. 580, se il genitore non ha disposto per donazione o testamento in favore dei figli medesimi. Se il genitore ha disposto in loro favore, essi possono rinunziare alla disposizione e chiedere l’assegno.
339	Art. 596 Incapacità del tutore e del protutore	1. Quali sono le condizioni che rendono nulle le disposizioni testamentarie in favore del tutore?	Sono nulle le disposizioni testamentarie della persona sottoposta a tutela in favore del tutore, se fatte dopo la nomina di questo e prima che sia approvato il conto o sia estinta l’azione per il rendimento del conto medesimo (385 e seguenti), quantunque il testatore sia morto dopo l’approvazione. Questa norma si applica anche al protutore, se il testamento è fatto nel tempo in cui egli sostituiva il tutore. Sono però valide le disposizioni fatte in favore del tutore o del protutore che è ascendente, discendente, fratello, sorella o coniuge del testatore.
340	Art. 596 Incapacità del tutore e del protutore	2. In quali casi le disposizioni testamentarie in favore del tutore o del protutore sono considerate valide?	Sono nulle le disposizioni testamentarie della persona sottoposta a tutela in favore del tutore, se fatte dopo la nomina di questo e prima che sia approvato il conto o sia estinta l’azione per il rendimento del conto medesimo (385 e seguenti), quantunque il testatore sia morto dopo l’approvazione. Questa norma si applica anche al protutore, se il testamento è fatto nel tempo in cui egli sostituiva il tutore. Sono però valide le disposizioni fatte in favore del tutore o del protutore che è ascendente, discendente, fratello, sorella o coniuge del testatore.
341	Art. 596 Incapacità del tutore e del protutore	3. La norma sulla nullità delle disposizioni testamentarie si applica anche al protutore?	Sono nulle le disposizioni testamentarie della persona sottoposta a tutela in favore del tutore, se fatte dopo la nomina di questo e prima che sia approvato il conto o sia estinta l’azione per il rendimento del conto medesimo (385 e seguenti), quantunque il testatore sia morto dopo l’approvazione. Questa norma si applica anche al protutore, se il testamento è fatto nel tempo in cui egli sostituiva il tutore. Sono però valide le disposizioni fatte in favore del tutore o del protutore che è ascendente, discendente, fratello, sorella o coniuge del testatore.
342	Art. 597 Incapacità del notaio, dei testimoni e dell’interprete	1. Quali sono le conseguenze giuridiche per le disposizioni testamentarie a favore del notaio che ha ricevuto il testamento pubblico?	Sono nulle le disposizioni a favore del notaio o di altro ufficiale che ha ricevuto il testamento pubblico, ovvero a favore di alcuno dei testimoni o dell’interprete intervenuti al testamento medesimo.
343	Art. 597 Incapacità del notaio, dei testimoni e dell’interprete	2. Le disposizioni testamentarie a favore di un testimone intervenuto al testamento pubblico sono valide?	Sono nulle le disposizioni a favore del notaio o di altro ufficiale che ha ricevuto il testamento pubblico, ovvero a favore di alcuno dei testimoni o dell’interprete intervenuti al testamento medesimo.
344	Art. 597 Incapacità del notaio, dei testimoni e dell’interprete	3. Cosa accade alle disposizioni a favore dell'interprete intervenuto al testamento pubblico?	Sono nulle le disposizioni a favore del notaio o di altro ufficiale che ha ricevuto il testamento pubblico, ovvero a favore di alcuno dei testimoni o dell’interprete intervenuti al testamento medesimo.
345	Art. 598 Incapacità di chi ha scritto o ricevuto il testamento segreto	1. Quali sono le condizioni necessarie affinché le disposizioni a favore della persona che ha scritto il testamento segreto siano valide?	Sono nulle le disposizioni a favore della persona che ha scritto il testamento segreto, salvo che siano approvate di mano dello stesso testatore o nell’atto della consegna. Sono pure nulle le disposizioni a favore del notaio a cui il testamento segreto è stato consegnato in plico non sigillato.
346	Art. 598 Incapacità di chi ha scritto o ricevuto il testamento segreto	2. Perché sono nulle le disposizioni a favore del notaio a cui il testamento segreto è stato consegnato in plico non sigillato?	Sono nulle le disposizioni a favore della persona che ha scritto il testamento segreto, salvo che siano approvate di mano dello stesso testatore o nell’atto della consegna. Sono pure nulle le disposizioni a favore del notaio a cui il testamento segreto è stato consegnato in plico non sigillato.
347	Art. 599 Persone interposte	1. Quali articoli del codice civile indicano le persone incapaci a cui si riferiscono le disposizioni testamentarie nulle?	Le disposizioni testamentarie a vantaggio delle persone incapaci indicate dagli articoli 592, 593, 595, 596, 597 e 598 sono nulle anche se fatte sotto nome d’interposta persona. Sono reputate persone interposte il padre, la madre, i discendenti e il coniuge della persona incapace, anche se chiamati congiuntamente con l’incapace. NOTA Il primo comma è stato dichiarato illegittimo (Corte Costit. 28 dicembre 1970).  ===== Art. 600 Enti non riconosciuti ===== 
348	Art. 599 Persone interposte	2. Cosa accade alle disposizioni testamentarie fatte a vantaggio di persone incapaci sotto nome d’interposta persona?	Le disposizioni testamentarie a vantaggio delle persone incapaci indicate dagli articoli 592, 593, 595, 596, 597 e 598 sono nulle anche se fatte sotto nome d’interposta persona. Sono reputate persone interposte il padre, la madre, i discendenti e il coniuge della persona incapace, anche se chiamati congiuntamente con l’incapace. NOTA Il primo comma è stato dichiarato illegittimo (Corte Costit. 28 dicembre 1970).  ===== Art. 600 Enti non riconosciuti ===== 
349	Art. 599 Persone interposte	3. Chi sono considerate persone interposte secondo il testo?	Le disposizioni testamentarie a vantaggio delle persone incapaci indicate dagli articoli 592, 593, 595, 596, 597 e 598 sono nulle anche se fatte sotto nome d’interposta persona. Sono reputate persone interposte il padre, la madre, i discendenti e il coniuge della persona incapace, anche se chiamati congiuntamente con l’incapace. NOTA Il primo comma è stato dichiarato illegittimo (Corte Costit. 28 dicembre 1970).  ===== Art. 600 Enti non riconosciuti ===== 
350	Art. 599 Persone interposte	4. Il primo comma del testo è stato dichiarato illegittimo da quale organo giurisdizionale?	Le disposizioni testamentarie a vantaggio delle persone incapaci indicate dagli articoli 592, 593, 595, 596, 597 e 598 sono nulle anche se fatte sotto nome d’interposta persona. Sono reputate persone interposte il padre, la madre, i discendenti e il coniuge della persona incapace, anche se chiamati congiuntamente con l’incapace. NOTA Il primo comma è stato dichiarato illegittimo (Corte Costit. 28 dicembre 1970).  ===== Art. 600 Enti non riconosciuti ===== 
351	Art. 599 Persone interposte	5. In che data è stato dichiarato illegittimo il primo comma del testo?	Le disposizioni testamentarie a vantaggio delle persone incapaci indicate dagli articoli 592, 593, 595, 596, 597 e 598 sono nulle anche se fatte sotto nome d’interposta persona. Sono reputate persone interposte il padre, la madre, i discendenti e il coniuge della persona incapace, anche se chiamati congiuntamente con l’incapace. NOTA Il primo comma è stato dichiarato illegittimo (Corte Costit. 28 dicembre 1970).  ===== Art. 600 Enti non riconosciuti ===== 
352	Art. 599 Persone interposte	6. Le disposizioni testamentarie a vantaggio di persone incapaci sono nulle anche se fatte sotto quale condizione?	Le disposizioni testamentarie a vantaggio delle persone incapaci indicate dagli articoli 592, 593, 595, 596, 597 e 598 sono nulle anche se fatte sotto nome d’interposta persona. Sono reputate persone interposte il padre, la madre, i discendenti e il coniuge della persona incapace, anche se chiamati congiuntamente con l’incapace. NOTA Il primo comma è stato dichiarato illegittimo (Corte Costit. 28 dicembre 1970).  ===== Art. 600 Enti non riconosciuti ===== 
353	Art. 599 Persone interposte	7. Quali relazioni familiari sono considerate come persone interposte nel contesto delle disposizioni testamentarie?	Le disposizioni testamentarie a vantaggio delle persone incapaci indicate dagli articoli 592, 593, 595, 596, 597 e 598 sono nulle anche se fatte sotto nome d’interposta persona. Sono reputate persone interposte il padre, la madre, i discendenti e il coniuge della persona incapace, anche se chiamati congiuntamente con l’incapace. NOTA Il primo comma è stato dichiarato illegittimo (Corte Costit. 28 dicembre 1970).  ===== Art. 600 Enti non riconosciuti ===== 
354	Art. 601 Forme	1. Quali sono le forme ordinarie di testamento menzionate nel testo?	Le forme ordinarie di testamento sono il testamento olografo e il testamento per atto di notaio. Il testamento per atto di notaio è pubblico o segreto.
355	Art. 601 Forme	2. Quali tipi di testamento per atto di notaio sono indicati nel testo?	Le forme ordinarie di testamento sono il testamento olografo e il testamento per atto di notaio. Il testamento per atto di notaio è pubblico o segreto.
356	Art. 602 Testamento olografo	1. Quali sono i requisiti formali che un testamento olografo deve rispettare?	Il testamento olografo deve essere scritto per intero, datato e sottoscritto di mano del testatore. La sottoscrizione deve essere posta alla fine delle disposizioni. Se anche non è fatta indicando nome e cognome, è tuttavia valida quando designa con certezza la persona del testatore. La data deve contenere l’indicazione del giorno, mese e anno. La prova della non verità della data è ammessa soltanto quando si tratta di giudicare della capacità del testatore, della priorità di data tra più testamenti o di altra questione da decidersi in base al tempo del testamento.
357	Art. 602 Testamento olografo	2. In quale posizione deve essere posta la sottoscrizione nel testamento olografo?	Il testamento olografo deve essere scritto per intero, datato e sottoscritto di mano del testatore. La sottoscrizione deve essere posta alla fine delle disposizioni. Se anche non è fatta indicando nome e cognome, è tuttavia valida quando designa con certezza la persona del testatore. La data deve contenere l’indicazione del giorno, mese e anno. La prova della non verità della data è ammessa soltanto quando si tratta di giudicare della capacità del testatore, della priorità di data tra più testamenti o di altra questione da decidersi in base al tempo del testamento.
358	Art. 602 Testamento olografo	3. È valida una sottoscrizione che non include nome e cognome del testatore?	Il testamento olografo deve essere scritto per intero, datato e sottoscritto di mano del testatore. La sottoscrizione deve essere posta alla fine delle disposizioni. Se anche non è fatta indicando nome e cognome, è tuttavia valida quando designa con certezza la persona del testatore. La data deve contenere l’indicazione del giorno, mese e anno. La prova della non verità della data è ammessa soltanto quando si tratta di giudicare della capacità del testatore, della priorità di data tra più testamenti o di altra questione da decidersi in base al tempo del testamento.
359	Art. 602 Testamento olografo	4. Quali informazioni deve contenere la data in un testamento olografo?	Il testamento olografo deve essere scritto per intero, datato e sottoscritto di mano del testatore. La sottoscrizione deve essere posta alla fine delle disposizioni. Se anche non è fatta indicando nome e cognome, è tuttavia valida quando designa con certezza la persona del testatore. La data deve contenere l’indicazione del giorno, mese e anno. La prova della non verità della data è ammessa soltanto quando si tratta di giudicare della capacità del testatore, della priorità di data tra più testamenti o di altra questione da decidersi in base al tempo del testamento.
360	Art. 602 Testamento olografo	5. In quali circostanze è ammessa la prova della non verità della data di un testamento olografo?	Il testamento olografo deve essere scritto per intero, datato e sottoscritto di mano del testatore. La sottoscrizione deve essere posta alla fine delle disposizioni. Se anche non è fatta indicando nome e cognome, è tuttavia valida quando designa con certezza la persona del testatore. La data deve contenere l’indicazione del giorno, mese e anno. La prova della non verità della data è ammessa soltanto quando si tratta di giudicare della capacità del testatore, della priorità di data tra più testamenti o di altra questione da decidersi in base al tempo del testamento.
361	Art. 603 Testamento pubblico	1. Chi riceve il testamento pubblico?	Il testamento pubblico è ricevuto dal notaio in presenza di due testimoni. Il testatore, in presenza dei testimoni, dichiara al notaio la sua volontà, la quale è ridotta in iscritto a cura del notaio stesso. Questi da lettura del testamento al testatore in presenza dei testimoni. Di ciascuna di tali formalità è fatta menzione nel testamento. Il testamento deve indicare il luogo, la data del ricevimento e l’ora della sottoscrizione, ed essere sottoscritto dal testatore, dai testimoni e dal notaio. Se il testatore non può sottoscrivere, o può farlo solo con grave difficoltà, deve dichiararne la causa, e il notaio deve menzionare questa dichiarazione prima della lettura dell’atto. Per il testamento del muto, sordo o sordomuto si osservano le norme stabilite dalla legge notarile per gli atti pubblici di queste persone. Qualora il testatore sia incapace anche di leggere, devono intervenire quattro testimoni.
362	Art. 603 Testamento pubblico	2. Quante persone devono essere presenti oltre al notaio durante la dichiarazione di volontà del testatore?	Il testamento pubblico è ricevuto dal notaio in presenza di due testimoni. Il testatore, in presenza dei testimoni, dichiara al notaio la sua volontà, la quale è ridotta in iscritto a cura del notaio stesso. Questi da lettura del testamento al testatore in presenza dei testimoni. Di ciascuna di tali formalità è fatta menzione nel testamento. Il testamento deve indicare il luogo, la data del ricevimento e l’ora della sottoscrizione, ed essere sottoscritto dal testatore, dai testimoni e dal notaio. Se il testatore non può sottoscrivere, o può farlo solo con grave difficoltà, deve dichiararne la causa, e il notaio deve menzionare questa dichiarazione prima della lettura dell’atto. Per il testamento del muto, sordo o sordomuto si osservano le norme stabilite dalla legge notarile per gli atti pubblici di queste persone. Qualora il testatore sia incapace anche di leggere, devono intervenire quattro testimoni.
363	Art. 603 Testamento pubblico	3. Quali informazioni devono essere indicate nel testamento pubblico?	Il testamento pubblico è ricevuto dal notaio in presenza di due testimoni. Il testatore, in presenza dei testimoni, dichiara al notaio la sua volontà, la quale è ridotta in iscritto a cura del notaio stesso. Questi da lettura del testamento al testatore in presenza dei testimoni. Di ciascuna di tali formalità è fatta menzione nel testamento. Il testamento deve indicare il luogo, la data del ricevimento e l’ora della sottoscrizione, ed essere sottoscritto dal testatore, dai testimoni e dal notaio. Se il testatore non può sottoscrivere, o può farlo solo con grave difficoltà, deve dichiararne la causa, e il notaio deve menzionare questa dichiarazione prima della lettura dell’atto. Per il testamento del muto, sordo o sordomuto si osservano le norme stabilite dalla legge notarile per gli atti pubblici di queste persone. Qualora il testatore sia incapace anche di leggere, devono intervenire quattro testimoni.
364	Art. 603 Testamento pubblico	4. Cosa deve fare il notaio se il testatore non può sottoscrivere il testamento?	Il testamento pubblico è ricevuto dal notaio in presenza di due testimoni. Il testatore, in presenza dei testimoni, dichiara al notaio la sua volontà, la quale è ridotta in iscritto a cura del notaio stesso. Questi da lettura del testamento al testatore in presenza dei testimoni. Di ciascuna di tali formalità è fatta menzione nel testamento. Il testamento deve indicare il luogo, la data del ricevimento e l’ora della sottoscrizione, ed essere sottoscritto dal testatore, dai testimoni e dal notaio. Se il testatore non può sottoscrivere, o può farlo solo con grave difficoltà, deve dichiararne la causa, e il notaio deve menzionare questa dichiarazione prima della lettura dell’atto. Per il testamento del muto, sordo o sordomuto si osservano le norme stabilite dalla legge notarile per gli atti pubblici di queste persone. Qualora il testatore sia incapace anche di leggere, devono intervenire quattro testimoni.
365	Art. 603 Testamento pubblico	5. Quali norme si applicano per il testamento di una persona muta, sorda o sordomuta?	Il testamento pubblico è ricevuto dal notaio in presenza di due testimoni. Il testatore, in presenza dei testimoni, dichiara al notaio la sua volontà, la quale è ridotta in iscritto a cura del notaio stesso. Questi da lettura del testamento al testatore in presenza dei testimoni. Di ciascuna di tali formalità è fatta menzione nel testamento. Il testamento deve indicare il luogo, la data del ricevimento e l’ora della sottoscrizione, ed essere sottoscritto dal testatore, dai testimoni e dal notaio. Se il testatore non può sottoscrivere, o può farlo solo con grave difficoltà, deve dichiararne la causa, e il notaio deve menzionare questa dichiarazione prima della lettura dell’atto. Per il testamento del muto, sordo o sordomuto si osservano le norme stabilite dalla legge notarile per gli atti pubblici di queste persone. Qualora il testatore sia incapace anche di leggere, devono intervenire quattro testimoni.
366	Art. 603 Testamento pubblico	6. Quanti testimoni devono intervenire se il testatore è incapace di leggere?	Il testamento pubblico è ricevuto dal notaio in presenza di due testimoni. Il testatore, in presenza dei testimoni, dichiara al notaio la sua volontà, la quale è ridotta in iscritto a cura del notaio stesso. Questi da lettura del testamento al testatore in presenza dei testimoni. Di ciascuna di tali formalità è fatta menzione nel testamento. Il testamento deve indicare il luogo, la data del ricevimento e l’ora della sottoscrizione, ed essere sottoscritto dal testatore, dai testimoni e dal notaio. Se il testatore non può sottoscrivere, o può farlo solo con grave difficoltà, deve dichiararne la causa, e il notaio deve menzionare questa dichiarazione prima della lettura dell’atto. Per il testamento del muto, sordo o sordomuto si osservano le norme stabilite dalla legge notarile per gli atti pubblici di queste persone. Qualora il testatore sia incapace anche di leggere, devono intervenire quattro testimoni.
367	Art. 603 Testamento pubblico	7. Cosa deve fare il notaio dopo aver ridotto in iscritto la volontà del testatore?	Il testamento pubblico è ricevuto dal notaio in presenza di due testimoni. Il testatore, in presenza dei testimoni, dichiara al notaio la sua volontà, la quale è ridotta in iscritto a cura del notaio stesso. Questi da lettura del testamento al testatore in presenza dei testimoni. Di ciascuna di tali formalità è fatta menzione nel testamento. Il testamento deve indicare il luogo, la data del ricevimento e l’ora della sottoscrizione, ed essere sottoscritto dal testatore, dai testimoni e dal notaio. Se il testatore non può sottoscrivere, o può farlo solo con grave difficoltà, deve dichiararne la causa, e il notaio deve menzionare questa dichiarazione prima della lettura dell’atto. Per il testamento del muto, sordo o sordomuto si osservano le norme stabilite dalla legge notarile per gli atti pubblici di queste persone. Qualora il testatore sia incapace anche di leggere, devono intervenire quattro testimoni.
368	Art. 603 Testamento pubblico	8. Cosa deve essere menzionato nel testamento riguardo alle formalità eseguite?	Il testamento pubblico è ricevuto dal notaio in presenza di due testimoni. Il testatore, in presenza dei testimoni, dichiara al notaio la sua volontà, la quale è ridotta in iscritto a cura del notaio stesso. Questi da lettura del testamento al testatore in presenza dei testimoni. Di ciascuna di tali formalità è fatta menzione nel testamento. Il testamento deve indicare il luogo, la data del ricevimento e l’ora della sottoscrizione, ed essere sottoscritto dal testatore, dai testimoni e dal notaio. Se il testatore non può sottoscrivere, o può farlo solo con grave difficoltà, deve dichiararne la causa, e il notaio deve menzionare questa dichiarazione prima della lettura dell’atto. Per il testamento del muto, sordo o sordomuto si osservano le norme stabilite dalla legge notarile per gli atti pubblici di queste persone. Qualora il testatore sia incapace anche di leggere, devono intervenire quattro testimoni.
369	Art. 604 Testamento segreto	1. Quali sono i requisiti di sottoscrizione per un testamento segreto scritto dal testatore stesso?	Il testamento segreto può essere scritto dal testatore o da un terzo. Se è scritto dal testatore, deve essere sottoscritto da lui alla fine delle disposizioni; se è scritto in tutto o in parte da altri, o se è scritto con mezzi meccanici, deve portare la sottoscrizione del testatore anche in ciascun mezzo foglio, unito o separato. Il testatore che sa leggere ma non sa scrivere, o che non ha potuto apporre la sottoscrizione quando faceva scrivere le proprie disposizioni, deve altresì dichiarare al notaio, che riceve il testamento, di averlo letto ed aggiungere la causa che gli ha impedito di sottoscriverlo: di ciò si fa menzione nell’atto di ricevimento. Chi non sa o non può leggere non può fare testamento segreto.
370	Art. 604 Testamento segreto	2. Cosa deve fare il testatore se il testamento segreto è scritto in tutto o in parte da altri?	Il testamento segreto può essere scritto dal testatore o da un terzo. Se è scritto dal testatore, deve essere sottoscritto da lui alla fine delle disposizioni; se è scritto in tutto o in parte da altri, o se è scritto con mezzi meccanici, deve portare la sottoscrizione del testatore anche in ciascun mezzo foglio, unito o separato. Il testatore che sa leggere ma non sa scrivere, o che non ha potuto apporre la sottoscrizione quando faceva scrivere le proprie disposizioni, deve altresì dichiarare al notaio, che riceve il testamento, di averlo letto ed aggiungere la causa che gli ha impedito di sottoscriverlo: di ciò si fa menzione nell’atto di ricevimento. Chi non sa o non può leggere non può fare testamento segreto.
371	Art. 604 Testamento segreto	3. Quali sono le condizioni per un testatore che sa leggere ma non sa scrivere per fare un testamento segreto?	Il testamento segreto può essere scritto dal testatore o da un terzo. Se è scritto dal testatore, deve essere sottoscritto da lui alla fine delle disposizioni; se è scritto in tutto o in parte da altri, o se è scritto con mezzi meccanici, deve portare la sottoscrizione del testatore anche in ciascun mezzo foglio, unito o separato. Il testatore che sa leggere ma non sa scrivere, o che non ha potuto apporre la sottoscrizione quando faceva scrivere le proprie disposizioni, deve altresì dichiarare al notaio, che riceve il testamento, di averlo letto ed aggiungere la causa che gli ha impedito di sottoscriverlo: di ciò si fa menzione nell’atto di ricevimento. Chi non sa o non può leggere non può fare testamento segreto.
372	Art. 604 Testamento segreto	4. Cosa deve dichiarare al notaio un testatore che non ha potuto apporre la sottoscrizione al testamento segreto?	Il testamento segreto può essere scritto dal testatore o da un terzo. Se è scritto dal testatore, deve essere sottoscritto da lui alla fine delle disposizioni; se è scritto in tutto o in parte da altri, o se è scritto con mezzi meccanici, deve portare la sottoscrizione del testatore anche in ciascun mezzo foglio, unito o separato. Il testatore che sa leggere ma non sa scrivere, o che non ha potuto apporre la sottoscrizione quando faceva scrivere le proprie disposizioni, deve altresì dichiarare al notaio, che riceve il testamento, di averlo letto ed aggiungere la causa che gli ha impedito di sottoscriverlo: di ciò si fa menzione nell’atto di ricevimento. Chi non sa o non può leggere non può fare testamento segreto.
373	Art. 604 Testamento segreto	5. Quali informazioni devono essere incluse nell'atto di ricevimento del testamento segreto?	Il testamento segreto può essere scritto dal testatore o da un terzo. Se è scritto dal testatore, deve essere sottoscritto da lui alla fine delle disposizioni; se è scritto in tutto o in parte da altri, o se è scritto con mezzi meccanici, deve portare la sottoscrizione del testatore anche in ciascun mezzo foglio, unito o separato. Il testatore che sa leggere ma non sa scrivere, o che non ha potuto apporre la sottoscrizione quando faceva scrivere le proprie disposizioni, deve altresì dichiarare al notaio, che riceve il testamento, di averlo letto ed aggiungere la causa che gli ha impedito di sottoscriverlo: di ciò si fa menzione nell’atto di ricevimento. Chi non sa o non può leggere non può fare testamento segreto.
374	Art. 604 Testamento segreto	6. Perché una persona che non sa o non può leggere non può fare un testamento segreto?	Il testamento segreto può essere scritto dal testatore o da un terzo. Se è scritto dal testatore, deve essere sottoscritto da lui alla fine delle disposizioni; se è scritto in tutto o in parte da altri, o se è scritto con mezzi meccanici, deve portare la sottoscrizione del testatore anche in ciascun mezzo foglio, unito o separato. Il testatore che sa leggere ma non sa scrivere, o che non ha potuto apporre la sottoscrizione quando faceva scrivere le proprie disposizioni, deve altresì dichiarare al notaio, che riceve il testamento, di averlo letto ed aggiungere la causa che gli ha impedito di sottoscriverlo: di ciò si fa menzione nell’atto di ricevimento. Chi non sa o non può leggere non può fare testamento segreto.
375	Art. 604 Testamento segreto	7. Qual è il ruolo del notaio nel processo di ricevimento di un testamento segreto?	Il testamento segreto può essere scritto dal testatore o da un terzo. Se è scritto dal testatore, deve essere sottoscritto da lui alla fine delle disposizioni; se è scritto in tutto o in parte da altri, o se è scritto con mezzi meccanici, deve portare la sottoscrizione del testatore anche in ciascun mezzo foglio, unito o separato. Il testatore che sa leggere ma non sa scrivere, o che non ha potuto apporre la sottoscrizione quando faceva scrivere le proprie disposizioni, deve altresì dichiarare al notaio, che riceve il testamento, di averlo letto ed aggiungere la causa che gli ha impedito di sottoscriverlo: di ciò si fa menzione nell’atto di ricevimento. Chi non sa o non può leggere non può fare testamento segreto.
376	Art. 605 Formalità del testamento segreto	1. Quali sono le condizioni necessarie affinché il testamento non possa essere aperto o estratto senza rottura o alterazione?	La carta su cui sono stese le disposizioni o quella che serve da involto deve essere sigillata con impronta, in guisa che il testamento non si possa aprire né estrarre senza rottura o alterazione. Il testatore, in presenza di due testimoni, consegna personalmente al notaio la carta così sigillata, o la fa sigillare nel modo sopra indicato in presenza del notaio e dei testimoni, e dichiara che in questa carta è contenuto il suo testamento. Il testatore, se è muto o sordo, deve scrivere tale dichiarazione in presenza dei testimoni e deve pure dichiarare per iscritto di aver letto il testamento, se questo è stato scritto da altri. Sulla carta in cui dal testatore è scritto o involto il testamento, o su un ulteriore involto predisposto dal notaio e da lui debitamente sigillato, si scrive l’atto di ricevimento nel quale si indicano il fatto della consegna e la dichiarazione del testatore, il numero e l’impronta dei sigilli, e l’assistenza dei testimoni a tutte le formalità. L’atto deve essere sottoscritto dal testatore, dai testimoni e dal notaio. Se il testatore non può, per qualunque impedimento, sottoscrivere l’atto della consegna, si osserva quel che è stabilito circa il testamento per atto pubblico. Tutto ciò deve essere fatto di seguito e senza passare ad altri atti.
377	Art. 605 Formalità del testamento segreto	2. Quali sono i requisiti per la consegna del testamento al notaio da parte del testatore?	La carta su cui sono stese le disposizioni o quella che serve da involto deve essere sigillata con impronta, in guisa che il testamento non si possa aprire né estrarre senza rottura o alterazione. Il testatore, in presenza di due testimoni, consegna personalmente al notaio la carta così sigillata, o la fa sigillare nel modo sopra indicato in presenza del notaio e dei testimoni, e dichiara che in questa carta è contenuto il suo testamento. Il testatore, se è muto o sordo, deve scrivere tale dichiarazione in presenza dei testimoni e deve pure dichiarare per iscritto di aver letto il testamento, se questo è stato scritto da altri. Sulla carta in cui dal testatore è scritto o involto il testamento, o su un ulteriore involto predisposto dal notaio e da lui debitamente sigillato, si scrive l’atto di ricevimento nel quale si indicano il fatto della consegna e la dichiarazione del testatore, il numero e l’impronta dei sigilli, e l’assistenza dei testimoni a tutte le formalità. L’atto deve essere sottoscritto dal testatore, dai testimoni e dal notaio. Se il testatore non può, per qualunque impedimento, sottoscrivere l’atto della consegna, si osserva quel che è stabilito circa il testamento per atto pubblico. Tutto ciò deve essere fatto di seguito e senza passare ad altri atti.
378	Art. 605 Formalità del testamento segreto	3. Cosa deve fare il testatore se è muto o sordo in relazione alla dichiarazione del testamento?	La carta su cui sono stese le disposizioni o quella che serve da involto deve essere sigillata con impronta, in guisa che il testamento non si possa aprire né estrarre senza rottura o alterazione. Il testatore, in presenza di due testimoni, consegna personalmente al notaio la carta così sigillata, o la fa sigillare nel modo sopra indicato in presenza del notaio e dei testimoni, e dichiara che in questa carta è contenuto il suo testamento. Il testatore, se è muto o sordo, deve scrivere tale dichiarazione in presenza dei testimoni e deve pure dichiarare per iscritto di aver letto il testamento, se questo è stato scritto da altri. Sulla carta in cui dal testatore è scritto o involto il testamento, o su un ulteriore involto predisposto dal notaio e da lui debitamente sigillato, si scrive l’atto di ricevimento nel quale si indicano il fatto della consegna e la dichiarazione del testatore, il numero e l’impronta dei sigilli, e l’assistenza dei testimoni a tutte le formalità. L’atto deve essere sottoscritto dal testatore, dai testimoni e dal notaio. Se il testatore non può, per qualunque impedimento, sottoscrivere l’atto della consegna, si osserva quel che è stabilito circa il testamento per atto pubblico. Tutto ciò deve essere fatto di seguito e senza passare ad altri atti.
379	Art. 605 Formalità del testamento segreto	4. Quali informazioni devono essere incluse nell'atto di ricevimento del testamento?	La carta su cui sono stese le disposizioni o quella che serve da involto deve essere sigillata con impronta, in guisa che il testamento non si possa aprire né estrarre senza rottura o alterazione. Il testatore, in presenza di due testimoni, consegna personalmente al notaio la carta così sigillata, o la fa sigillare nel modo sopra indicato in presenza del notaio e dei testimoni, e dichiara che in questa carta è contenuto il suo testamento. Il testatore, se è muto o sordo, deve scrivere tale dichiarazione in presenza dei testimoni e deve pure dichiarare per iscritto di aver letto il testamento, se questo è stato scritto da altri. Sulla carta in cui dal testatore è scritto o involto il testamento, o su un ulteriore involto predisposto dal notaio e da lui debitamente sigillato, si scrive l’atto di ricevimento nel quale si indicano il fatto della consegna e la dichiarazione del testatore, il numero e l’impronta dei sigilli, e l’assistenza dei testimoni a tutte le formalità. L’atto deve essere sottoscritto dal testatore, dai testimoni e dal notaio. Se il testatore non può, per qualunque impedimento, sottoscrivere l’atto della consegna, si osserva quel che è stabilito circa il testamento per atto pubblico. Tutto ciò deve essere fatto di seguito e senza passare ad altri atti.
380	Art. 605 Formalità del testamento segreto	5. Chi deve sottoscrivere l'atto di ricevimento del testamento?	La carta su cui sono stese le disposizioni o quella che serve da involto deve essere sigillata con impronta, in guisa che il testamento non si possa aprire né estrarre senza rottura o alterazione. Il testatore, in presenza di due testimoni, consegna personalmente al notaio la carta così sigillata, o la fa sigillare nel modo sopra indicato in presenza del notaio e dei testimoni, e dichiara che in questa carta è contenuto il suo testamento. Il testatore, se è muto o sordo, deve scrivere tale dichiarazione in presenza dei testimoni e deve pure dichiarare per iscritto di aver letto il testamento, se questo è stato scritto da altri. Sulla carta in cui dal testatore è scritto o involto il testamento, o su un ulteriore involto predisposto dal notaio e da lui debitamente sigillato, si scrive l’atto di ricevimento nel quale si indicano il fatto della consegna e la dichiarazione del testatore, il numero e l’impronta dei sigilli, e l’assistenza dei testimoni a tutte le formalità. L’atto deve essere sottoscritto dal testatore, dai testimoni e dal notaio. Se il testatore non può, per qualunque impedimento, sottoscrivere l’atto della consegna, si osserva quel che è stabilito circa il testamento per atto pubblico. Tutto ciò deve essere fatto di seguito e senza passare ad altri atti.
381	Art. 605 Formalità del testamento segreto	6. Cosa si deve fare se il testatore non può sottoscrivere l'atto della consegna per un impedimento?	La carta su cui sono stese le disposizioni o quella che serve da involto deve essere sigillata con impronta, in guisa che il testamento non si possa aprire né estrarre senza rottura o alterazione. Il testatore, in presenza di due testimoni, consegna personalmente al notaio la carta così sigillata, o la fa sigillare nel modo sopra indicato in presenza del notaio e dei testimoni, e dichiara che in questa carta è contenuto il suo testamento. Il testatore, se è muto o sordo, deve scrivere tale dichiarazione in presenza dei testimoni e deve pure dichiarare per iscritto di aver letto il testamento, se questo è stato scritto da altri. Sulla carta in cui dal testatore è scritto o involto il testamento, o su un ulteriore involto predisposto dal notaio e da lui debitamente sigillato, si scrive l’atto di ricevimento nel quale si indicano il fatto della consegna e la dichiarazione del testatore, il numero e l’impronta dei sigilli, e l’assistenza dei testimoni a tutte le formalità. L’atto deve essere sottoscritto dal testatore, dai testimoni e dal notaio. Se il testatore non può, per qualunque impedimento, sottoscrivere l’atto della consegna, si osserva quel che è stabilito circa il testamento per atto pubblico. Tutto ciò deve essere fatto di seguito e senza passare ad altri atti.
382	Art. 606 Nullità del testamento per difetto di forma	1. Quali sono le cause di nullità di un testamento olografo secondo il testo?	Il testamento è nullo (1418 e seguenti) quando manca l’autografia o la sottoscrizione nel caso di testamento olografo, ovvero manca la redazione per iscritto, da parte del notaio, delle dichiarazioni del testatore o la sottoscrizione dell’uno o dell’altro, nel caso di testamento per atto di notaio. Per ogni altro difetto di forma il testamento può essere annullato (1441 e seguenti) su istanza di chiunque vi ha interesse. L’azione di annullamento si prescrive nel termine di cinque anni dal giorno in cui è stata data esecuzione alle disposizioni testamentarie.
383	Art. 606 Nullità del testamento per difetto di forma	2. In quali circostanze un testamento può essere annullato per difetto di forma?	Il testamento è nullo (1418 e seguenti) quando manca l’autografia o la sottoscrizione nel caso di testamento olografo, ovvero manca la redazione per iscritto, da parte del notaio, delle dichiarazioni del testatore o la sottoscrizione dell’uno o dell’altro, nel caso di testamento per atto di notaio. Per ogni altro difetto di forma il testamento può essere annullato (1441 e seguenti) su istanza di chiunque vi ha interesse. L’azione di annullamento si prescrive nel termine di cinque anni dal giorno in cui è stata data esecuzione alle disposizioni testamentarie.
384	Art. 606 Nullità del testamento per difetto di forma	3. Qual è il termine di prescrizione per l'azione di annullamento di un testamento?	Il testamento è nullo (1418 e seguenti) quando manca l’autografia o la sottoscrizione nel caso di testamento olografo, ovvero manca la redazione per iscritto, da parte del notaio, delle dichiarazioni del testatore o la sottoscrizione dell’uno o dell’altro, nel caso di testamento per atto di notaio. Per ogni altro difetto di forma il testamento può essere annullato (1441 e seguenti) su istanza di chiunque vi ha interesse. L’azione di annullamento si prescrive nel termine di cinque anni dal giorno in cui è stata data esecuzione alle disposizioni testamentarie.
385	Art. 607 Validità del testamento segreto come olografo	1. Quali sono i requisiti che un testamento segreto deve avere per poter essere considerato valido come testamento olografo?	Il testamento segreto, che manca di qualche requisito suo proprio, ha effetto come testamento olografo, qualora di questo abbia i requisiti.
386	Art. 608 Ritiro di testamento segreto od olografo	1. Che tipo di testamento è considerato il testamento segreto?	Il testamento segreto è il testamento olografo che è stato depositato possono dal testatore essere ritirati in ogni tempo dalle mani del notaio presso il quale si trovano. A cura del notaio si redige verbale della restituzione; il verbale è sottoscritto dal testatore, da due testimoni e dal notaio; se il testatore non può sottoscrivere, se ne fa menzione. Quando il testamento è depositato in un pubblico archivio, il verbale è redatto dall’archivista e sottoscritto dal testatore, dai testimoni e dall’archivista medesimo. Della restituzione del testamento si prende nota in margine o in calce all’atto di consegna o di deposito.
387	Art. 608 Ritiro di testamento segreto od olografo	2. Chi può ritirare il testamento segreto dalle mani del notaio?	Il testamento segreto è il testamento olografo che è stato depositato possono dal testatore essere ritirati in ogni tempo dalle mani del notaio presso il quale si trovano. A cura del notaio si redige verbale della restituzione; il verbale è sottoscritto dal testatore, da due testimoni e dal notaio; se il testatore non può sottoscrivere, se ne fa menzione. Quando il testamento è depositato in un pubblico archivio, il verbale è redatto dall’archivista e sottoscritto dal testatore, dai testimoni e dall’archivista medesimo. Della restituzione del testamento si prende nota in margine o in calce all’atto di consegna o di deposito.
388	Art. 608 Ritiro di testamento segreto od olografo	3. Qual è il ruolo del notaio nel processo di restituzione del testamento segreto?	Il testamento segreto è il testamento olografo che è stato depositato possono dal testatore essere ritirati in ogni tempo dalle mani del notaio presso il quale si trovano. A cura del notaio si redige verbale della restituzione; il verbale è sottoscritto dal testatore, da due testimoni e dal notaio; se il testatore non può sottoscrivere, se ne fa menzione. Quando il testamento è depositato in un pubblico archivio, il verbale è redatto dall’archivista e sottoscritto dal testatore, dai testimoni e dall’archivista medesimo. Della restituzione del testamento si prende nota in margine o in calce all’atto di consegna o di deposito.
389	Art. 608 Ritiro di testamento segreto od olografo	4. Chi deve sottoscrivere il verbale di restituzione del testamento segreto?	Il testamento segreto è il testamento olografo che è stato depositato possono dal testatore essere ritirati in ogni tempo dalle mani del notaio presso il quale si trovano. A cura del notaio si redige verbale della restituzione; il verbale è sottoscritto dal testatore, da due testimoni e dal notaio; se il testatore non può sottoscrivere, se ne fa menzione. Quando il testamento è depositato in un pubblico archivio, il verbale è redatto dall’archivista e sottoscritto dal testatore, dai testimoni e dall’archivista medesimo. Della restituzione del testamento si prende nota in margine o in calce all’atto di consegna o di deposito.
390	Art. 608 Ritiro di testamento segreto od olografo	5. Cosa accade se il testatore non può sottoscrivere il verbale di restituzione?	Il testamento segreto è il testamento olografo che è stato depositato possono dal testatore essere ritirati in ogni tempo dalle mani del notaio presso il quale si trovano. A cura del notaio si redige verbale della restituzione; il verbale è sottoscritto dal testatore, da due testimoni e dal notaio; se il testatore non può sottoscrivere, se ne fa menzione. Quando il testamento è depositato in un pubblico archivio, il verbale è redatto dall’archivista e sottoscritto dal testatore, dai testimoni e dall’archivista medesimo. Della restituzione del testamento si prende nota in margine o in calce all’atto di consegna o di deposito.
391	Art. 608 Ritiro di testamento segreto od olografo	6. Chi redige il verbale quando il testamento è depositato in un pubblico archivio?	Il testamento segreto è il testamento olografo che è stato depositato possono dal testatore essere ritirati in ogni tempo dalle mani del notaio presso il quale si trovano. A cura del notaio si redige verbale della restituzione; il verbale è sottoscritto dal testatore, da due testimoni e dal notaio; se il testatore non può sottoscrivere, se ne fa menzione. Quando il testamento è depositato in un pubblico archivio, il verbale è redatto dall’archivista e sottoscritto dal testatore, dai testimoni e dall’archivista medesimo. Della restituzione del testamento si prende nota in margine o in calce all’atto di consegna o di deposito.
392	Art. 608 Ritiro di testamento segreto od olografo	7. Dove si prende nota della restituzione del testamento segreto?	Il testamento segreto è il testamento olografo che è stato depositato possono dal testatore essere ritirati in ogni tempo dalle mani del notaio presso il quale si trovano. A cura del notaio si redige verbale della restituzione; il verbale è sottoscritto dal testatore, da due testimoni e dal notaio; se il testatore non può sottoscrivere, se ne fa menzione. Quando il testamento è depositato in un pubblico archivio, il verbale è redatto dall’archivista e sottoscritto dal testatore, dai testimoni e dall’archivista medesimo. Della restituzione del testamento si prende nota in margine o in calce all’atto di consegna o di deposito.
393	Art. 609 Malattie contagiose, calamità pubbliche o infortuni	1. In quali circostanze il testatore può avvalersi di forme straordinarie per la redazione del testamento?	Quando il testatore non può valersi delle forme ordinarie (601 e seguenti), perché si trova in luogo dove domina una malattia reputata contagiosa, o per causa di pubblica calamita o d’infortunio, il testamento è valido se ricevuto da un notaio, dal giudice di pace del luogo, dal sindaco o da chi ne fa le veci, o da un ministro di culto, in presenza di due testimoni di età non inferiore a sedici anni. Il testamento è redatto e sottoscritto da chi lo riceve; è sottoscritto anche dal testatore e dai testimoni. Se il testatore o i testimoni non possono sottoscrivere, se ne indica la causa.
394	Art. 609 Malattie contagiose, calamità pubbliche o infortuni	2. Chi può ricevere un testamento in situazioni di emergenza come malattie contagiose o calamità pubbliche?	Quando il testatore non può valersi delle forme ordinarie (601 e seguenti), perché si trova in luogo dove domina una malattia reputata contagiosa, o per causa di pubblica calamita o d’infortunio, il testamento è valido se ricevuto da un notaio, dal giudice di pace del luogo, dal sindaco o da chi ne fa le veci, o da un ministro di culto, in presenza di due testimoni di età non inferiore a sedici anni. Il testamento è redatto e sottoscritto da chi lo riceve; è sottoscritto anche dal testatore e dai testimoni. Se il testatore o i testimoni non possono sottoscrivere, se ne indica la causa.
395	Art. 609 Malattie contagiose, calamità pubbliche o infortuni	3. Quali sono i requisiti di età per i testimoni presenti alla redazione di un testamento in situazioni straordinarie?	Quando il testatore non può valersi delle forme ordinarie (601 e seguenti), perché si trova in luogo dove domina una malattia reputata contagiosa, o per causa di pubblica calamita o d’infortunio, il testamento è valido se ricevuto da un notaio, dal giudice di pace del luogo, dal sindaco o da chi ne fa le veci, o da un ministro di culto, in presenza di due testimoni di età non inferiore a sedici anni. Il testamento è redatto e sottoscritto da chi lo riceve; è sottoscritto anche dal testatore e dai testimoni. Se il testatore o i testimoni non possono sottoscrivere, se ne indica la causa.
396	Art. 609 Malattie contagiose, calamità pubbliche o infortuni	4. Cosa deve essere indicato nel testamento se il testatore o i testimoni non possono sottoscrivere?	Quando il testatore non può valersi delle forme ordinarie (601 e seguenti), perché si trova in luogo dove domina una malattia reputata contagiosa, o per causa di pubblica calamita o d’infortunio, il testamento è valido se ricevuto da un notaio, dal giudice di pace del luogo, dal sindaco o da chi ne fa le veci, o da un ministro di culto, in presenza di due testimoni di età non inferiore a sedici anni. Il testamento è redatto e sottoscritto da chi lo riceve; è sottoscritto anche dal testatore e dai testimoni. Se il testatore o i testimoni non possono sottoscrivere, se ne indica la causa.
397	Art. 610 Termine di efficacia	1. Cosa accade al testamento ricevuto nel modo indicato dall'articolo precedente se il testatore muore nell'intervallo di tre mesi?	Il testamento ricevuto nel modo indicato dall’articolo precedente perde la sua efficacia tre mesi dopo la cessazione della causa che ha impedito al testatore di valersi delle forme ordinarie. Se il testatore muore nell’intervallo, il testamento deve essere depositato, appena è possibile, nell’archivio notarile del luogo in cui è stato ricevuto.
398	Art. 610 Termine di efficacia	2. Dove deve essere depositato il testamento se il testatore muore nell'intervallo di tre mesi?	Il testamento ricevuto nel modo indicato dall’articolo precedente perde la sua efficacia tre mesi dopo la cessazione della causa che ha impedito al testatore di valersi delle forme ordinarie. Se il testatore muore nell’intervallo, il testamento deve essere depositato, appena è possibile, nell’archivio notarile del luogo in cui è stato ricevuto.
399	Art. 611 Testamento a bordo di nave	1. Chi può ricevere il testamento a bordo di una nave durante un viaggio per mare?	Durante il viaggio per mare il testamento può essere ricevuto a bordo della nave dal comandante di essa. Il testamento del comandante può essere ricevuto da colui che lo segue immediatamente in ordine di servizio.
400	Art. 611 Testamento a bordo di nave	2. Da chi può essere ricevuto il testamento del comandante della nave?	Durante il viaggio per mare il testamento può essere ricevuto a bordo della nave dal comandante di essa. Il testamento del comandante può essere ricevuto da colui che lo segue immediatamente in ordine di servizio.
401	Art. 612 Forme	1. Quali sono i requisiti di sottoscrizione per il testamento descritto nel testo?	Il testamento indicato dall’articolo precedente è redatto in doppio originale alla presenza di due testimoni e deve essere sottoscritto dal testatore, dalla persona che lo ha ricevuto e dai testimoni; se il testatore o i testimoni non possono sottoscrivere, si deve indicare il motivo che ha impedito la sottoscrizione. Il testamento è conservato tra i documenti di bordo (Cod. Nav. 169 e seguenti), ed è annotato sul giornale di bordo ovvero sul giornale nautico e sul ruolo d’equipaggio.
402	Art. 612 Forme	2. Cosa deve essere fatto se il testatore o i testimoni non possono sottoscrivere il testamento?	Il testamento indicato dall’articolo precedente è redatto in doppio originale alla presenza di due testimoni e deve essere sottoscritto dal testatore, dalla persona che lo ha ricevuto e dai testimoni; se il testatore o i testimoni non possono sottoscrivere, si deve indicare il motivo che ha impedito la sottoscrizione. Il testamento è conservato tra i documenti di bordo (Cod. Nav. 169 e seguenti), ed è annotato sul giornale di bordo ovvero sul giornale nautico e sul ruolo d’equipaggio.
403	Art. 612 Forme	3. Dove viene conservato il testamento secondo il testo?	Il testamento indicato dall’articolo precedente è redatto in doppio originale alla presenza di due testimoni e deve essere sottoscritto dal testatore, dalla persona che lo ha ricevuto e dai testimoni; se il testatore o i testimoni non possono sottoscrivere, si deve indicare il motivo che ha impedito la sottoscrizione. Il testamento è conservato tra i documenti di bordo (Cod. Nav. 169 e seguenti), ed è annotato sul giornale di bordo ovvero sul giornale nautico e sul ruolo d’equipaggio.
404	Art. 612 Forme	4. Su quali documenti deve essere annotato il testamento?	Il testamento indicato dall’articolo precedente è redatto in doppio originale alla presenza di due testimoni e deve essere sottoscritto dal testatore, dalla persona che lo ha ricevuto e dai testimoni; se il testatore o i testimoni non possono sottoscrivere, si deve indicare il motivo che ha impedito la sottoscrizione. Il testamento è conservato tra i documenti di bordo (Cod. Nav. 169 e seguenti), ed è annotato sul giornale di bordo ovvero sul giornale nautico e sul ruolo d’equipaggio.
405	Art. 612 Forme	5. Qual è il ruolo dei testimoni nella redazione del testamento secondo il testo?	Il testamento indicato dall’articolo precedente è redatto in doppio originale alla presenza di due testimoni e deve essere sottoscritto dal testatore, dalla persona che lo ha ricevuto e dai testimoni; se il testatore o i testimoni non possono sottoscrivere, si deve indicare il motivo che ha impedito la sottoscrizione. Il testamento è conservato tra i documenti di bordo (Cod. Nav. 169 e seguenti), ed è annotato sul giornale di bordo ovvero sul giornale nautico e sul ruolo d’equipaggio.
406	Art. 613 Consegna	1. Quali documenti deve consegnare il comandante all'autorità consolare quando la nave approda a un porto estero?	Se la nave approda a un porto estero in cui vi sia un’autorità consolare, il comandante è tenuto a consegnare all’autorità medesima uno degli originali del testamento e una copia dell’annotazione fatta sul giornale di bordo ovvero sul giornale nautico e sul ruolo d’equipaggio. Al ritorno della nave nello Stato, i due originali del testamento, o quello non depositato durante il viaggio, devono essere consegnati all’autorità marittima locale insieme con la copia della predetta annotazione. Della consegna si rilascia dichiarazione, di cui si fa cenno in margine all’annotazione sopraindicata.
407	Art. 613 Consegna	2. Cosa deve fare il comandante al ritorno della nave nello Stato riguardo agli originali del testamento?	Se la nave approda a un porto estero in cui vi sia un’autorità consolare, il comandante è tenuto a consegnare all’autorità medesima uno degli originali del testamento e una copia dell’annotazione fatta sul giornale di bordo ovvero sul giornale nautico e sul ruolo d’equipaggio. Al ritorno della nave nello Stato, i due originali del testamento, o quello non depositato durante il viaggio, devono essere consegnati all’autorità marittima locale insieme con la copia della predetta annotazione. Della consegna si rilascia dichiarazione, di cui si fa cenno in margine all’annotazione sopraindicata.
408	Art. 613 Consegna	3. Che tipo di dichiarazione viene rilasciata al momento della consegna dei documenti all'autorità marittima locale?	Se la nave approda a un porto estero in cui vi sia un’autorità consolare, il comandante è tenuto a consegnare all’autorità medesima uno degli originali del testamento e una copia dell’annotazione fatta sul giornale di bordo ovvero sul giornale nautico e sul ruolo d’equipaggio. Al ritorno della nave nello Stato, i due originali del testamento, o quello non depositato durante il viaggio, devono essere consegnati all’autorità marittima locale insieme con la copia della predetta annotazione. Della consegna si rilascia dichiarazione, di cui si fa cenno in margine all’annotazione sopraindicata.
409	Art. 614 Verbale di consegna	1. Quali sono le autorità responsabili della redazione del verbale di consegna del testamento a bordo di una nave?	L’autorità marittima o consolare locale deve redigere verbale della consegna del testamento e trasmettere il verbale e gli atti ricevuti al Ministero della difesa o al Ministero della marina mercantile, secondo che il testamento sia stato ricevuto a bordo di una nave della marina militare o di una nave della marina mercantile. Il Ministero ordina il deposito di uno degli originali nel suo archivio, e trasmette l’altro all’archivio notarile del luogo del domicilio o dell’ultima residenza del testatore.
410	Art. 614 Verbale di consegna	2. Dove viene depositato uno degli originali del testamento dopo che il Ministero ha ordinato il deposito?	L’autorità marittima o consolare locale deve redigere verbale della consegna del testamento e trasmettere il verbale e gli atti ricevuti al Ministero della difesa o al Ministero della marina mercantile, secondo che il testamento sia stato ricevuto a bordo di una nave della marina militare o di una nave della marina mercantile. Il Ministero ordina il deposito di uno degli originali nel suo archivio, e trasmette l’altro all’archivio notarile del luogo del domicilio o dell’ultima residenza del testatore.
411	Art. 615 Termine di efficacia	1. Qual è la durata di efficacia di un testamento fatto durante un viaggio per mare dopo lo sbarco del testatore?	Il testamento fatto durante il viaggio per mare, nella forma stabilita dagli artt. 611 e seguenti, perde la sua efficacia tre mesi dopo lo sbarco del testatore in un luogo dove è possibile fare testamento nelle forme ordinarie.
412	Art. 616 Testamento a bordo di aeromobile	1. Quali articoli del codice si applicano al testamento fatto a bordo di un aeromobile durante il viaggio?	Al testamento fatto a bordo di un aeromobile durante il viaggio si applicano le disposizioni degli artt. 611 e 615. Il testamento è ricevuto dal comandante, in presenza di uno o, quando è possibile, di due testimoni. Le attribuzioni delle autorità marittime a norma degli artt. 613 e 614 spettano alle autorità aeronautiche. Il testamento è annotato sul giornale di rotta (Cod. Nav. 772, 888).
413	Art. 616 Testamento a bordo di aeromobile	2. Chi riceve il testamento a bordo di un aeromobile e quanti testimoni devono essere presenti?	Al testamento fatto a bordo di un aeromobile durante il viaggio si applicano le disposizioni degli artt. 611 e 615. Il testamento è ricevuto dal comandante, in presenza di uno o, quando è possibile, di due testimoni. Le attribuzioni delle autorità marittime a norma degli artt. 613 e 614 spettano alle autorità aeronautiche. Il testamento è annotato sul giornale di rotta (Cod. Nav. 772, 888).
414	Art. 616 Testamento a bordo di aeromobile	3. A quali autorità spettano le attribuzioni delle autorità marittime secondo gli articoli 613 e 614?	Al testamento fatto a bordo di un aeromobile durante il viaggio si applicano le disposizioni degli artt. 611 e 615. Il testamento è ricevuto dal comandante, in presenza di uno o, quando è possibile, di due testimoni. Le attribuzioni delle autorità marittime a norma degli artt. 613 e 614 spettano alle autorità aeronautiche. Il testamento è annotato sul giornale di rotta (Cod. Nav. 772, 888).
415	Art. 616 Testamento a bordo di aeromobile	4. Dove viene annotato il testamento fatto a bordo di un aeromobile?	Al testamento fatto a bordo di un aeromobile durante il viaggio si applicano le disposizioni degli artt. 611 e 615. Il testamento è ricevuto dal comandante, in presenza di uno o, quando è possibile, di due testimoni. Le attribuzioni delle autorità marittime a norma degli artt. 613 e 614 spettano alle autorità aeronautiche. Il testamento è annotato sul giornale di rotta (Cod. Nav. 772, 888).
416	Art. 617 Testamento dei militari e assimilati	1. Chi può ricevere il testamento dei militari e delle persone al seguito delle forze armate dello Stato?	Il testamento dei militari e delle persone al seguito delle forze armate dello Stato può essere ricevuto da un ufficiale o da un cappellano militare o da un ufficiale della Croce Rossa, in presenza di due testimoni; esso deve essere sottoscritto dal testatore, dalla persona che lo ha ricevuto e dai testimoni. Se il testatore o i testimoni non possono sottoscrivere, si deve indicare il motivo che ha impedito la sottoscrizione. Il testamento deve essere al più presto trasmesso al quartiere generale e da questo al Ministero competente, che ne ordina il deposito nell’archivio notarile del luogo del domicilio o dell’ultima residenza del testatore.
417	Art. 617 Testamento dei militari e assimilati	2. Quali sono i requisiti di sottoscrizione per il testamento dei militari?	Il testamento dei militari e delle persone al seguito delle forze armate dello Stato può essere ricevuto da un ufficiale o da un cappellano militare o da un ufficiale della Croce Rossa, in presenza di due testimoni; esso deve essere sottoscritto dal testatore, dalla persona che lo ha ricevuto e dai testimoni. Se il testatore o i testimoni non possono sottoscrivere, si deve indicare il motivo che ha impedito la sottoscrizione. Il testamento deve essere al più presto trasmesso al quartiere generale e da questo al Ministero competente, che ne ordina il deposito nell’archivio notarile del luogo del domicilio o dell’ultima residenza del testatore.
418	Art. 617 Testamento dei militari e assimilati	3. Cosa deve essere fatto se il testatore o i testimoni non possono sottoscrivere il testamento?	Il testamento dei militari e delle persone al seguito delle forze armate dello Stato può essere ricevuto da un ufficiale o da un cappellano militare o da un ufficiale della Croce Rossa, in presenza di due testimoni; esso deve essere sottoscritto dal testatore, dalla persona che lo ha ricevuto e dai testimoni. Se il testatore o i testimoni non possono sottoscrivere, si deve indicare il motivo che ha impedito la sottoscrizione. Il testamento deve essere al più presto trasmesso al quartiere generale e da questo al Ministero competente, che ne ordina il deposito nell’archivio notarile del luogo del domicilio o dell’ultima residenza del testatore.
419	Art. 617 Testamento dei militari e assimilati	4. Qual è il processo di trasmissione e deposito del testamento dei militari dopo la sua redazione?	Il testamento dei militari e delle persone al seguito delle forze armate dello Stato può essere ricevuto da un ufficiale o da un cappellano militare o da un ufficiale della Croce Rossa, in presenza di due testimoni; esso deve essere sottoscritto dal testatore, dalla persona che lo ha ricevuto e dai testimoni. Se il testatore o i testimoni non possono sottoscrivere, si deve indicare il motivo che ha impedito la sottoscrizione. Il testamento deve essere al più presto trasmesso al quartiere generale e da questo al Ministero competente, che ne ordina il deposito nell’archivio notarile del luogo del domicilio o dell’ultima residenza del testatore.
420	Art. 618 Casi e termini d’efficacia	1. Chi può redigere un testamento nella forma speciale stabilita dall'articolo precedente?	Nella forma speciale stabilita dall’articolo precedente possono testare soltanto coloro i quali, appartenendo a corpi o servizi mobilitati o comunque impegnati in guerra, si trovano in zona di operazioni belliche o sono prigionieri presso il nemico, e coloro che sono acquartierati o di presidio fuori dello Stato o in luoghi dove siano interrotte le comunicazioni. Il testamento perde la sua efficacia tre mesi dopo il ritorno del testatore in un luogo dove è possibile far testamento nelle forme ordinarie.
421	Art. 618 Casi e termini d’efficacia	2. Quando perde efficacia un testamento redatto nella forma speciale?	Nella forma speciale stabilita dall’articolo precedente possono testare soltanto coloro i quali, appartenendo a corpi o servizi mobilitati o comunque impegnati in guerra, si trovano in zona di operazioni belliche o sono prigionieri presso il nemico, e coloro che sono acquartierati o di presidio fuori dello Stato o in luoghi dove siano interrotte le comunicazioni. Il testamento perde la sua efficacia tre mesi dopo il ritorno del testatore in un luogo dove è possibile far testamento nelle forme ordinarie.
422	Art. 619 Nullità	1. Quali sono i difetti di forma che si applicano ai testamenti secondo il secondo comma dell'Art. 606?	I testamenti previsti in questa Per gli altri difetti di forma si osserva il disposto del secondo comma dell’Art. 606.
423	Art. 620 Pubblicazione del testamento olografo	1. Chi è obbligato a presentare un testamento olografo a un notaio per la pubblicazione?	Chiunque è in possesso di un testamento olografo deve presentarlo a un notaio per la pubblicazione, appena ha notizia della morte del testatore (p. 490 e seguente). Chiunque crede di avervi interesse può chiedere, con ricorso al tribunale del circondario in cui si è aperta la successione, che sia fissato un termine per la presentazione (Cod. Proc. Civ. 749). Il notaio procede alla pubblicazione del testamento in presenza di due testimoni, redigendo nella forma degli atti pubblici un verbale nel quale descrive lo stato del testamento, ne riproduce il contenuto e fa menzione della sua apertura, se è stato presentato chiuso con sigillo. Il verbale è sottoscritto dalla persona che presenta il testamento dai testimoni e dal notaio. Ad esso sono uniti la carta in cui è scritto il testamento, vidimata in ciascun mezzo foglio dal notaio e dai testimoni, e l’estratto dell’atto di morte del testatore o copia del provvedimento che ordina l’apertura degli atti di ultima volontà dell’assente o della sentenza che dichiara la morte presunta. Nel caso in cui il testamento è stato depositato dal testatore presso un notaio, la pubblicazione è eseguita dal notaio depositario. Avvenuta la pubblicazione, il testamento olografo ha esecuzione (att. 3, 7). Per giustificati motivi, su istanza (Cod. Proc. Civ. 125) di chiunque vi ha interesse, il tribunale può disporre che periodi o frasi di carattere non patrimoniale siano cancellati dal testamento e omessi nelle copie che fossero richieste, salvo che l’autorità giudiziaria ordini il rilascio di copia integrale.
424	Art. 620 Pubblicazione del testamento olografo	2. Quali sono i passaggi che il notaio deve seguire per la pubblicazione di un testamento olografo?	Chiunque è in possesso di un testamento olografo deve presentarlo a un notaio per la pubblicazione, appena ha notizia della morte del testatore (p. 490 e seguente). Chiunque crede di avervi interesse può chiedere, con ricorso al tribunale del circondario in cui si è aperta la successione, che sia fissato un termine per la presentazione (Cod. Proc. Civ. 749). Il notaio procede alla pubblicazione del testamento in presenza di due testimoni, redigendo nella forma degli atti pubblici un verbale nel quale descrive lo stato del testamento, ne riproduce il contenuto e fa menzione della sua apertura, se è stato presentato chiuso con sigillo. Il verbale è sottoscritto dalla persona che presenta il testamento dai testimoni e dal notaio. Ad esso sono uniti la carta in cui è scritto il testamento, vidimata in ciascun mezzo foglio dal notaio e dai testimoni, e l’estratto dell’atto di morte del testatore o copia del provvedimento che ordina l’apertura degli atti di ultima volontà dell’assente o della sentenza che dichiara la morte presunta. Nel caso in cui il testamento è stato depositato dal testatore presso un notaio, la pubblicazione è eseguita dal notaio depositario. Avvenuta la pubblicazione, il testamento olografo ha esecuzione (att. 3, 7). Per giustificati motivi, su istanza (Cod. Proc. Civ. 125) di chiunque vi ha interesse, il tribunale può disporre che periodi o frasi di carattere non patrimoniale siano cancellati dal testamento e omessi nelle copie che fossero richieste, salvo che l’autorità giudiziaria ordini il rilascio di copia integrale.
425	Art. 620 Pubblicazione del testamento olografo	3. In quali circostanze un tribunale può fissare un termine per la presentazione di un testamento olografo?	Chiunque è in possesso di un testamento olografo deve presentarlo a un notaio per la pubblicazione, appena ha notizia della morte del testatore (p. 490 e seguente). Chiunque crede di avervi interesse può chiedere, con ricorso al tribunale del circondario in cui si è aperta la successione, che sia fissato un termine per la presentazione (Cod. Proc. Civ. 749). Il notaio procede alla pubblicazione del testamento in presenza di due testimoni, redigendo nella forma degli atti pubblici un verbale nel quale descrive lo stato del testamento, ne riproduce il contenuto e fa menzione della sua apertura, se è stato presentato chiuso con sigillo. Il verbale è sottoscritto dalla persona che presenta il testamento dai testimoni e dal notaio. Ad esso sono uniti la carta in cui è scritto il testamento, vidimata in ciascun mezzo foglio dal notaio e dai testimoni, e l’estratto dell’atto di morte del testatore o copia del provvedimento che ordina l’apertura degli atti di ultima volontà dell’assente o della sentenza che dichiara la morte presunta. Nel caso in cui il testamento è stato depositato dal testatore presso un notaio, la pubblicazione è eseguita dal notaio depositario. Avvenuta la pubblicazione, il testamento olografo ha esecuzione (att. 3, 7). Per giustificati motivi, su istanza (Cod. Proc. Civ. 125) di chiunque vi ha interesse, il tribunale può disporre che periodi o frasi di carattere non patrimoniale siano cancellati dal testamento e omessi nelle copie che fossero richieste, salvo che l’autorità giudiziaria ordini il rilascio di copia integrale.
426	Art. 620 Pubblicazione del testamento olografo	4. Quali documenti devono essere allegati al verbale di pubblicazione del testamento olografo?	Chiunque è in possesso di un testamento olografo deve presentarlo a un notaio per la pubblicazione, appena ha notizia della morte del testatore (p. 490 e seguente). Chiunque crede di avervi interesse può chiedere, con ricorso al tribunale del circondario in cui si è aperta la successione, che sia fissato un termine per la presentazione (Cod. Proc. Civ. 749). Il notaio procede alla pubblicazione del testamento in presenza di due testimoni, redigendo nella forma degli atti pubblici un verbale nel quale descrive lo stato del testamento, ne riproduce il contenuto e fa menzione della sua apertura, se è stato presentato chiuso con sigillo. Il verbale è sottoscritto dalla persona che presenta il testamento dai testimoni e dal notaio. Ad esso sono uniti la carta in cui è scritto il testamento, vidimata in ciascun mezzo foglio dal notaio e dai testimoni, e l’estratto dell’atto di morte del testatore o copia del provvedimento che ordina l’apertura degli atti di ultima volontà dell’assente o della sentenza che dichiara la morte presunta. Nel caso in cui il testamento è stato depositato dal testatore presso un notaio, la pubblicazione è eseguita dal notaio depositario. Avvenuta la pubblicazione, il testamento olografo ha esecuzione (att. 3, 7). Per giustificati motivi, su istanza (Cod. Proc. Civ. 125) di chiunque vi ha interesse, il tribunale può disporre che periodi o frasi di carattere non patrimoniale siano cancellati dal testamento e omessi nelle copie che fossero richieste, salvo che l’autorità giudiziaria ordini il rilascio di copia integrale.
427	Art. 620 Pubblicazione del testamento olografo	5. Cosa accade se il testamento olografo è stato depositato dal testatore presso un notaio?	Chiunque è in possesso di un testamento olografo deve presentarlo a un notaio per la pubblicazione, appena ha notizia della morte del testatore (p. 490 e seguente). Chiunque crede di avervi interesse può chiedere, con ricorso al tribunale del circondario in cui si è aperta la successione, che sia fissato un termine per la presentazione (Cod. Proc. Civ. 749). Il notaio procede alla pubblicazione del testamento in presenza di due testimoni, redigendo nella forma degli atti pubblici un verbale nel quale descrive lo stato del testamento, ne riproduce il contenuto e fa menzione della sua apertura, se è stato presentato chiuso con sigillo. Il verbale è sottoscritto dalla persona che presenta il testamento dai testimoni e dal notaio. Ad esso sono uniti la carta in cui è scritto il testamento, vidimata in ciascun mezzo foglio dal notaio e dai testimoni, e l’estratto dell’atto di morte del testatore o copia del provvedimento che ordina l’apertura degli atti di ultima volontà dell’assente o della sentenza che dichiara la morte presunta. Nel caso in cui il testamento è stato depositato dal testatore presso un notaio, la pubblicazione è eseguita dal notaio depositario. Avvenuta la pubblicazione, il testamento olografo ha esecuzione (att. 3, 7). Per giustificati motivi, su istanza (Cod. Proc. Civ. 125) di chiunque vi ha interesse, il tribunale può disporre che periodi o frasi di carattere non patrimoniale siano cancellati dal testamento e omessi nelle copie che fossero richieste, salvo che l’autorità giudiziaria ordini il rilascio di copia integrale.
428	Art. 620 Pubblicazione del testamento olografo	6. In quali casi il tribunale può disporre la cancellazione di periodi o frasi di carattere non patrimoniale dal testamento?	Chiunque è in possesso di un testamento olografo deve presentarlo a un notaio per la pubblicazione, appena ha notizia della morte del testatore (p. 490 e seguente). Chiunque crede di avervi interesse può chiedere, con ricorso al tribunale del circondario in cui si è aperta la successione, che sia fissato un termine per la presentazione (Cod. Proc. Civ. 749). Il notaio procede alla pubblicazione del testamento in presenza di due testimoni, redigendo nella forma degli atti pubblici un verbale nel quale descrive lo stato del testamento, ne riproduce il contenuto e fa menzione della sua apertura, se è stato presentato chiuso con sigillo. Il verbale è sottoscritto dalla persona che presenta il testamento dai testimoni e dal notaio. Ad esso sono uniti la carta in cui è scritto il testamento, vidimata in ciascun mezzo foglio dal notaio e dai testimoni, e l’estratto dell’atto di morte del testatore o copia del provvedimento che ordina l’apertura degli atti di ultima volontà dell’assente o della sentenza che dichiara la morte presunta. Nel caso in cui il testamento è stato depositato dal testatore presso un notaio, la pubblicazione è eseguita dal notaio depositario. Avvenuta la pubblicazione, il testamento olografo ha esecuzione (att. 3, 7). Per giustificati motivi, su istanza (Cod. Proc. Civ. 125) di chiunque vi ha interesse, il tribunale può disporre che periodi o frasi di carattere non patrimoniale siano cancellati dal testamento e omessi nelle copie che fossero richieste, salvo che l’autorità giudiziaria ordini il rilascio di copia integrale.
429	Art. 620 Pubblicazione del testamento olografo	7. Chi può richiedere la cancellazione di parti non patrimoniali dal testamento e in quali condizioni?	Chiunque è in possesso di un testamento olografo deve presentarlo a un notaio per la pubblicazione, appena ha notizia della morte del testatore (p. 490 e seguente). Chiunque crede di avervi interesse può chiedere, con ricorso al tribunale del circondario in cui si è aperta la successione, che sia fissato un termine per la presentazione (Cod. Proc. Civ. 749). Il notaio procede alla pubblicazione del testamento in presenza di due testimoni, redigendo nella forma degli atti pubblici un verbale nel quale descrive lo stato del testamento, ne riproduce il contenuto e fa menzione della sua apertura, se è stato presentato chiuso con sigillo. Il verbale è sottoscritto dalla persona che presenta il testamento dai testimoni e dal notaio. Ad esso sono uniti la carta in cui è scritto il testamento, vidimata in ciascun mezzo foglio dal notaio e dai testimoni, e l’estratto dell’atto di morte del testatore o copia del provvedimento che ordina l’apertura degli atti di ultima volontà dell’assente o della sentenza che dichiara la morte presunta. Nel caso in cui il testamento è stato depositato dal testatore presso un notaio, la pubblicazione è eseguita dal notaio depositario. Avvenuta la pubblicazione, il testamento olografo ha esecuzione (att. 3, 7). Per giustificati motivi, su istanza (Cod. Proc. Civ. 125) di chiunque vi ha interesse, il tribunale può disporre che periodi o frasi di carattere non patrimoniale siano cancellati dal testamento e omessi nelle copie che fossero richieste, salvo che l’autorità giudiziaria ordini il rilascio di copia integrale.
430	Art. 621 Pubblicazione del testamento segreto	1. Chi può chiedere al tribunale di fissare un termine per l'apertura e la pubblicazione del testamento segreto?	Il testamento segreto deve essere aperto e pubblicato dal notaio appena gli perviene la notizia della morte del testatore. Chiunque crede di avervi interesse può chiedere, con ricorso al tribunale del circondario in cui si è aperta la successione, che sia fissato un termine per l’apertura e la pubblicazione. Si applicano le disposizioni del terzo comma dell’Art. 620.
431	Art. 621 Pubblicazione del testamento segreto	2. Qual è il ruolo del notaio riguardo al testamento segreto dopo la morte del testatore?	Il testamento segreto deve essere aperto e pubblicato dal notaio appena gli perviene la notizia della morte del testatore. Chiunque crede di avervi interesse può chiedere, con ricorso al tribunale del circondario in cui si è aperta la successione, che sia fissato un termine per l’apertura e la pubblicazione. Si applicano le disposizioni del terzo comma dell’Art. 620.
432	Art. 621 Pubblicazione del testamento segreto	3. A quale articolo si fa riferimento per le disposizioni applicabili all'apertura e pubblicazione del testamento segreto?	Il testamento segreto deve essere aperto e pubblicato dal notaio appena gli perviene la notizia della morte del testatore. Chiunque crede di avervi interesse può chiedere, con ricorso al tribunale del circondario in cui si è aperta la successione, che sia fissato un termine per l’apertura e la pubblicazione. Si applicano le disposizioni del terzo comma dell’Art. 620.
433	Art. 622 Comunicazione dei testamenti alla pretura	1. Quali documenti deve trasmettere il notaio alla cancelleria del tribunale in caso di apertura di una successione?	Il notaio deve trasmettere alla cancelleria del tribunale, nella cui giurisdizione si è aperta la successione, copia in carta libera dei verbali previsti dagli artt. 620 e 621 e del testamento pubblico (att. 55).
434	Art. 622 Comunicazione dei testamenti alla pretura	2. In quale giurisdizione il notaio deve trasmettere i documenti relativi alla successione?	Il notaio deve trasmettere alla cancelleria del tribunale, nella cui giurisdizione si è aperta la successione, copia in carta libera dei verbali previsti dagli artt. 620 e 621 e del testamento pubblico (att. 55).
435	Art. 622 Comunicazione dei testamenti alla pretura	3. Quali articoli del codice civile sono menzionati in relazione ai verbali che il notaio deve trasmettere?	Il notaio deve trasmettere alla cancelleria del tribunale, nella cui giurisdizione si è aperta la successione, copia in carta libera dei verbali previsti dagli artt. 620 e 621 e del testamento pubblico (att. 55).
436	Art. 622 Comunicazione dei testamenti alla pretura	4. Che tipo di copia dei verbali deve essere trasmessa dal notaio alla cancelleria del tribunale?	Il notaio deve trasmettere alla cancelleria del tribunale, nella cui giurisdizione si è aperta la successione, copia in carta libera dei verbali previsti dagli artt. 620 e 621 e del testamento pubblico (att. 55).
437	Art. 623 Comunicazione agli eredi e legatari	1. Quali sono le responsabilità del notaio riguardo alla comunicazione dell'esistenza di un testamento pubblico agli eredi e legatari?	Il notaio che ha ricevuto un testamento pubblico, appena gli è nota la morte del testatore, o, nel caso di testamento olografo o segreto, dopo la pubblicazione, comunica l’esistenza del testamento agli eredi e legatari di cui conosce il domicilio o la residenza.
438	Art. 624 Violenza, dolo, errore	1. Chi può impugnare una disposizione testamentaria?	La disposizione testamentaria può essere impugnata da chiunque vi abbia interesse quando è l’effetto di errore, di violenza o di dolo (1427 e seguenti). L’errore sul motivo, sia esso di fatto o di diritto, è causa di annullamento della disposizione testamentaria, quando il motivo risulta dal testamento ed è il solo che ha determinato il testatore a disporre. L’azione si prescrive in cinque anni dal giorno in cui si è avuta notizia della violenza, del dolo o dell’errore.
439	Art. 624 Violenza, dolo, errore	2. Quali sono le cause che possono portare all'annullamento di una disposizione testamentaria?	La disposizione testamentaria può essere impugnata da chiunque vi abbia interesse quando è l’effetto di errore, di violenza o di dolo (1427 e seguenti). L’errore sul motivo, sia esso di fatto o di diritto, è causa di annullamento della disposizione testamentaria, quando il motivo risulta dal testamento ed è il solo che ha determinato il testatore a disporre. L’azione si prescrive in cinque anni dal giorno in cui si è avuta notizia della violenza, del dolo o dell’errore.
440	Art. 624 Violenza, dolo, errore	3. Qual è il termine di prescrizione per l'azione di annullamento di una disposizione testamentaria a causa di errore, violenza o dolo?	La disposizione testamentaria può essere impugnata da chiunque vi abbia interesse quando è l’effetto di errore, di violenza o di dolo (1427 e seguenti). L’errore sul motivo, sia esso di fatto o di diritto, è causa di annullamento della disposizione testamentaria, quando il motivo risulta dal testamento ed è il solo che ha determinato il testatore a disporre. L’azione si prescrive in cinque anni dal giorno in cui si è avuta notizia della violenza, del dolo o dell’errore.
441	Art. 625 Erronea indicazione dell’erede o del legatario o della cosa che forma oggetto della disposizione	1. In quali circostanze una disposizione testamentaria ha effetto se l'erede o il legatario è stato erroneamente indicato?	Se la persona dell’erede o del legatario è stata erroneamente indicata, la disposizione ha effetto, quando dal contesto del testamento o altrimenti risulta in modo non equivoco quale persona il testatore voleva nominare. La disposizione ha effetto anche quando la cosa che forma oggetto della disposizione è stata erroneamente indicata o descritta, ma è certo a quale cosa il testatore intendeva riferirsi.
442	Art. 625 Erronea indicazione dell’erede o del legatario o della cosa che forma oggetto della disposizione	2. Cosa accade se la cosa oggetto della disposizione testamentaria è stata erroneamente descritta?	Se la persona dell’erede o del legatario è stata erroneamente indicata, la disposizione ha effetto, quando dal contesto del testamento o altrimenti risulta in modo non equivoco quale persona il testatore voleva nominare. La disposizione ha effetto anche quando la cosa che forma oggetto della disposizione è stata erroneamente indicata o descritta, ma è certo a quale cosa il testatore intendeva riferirsi.
443	Art. 626 Motivo illecito	1. In quali circostanze il motivo illecito rende nulla una disposizione testamentaria secondo il testo?	Il motivo illecito rende nulla la disposizione testamentaria, quando risulta dal testamento ed è il solo che ha determinato il testatore a disporre (1345, 1418 e seguenti).
444	Art. 627 Disposizione fiduciaria	1. Quali sono le conseguenze legali se una persona dichiarata nel testamento esegue spontaneamente la disposizione fiduciaria trasferendo i beni alla persona voluta dal testatore?	Non è ammessa azione in giudizio per accertare che le disposizioni fatte a favore di persona dichiarata nel testamento sono soltanto apparenti e che in realtà riguardano altra persona, anche se espressioni del testamento possono indicare o far presumere che si tratta di persona interposta. Tuttavia la persona dichiarata nel testamento, se ha spontaneamente eseguito la disposizione fiduciaria trasferendo i beni alla persona voluta dal testatore, non può agire per la ripetizione, salvo che sia un incapace. Le disposizioni di questo articolo non si applicano al caso in cui l’istituzione o il legato sono impugnati come fatti per interposta persona a favore di incapaci a ricevere.
445	Art. 627 Disposizione fiduciaria	2. In quali circostanze le disposizioni di questo articolo non si applicano?	Non è ammessa azione in giudizio per accertare che le disposizioni fatte a favore di persona dichiarata nel testamento sono soltanto apparenti e che in realtà riguardano altra persona, anche se espressioni del testamento possono indicare o far presumere che si tratta di persona interposta. Tuttavia la persona dichiarata nel testamento, se ha spontaneamente eseguito la disposizione fiduciaria trasferendo i beni alla persona voluta dal testatore, non può agire per la ripetizione, salvo che sia un incapace. Le disposizioni di questo articolo non si applicano al caso in cui l’istituzione o il legato sono impugnati come fatti per interposta persona a favore di incapaci a ricevere.
446	Art. 627 Disposizione fiduciaria	3. È possibile agire in giudizio per accertare che le disposizioni testamentarie sono solo apparenti e riguardano un'altra persona?	Non è ammessa azione in giudizio per accertare che le disposizioni fatte a favore di persona dichiarata nel testamento sono soltanto apparenti e che in realtà riguardano altra persona, anche se espressioni del testamento possono indicare o far presumere che si tratta di persona interposta. Tuttavia la persona dichiarata nel testamento, se ha spontaneamente eseguito la disposizione fiduciaria trasferendo i beni alla persona voluta dal testatore, non può agire per la ripetizione, salvo che sia un incapace. Le disposizioni di questo articolo non si applicano al caso in cui l’istituzione o il legato sono impugnati come fatti per interposta persona a favore di incapaci a ricevere.
447	Art. 627 Disposizione fiduciaria	4. Cosa accade se le espressioni del testamento indicano o fanno presumere che si tratta di una persona interposta?	Non è ammessa azione in giudizio per accertare che le disposizioni fatte a favore di persona dichiarata nel testamento sono soltanto apparenti e che in realtà riguardano altra persona, anche se espressioni del testamento possono indicare o far presumere che si tratta di persona interposta. Tuttavia la persona dichiarata nel testamento, se ha spontaneamente eseguito la disposizione fiduciaria trasferendo i beni alla persona voluta dal testatore, non può agire per la ripetizione, salvo che sia un incapace. Le disposizioni di questo articolo non si applicano al caso in cui l’istituzione o il legato sono impugnati come fatti per interposta persona a favore di incapaci a ricevere.
448	Art. 628 Disposizione a favore di persona incerta	1. Quali sono le conseguenze giuridiche di una disposizione fatta a favore di una persona indicata in modo da non poter essere determinata?	È nulla ogni disposizione fatta a favore di persona che sia indicata in modo da non poter essere determinata.
449	Art. 629 Disposizioni a favore dell’anima	1. Quali condizioni devono essere soddisfatte affinché le disposizioni a favore dell’anima siano considerate valide?	Le disposizioni a favore dell’anima sono valide qualora siano determinati i beni o possa essere determinata la somma da impiegarsi a tale fine. Esse si considerano come un onere a carico dell’erede o del legatario, e si applica l’Art. 648. Il testatore può designare una persona che curi l’esecuzione della disposizione, anche nel caso in cui manchi un interessato a richiedere l’adempimento.
450	Art. 629 Disposizioni a favore dell’anima	2. Come vengono considerate le disposizioni a favore dell’anima in relazione all’erede o al legatario?	Le disposizioni a favore dell’anima sono valide qualora siano determinati i beni o possa essere determinata la somma da impiegarsi a tale fine. Esse si considerano come un onere a carico dell’erede o del legatario, e si applica l’Art. 648. Il testatore può designare una persona che curi l’esecuzione della disposizione, anche nel caso in cui manchi un interessato a richiedere l’adempimento.
451	Art. 629 Disposizioni a favore dell’anima	3. Cosa può fare il testatore per garantire l’esecuzione della disposizione a favore dell’anima?	Le disposizioni a favore dell’anima sono valide qualora siano determinati i beni o possa essere determinata la somma da impiegarsi a tale fine. Esse si considerano come un onere a carico dell’erede o del legatario, e si applica l’Art. 648. Il testatore può designare una persona che curi l’esecuzione della disposizione, anche nel caso in cui manchi un interessato a richiedere l’adempimento.
452	Art. 630 Disposizioni a favore dei poveri	1. In che modo vengono interpretate le disposizioni testamentarie a favore dei poveri quando non è specificato l'uso o il pubblico istituto beneficiario?	Le disposizioni a favore dei poveri e altre simili, espresse genericamente, senza che si determini l’uso o il pubblico istituto a cui beneficio sono fatte, s’intendono fatte in favore dei poveri del luogo in cui il testatore aveva il domicilio al tempo della sua morte, e i beni sono devoluti all’ente comunale di assistenza. La precedente disposizione si applica anche quando la persona incaricata dal testatore di determinare l’uso o il pubblico istituto non può o non vuole accettare l’incarico.
453	Art. 630 Disposizioni a favore dei poveri	2. Cosa accade se la persona incaricata dal testatore di determinare l'uso o il pubblico istituto non accetta l'incarico?	Le disposizioni a favore dei poveri e altre simili, espresse genericamente, senza che si determini l’uso o il pubblico istituto a cui beneficio sono fatte, s’intendono fatte in favore dei poveri del luogo in cui il testatore aveva il domicilio al tempo della sua morte, e i beni sono devoluti all’ente comunale di assistenza. La precedente disposizione si applica anche quando la persona incaricata dal testatore di determinare l’uso o il pubblico istituto non può o non vuole accettare l’incarico.
454	Art. 631 Disposizioni rimesse all’arbitrio del terzo	1. Quali sono le conseguenze di una disposizione testamentaria che dipende dall'arbitrio di un terzo per l'indicazione dell'erede o del legatario?	È nulla ogni disposizione testamentaria con la quale si fa dipendere dall’arbitrio di un terzo l’indicazione dell’erede o del legatario, ovvero la determinazione della quota di eredità. Tuttavia è valida la disposizione a titolo particolare in favore di persona da scegliersi dall’onerato o da un terzo tra più persone determinate dal testatore o appartenenti a famiglie o categorie di persone da lui determinate, ed è pure valida la disposizione a titolo particolare a favore di uno tra più enti determinati del pari dal testatore. Se sono indicate più persone in modo alternativo e non è stabilito chi deve fare la scelta, questa si considera lasciata all’onerato. Se l’onerato o il terzo non può o non vuole fare la scelta, questa è fatta con decreto dal presidente del tribunale del luogo in cui si è aperta la successione, dopo avere assunto le opportune informazioni (Cod. Proc. Civ. 751).
455	Art. 631 Disposizioni rimesse all’arbitrio del terzo	2. In quali circostanze è valida una disposizione testamentaria a titolo particolare in favore di una persona scelta da un terzo?	È nulla ogni disposizione testamentaria con la quale si fa dipendere dall’arbitrio di un terzo l’indicazione dell’erede o del legatario, ovvero la determinazione della quota di eredità. Tuttavia è valida la disposizione a titolo particolare in favore di persona da scegliersi dall’onerato o da un terzo tra più persone determinate dal testatore o appartenenti a famiglie o categorie di persone da lui determinate, ed è pure valida la disposizione a titolo particolare a favore di uno tra più enti determinati del pari dal testatore. Se sono indicate più persone in modo alternativo e non è stabilito chi deve fare la scelta, questa si considera lasciata all’onerato. Se l’onerato o il terzo non può o non vuole fare la scelta, questa è fatta con decreto dal presidente del tribunale del luogo in cui si è aperta la successione, dopo avere assunto le opportune informazioni (Cod. Proc. Civ. 751).
456	Art. 631 Disposizioni rimesse all’arbitrio del terzo	3. Cosa accade se sono indicate più persone in modo alternativo e non è stabilito chi deve fare la scelta?	È nulla ogni disposizione testamentaria con la quale si fa dipendere dall’arbitrio di un terzo l’indicazione dell’erede o del legatario, ovvero la determinazione della quota di eredità. Tuttavia è valida la disposizione a titolo particolare in favore di persona da scegliersi dall’onerato o da un terzo tra più persone determinate dal testatore o appartenenti a famiglie o categorie di persone da lui determinate, ed è pure valida la disposizione a titolo particolare a favore di uno tra più enti determinati del pari dal testatore. Se sono indicate più persone in modo alternativo e non è stabilito chi deve fare la scelta, questa si considera lasciata all’onerato. Se l’onerato o il terzo non può o non vuole fare la scelta, questa è fatta con decreto dal presidente del tribunale del luogo in cui si è aperta la successione, dopo avere assunto le opportune informazioni (Cod. Proc. Civ. 751).
457	Art. 631 Disposizioni rimesse all’arbitrio del terzo	4. Qual è il ruolo del presidente del tribunale nel caso in cui l'onerato o il terzo non possa o non voglia fare la scelta?	È nulla ogni disposizione testamentaria con la quale si fa dipendere dall’arbitrio di un terzo l’indicazione dell’erede o del legatario, ovvero la determinazione della quota di eredità. Tuttavia è valida la disposizione a titolo particolare in favore di persona da scegliersi dall’onerato o da un terzo tra più persone determinate dal testatore o appartenenti a famiglie o categorie di persone da lui determinate, ed è pure valida la disposizione a titolo particolare a favore di uno tra più enti determinati del pari dal testatore. Se sono indicate più persone in modo alternativo e non è stabilito chi deve fare la scelta, questa si considera lasciata all’onerato. Se l’onerato o il terzo non può o non vuole fare la scelta, questa è fatta con decreto dal presidente del tribunale del luogo in cui si è aperta la successione, dopo avere assunto le opportune informazioni (Cod. Proc. Civ. 751).
458	Art. 631 Disposizioni rimesse all’arbitrio del terzo	5. Quali informazioni deve assumere il presidente del tribunale prima di fare la scelta con decreto?	È nulla ogni disposizione testamentaria con la quale si fa dipendere dall’arbitrio di un terzo l’indicazione dell’erede o del legatario, ovvero la determinazione della quota di eredità. Tuttavia è valida la disposizione a titolo particolare in favore di persona da scegliersi dall’onerato o da un terzo tra più persone determinate dal testatore o appartenenti a famiglie o categorie di persone da lui determinate, ed è pure valida la disposizione a titolo particolare a favore di uno tra più enti determinati del pari dal testatore. Se sono indicate più persone in modo alternativo e non è stabilito chi deve fare la scelta, questa si considera lasciata all’onerato. Se l’onerato o il terzo non può o non vuole fare la scelta, questa è fatta con decreto dal presidente del tribunale del luogo in cui si è aperta la successione, dopo avere assunto le opportune informazioni (Cod. Proc. Civ. 751).
459	Art. 632 Determinazione di legato per arbitrio altrui	1. Quali sono le condizioni che rendono nulla una disposizione relativa a un legato?	È nulla la disposizione che lascia al mero arbitrio dell’onerato o di un terzo di determinare l’oggetto o la quantità del legato. Sono validi i legati fatti a titolo di rimunerazione per i servizi prestati al testatore, anche se non ne sia indicato l’oggetto o la quantità.
460	Art. 632 Determinazione di legato per arbitrio altrui	2. In quali circostanze un legato è considerato valido anche se non ne è indicato l'oggetto o la quantità?	È nulla la disposizione che lascia al mero arbitrio dell’onerato o di un terzo di determinare l’oggetto o la quantità del legato. Sono validi i legati fatti a titolo di rimunerazione per i servizi prestati al testatore, anche se non ne sia indicato l’oggetto o la quantità.
461	Art. 633 Condizione sospensiva o risolutiva	1. Quali tipi di condizioni possono essere applicate alle disposizioni a titolo universale o particolare secondo il testo?	Le disposizioni a titolo universale o particolare possono farsi sotto condizione sospensiva o risolutiva (646, 1353; att. 139).
462	Art. 634 Condizioni impossibili o illecite	1. Cosa accade alle condizioni impossibili nelle disposizioni testamentarie secondo il testo?	Nelle disposizioni testamentarie si considerano non apposte le condizioni impossibili e quelle contrarie a norme imperative, all’ordine pubblico o al buon costume, salvo quanto è stabilito dall’Art. 626.
463	Art. 634 Condizioni impossibili o illecite	2. Quali tipi di condizioni nelle disposizioni testamentarie sono considerate non apposte?	Nelle disposizioni testamentarie si considerano non apposte le condizioni impossibili e quelle contrarie a norme imperative, all’ordine pubblico o al buon costume, salvo quanto è stabilito dall’Art. 626.
464	Art. 634 Condizioni impossibili o illecite	3. Qual è l'eccezione menzionata nel testo riguardo alle condizioni nelle disposizioni testamentarie?	Nelle disposizioni testamentarie si considerano non apposte le condizioni impossibili e quelle contrarie a norme imperative, all’ordine pubblico o al buon costume, salvo quanto è stabilito dall’Art. 626.
465	Art. 635 Condizione di reciprocità	1. Qual è la validità di una disposizione testamentaria che impone la condizione di essere avvantaggiato nel testamento dell'erede o del legatario?	È nulla la disposizione a titolo universale o particolare fatta dal testatore a condizione di essere a sua volta avvantaggiato nel testamento dell’erede o del legatario.
466	Art. 636 Divieto di nozze	1. Quali sono le condizioni considerate illecite in relazione alle nozze secondo il testo?	È illecita la condizione che impedisce le prime nozze o le ulteriori (634; att. 138). Tuttavia il legatario di usufrutto (978 e seguenti) o di uso, di abitazione (1021 e seguenti) o di pensione, o di altra prestazione periodica per il caso o per il tempo del celibato o della vedovanza, non può goderne che durante il celibato o la vedovanza.
467	Art. 636 Divieto di nozze	2. In quali circostanze il legatario di usufrutto o di altre prestazioni periodiche può goderne secondo il testo?	È illecita la condizione che impedisce le prime nozze o le ulteriori (634; att. 138). Tuttavia il legatario di usufrutto (978 e seguenti) o di uso, di abitazione (1021 e seguenti) o di pensione, o di altra prestazione periodica per il caso o per il tempo del celibato o della vedovanza, non può goderne che durante il celibato o la vedovanza.
468	Art. 637 Termine	"1. Cosa si intende per ""termine"" in una disposizione a titolo universale secondo il testo?"	Si considera non apposto a una disposizione a titolo universale il termine dal quale l’effetto di essa deve cominciare o cessare.
469	Art. 638 Condizione di non fare o di non dare	1. Cosa accade se il testatore impone una condizione indeterminata all'erede o al legatario nel testamento?	Se il testatore ha disposto sotto la condizione che l’erede o il legatario non faccia o non dia qualche cosa per un tempo indeterminato, la disposizione si considera fatta sotto condizione risolutiva, salvo che dal testamento risulti una contraria volontà del testatore.
470	Art. 639 Garanzia in caso di condizione risolutiva	1. In quali circostanze l'autorità giudiziaria può imporre all'erede o al legatario di prestare idonea garanzia?	Se la disposizione testamentaria è sottoposta a condizione risolutiva, l’autorità giudiziaria, qualora ne ravvisi l’opportunità, può imporre all’erede o al legatario (Cod. Proc. Civ. 750) di prestare idonea garanzia a favore di coloro ai quali l’eredità o il legato dovrebbe devolversi nel caso che la condizione si avverasse.
471	Art. 639 Garanzia in caso di condizione risolutiva	2. A favore di chi deve essere prestata la garanzia nel caso di una disposizione testamentaria sottoposta a condizione risolutiva?	Se la disposizione testamentaria è sottoposta a condizione risolutiva, l’autorità giudiziaria, qualora ne ravvisi l’opportunità, può imporre all’erede o al legatario (Cod. Proc. Civ. 750) di prestare idonea garanzia a favore di coloro ai quali l’eredità o il legato dovrebbe devolversi nel caso che la condizione si avverasse.
472	Art. 639 Garanzia in caso di condizione risolutiva	3. Qual è il ruolo dell'autorità giudiziaria quando una disposizione testamentaria è sottoposta a condizione risolutiva?	Se la disposizione testamentaria è sottoposta a condizione risolutiva, l’autorità giudiziaria, qualora ne ravvisi l’opportunità, può imporre all’erede o al legatario (Cod. Proc. Civ. 750) di prestare idonea garanzia a favore di coloro ai quali l’eredità o il legato dovrebbe devolversi nel caso che la condizione si avverasse.
473	Art. 640 Garanzia in caso di legato sottoposto a condizione sospensiva o a termine	1. In quali circostanze l'onerato può essere costretto a dare idonea garanzia al legatario?	Se a taluno è lasciato un legato sotto condizione sospensiva o dopo un certo tempo, l’onerato può essere costretto (Cod. Proc. Civ. 750) a dare idonea garanzia al legatario, salvo che il testatore abbia diversamente disposto. La garanzia può essere imposta anche al legatario quando il legato è a termine finale.
474	Art. 640 Garanzia in caso di legato sottoposto a condizione sospensiva o a termine	2. Quando può essere imposta una garanzia al legatario?	Se a taluno è lasciato un legato sotto condizione sospensiva o dopo un certo tempo, l’onerato può essere costretto (Cod. Proc. Civ. 750) a dare idonea garanzia al legatario, salvo che il testatore abbia diversamente disposto. La garanzia può essere imposta anche al legatario quando il legato è a termine finale.
475	Art. 641 Amministrazione in caso di condizione sospensiva o di mancata prestazione di garanzia	1. Cosa accade all'eredità se l'erede è istituito sotto condizione sospensiva e la condizione non si è ancora verificata?	Qualora l’erede sia istituito sotto condizione sospensiva, finché questa condizione non si verifica o non è certo che non si può più verificare, è dato all’eredità un amministratore. Vale la stessa norma anche nel caso in cui l’erede o il legatario non adempie l’obbligo di prestare la garanzia prevista dai due articoli precedenti.
476	Art. 641 Amministrazione in caso di condizione sospensiva o di mancata prestazione di garanzia	2. Quale misura viene adottata se l'erede o il legatario non adempie l'obbligo di prestare la garanzia prevista?	Qualora l’erede sia istituito sotto condizione sospensiva, finché questa condizione non si verifica o non è certo che non si può più verificare, è dato all’eredità un amministratore. Vale la stessa norma anche nel caso in cui l’erede o il legatario non adempie l’obbligo di prestare la garanzia prevista dai due articoli precedenti.
477	Art. 642 Persone a cui spetta l’amministrazione	1. A chi spetta l'amministrazione se non è prevista la sostituzione e non vi sono coeredi con diritto di accrescimento?	L’amministrazione spetta alla persona a cui favore è stata disposta la sostituzione (688 e seguenti), ovvero al coerede o ai coeredi, quando tra essi e l’erede condizionale vi è il diritto di accrescimento (674 e seguenti). Se non è prevista la sostituzione o non vi sono coeredi a favore dei quali abbia luogo il diritto di accrescimento, l’amministrazione spetta al presunto erede legittimo. In ogni caso l’autorità giudiziaria, quando concorrono giusti motivi, può provvedere altrimenti.
478	Art. 642 Persone a cui spetta l’amministrazione	2. In quali circostanze l'autorità giudiziaria può intervenire diversamente nell'amministrazione?	L’amministrazione spetta alla persona a cui favore è stata disposta la sostituzione (688 e seguenti), ovvero al coerede o ai coeredi, quando tra essi e l’erede condizionale vi è il diritto di accrescimento (674 e seguenti). Se non è prevista la sostituzione o non vi sono coeredi a favore dei quali abbia luogo il diritto di accrescimento, l’amministrazione spetta al presunto erede legittimo. In ogni caso l’autorità giudiziaria, quando concorrono giusti motivi, può provvedere altrimenti.
479	Art. 642 Persone a cui spetta l’amministrazione	3. Qual è il ruolo del coerede o dei coeredi quando esiste un diritto di accrescimento con l'erede condizionale?	L’amministrazione spetta alla persona a cui favore è stata disposta la sostituzione (688 e seguenti), ovvero al coerede o ai coeredi, quando tra essi e l’erede condizionale vi è il diritto di accrescimento (674 e seguenti). Se non è prevista la sostituzione o non vi sono coeredi a favore dei quali abbia luogo il diritto di accrescimento, l’amministrazione spetta al presunto erede legittimo. In ogni caso l’autorità giudiziaria, quando concorrono giusti motivi, può provvedere altrimenti.
480	Art. 643 Amministrazione in caso di eredi nascituri	1. In che modo viene tutelato il diritto successorio di un non concepito chiamato a succedere?	Le disposizioni dei due precedenti articoli si applicano anche nel caso in cui sia chiamato a succedere un non concepito, figlio di una determinata persona vivente. A questa spetta la rappresentanza del nascituro, per la tutela dei suoi diritti successori, anche quando l’amministratore dell’eredità è una persona diversa. Se è chiamato un concepito, l’amministrazione spetta al padre e alla madre.
481	Art. 643 Amministrazione in caso di eredi nascituri	2. Chi rappresenta il nascituro nel caso in cui l'amministratore dell'eredità sia una persona diversa?	Le disposizioni dei due precedenti articoli si applicano anche nel caso in cui sia chiamato a succedere un non concepito, figlio di una determinata persona vivente. A questa spetta la rappresentanza del nascituro, per la tutela dei suoi diritti successori, anche quando l’amministratore dell’eredità è una persona diversa. Se è chiamato un concepito, l’amministrazione spetta al padre e alla madre.
482	Art. 643 Amministrazione in caso di eredi nascituri	3. A chi spetta l'amministrazione dell'eredità se il chiamato a succedere è un concepito?	Le disposizioni dei due precedenti articoli si applicano anche nel caso in cui sia chiamato a succedere un non concepito, figlio di una determinata persona vivente. A questa spetta la rappresentanza del nascituro, per la tutela dei suoi diritti successori, anche quando l’amministratore dell’eredità è una persona diversa. Se è chiamato un concepito, l’amministrazione spetta al padre e alla madre.
483	Art. 644 Obblighi e facoltà degli amministratori	1. Quali regole comuni si applicano agli amministratori indicati dai precedenti articoli?	Agli amministratori indicati dai precedenti articoli sono comuni le regole che si riferiscono ai curatori dell’eredità giacente (528 e seguenti).
484	Art. 645 Condizione sospensiva potestativa senza termine	1. Cosa possono fare gli interessati se la condizione sospensiva potestativa di un'eredità o di un legato non ha un termine indicato per l'adempimento?	Se la condizione apposta all’istituzione di erede o al legato è sospensiva potestativa e non è indicato il termine per l’adempimento, gli interessati possono adire l’autorità giudiziaria perché fissi questo termine (Cod. Proc. Civ. 749).
485	Art. 646 Retroattività della condizione	1. Qual è l'effetto dell'adempimento della condizione secondo il testo?	L’adempimento della condizione ha effetto retroattivo; ma l’erede o il legatario, nel caso di condizione risolutiva, non è tenuto a restituire i frutti se non dal giorno in cui la condizione si è verificata. L’azione per la restituzione dei frutti si prescrive in cinque anni (2941 e seguenti).
486	Art. 646 Retroattività della condizione	2. In quale caso l'erede o il legatario non è tenuto a restituire i frutti?	L’adempimento della condizione ha effetto retroattivo; ma l’erede o il legatario, nel caso di condizione risolutiva, non è tenuto a restituire i frutti se non dal giorno in cui la condizione si è verificata. L’azione per la restituzione dei frutti si prescrive in cinque anni (2941 e seguenti).
487	Art. 646 Retroattività della condizione	3. Qual è il termine di prescrizione per l'azione di restituzione dei frutti?	L’adempimento della condizione ha effetto retroattivo; ma l’erede o il legatario, nel caso di condizione risolutiva, non è tenuto a restituire i frutti se non dal giorno in cui la condizione si è verificata. L’azione per la restituzione dei frutti si prescrive in cinque anni (2941 e seguenti).
488	Art. 647 Onere	1. Che cosa può essere apposto tanto all'istituzione di erede quanto al legato?	Tanto all’istituzione di erede quanto al legato può essere apposto un onere. Se il testatore non ha diversamente disposto, l’autorità giudiziaria, qualora ne ravvisi l’opportunità, può imporre all’erede o al legatario gravato dall’onere una cauzione. L’onere impossibile o illecito si considera non apposto; rende tuttavia nulla la disposizione, se ne ha costituito il solo motivo determinante.
489	Art. 647 Onere	2. In quali circostanze l'autorità giudiziaria può imporre una cauzione all'erede o al legatario?	Tanto all’istituzione di erede quanto al legato può essere apposto un onere. Se il testatore non ha diversamente disposto, l’autorità giudiziaria, qualora ne ravvisi l’opportunità, può imporre all’erede o al legatario gravato dall’onere una cauzione. L’onere impossibile o illecito si considera non apposto; rende tuttavia nulla la disposizione, se ne ha costituito il solo motivo determinante.
490	Art. 647 Onere	3. Cosa accade se l'onere è impossibile o illecito?	Tanto all’istituzione di erede quanto al legato può essere apposto un onere. Se il testatore non ha diversamente disposto, l’autorità giudiziaria, qualora ne ravvisi l’opportunità, può imporre all’erede o al legatario gravato dall’onere una cauzione. L’onere impossibile o illecito si considera non apposto; rende tuttavia nulla la disposizione, se ne ha costituito il solo motivo determinante.
491	Art. 647 Onere	4. Qual è la conseguenza se l'onere impossibile o illecito ha costituito il solo motivo determinante della disposizione?	Tanto all’istituzione di erede quanto al legato può essere apposto un onere. Se il testatore non ha diversamente disposto, l’autorità giudiziaria, qualora ne ravvisi l’opportunità, può imporre all’erede o al legatario gravato dall’onere una cauzione. L’onere impossibile o illecito si considera non apposto; rende tuttavia nulla la disposizione, se ne ha costituito il solo motivo determinante.
492	Art. 648 Adempimento dell’onere	1. Chi può agire per l'adempimento dell'onere secondo il Codice di Procedura Civile?	Per l’adempimento dell’onere può agire qualsiasi interessato (Cod. Proc. Civ. 99). Nel caso d’inadempimento dell’onere, l’autorità giudiziaria può pronunziare la risoluzione della disposizione testamentaria (677, comma III), se la risoluzione è stata prevista dal testatore, o se l’adempimento dell’onere ha costituito il solo motivo determinante della disposizione (2652 n. 1)).
493	Art. 648 Adempimento dell’onere	2. In quali circostanze l'autorità giudiziaria può pronunciare la risoluzione della disposizione testamentaria in caso di inadempimento dell'onere?	Per l’adempimento dell’onere può agire qualsiasi interessato (Cod. Proc. Civ. 99). Nel caso d’inadempimento dell’onere, l’autorità giudiziaria può pronunziare la risoluzione della disposizione testamentaria (677, comma III), se la risoluzione è stata prevista dal testatore, o se l’adempimento dell’onere ha costituito il solo motivo determinante della disposizione (2652 n. 1)).
494	Art. 649 Acquisto del legato	1. In che modo si acquisisce un legato secondo il testo?	Il legato si acquista senza bisogno di accettazione, salva la facoltà di rinunziare. Quando oggetto del legato e la proprietà di una cosa determinata o altro diritto appartenente al testatore, la proprietà o il diritto si trasmette dal testatore al legatario al momento della morte del testatore. Il legatario però deve domandare all’onerato il possesso della cosa legata, anche quando ne è stato espressamente dispensato dal testatore.
495	Art. 649 Acquisto del legato	2. Quando si trasmette la proprietà o il diritto di un legato al legatario?	Il legato si acquista senza bisogno di accettazione, salva la facoltà di rinunziare. Quando oggetto del legato e la proprietà di una cosa determinata o altro diritto appartenente al testatore, la proprietà o il diritto si trasmette dal testatore al legatario al momento della morte del testatore. Il legatario però deve domandare all’onerato il possesso della cosa legata, anche quando ne è stato espressamente dispensato dal testatore.
496	Art. 649 Acquisto del legato	3. Cosa deve fare il legatario per ottenere il possesso della cosa legata?	Il legato si acquista senza bisogno di accettazione, salva la facoltà di rinunziare. Quando oggetto del legato e la proprietà di una cosa determinata o altro diritto appartenente al testatore, la proprietà o il diritto si trasmette dal testatore al legatario al momento della morte del testatore. Il legatario però deve domandare all’onerato il possesso della cosa legata, anche quando ne è stato espressamente dispensato dal testatore.
497	Art. 650 Fissazione di un termine per la rinunzia	1. Quali sono le conseguenze per il legatario se non dichiara la sua intenzione di rinunziare entro il termine fissato dall'autorità giudiziaria?	Chiunque ha interesse può chiedere che l’autorità giudiziaria fissi un termine (Cod. Proc. Civ. 749) entro il quale il legatario dichiari se intende esercitare la facoltà di rinunziare. Trascorso questo termine senza che abbia fatto alcuna dichiarazione, il legatario perde il diritto di rinunziare.
498	Art. 650 Fissazione di un termine per la rinunzia	2. Chi può richiedere all'autorità giudiziaria di fissare un termine per il legatario affinché dichiari la sua intenzione di rinunziare?	Chiunque ha interesse può chiedere che l’autorità giudiziaria fissi un termine (Cod. Proc. Civ. 749) entro il quale il legatario dichiari se intende esercitare la facoltà di rinunziare. Trascorso questo termine senza che abbia fatto alcuna dichiarazione, il legatario perde il diritto di rinunziare.
499	Art. 651 Legato di cosa dell’onerato o di un terzo	1. In quali circostanze un legato di cosa dell'onerato o di un terzo è considerato nullo?	Il legato di cosa dell’onerato o di un terzo è nullo, salvo che dal testamento o da altra dichiarazione scritta dal testatore risulti che questi sapeva che la cosa legata apparteneva all’onerato o al terzo. In questo ultimo caso l’onerato è obbligato ad acquistare la proprietà della cosa dal terzo e a trasferirla al legatario, ma è in sua facoltà di pagarne al legatario il giusto prezzo. Se però la cosa legata, pur appartenendo ad altri al tempo del testamento, si trova in proprietà del testatore al momento della sua morte, il legato è valido.
500	Art. 651 Legato di cosa dell’onerato o di un terzo	2. Quali obblighi ha l'onerato se il testatore sapeva che la cosa legata apparteneva a un terzo?	Il legato di cosa dell’onerato o di un terzo è nullo, salvo che dal testamento o da altra dichiarazione scritta dal testatore risulti che questi sapeva che la cosa legata apparteneva all’onerato o al terzo. In questo ultimo caso l’onerato è obbligato ad acquistare la proprietà della cosa dal terzo e a trasferirla al legatario, ma è in sua facoltà di pagarne al legatario il giusto prezzo. Se però la cosa legata, pur appartenendo ad altri al tempo del testamento, si trova in proprietà del testatore al momento della sua morte, il legato è valido.
501	Art. 651 Legato di cosa dell’onerato o di un terzo	3. Cosa accade al legato se la cosa legata, inizialmente appartenente a un terzo, diventa proprietà del testatore al momento della sua morte?	Il legato di cosa dell’onerato o di un terzo è nullo, salvo che dal testamento o da altra dichiarazione scritta dal testatore risulti che questi sapeva che la cosa legata apparteneva all’onerato o al terzo. In questo ultimo caso l’onerato è obbligato ad acquistare la proprietà della cosa dal terzo e a trasferirla al legatario, ma è in sua facoltà di pagarne al legatario il giusto prezzo. Se però la cosa legata, pur appartenendo ad altri al tempo del testamento, si trova in proprietà del testatore al momento della sua morte, il legato è valido.
502	Art. 652 Legato di cosa solo in parte del testatore	1. In quali circostanze un legato è valido solo relativamente a una parte della cosa legata o a un diritto sulla medesima?	Se al testatore appartiene una parte della cosa legata o un diritto sulla medesima, il legato è valido solo relativamente a questa parte o a questo diritto salvo che risulti la volontà del testatore di legare la cosa per intero, in conformità dell’articolo precedente.
503	Art. 653 Legato di cosa genericamente determinata	1. È valido un legato di cosa determinata solo nel genere se nel patrimonio del testatore non vi era alcun bene di quel genere al momento della redazione del testamento e al momento della sua morte?	È valido il legato di cosa determinata solo nel genere, anche se nessuna del genere ve n’era nel patrimonio del testatore al tempo del testamento e nessuna se ne trova al tempo della morte.
504	Art. 654 Legato di cosa non esistente nell’asse	1. Cosa accade al legato se la cosa lasciata dal testatore non si trova nel suo patrimonio al momento della morte?	Quando il testatore ha lasciato una sua cosa particolare, o una cosa determinata soltanto nel genere da prendersi dal suo patrimonio, il legato non ha effetto se la cosa non si trova nel patrimonio del testatore al tempo della sua morte. Se la cosa si trova nel patrimonio del testatore al tempo della sua morte, ma non nella quantità determinata, il legato ha effetto per la quantità che vi si trova.
505	Art. 654 Legato di cosa non esistente nell’asse	2. Qual è l'effetto del legato se la cosa si trova nel patrimonio del testatore al momento della morte, ma non nella quantità determinata?	Quando il testatore ha lasciato una sua cosa particolare, o una cosa determinata soltanto nel genere da prendersi dal suo patrimonio, il legato non ha effetto se la cosa non si trova nel patrimonio del testatore al tempo della sua morte. Se la cosa si trova nel patrimonio del testatore al tempo della sua morte, ma non nella quantità determinata, il legato ha effetto per la quantità che vi si trova.
506	Art. 655 Legato di cosa da prendersi da certo luogo	1. Quali sono le condizioni affinché un legato di cose da prendersi da certo luogo abbia effetto per l'intero?	Il legato di cose da prendersi da certo luogo ha effetto soltanto se le cose vi si trovano, e per la parte che vi si trova; ha tuttavia effetto per l’intero, quando, alla morte del testatore, le cose non vi si trovano, in tutto o in parte, perché erano state rimosse temporaneamente dal luogo in cui di solito erano custodite.
507	Art. 655 Legato di cosa da prendersi da certo luogo	2. Cosa accade al legato se le cose non si trovano nel luogo indicato alla morte del testatore?	Il legato di cose da prendersi da certo luogo ha effetto soltanto se le cose vi si trovano, e per la parte che vi si trova; ha tuttavia effetto per l’intero, quando, alla morte del testatore, le cose non vi si trovano, in tutto o in parte, perché erano state rimosse temporaneamente dal luogo in cui di solito erano custodite.
508	Art. 656 Legato di cosa del legatario	1. In quali circostanze un legato di cosa già di proprietà del legatario al momento della stesura del testamento è considerato nullo?	Il legato di cosa che al tempo in cui fu fatto il testamento era già di proprietà del legatario è nullo, se la cosa si trova in proprietà di lui anche al tempo dell’apertura della successione. Se al tempo dell’apertura della successione la cosa si trova in proprietà del testatore, il legato è valido ed è altresì valido se in questo tempo la cosa si trova in proprietà dell’onerato o di un terzo, e dal testamento risulta che essa fu legata in previsione di tale avvenimento.
509	Art. 656 Legato di cosa del legatario	2. Quando un legato è considerato valido se la cosa si trova in proprietà dell'onerato o di un terzo al momento dell'apertura della successione?	Il legato di cosa che al tempo in cui fu fatto il testamento era già di proprietà del legatario è nullo, se la cosa si trova in proprietà di lui anche al tempo dell’apertura della successione. Se al tempo dell’apertura della successione la cosa si trova in proprietà del testatore, il legato è valido ed è altresì valido se in questo tempo la cosa si trova in proprietà dell’onerato o di un terzo, e dal testamento risulta che essa fu legata in previsione di tale avvenimento.
510	Art. 657 Legato di cosa acquistata dal legatario	1. Cosa accade al legato se il legatario acquista la cosa legata dal testatore a titolo oneroso o gratuito dopo la confezione del testamento?	Se il legatario, dopo la confezione del testamento, ha acquistato dal testatore, a titolo oneroso o a titolo gratuito, la cosa a lui legata, il legato è senza effetto in conformità dell’Art. 686. Se dopo la confezione del testamento la cosa legata è stata dal legatario acquistata, a titolo gratuito, dall’onerato o da un terzo, il legato è senza effetto; se l’acquisto ha avuto luogo a titolo oneroso, il legatario ha diritto al rimborso del prezzo, qualora ricorrano le circostanze indicate dall’Art. 651.
511	Art. 657 Legato di cosa acquistata dal legatario	2. Qual è l'effetto sul legato se la cosa legata viene acquistata a titolo gratuito dall'onerato o da un terzo?	Se il legatario, dopo la confezione del testamento, ha acquistato dal testatore, a titolo oneroso o a titolo gratuito, la cosa a lui legata, il legato è senza effetto in conformità dell’Art. 686. Se dopo la confezione del testamento la cosa legata è stata dal legatario acquistata, a titolo gratuito, dall’onerato o da un terzo, il legato è senza effetto; se l’acquisto ha avuto luogo a titolo oneroso, il legatario ha diritto al rimborso del prezzo, qualora ricorrano le circostanze indicate dall’Art. 651.
512	Art. 657 Legato di cosa acquistata dal legatario	3. In quali circostanze il legatario ha diritto al rimborso del prezzo se l'acquisto della cosa legata avviene a titolo oneroso?	Se il legatario, dopo la confezione del testamento, ha acquistato dal testatore, a titolo oneroso o a titolo gratuito, la cosa a lui legata, il legato è senza effetto in conformità dell’Art. 686. Se dopo la confezione del testamento la cosa legata è stata dal legatario acquistata, a titolo gratuito, dall’onerato o da un terzo, il legato è senza effetto; se l’acquisto ha avuto luogo a titolo oneroso, il legatario ha diritto al rimborso del prezzo, qualora ricorrano le circostanze indicate dall’Art. 651.
513	Art. 658 Legato di credito o di liberazione da debito	1. Quale parte del credito o del debito ha effetto nel legato di un credito o di liberazione da un debito?	Il legato di un credito o di liberazione da un debito ha effetto per la sola parte del credito o del debito che sussiste al tempo della morte del testatore. L’erede è soltanto tenuto a consegnare al legatario i titoli del credito legato che si trovavano presso il testatore.
514	Art. 658 Legato di credito o di liberazione da debito	2. Qual è l'obbligo dell'erede nei confronti del legatario riguardo ai titoli del credito legato?	Il legato di un credito o di liberazione da un debito ha effetto per la sola parte del credito o del debito che sussiste al tempo della morte del testatore. L’erede è soltanto tenuto a consegnare al legatario i titoli del credito legato che si trovavano presso il testatore.
515	Art. 659 Legato a favore del creditore	1. Cosa si presume riguardo al legato fatto al creditore se il testatore non menziona il debito nel testamento?	Se il testatore, senza fare menzione del debito, fa un legato al suo creditore, il legato non si presume fatto per soddisfare il legatario del suo credito.
516	Art. 660 Legato di alimenti	1. Quali somministrazioni sono indicate dall'Art. 438 in relazione al legato di alimenti?	Il legato di alimenti, a favore di chiunque sia fatto, comprende le somministrazioni indicate dall’Art. 438, salvo che il testatore abbia altrimenti disposto.
517	Art. 661 Prelegato	1. Come viene considerato un legato a favore di uno dei coeredi che è a carico di tutta l'eredità?	Il legato a favore di uno dei coeredi è a carico di tutta l’eredità si considera come legato per l’intero ammontare.
518	Art. 662 Onere della prestazione del legato	1. A chi può il testatore porre la prestazione del legato a carico?	Il testatore può porre la prestazione del legato a carico degli eredi ovvero a carico di uno o più legatari. Quando il testatore non ha disposto, alla prestazione sono tenuti gli eredi. Su ciascuno dei diversi onerati il legato grava in proporzione della rispettiva quota ereditaria o del legato, se il testatore non ha diversamente disposto.
519	Art. 662 Onere della prestazione del legato	2. Cosa accade se il testatore non dispone chi deve sostenere la prestazione del legato?	Il testatore può porre la prestazione del legato a carico degli eredi ovvero a carico di uno o più legatari. Quando il testatore non ha disposto, alla prestazione sono tenuti gli eredi. Su ciascuno dei diversi onerati il legato grava in proporzione della rispettiva quota ereditaria o del legato, se il testatore non ha diversamente disposto.
520	Art. 662 Onere della prestazione del legato	3. In che modo il legato grava sui diversi onerati se il testatore non ha disposto diversamente?	Il testatore può porre la prestazione del legato a carico degli eredi ovvero a carico di uno o più legatari. Quando il testatore non ha disposto, alla prestazione sono tenuti gli eredi. Su ciascuno dei diversi onerati il legato grava in proporzione della rispettiva quota ereditaria o del legato, se il testatore non ha diversamente disposto.
521	Art. 663 Legato imposto a un solo erede	1. Cosa accade se l'obbligo di adempiere il legato è stato particolarmente imposto a uno degli eredi?	Se l’obbligo di adempiere il legato è stato particolarmente imposto a uno degli eredi, questi solo è tenuto a soddisfarlo. Se è stata legata una cosa propria di un coerede, i coeredi sono tenuti a compensarlo del valore di essa con denaro o con beni ereditari, in proporzione della loro quota ereditaria, quando non consta una contraria volontà del testatore.
522	Art. 663 Legato imposto a un solo erede	2. Come devono comportarsi i coeredi se è stata legata una cosa propria di un coerede?	Se l’obbligo di adempiere il legato è stato particolarmente imposto a uno degli eredi, questi solo è tenuto a soddisfarlo. Se è stata legata una cosa propria di un coerede, i coeredi sono tenuti a compensarlo del valore di essa con denaro o con beni ereditari, in proporzione della loro quota ereditaria, quando non consta una contraria volontà del testatore.
523	Art. 664 Adempimento del legato di genere	1. Chi ha la facoltà di scelta nel legato di cosa determinata soltanto nel genere se il testatore non ha affidato la scelta al legatario o a un terzo?	Nel legato di cosa determinata soltanto nel genere, la scelta, quando dal testatore non è affidata al legatario o a un terzo, spetta all’onerato. Questi è obbligato a dar cose di qualità non inferiore alla media; ma se nel patrimonio ereditario vi è una sola delle cose appartenenti al genere indicato, l’onerato non ha facoltà né può essere obbligato a prestarne un’altra, salvo espressa disposizione contraria del testatore. Se la scelta è lasciata dal testatore al legatario o a un terzo, questi devono scegliere una cosa di media qualità; ma se cose del genere indicato si trovano nell’eredità, il legatario può scegliere la migliore. Se il terzo non può o non vuole fare la scelta, questa è fatta a norma del terzo comma dell’Art. 631 (Cod. Proc. Civ. 751).
524	Art. 664 Adempimento del legato di genere	2. Qual è l'obbligo dell'onerato riguardo alla qualità delle cose da dare nel legato di cosa determinata soltanto nel genere?	Nel legato di cosa determinata soltanto nel genere, la scelta, quando dal testatore non è affidata al legatario o a un terzo, spetta all’onerato. Questi è obbligato a dar cose di qualità non inferiore alla media; ma se nel patrimonio ereditario vi è una sola delle cose appartenenti al genere indicato, l’onerato non ha facoltà né può essere obbligato a prestarne un’altra, salvo espressa disposizione contraria del testatore. Se la scelta è lasciata dal testatore al legatario o a un terzo, questi devono scegliere una cosa di media qualità; ma se cose del genere indicato si trovano nell’eredità, il legatario può scegliere la migliore. Se il terzo non può o non vuole fare la scelta, questa è fatta a norma del terzo comma dell’Art. 631 (Cod. Proc. Civ. 751).
525	Art. 664 Adempimento del legato di genere	3. Cosa accade se nel patrimonio ereditario vi è una sola delle cose appartenenti al genere indicato?	Nel legato di cosa determinata soltanto nel genere, la scelta, quando dal testatore non è affidata al legatario o a un terzo, spetta all’onerato. Questi è obbligato a dar cose di qualità non inferiore alla media; ma se nel patrimonio ereditario vi è una sola delle cose appartenenti al genere indicato, l’onerato non ha facoltà né può essere obbligato a prestarne un’altra, salvo espressa disposizione contraria del testatore. Se la scelta è lasciata dal testatore al legatario o a un terzo, questi devono scegliere una cosa di media qualità; ma se cose del genere indicato si trovano nell’eredità, il legatario può scegliere la migliore. Se il terzo non può o non vuole fare la scelta, questa è fatta a norma del terzo comma dell’Art. 631 (Cod. Proc. Civ. 751).
526	Art. 664 Adempimento del legato di genere	4. Quali sono le condizioni per cui il legatario può scegliere la migliore delle cose del genere indicato?	Nel legato di cosa determinata soltanto nel genere, la scelta, quando dal testatore non è affidata al legatario o a un terzo, spetta all’onerato. Questi è obbligato a dar cose di qualità non inferiore alla media; ma se nel patrimonio ereditario vi è una sola delle cose appartenenti al genere indicato, l’onerato non ha facoltà né può essere obbligato a prestarne un’altra, salvo espressa disposizione contraria del testatore. Se la scelta è lasciata dal testatore al legatario o a un terzo, questi devono scegliere una cosa di media qualità; ma se cose del genere indicato si trovano nell’eredità, il legatario può scegliere la migliore. Se il terzo non può o non vuole fare la scelta, questa è fatta a norma del terzo comma dell’Art. 631 (Cod. Proc. Civ. 751).
527	Art. 664 Adempimento del legato di genere	5. Cosa succede se il terzo designato dal testatore non può o non vuole fare la scelta nel legato di cosa determinata soltanto nel genere?	Nel legato di cosa determinata soltanto nel genere, la scelta, quando dal testatore non è affidata al legatario o a un terzo, spetta all’onerato. Questi è obbligato a dar cose di qualità non inferiore alla media; ma se nel patrimonio ereditario vi è una sola delle cose appartenenti al genere indicato, l’onerato non ha facoltà né può essere obbligato a prestarne un’altra, salvo espressa disposizione contraria del testatore. Se la scelta è lasciata dal testatore al legatario o a un terzo, questi devono scegliere una cosa di media qualità; ma se cose del genere indicato si trovano nell’eredità, il legatario può scegliere la migliore. Se il terzo non può o non vuole fare la scelta, questa è fatta a norma del terzo comma dell’Art. 631 (Cod. Proc. Civ. 751).
528	Art. 664 Adempimento del legato di genere	6. A quale articolo del Codice di Procedura Civile si fa riferimento per la scelta nel caso in cui il terzo non possa o non voglia fare la scelta?	Nel legato di cosa determinata soltanto nel genere, la scelta, quando dal testatore non è affidata al legatario o a un terzo, spetta all’onerato. Questi è obbligato a dar cose di qualità non inferiore alla media; ma se nel patrimonio ereditario vi è una sola delle cose appartenenti al genere indicato, l’onerato non ha facoltà né può essere obbligato a prestarne un’altra, salvo espressa disposizione contraria del testatore. Se la scelta è lasciata dal testatore al legatario o a un terzo, questi devono scegliere una cosa di media qualità; ma se cose del genere indicato si trovano nell’eredità, il legatario può scegliere la migliore. Se il terzo non può o non vuole fare la scelta, questa è fatta a norma del terzo comma dell’Art. 631 (Cod. Proc. Civ. 751).
529	Art. 665 Scelta nel legato alternativo	1. Chi ha il diritto di scelta nel legato alternativo se il testatore non specifica diversamente?	Nel legato alternativo la scelta spetta all’onerato, a meno che il testatore l’abbia lasciata al legatario o a un terzo.
530	Art. 666 Trasmissione all’erede della facoltà di scelta	1. Cosa accade se l'onerato o il legatario a cui compete la scelta nel legato di genere o alternativo non ha potuto farla?	Tanto nel legato di genere quanto in quello alternativo, se l’onerato o il legatario a cui compete la scelta non ha potuto farla, la facoltà di scegliere si trasmette al suo erede. La scelta fatta è irretrattabile.
531	Art. 666 Trasmissione all’erede della facoltà di scelta	2. La scelta effettuata nel contesto di un legato di genere o alternativo può essere revocata?	Tanto nel legato di genere quanto in quello alternativo, se l’onerato o il legatario a cui compete la scelta non ha potuto farla, la facoltà di scegliere si trasmette al suo erede. La scelta fatta è irretrattabile.
532	Art. 667 Accessioni della cosa legata	1. Quali sono le condizioni affinché le costruzioni fatte su un fondo siano comprese nel legato?	La cosa legata, con tutte le sue pertinenze (817 e seguenti), deve essere prestata al legatario nello stato in cui si trova al tempo della morte del testatore. Se è stato legato un fondo, sono comprese nel legato anche le costruzioni fatte nel fondo, sia che esistessero già al tempo della confezione del testamento, sia che non esistessero, salva in ogni caso l’applicabilità del secondo comma dell’art. 686. Se il fondo legato è stato accresciuto con acquisti posteriori, questi sono dovuti al legatario, purché siano contigui al fondo e costituiscano con esso una unità economica.
533	Art. 667 Accessioni della cosa legata	2. In che stato deve essere prestata la cosa legata al legatario?	La cosa legata, con tutte le sue pertinenze (817 e seguenti), deve essere prestata al legatario nello stato in cui si trova al tempo della morte del testatore. Se è stato legato un fondo, sono comprese nel legato anche le costruzioni fatte nel fondo, sia che esistessero già al tempo della confezione del testamento, sia che non esistessero, salva in ogni caso l’applicabilità del secondo comma dell’art. 686. Se il fondo legato è stato accresciuto con acquisti posteriori, questi sono dovuti al legatario, purché siano contigui al fondo e costituiscano con esso una unità economica.
534	Art. 667 Accessioni della cosa legata	3. Quali requisiti devono avere gli acquisti posteriori per essere dovuti al legatario?	La cosa legata, con tutte le sue pertinenze (817 e seguenti), deve essere prestata al legatario nello stato in cui si trova al tempo della morte del testatore. Se è stato legato un fondo, sono comprese nel legato anche le costruzioni fatte nel fondo, sia che esistessero già al tempo della confezione del testamento, sia che non esistessero, salva in ogni caso l’applicabilità del secondo comma dell’art. 686. Se il fondo legato è stato accresciuto con acquisti posteriori, questi sono dovuti al legatario, purché siano contigui al fondo e costituiscano con esso una unità economica.
535	Art. 668 Adempimento del legato	1. Quali oneri deve sopportare il legatario se la cosa legata è gravata da una servitù o da una rendita fondiaria?	Se la cosa legata è gravata da una servitù (1027 e seguenti), da un canone o da altro onere inerente al fondo, ovvero da una rendita fondiaria, il peso ne è sopportato dal legatario. Se la cosa legata è vincolata per una rendita semplice (1863 e seguenti), un censo o altro debito dell’eredità, o anche di un terzo, l’erede è tenuto al pagamento delle annualità o degli interessi e della somma principale, secondo la natura del debito, qualora il testatore non abbia diversamente disposto.
536	Art. 668 Adempimento del legato	2. Chi è tenuto al pagamento delle annualità o degli interessi se la cosa legata è vincolata per una rendita semplice o un debito dell'eredità?	Se la cosa legata è gravata da una servitù (1027 e seguenti), da un canone o da altro onere inerente al fondo, ovvero da una rendita fondiaria, il peso ne è sopportato dal legatario. Se la cosa legata è vincolata per una rendita semplice (1863 e seguenti), un censo o altro debito dell’eredità, o anche di un terzo, l’erede è tenuto al pagamento delle annualità o degli interessi e della somma principale, secondo la natura del debito, qualora il testatore non abbia diversamente disposto.
537	Art. 669 Frutti della cosa legata	1. Quando sono dovuti i frutti o gli interessi al legatario se l'oggetto del legato è una cosa fruttifera appartenente al testatore al momento della sua morte?	Se oggetto del legato è una cosa fruttifera, appartenente al testatore al momento della sua morte, i frutti o gli interessi sono dovuti al legatario da questo momento. Se la cosa appartiene all’onerato o a un terzo, ovvero se si tratta di cosa determinata per genere o quantità, i frutti o gli interessi sono dovuti dal giorno della domanda giudiziale o dal giorno in cui la prestazione del legato è stata promessa, salvo che il testatore abbia diversamente disposto.
538	Art. 669 Frutti della cosa legata	2. In quali circostanze i frutti o gli interessi sono dovuti dal giorno della domanda giudiziale o dal giorno in cui la prestazione del legato è stata promessa?	Se oggetto del legato è una cosa fruttifera, appartenente al testatore al momento della sua morte, i frutti o gli interessi sono dovuti al legatario da questo momento. Se la cosa appartiene all’onerato o a un terzo, ovvero se si tratta di cosa determinata per genere o quantità, i frutti o gli interessi sono dovuti dal giorno della domanda giudiziale o dal giorno in cui la prestazione del legato è stata promessa, salvo che il testatore abbia diversamente disposto.
539	Art. 670 Legato di prestazioni periodiche	1. Quando decorre il primo termine per un legato di somme di denaro o altre cose fungibili da prestarsi a termini periodici?	Se è stata legata una somma di danaro o una quantità di altre cose fungibili, da prestarsi a termini periodici, il primo termine decorre dalla morte del testatore, e il legatario acquista il diritto a tutta la prestazione dovuta per il termine in corso, ancorché fosse in vita soltanto al principio di esso. Il legato però non può esigersi se non dopo scaduto il termine. Si può tuttavia esigere all’inizio del termine il legato a titolo di alimenti.
540	Art. 670 Legato di prestazioni periodiche	2. In quale circostanza il legatario acquisisce il diritto a tutta la prestazione dovuta per il termine in corso?	Se è stata legata una somma di danaro o una quantità di altre cose fungibili, da prestarsi a termini periodici, il primo termine decorre dalla morte del testatore, e il legatario acquista il diritto a tutta la prestazione dovuta per il termine in corso, ancorché fosse in vita soltanto al principio di esso. Il legato però non può esigersi se non dopo scaduto il termine. Si può tuttavia esigere all’inizio del termine il legato a titolo di alimenti.
541	Art. 670 Legato di prestazioni periodiche	3. Quando può essere esigibile il legato a titolo di alimenti?	Se è stata legata una somma di danaro o una quantità di altre cose fungibili, da prestarsi a termini periodici, il primo termine decorre dalla morte del testatore, e il legatario acquista il diritto a tutta la prestazione dovuta per il termine in corso, ancorché fosse in vita soltanto al principio di esso. Il legato però non può esigersi se non dopo scaduto il termine. Si può tuttavia esigere all’inizio del termine il legato a titolo di alimenti.
542	Art. 670 Legato di prestazioni periodiche	4. Il legato può essere esigito prima della scadenza del termine?	Se è stata legata una somma di danaro o una quantità di altre cose fungibili, da prestarsi a termini periodici, il primo termine decorre dalla morte del testatore, e il legatario acquista il diritto a tutta la prestazione dovuta per il termine in corso, ancorché fosse in vita soltanto al principio di esso. Il legato però non può esigersi se non dopo scaduto il termine. Si può tuttavia esigere all’inizio del termine il legato a titolo di alimenti.
543	Art. 671 Legati e oneri a carico del legatario	1. Quali sono i limiti entro cui il legatario è tenuto ad adempiere al legato e agli oneri imposti?	Il legatario è tenuto all’adempimento del legato e di ogni altro onere a lui imposto entro i limiti del valore della cosa legata.
544	Art. 672 Spese per la prestazione del legato	1. Chi è responsabile delle spese per la prestazione del legato?	Le spese per la prestazione del legato sono a carico dell’onerato.
545	Art. 673 Perimento della cosa legata. Impossibilità della prestazione	1. Cosa accade al legato se la cosa legata perisce interamente durante la vita del testatore?	Il legato non ha effetto se la cosa legata è interamente perita durante la vita del testatore. L’obbligazione dell’onerato si estingue se, dopo la morte del testatore, la prestazione è divenuta impossibile per causa a lui non imputabile (1256 e seguenti).
546	Art. 673 Perimento della cosa legata. Impossibilità della prestazione	2. In quali circostanze l'obbligazione dell'onerato si estingue dopo la morte del testatore?	Il legato non ha effetto se la cosa legata è interamente perita durante la vita del testatore. L’obbligazione dell’onerato si estingue se, dopo la morte del testatore, la prestazione è divenuta impossibile per causa a lui non imputabile (1256 e seguenti).
547	Art. 674 Accrescimento tra coeredi	1. Cosa accade se uno degli eredi istituiti nell'universalità dei beni non può o non vuole accettare la sua parte?	Quando più eredi sono stati istituiti con uno stesso testamento nell’universalità dei beni, senza determinazione di parti o in parti uguali, anche se determinate, qualora uno di essi non possa o non voglia accettare, la sua parte si accresce agli altri. Se più eredi sono stati istituiti in una stessa quota, l’accrescimento ha luogo a favore degli altri istituti nella quota medesima. L’accrescimento non ha luogo quando dal testamento risulta una diversa volontà del testatore. È salvo in ogni caso il diritto di rappresentazione (467 e seguenti).
548	Art. 674 Accrescimento tra coeredi	2. In quale circostanza l'accrescimento non si verifica tra gli eredi istituiti?	Quando più eredi sono stati istituiti con uno stesso testamento nell’universalità dei beni, senza determinazione di parti o in parti uguali, anche se determinate, qualora uno di essi non possa o non voglia accettare, la sua parte si accresce agli altri. Se più eredi sono stati istituiti in una stessa quota, l’accrescimento ha luogo a favore degli altri istituti nella quota medesima. L’accrescimento non ha luogo quando dal testamento risulta una diversa volontà del testatore. È salvo in ogni caso il diritto di rappresentazione (467 e seguenti).
549	Art. 674 Accrescimento tra coeredi	3. Come si applica l'accrescimento se più eredi sono stati istituiti in una stessa quota?	Quando più eredi sono stati istituiti con uno stesso testamento nell’universalità dei beni, senza determinazione di parti o in parti uguali, anche se determinate, qualora uno di essi non possa o non voglia accettare, la sua parte si accresce agli altri. Se più eredi sono stati istituiti in una stessa quota, l’accrescimento ha luogo a favore degli altri istituti nella quota medesima. L’accrescimento non ha luogo quando dal testamento risulta una diversa volontà del testatore. È salvo in ogni caso il diritto di rappresentazione (467 e seguenti).
550	Art. 674 Accrescimento tra coeredi	4. Qual è l'eccezione al principio dell'accrescimento secondo il testamento?	Quando più eredi sono stati istituiti con uno stesso testamento nell’universalità dei beni, senza determinazione di parti o in parti uguali, anche se determinate, qualora uno di essi non possa o non voglia accettare, la sua parte si accresce agli altri. Se più eredi sono stati istituiti in una stessa quota, l’accrescimento ha luogo a favore degli altri istituti nella quota medesima. L’accrescimento non ha luogo quando dal testamento risulta una diversa volontà del testatore. È salvo in ogni caso il diritto di rappresentazione (467 e seguenti).
551	Art. 675 Accrescimento tra collegatari	1. In quali circostanze l'accrescimento tra più legatari non ha luogo secondo il testamento?	L’accrescimento ha luogo anche tra più legatari ai quali è stato legato uno stesso oggetto, salvo che dal testamento risulti una diversa volontà e salvo sempre il diritto di rappresentazione.
552	Art. 676 Effetti dell’accrescimento	1. Quali obblighi subentrano i coeredi o i legatari a favore dei quali si verifica l'accrescimento?	L’acquisto per accrescimento ha luogo di diritto. I coeredi o i legatari, a favore dei quali si verifica l’accrescimento, subentrano negli obblighi a cui era sottoposto l’erede o il legatario mancante, salvo che si tratti di obblighi di carattere personale.
553	Art. 676 Effetti dell’accrescimento	2. In quali casi gli obblighi non vengono trasferiti ai coeredi o legatari nell'acquisto per accrescimento?	L’acquisto per accrescimento ha luogo di diritto. I coeredi o i legatari, a favore dei quali si verifica l’accrescimento, subentrano negli obblighi a cui era sottoposto l’erede o il legatario mancante, salvo che si tratti di obblighi di carattere personale.
554	Art. 677 Mancanza di accrescimento	1. Cosa accade alla porzione dell'erede mancante se non ha luogo l'accrescimento?	Se non ha luogo l’accrescimento, la porzione dell’erede mancante si devolve agli eredi legittimi, e la porzione del legatario mancante va a profitto dell’onerato. Gli eredi legittimi e l’onerato subentrano negli obblighi che gravavano sull’erede o sul legatario mancante, salvo che si tratti di obblighi di carattere personale. Le disposizioni precedenti si applicano anche nel caso di risoluzione di disposizioni testamentarie per inadempimento dell’onere.
555	Art. 677 Mancanza di accrescimento	2. Chi subentra negli obblighi dell'erede o del legatario mancante?	Se non ha luogo l’accrescimento, la porzione dell’erede mancante si devolve agli eredi legittimi, e la porzione del legatario mancante va a profitto dell’onerato. Gli eredi legittimi e l’onerato subentrano negli obblighi che gravavano sull’erede o sul legatario mancante, salvo che si tratti di obblighi di carattere personale. Le disposizioni precedenti si applicano anche nel caso di risoluzione di disposizioni testamentarie per inadempimento dell’onere.
556	Art. 677 Mancanza di accrescimento	3. Le disposizioni relative alla devoluzione delle porzioni si applicano anche in caso di risoluzione per inadempimento dell'onere?	Se non ha luogo l’accrescimento, la porzione dell’erede mancante si devolve agli eredi legittimi, e la porzione del legatario mancante va a profitto dell’onerato. Gli eredi legittimi e l’onerato subentrano negli obblighi che gravavano sull’erede o sul legatario mancante, salvo che si tratti di obblighi di carattere personale. Le disposizioni precedenti si applicano anche nel caso di risoluzione di disposizioni testamentarie per inadempimento dell’onere.
557	Art. 678 Accrescimento nel legato di usufrutto	1. Cosa accade all'usufrutto quando una delle persone legate da un diritto di accrescimento viene a mancare dopo aver conseguito il possesso della cosa?	Quando a più persone è legato un usufrutto in modo che tra di loro vi sia il diritto di accrescimento, l’accrescimento ha luogo anche quando una di esse viene a mancare dopo conseguito il possesso della cosa su cui cade l’usufrutto. Se non vi è diritto di accrescimento, la porzione del legatario mancante si consolida con la proprietà.
558	Art. 678 Accrescimento nel legato di usufrutto	2. In assenza di diritto di accrescimento, cosa succede alla porzione del legatario mancante?	Quando a più persone è legato un usufrutto in modo che tra di loro vi sia il diritto di accrescimento, l’accrescimento ha luogo anche quando una di esse viene a mancare dopo conseguito il possesso della cosa su cui cade l’usufrutto. Se non vi è diritto di accrescimento, la porzione del legatario mancante si consolida con la proprietà.
559	Art. 679 Revocabilità del testamento	1. Qual è la validità di una clausola che limita la facoltà di revocare o mutare le disposizioni testamentarie?	Non si può in alcun modo rinunziare alla facoltà di revocare o mutare le disposizioni testamentarie: ogni clausola o condizione contraria non ha effetto.
560	Art. 679 Revocabilità del testamento	2. È possibile rinunciare alla facoltà di modificare le disposizioni di un testamento?	Non si può in alcun modo rinunziare alla facoltà di revocare o mutare le disposizioni testamentarie: ogni clausola o condizione contraria non ha effetto.
561	Art. 680 Revocazione espressa	1. Quali sono i modi in cui può essere effettuata la revocazione espressa di un testamento?	La revocazione espressa può farsi soltanto con un nuovo testamento, o con un atto ricevuto da notaio in presenza di due testimoni, in cui il testatore personalmente dichiara di revocare, in tutto o in parte, la disposizione anteriore.
562	Art. 681 Revocazione della revocazione	1. Quali sono le conseguenze della revocazione di una revocazione totale o parziale di un testamento?	La revocazione totale o parziale di un testamento può essere a sua volta revocata sempre con le forme stabilite dall’articolo precedente. In tal caso rivivono le disposizioni revocate.
563	Art. 681 Revocazione della revocazione	2. Quali forme devono essere seguite per revocare una revocazione di un testamento?	La revocazione totale o parziale di un testamento può essere a sua volta revocata sempre con le forme stabilite dall’articolo precedente. In tal caso rivivono le disposizioni revocate.
564	Art. 682 Testamento posteriore	1. In che modo un testamento posteriore può influenzare le disposizioni di un testamento precedente?	Il testamento posteriore, che non revoca in modo espresso i precedenti, annulla in questi soltanto le disposizioni che sono con esso incompatibili.
565	Art. 683 Testamento posteriore inefficace	1. Quali sono le condizioni in cui la revocazione fatta con un testamento posteriore conserva la sua efficacia?	La revocazione fatta con un testamento posteriore conserva la sua efficacia anche quando questa rimane senza effetto perché l’erede istituito o il legatario è premorto al testatore, o è incapace (592 e seguenti) o indegno (463 e seguenti), ovvero ha rinunziato all’eredità o al legato.
566	Art. 684 Distruzione del testamento olografo	1. In quali circostanze un testamento olografo distrutto, lacerato o cancellato non si considera revocato?	Il testamento olografo distrutto, lacerato o cancellato, in tutto o in parte, si considera in tutto o in parte revocato, a meno che si provi che fu distrutto, lacerato o cancellato da persona diversa dal testatore, ovvero si provi che il testatore non ebbe l’intenzione di revocarlo.
567	Art. 685 Effetti del ritiro del testamento segreto	1. In quali circostanze il ritiro di un testamento segreto non comporta la sua revocazione?	Il ritiro del testamento segreto, a opera del testatore, dalle mani del notaio o dell’archivista presso cui si trova depositato, non importa revocazione del testamento quando la scheda testamentaria può valere come testamento olografo.
568	Art. 686 Alienazione e trasformazione della cosa legata	1. Cosa accade al legato se il testatore aliena la cosa legata o parte di essa?	L’alienazione che il testatore faccia della cosa legata o di parte di essa, anche mediante vendita con patto di riscatto, revoca il legato riguardo a ciò che è stato alienato, anche quando l’alienazione è annullabile per cause diverse dai vizi del consenso, ovvero la cosa ritorna in proprietà del testatore. Lo stesso avviene se il testatore ha trasformato la cosa legata in un’altra, in guisa che quella abbia perduto la precedente forma e la primitiva denominazione. È ammessa la prova di una diversa volontà del testatore.
569	Art. 686 Alienazione e trasformazione della cosa legata	2. La revoca del legato avviene anche se l'alienazione è annullabile per cause diverse dai vizi del consenso?	L’alienazione che il testatore faccia della cosa legata o di parte di essa, anche mediante vendita con patto di riscatto, revoca il legato riguardo a ciò che è stato alienato, anche quando l’alienazione è annullabile per cause diverse dai vizi del consenso, ovvero la cosa ritorna in proprietà del testatore. Lo stesso avviene se il testatore ha trasformato la cosa legata in un’altra, in guisa che quella abbia perduto la precedente forma e la primitiva denominazione. È ammessa la prova di una diversa volontà del testatore.
570	Art. 686 Alienazione e trasformazione della cosa legata	3. In che modo la trasformazione della cosa legata da parte del testatore influisce sul legato?	L’alienazione che il testatore faccia della cosa legata o di parte di essa, anche mediante vendita con patto di riscatto, revoca il legato riguardo a ciò che è stato alienato, anche quando l’alienazione è annullabile per cause diverse dai vizi del consenso, ovvero la cosa ritorna in proprietà del testatore. Lo stesso avviene se il testatore ha trasformato la cosa legata in un’altra, in guisa che quella abbia perduto la precedente forma e la primitiva denominazione. È ammessa la prova di una diversa volontà del testatore.
571	Art. 686 Alienazione e trasformazione della cosa legata	4. È possibile dimostrare una volontà diversa del testatore riguardo al legato?	L’alienazione che il testatore faccia della cosa legata o di parte di essa, anche mediante vendita con patto di riscatto, revoca il legato riguardo a ciò che è stato alienato, anche quando l’alienazione è annullabile per cause diverse dai vizi del consenso, ovvero la cosa ritorna in proprietà del testatore. Lo stesso avviene se il testatore ha trasformato la cosa legata in un’altra, in guisa che quella abbia perduto la precedente forma e la primitiva denominazione. È ammessa la prova di una diversa volontà del testatore.
572	Art. 687 Revocazione per sopravvenienza di figli	1. Quali sono le condizioni che portano alla revoca di diritto delle disposizioni testamentarie?	Le disposizioni a titolo universale o particolare, fatte da chi al tempo del testamento non aveva o ignorava di aver figli o discendenti, sono revocate di diritto per l’esistenza o la sopravvenienza di un figlio o discendente del testatore, benché postumo, anche adottivo, ovvero per il riconoscimento di un figlio nato fuori dal matrimonio (250 e seguenti). La revocazione ha luogo anche se il figlio è stato concepito al tempo del testamento. La revocazione non ha invece luogo qualora il testatore abbia provveduto al caso che esistessero o sopravvenissero figli o discendenti da essi. Se i figli o discendenti non vengono alla successione e non si fa luogo a rappresentazione (467 e seguenti), la disposizione ha il suo effetti.
573	Art. 687 Revocazione per sopravvenienza di figli	2. La revocazione delle disposizioni testamentarie avviene anche se il figlio è stato concepito al tempo del testamento?	Le disposizioni a titolo universale o particolare, fatte da chi al tempo del testamento non aveva o ignorava di aver figli o discendenti, sono revocate di diritto per l’esistenza o la sopravvenienza di un figlio o discendente del testatore, benché postumo, anche adottivo, ovvero per il riconoscimento di un figlio nato fuori dal matrimonio (250 e seguenti). La revocazione ha luogo anche se il figlio è stato concepito al tempo del testamento. La revocazione non ha invece luogo qualora il testatore abbia provveduto al caso che esistessero o sopravvenissero figli o discendenti da essi. Se i figli o discendenti non vengono alla successione e non si fa luogo a rappresentazione (467 e seguenti), la disposizione ha il suo effetti.
574	Art. 687 Revocazione per sopravvenienza di figli	3. In quali circostanze la revocazione delle disposizioni testamentarie non ha luogo?	Le disposizioni a titolo universale o particolare, fatte da chi al tempo del testamento non aveva o ignorava di aver figli o discendenti, sono revocate di diritto per l’esistenza o la sopravvenienza di un figlio o discendente del testatore, benché postumo, anche adottivo, ovvero per il riconoscimento di un figlio nato fuori dal matrimonio (250 e seguenti). La revocazione ha luogo anche se il figlio è stato concepito al tempo del testamento. La revocazione non ha invece luogo qualora il testatore abbia provveduto al caso che esistessero o sopravvenissero figli o discendenti da essi. Se i figli o discendenti non vengono alla successione e non si fa luogo a rappresentazione (467 e seguenti), la disposizione ha il suo effetti.
575	Art. 687 Revocazione per sopravvenienza di figli	4. Cosa accade alle disposizioni testamentarie se i figli o discendenti non vengono alla successione e non si fa luogo a rappresentazione?	Le disposizioni a titolo universale o particolare, fatte da chi al tempo del testamento non aveva o ignorava di aver figli o discendenti, sono revocate di diritto per l’esistenza o la sopravvenienza di un figlio o discendente del testatore, benché postumo, anche adottivo, ovvero per il riconoscimento di un figlio nato fuori dal matrimonio (250 e seguenti). La revocazione ha luogo anche se il figlio è stato concepito al tempo del testamento. La revocazione non ha invece luogo qualora il testatore abbia provveduto al caso che esistessero o sopravvenissero figli o discendenti da essi. Se i figli o discendenti non vengono alla successione e non si fa luogo a rappresentazione (467 e seguenti), la disposizione ha il suo effetti.
576	Art. 688 Casi di sostituzione ordinaria	1. Cosa può fare il testatore nel caso in cui l'erede istituito non possa o non voglia accettare l'eredità?	Il testatore può sostituire all’erede istituito altra persona per il caso che il primo non possa o non voglia accettare l’eredità. Se il testatore ha disposto per uno solo di questi casi, si presume che egli si sia voluto riferire anche a quello non espresso, salvo che consti una sua diversa volontà.
577	Art. 688 Casi di sostituzione ordinaria	2. Cosa si presume se il testatore ha disposto la sostituzione dell'erede solo per uno dei casi in cui l'erede non possa o non voglia accettare l'eredità?	Il testatore può sostituire all’erede istituito altra persona per il caso che il primo non possa o non voglia accettare l’eredità. Se il testatore ha disposto per uno solo di questi casi, si presume che egli si sia voluto riferire anche a quello non espresso, salvo che consti una sua diversa volontà.
578	Art. 689 Sostituzione plurima. Sostituzione reciproca	1. In che modo avviene la sostituzione reciproca tra coeredi istituiti in parti disuguali?	Possono sostituirsi più persone a una sola e una sola a più. La sostituzione può anche essere reciproca tra i coeredi istituiti. Se essi sono stati istituiti in parti disuguali, la proporzione fra le quote fissate nella prima istituzione si presume ripetuta anche nella sostituzione. Se nella sostituzione insieme con gli istituiti è chiamata un’altra persona, la quota vacante viene divisa in parti uguali tra tutti i sostituiti.
579	Art. 689 Sostituzione plurima. Sostituzione reciproca	2. Cosa accade alla quota vacante se nella sostituzione è chiamata un'altra persona insieme agli istituiti?	Possono sostituirsi più persone a una sola e una sola a più. La sostituzione può anche essere reciproca tra i coeredi istituiti. Se essi sono stati istituiti in parti disuguali, la proporzione fra le quote fissate nella prima istituzione si presume ripetuta anche nella sostituzione. Se nella sostituzione insieme con gli istituiti è chiamata un’altra persona, la quota vacante viene divisa in parti uguali tra tutti i sostituiti.
580	Art. 689 Sostituzione plurima. Sostituzione reciproca	3. Come si presume venga ripetuta la proporzione tra le quote nella sostituzione rispetto alla prima istituzione?	Possono sostituirsi più persone a una sola e una sola a più. La sostituzione può anche essere reciproca tra i coeredi istituiti. Se essi sono stati istituiti in parti disuguali, la proporzione fra le quote fissate nella prima istituzione si presume ripetuta anche nella sostituzione. Se nella sostituzione insieme con gli istituiti è chiamata un’altra persona, la quota vacante viene divisa in parti uguali tra tutti i sostituiti.
581	Art. 690 Obblighi dei sostituiti	1. Quali obblighi devono adempiere i sostituiti in assenza di una diversa volontà espressa dal testatore?	I sostituiti devono adempiere gli obblighi imposti agli istituiti, a meno che una diversa volontà sia stata espressa dal testatore o si tratti di obblighi di carattere personale.
582	Art. 690 Obblighi dei sostituiti	2. In quali circostanze i sostituiti non sono tenuti ad adempiere gli obblighi imposti agli istituiti?	I sostituiti devono adempiere gli obblighi imposti agli istituiti, a meno che una diversa volontà sia stata espressa dal testatore o si tratti di obblighi di carattere personale.
583	Art. 690 Obblighi dei sostituiti	3. Cosa accade se il testatore esprime una volontà diversa riguardo agli obblighi dei sostituiti?	I sostituiti devono adempiere gli obblighi imposti agli istituiti, a meno che una diversa volontà sia stata espressa dal testatore o si tratti di obblighi di carattere personale.
584	Art. 690 Obblighi dei sostituiti	4. Gli obblighi di carattere personale devono essere adempiuti dai sostituiti?	I sostituiti devono adempiere gli obblighi imposti agli istituiti, a meno che una diversa volontà sia stata espressa dal testatore o si tratti di obblighi di carattere personale.
585	Art. 691 Sostituzione ordinaria nei legati	1. Quali sono le norme stabilite nel testo?	Le norme stabilite in questa
586	Art. 692 Sostituzione fedecommissaria	1. Chi può istituire il figlio, il discendente o il coniuge con l'obbligo di conservare e restituire i beni alla morte dell'interdetto?	Ciascuno dei genitori o degli altri ascendenti in linea retta o il coniuge dell’interdetto possono istituire rispettivamente il figlio, il discendente, o il coniuge con l’obbligo di conservare e restituire alla sua morte i beni anche costituenti la legittima, a favore della persona o degli enti che, sotto la vigilanza del tutore, hanno avuto cura dell’interdetto medesimo. La stessa disposizione si applica nel caso del minore di età, se trovasi nelle condizioni di abituale infermità di mente tali da far presumere che nel termine indicato dall’Art. 416 interverrà la pronuncia di interdizione. Nel caso di pluralità di persone o enti di cui al primo comma i beni sono attribuiti proporzionalmente al tempo durante il quale gli stessi hanno avuto cura dell’interdetto. La sostituzione è priva di effetto nel caso in cui l’interdizione sia negata o il relativo procedimento non sia iniziato entro due anni dal raggiungimento della maggiore età del minore abitualmente infermo di mente. È anche priva di effetto nel caso di revoca dell’interdizione o rispetto alle persone o agli enti che abbiano violato gli obblighi di assistenza. In ogni altro caso la sostituzione è nulla.
587	Art. 692 Sostituzione fedecommissaria	2. A chi devono essere restituiti i beni alla morte dell'interdetto?	Ciascuno dei genitori o degli altri ascendenti in linea retta o il coniuge dell’interdetto possono istituire rispettivamente il figlio, il discendente, o il coniuge con l’obbligo di conservare e restituire alla sua morte i beni anche costituenti la legittima, a favore della persona o degli enti che, sotto la vigilanza del tutore, hanno avuto cura dell’interdetto medesimo. La stessa disposizione si applica nel caso del minore di età, se trovasi nelle condizioni di abituale infermità di mente tali da far presumere che nel termine indicato dall’Art. 416 interverrà la pronuncia di interdizione. Nel caso di pluralità di persone o enti di cui al primo comma i beni sono attribuiti proporzionalmente al tempo durante il quale gli stessi hanno avuto cura dell’interdetto. La sostituzione è priva di effetto nel caso in cui l’interdizione sia negata o il relativo procedimento non sia iniziato entro due anni dal raggiungimento della maggiore età del minore abitualmente infermo di mente. È anche priva di effetto nel caso di revoca dell’interdizione o rispetto alle persone o agli enti che abbiano violato gli obblighi di assistenza. In ogni altro caso la sostituzione è nulla.
588	Art. 692 Sostituzione fedecommissaria	3. In quali condizioni si applica la stessa disposizione prevista per l'interdetto al minore di età?	Ciascuno dei genitori o degli altri ascendenti in linea retta o il coniuge dell’interdetto possono istituire rispettivamente il figlio, il discendente, o il coniuge con l’obbligo di conservare e restituire alla sua morte i beni anche costituenti la legittima, a favore della persona o degli enti che, sotto la vigilanza del tutore, hanno avuto cura dell’interdetto medesimo. La stessa disposizione si applica nel caso del minore di età, se trovasi nelle condizioni di abituale infermità di mente tali da far presumere che nel termine indicato dall’Art. 416 interverrà la pronuncia di interdizione. Nel caso di pluralità di persone o enti di cui al primo comma i beni sono attribuiti proporzionalmente al tempo durante il quale gli stessi hanno avuto cura dell’interdetto. La sostituzione è priva di effetto nel caso in cui l’interdizione sia negata o il relativo procedimento non sia iniziato entro due anni dal raggiungimento della maggiore età del minore abitualmente infermo di mente. È anche priva di effetto nel caso di revoca dell’interdizione o rispetto alle persone o agli enti che abbiano violato gli obblighi di assistenza. In ogni altro caso la sostituzione è nulla.
589	Art. 692 Sostituzione fedecommissaria	4. Come vengono attribuiti i beni in caso di pluralità di persone o enti che hanno avuto cura dell'interdetto?	Ciascuno dei genitori o degli altri ascendenti in linea retta o il coniuge dell’interdetto possono istituire rispettivamente il figlio, il discendente, o il coniuge con l’obbligo di conservare e restituire alla sua morte i beni anche costituenti la legittima, a favore della persona o degli enti che, sotto la vigilanza del tutore, hanno avuto cura dell’interdetto medesimo. La stessa disposizione si applica nel caso del minore di età, se trovasi nelle condizioni di abituale infermità di mente tali da far presumere che nel termine indicato dall’Art. 416 interverrà la pronuncia di interdizione. Nel caso di pluralità di persone o enti di cui al primo comma i beni sono attribuiti proporzionalmente al tempo durante il quale gli stessi hanno avuto cura dell’interdetto. La sostituzione è priva di effetto nel caso in cui l’interdizione sia negata o il relativo procedimento non sia iniziato entro due anni dal raggiungimento della maggiore età del minore abitualmente infermo di mente. È anche priva di effetto nel caso di revoca dell’interdizione o rispetto alle persone o agli enti che abbiano violato gli obblighi di assistenza. In ogni altro caso la sostituzione è nulla.
590	Art. 692 Sostituzione fedecommissaria	5. In quali circostanze la sostituzione è priva di effetto?	Ciascuno dei genitori o degli altri ascendenti in linea retta o il coniuge dell’interdetto possono istituire rispettivamente il figlio, il discendente, o il coniuge con l’obbligo di conservare e restituire alla sua morte i beni anche costituenti la legittima, a favore della persona o degli enti che, sotto la vigilanza del tutore, hanno avuto cura dell’interdetto medesimo. La stessa disposizione si applica nel caso del minore di età, se trovasi nelle condizioni di abituale infermità di mente tali da far presumere che nel termine indicato dall’Art. 416 interverrà la pronuncia di interdizione. Nel caso di pluralità di persone o enti di cui al primo comma i beni sono attribuiti proporzionalmente al tempo durante il quale gli stessi hanno avuto cura dell’interdetto. La sostituzione è priva di effetto nel caso in cui l’interdizione sia negata o il relativo procedimento non sia iniziato entro due anni dal raggiungimento della maggiore età del minore abitualmente infermo di mente. È anche priva di effetto nel caso di revoca dell’interdizione o rispetto alle persone o agli enti che abbiano violato gli obblighi di assistenza. In ogni altro caso la sostituzione è nulla.
591	Art. 692 Sostituzione fedecommissaria	6. Quando è considerata nulla la sostituzione?	Ciascuno dei genitori o degli altri ascendenti in linea retta o il coniuge dell’interdetto possono istituire rispettivamente il figlio, il discendente, o il coniuge con l’obbligo di conservare e restituire alla sua morte i beni anche costituenti la legittima, a favore della persona o degli enti che, sotto la vigilanza del tutore, hanno avuto cura dell’interdetto medesimo. La stessa disposizione si applica nel caso del minore di età, se trovasi nelle condizioni di abituale infermità di mente tali da far presumere che nel termine indicato dall’Art. 416 interverrà la pronuncia di interdizione. Nel caso di pluralità di persone o enti di cui al primo comma i beni sono attribuiti proporzionalmente al tempo durante il quale gli stessi hanno avuto cura dell’interdetto. La sostituzione è priva di effetto nel caso in cui l’interdizione sia negata o il relativo procedimento non sia iniziato entro due anni dal raggiungimento della maggiore età del minore abitualmente infermo di mente. È anche priva di effetto nel caso di revoca dell’interdizione o rispetto alle persone o agli enti che abbiano violato gli obblighi di assistenza. In ogni altro caso la sostituzione è nulla.
592	Art. 693 Diritti e obblighi dell’istituito	1. Quali diritti ha l'istituito riguardo al godimento e alla libera amministrazione dei beni oggetto della sostituzione?	L’istituito ha il godimento e la libera amministrazione dei beni che formano oggetto della sostituzione, e può stare in giudizio per tutte le azioni relative ai beni medesimi. Egli può altresì compiere tutte le innovazioni dirette ad una migliore utilizzazione dei beni. All’istituito sono comuni, in quanto applicabili, le norme concernenti l’usufruttuario (981 e seguenti).
593	Art. 693 Diritti e obblighi dell’istituito	2. In che modo l'istituito può agire in giudizio in relazione ai beni oggetto della sostituzione?	L’istituito ha il godimento e la libera amministrazione dei beni che formano oggetto della sostituzione, e può stare in giudizio per tutte le azioni relative ai beni medesimi. Egli può altresì compiere tutte le innovazioni dirette ad una migliore utilizzazione dei beni. All’istituito sono comuni, in quanto applicabili, le norme concernenti l’usufruttuario (981 e seguenti).
594	Art. 693 Diritti e obblighi dell’istituito	3. Quali norme sono applicabili all'istituito in quanto usufruttuario?	L’istituito ha il godimento e la libera amministrazione dei beni che formano oggetto della sostituzione, e può stare in giudizio per tutte le azioni relative ai beni medesimi. Egli può altresì compiere tutte le innovazioni dirette ad una migliore utilizzazione dei beni. All’istituito sono comuni, in quanto applicabili, le norme concernenti l’usufruttuario (981 e seguenti).
595	Art. 694 Alienazione dei beni	1. In quali circostanze l'autorità giudiziaria può consentire l'alienazione dei beni oggetto della sostituzione?	L’autorità giudiziaria può consentire l’alienazione dei beni che formano oggetto della sostituzione in caso di utilità evidente, disponendo il reimpiego delle somme ricavate. Può anche essere consentita, con le necessarie cautele, la costituzione d’ipoteche sui beni medesimi a garanzia di crediti destinati a miglioramenti e trasformazioni fondiarie.
596	Art. 694 Alienazione dei beni	2. Quali misure possono essere adottate per garantire crediti destinati a miglioramenti e trasformazioni fondiarie sui beni oggetto della sostituzione?	L’autorità giudiziaria può consentire l’alienazione dei beni che formano oggetto della sostituzione in caso di utilità evidente, disponendo il reimpiego delle somme ricavate. Può anche essere consentita, con le necessarie cautele, la costituzione d’ipoteche sui beni medesimi a garanzia di crediti destinati a miglioramenti e trasformazioni fondiarie.
597	Art. 695 Diritti dei creditori personali dell’istituito	1. Su quali elementi possono agire i creditori personali dell'istituito in caso di sostituzione?	I creditori personali dell’istituito possono agire soltanto sui frutti dei beni che formano oggetto della sostituzione.
598	Art. 696 Devoluzione al sostituito	1. Cosa accade all'eredità se le persone o gli enti che hanno avuto cura dell’incapace muoiono prima della morte dell’incapace?	L’eredità si devolve al sostituito al momento della morte dell’istituito. Se le persone o gli enti che hanno avuto cura dell’incapace muoiono o si estinguono prima della morte di lui, i beni o la porzione dei beni che spetterebbe loro è devoluta ai successori legittimi dell’incapace.
599	Art. 696 Devoluzione al sostituito	2. A chi viene devoluta l'eredità al momento della morte dell'istituito?	L’eredità si devolve al sostituito al momento della morte dell’istituito. Se le persone o gli enti che hanno avuto cura dell’incapace muoiono o si estinguono prima della morte di lui, i beni o la porzione dei beni che spetterebbe loro è devoluta ai successori legittimi dell’incapace.
600	Art. 697 Sostituzione fedecommissaria nei legati	1. Quali sono le norme stabilite nel testo?	Le norme stabilite in questa
601	Art. 698 Usufrutto successivo	1. Qual è la validità di una disposizione che lascia l'usufrutto, una rendita o un'annualità a più persone successivamente?	La disposizione, con la quale è lasciato a più persone successivamente l’usufrutto, una rendita o un’annualità, ha valore soltanto a favore di quelli che alla morte del testatore si trovano primi chiamati a goderne.
602	Art. 699 Premi di nuzialità, opere di assistenza e simili	1. Quali sono le finalità per cui può essere valida una disposizione testamentaria che prevede l'erogazione periodica di somme?	È valida la disposizione testamentaria avente per oggetto l’erogazione periodica, in perpetuo o a tempo, di somme determinate per premi di nuzialità o di natalità, sussidi per l’avviamento a una professione o un’arte, opere di assistenza, o per altri fini di pubblica utilità, a favore di persone da scegliersi entro una determinata categoria o tra i discendenti di determinate famiglie. Tali annualità possono riscattarsi secondo le norme dettate in materia di rendita (1865 e seguenti).
603	Art. 699 Premi di nuzialità, opere di assistenza e simili	2. In che modo possono essere riscattate le annualità previste da una disposizione testamentaria per erogazioni periodiche?	È valida la disposizione testamentaria avente per oggetto l’erogazione periodica, in perpetuo o a tempo, di somme determinate per premi di nuzialità o di natalità, sussidi per l’avviamento a una professione o un’arte, opere di assistenza, o per altri fini di pubblica utilità, a favore di persone da scegliersi entro una determinata categoria o tra i discendenti di determinate famiglie. Tali annualità possono riscattarsi secondo le norme dettate in materia di rendita (1865 e seguenti).
604	Art. 700 Facoltà di nomina e di sostituzione	1. Cosa accade se uno o più esecutori testamentari nominati non vogliono o non possono accettare l'incarico?	Il testatore può nominare uno o più esecutori testamentari e, per il caso che alcuni o tutti non vogliano o non possano accettare, altro o altri in loro sostituzione. Se sono nominati più esecutori testamentari, essi devono agire congiuntamente, salvo che il testatore abbia diviso tra loro le attribuzioni, o si tratti di provvedimento urgente per la conservazione di un bene o di un diritto ereditario. Il testatore può autorizzare l’esecutore testamentario a sostituire altri a se stesso, qualora egli non possa continuare nell’ufficio.
605	Art. 700 Facoltà di nomina e di sostituzione	2. In quali circostanze gli esecutori testamentari possono agire separatamente anziché congiuntamente?	Il testatore può nominare uno o più esecutori testamentari e, per il caso che alcuni o tutti non vogliano o non possano accettare, altro o altri in loro sostituzione. Se sono nominati più esecutori testamentari, essi devono agire congiuntamente, salvo che il testatore abbia diviso tra loro le attribuzioni, o si tratti di provvedimento urgente per la conservazione di un bene o di un diritto ereditario. Il testatore può autorizzare l’esecutore testamentario a sostituire altri a se stesso, qualora egli non possa continuare nell’ufficio.
606	Art. 700 Facoltà di nomina e di sostituzione	3. Il testatore può autorizzare l’esecutore testamentario a sostituire altri a se stesso?	Il testatore può nominare uno o più esecutori testamentari e, per il caso che alcuni o tutti non vogliano o non possano accettare, altro o altri in loro sostituzione. Se sono nominati più esecutori testamentari, essi devono agire congiuntamente, salvo che il testatore abbia diviso tra loro le attribuzioni, o si tratti di provvedimento urgente per la conservazione di un bene o di un diritto ereditario. Il testatore può autorizzare l’esecutore testamentario a sostituire altri a se stesso, qualora egli non possa continuare nell’ufficio.
607	Art. 701 Persone capaci di essere nominate	1. Chi non può essere nominato esecutore testamentario secondo il testo?	Non possono essere nominati esecutori testamentari coloro che non hanno la piena capacità di obbligarsi (2, 394, 424, 710; Cod. Pen. 32). Anche un erede o un legatario può essere nominato esecutore testamentario.
608	Art. 701 Persone capaci di essere nominate	2. È possibile per un erede essere nominato esecutore testamentario?	Non possono essere nominati esecutori testamentari coloro che non hanno la piena capacità di obbligarsi (2, 394, 424, 710; Cod. Pen. 32). Anche un erede o un legatario può essere nominato esecutore testamentario.
609	Art. 701 Persone capaci di essere nominate	3. Quali sono le condizioni di capacità richieste per essere nominato esecutore testamentario?	Non possono essere nominati esecutori testamentari coloro che non hanno la piena capacità di obbligarsi (2, 394, 424, 710; Cod. Pen. 32). Anche un erede o un legatario può essere nominato esecutore testamentario.
610	Art. 701 Persone capaci di essere nominate	4. Un legatario può assumere il ruolo di esecutore testamentario?	Non possono essere nominati esecutori testamentari coloro che non hanno la piena capacità di obbligarsi (2, 394, 424, 710; Cod. Pen. 32). Anche un erede o un legatario può essere nominato esecutore testamentario.
611	Art. 701 Persone capaci di essere nominate	5. Quali articoli del codice penale sono citati in relazione alla capacità di obbligarsi per la nomina di esecutori testamentari?	Non possono essere nominati esecutori testamentari coloro che non hanno la piena capacità di obbligarsi (2, 394, 424, 710; Cod. Pen. 32). Anche un erede o un legatario può essere nominato esecutore testamentario.
612	Art. 702 Accettazione e rinunzia alla nomina	1. Quali sono le modalità richieste per l'accettazione o la rinunzia alla nomina di esecutore testamentario?	L’accettazione della nomina di esecutore testamentario o la rinunzia alla stessa deve risultare da dichiarazione fatta nella cancelleria del tribunale nella cui giurisdizione si è aperta la successione, e deve essere annotata nel registro delle successioni (703; att. 52, 53). L’accettazione non può essere sottoposta a condizione o a termine. L’autorità giudiziaria, su istanza di qualsiasi interessato, può assegnare all’esecutore un termine per l’accettazione (Cod. Proc. Civ. 749), decorso il quale l’esecutore si considera rinunziante.
613	Art. 702 Accettazione e rinunzia alla nomina	2. È possibile che l'accettazione della nomina di esecutore testamentario sia sottoposta a condizione o a termine?	L’accettazione della nomina di esecutore testamentario o la rinunzia alla stessa deve risultare da dichiarazione fatta nella cancelleria del tribunale nella cui giurisdizione si è aperta la successione, e deve essere annotata nel registro delle successioni (703; att. 52, 53). L’accettazione non può essere sottoposta a condizione o a termine. L’autorità giudiziaria, su istanza di qualsiasi interessato, può assegnare all’esecutore un termine per l’accettazione (Cod. Proc. Civ. 749), decorso il quale l’esecutore si considera rinunziante.
614	Art. 702 Accettazione e rinunzia alla nomina	3. Cosa accade se l'esecutore testamentario non accetta la nomina entro il termine assegnato dall'autorità giudiziaria?	L’accettazione della nomina di esecutore testamentario o la rinunzia alla stessa deve risultare da dichiarazione fatta nella cancelleria del tribunale nella cui giurisdizione si è aperta la successione, e deve essere annotata nel registro delle successioni (703; att. 52, 53). L’accettazione non può essere sottoposta a condizione o a termine. L’autorità giudiziaria, su istanza di qualsiasi interessato, può assegnare all’esecutore un termine per l’accettazione (Cod. Proc. Civ. 749), decorso il quale l’esecutore si considera rinunziante.
615	Art. 703 Funzioni dell’esecutore testamentario	1. Quali sono i compiti principali dell'esecutore testamentario secondo il testo?	L’esecutore testamentario deve curare che siano esattamente eseguite le disposizioni di ultima volontà del defunto. A tal fine, salvo contraria volontà del testatore, egli deve amministrare la massa ereditaria, prendendo possesso dei beni che ne fanno parte. Il possesso non può durare più di un anno dalla dichiarazione di accettazione, salvo che l’autorità giudiziaria, per motivi di evidente necessità, sentiti gli eredi, ne prolunghi la durata, che non potrà mai superare un altro anno. L’esecutore deve amministrare come un buon padre di famiglia e può compiere tutti gli atti di gestione occorrenti. Quando è necessario alienare beni dell’eredità, ne chiede l’autorizzazione all’autorità giudiziaria, la quale provvede sentiti gli eredi (Cod. Proc. Civ. 747 e seguenti). Qualsiasi atto dell’esecutore testamentario non pregiudica il diritto del chiamato a rinunziare all’eredità (519 e seguenti) o ad accettarla col beneficio d’inventario (484 e seguenti).
616	Art. 703 Funzioni dell’esecutore testamentario	2. In quali circostanze l'esecutore testamentario può amministrare la massa ereditaria per più di un anno?	L’esecutore testamentario deve curare che siano esattamente eseguite le disposizioni di ultima volontà del defunto. A tal fine, salvo contraria volontà del testatore, egli deve amministrare la massa ereditaria, prendendo possesso dei beni che ne fanno parte. Il possesso non può durare più di un anno dalla dichiarazione di accettazione, salvo che l’autorità giudiziaria, per motivi di evidente necessità, sentiti gli eredi, ne prolunghi la durata, che non potrà mai superare un altro anno. L’esecutore deve amministrare come un buon padre di famiglia e può compiere tutti gli atti di gestione occorrenti. Quando è necessario alienare beni dell’eredità, ne chiede l’autorizzazione all’autorità giudiziaria, la quale provvede sentiti gli eredi (Cod. Proc. Civ. 747 e seguenti). Qualsiasi atto dell’esecutore testamentario non pregiudica il diritto del chiamato a rinunziare all’eredità (519 e seguenti) o ad accettarla col beneficio d’inventario (484 e seguenti).
617	Art. 703 Funzioni dell’esecutore testamentario	3. Quali sono le condizioni necessarie affinché l'esecutore testamentario possa alienare beni dell'eredità?	L’esecutore testamentario deve curare che siano esattamente eseguite le disposizioni di ultima volontà del defunto. A tal fine, salvo contraria volontà del testatore, egli deve amministrare la massa ereditaria, prendendo possesso dei beni che ne fanno parte. Il possesso non può durare più di un anno dalla dichiarazione di accettazione, salvo che l’autorità giudiziaria, per motivi di evidente necessità, sentiti gli eredi, ne prolunghi la durata, che non potrà mai superare un altro anno. L’esecutore deve amministrare come un buon padre di famiglia e può compiere tutti gli atti di gestione occorrenti. Quando è necessario alienare beni dell’eredità, ne chiede l’autorizzazione all’autorità giudiziaria, la quale provvede sentiti gli eredi (Cod. Proc. Civ. 747 e seguenti). Qualsiasi atto dell’esecutore testamentario non pregiudica il diritto del chiamato a rinunziare all’eredità (519 e seguenti) o ad accettarla col beneficio d’inventario (484 e seguenti).
618	Art. 703 Funzioni dell’esecutore testamentario	4. Come deve comportarsi l'esecutore testamentario nell'amministrazione dei beni ereditari?	L’esecutore testamentario deve curare che siano esattamente eseguite le disposizioni di ultima volontà del defunto. A tal fine, salvo contraria volontà del testatore, egli deve amministrare la massa ereditaria, prendendo possesso dei beni che ne fanno parte. Il possesso non può durare più di un anno dalla dichiarazione di accettazione, salvo che l’autorità giudiziaria, per motivi di evidente necessità, sentiti gli eredi, ne prolunghi la durata, che non potrà mai superare un altro anno. L’esecutore deve amministrare come un buon padre di famiglia e può compiere tutti gli atti di gestione occorrenti. Quando è necessario alienare beni dell’eredità, ne chiede l’autorizzazione all’autorità giudiziaria, la quale provvede sentiti gli eredi (Cod. Proc. Civ. 747 e seguenti). Qualsiasi atto dell’esecutore testamentario non pregiudica il diritto del chiamato a rinunziare all’eredità (519 e seguenti) o ad accettarla col beneficio d’inventario (484 e seguenti).
619	Art. 703 Funzioni dell’esecutore testamentario	5. In che modo le azioni dell'esecutore testamentario influenzano il diritto del chiamato a rinunciare all'eredità?	L’esecutore testamentario deve curare che siano esattamente eseguite le disposizioni di ultima volontà del defunto. A tal fine, salvo contraria volontà del testatore, egli deve amministrare la massa ereditaria, prendendo possesso dei beni che ne fanno parte. Il possesso non può durare più di un anno dalla dichiarazione di accettazione, salvo che l’autorità giudiziaria, per motivi di evidente necessità, sentiti gli eredi, ne prolunghi la durata, che non potrà mai superare un altro anno. L’esecutore deve amministrare come un buon padre di famiglia e può compiere tutti gli atti di gestione occorrenti. Quando è necessario alienare beni dell’eredità, ne chiede l’autorizzazione all’autorità giudiziaria, la quale provvede sentiti gli eredi (Cod. Proc. Civ. 747 e seguenti). Qualsiasi atto dell’esecutore testamentario non pregiudica il diritto del chiamato a rinunziare all’eredità (519 e seguenti) o ad accettarla col beneficio d’inventario (484 e seguenti).
620	Art. 703 Funzioni dell’esecutore testamentario	6. Quali articoli del Codice di Procedura Civile sono citati in relazione all'autorizzazione per l'alienazione dei beni ereditari?	L’esecutore testamentario deve curare che siano esattamente eseguite le disposizioni di ultima volontà del defunto. A tal fine, salvo contraria volontà del testatore, egli deve amministrare la massa ereditaria, prendendo possesso dei beni che ne fanno parte. Il possesso non può durare più di un anno dalla dichiarazione di accettazione, salvo che l’autorità giudiziaria, per motivi di evidente necessità, sentiti gli eredi, ne prolunghi la durata, che non potrà mai superare un altro anno. L’esecutore deve amministrare come un buon padre di famiglia e può compiere tutti gli atti di gestione occorrenti. Quando è necessario alienare beni dell’eredità, ne chiede l’autorizzazione all’autorità giudiziaria, la quale provvede sentiti gli eredi (Cod. Proc. Civ. 747 e seguenti). Qualsiasi atto dell’esecutore testamentario non pregiudica il diritto del chiamato a rinunziare all’eredità (519 e seguenti) o ad accettarla col beneficio d’inventario (484 e seguenti).
621	Art. 704 Rappresentanza processuale	1. Quali azioni relative all'eredità devono essere proposte nei confronti dell'esecutore testamentario durante la sua gestione?	Durante la gestione dell’esecutore testamentario, le azioni relative all’eredità devono essere proposte anche nei confronti dell’esecutore (Cod. Proc. Civ. 102). Questi ha facoltà d’intervenire nei giudizi promossi dall’erede e può esercitare le azioni relative all’esercizio del suo ufficio.
622	Art. 704 Rappresentanza processuale	2. L'esecutore testamentario ha la facoltà di intervenire nei giudizi promossi da chi?	Durante la gestione dell’esecutore testamentario, le azioni relative all’eredità devono essere proposte anche nei confronti dell’esecutore (Cod. Proc. Civ. 102). Questi ha facoltà d’intervenire nei giudizi promossi dall’erede e può esercitare le azioni relative all’esercizio del suo ufficio.
623	Art. 705 Apposizione di sigilli e inventario	1. In quali circostanze l'esecutore testamentario deve far apporre i sigilli secondo il Codice di Procedura Civile?	L’esecutore testamentario fa apporre i sigilli (Cod. Proc. Civ. 752 e seguenti) quando tra i chiamati all’eredità vi sono minori, assenti, interdetti o persone giuridiche. Egli in tal caso fa redigere l’inventario (Cod. Proc. Civ. 769 e seguenti) dei beni dell’eredità in presenza dei chiamati all’eredità o dei loro rappresentanti, o dopo averli invitati.
624	Art. 705 Apposizione di sigilli e inventario	2. Chi deve essere presente o invitato quando l'esecutore testamentario redige l'inventario dei beni dell'eredità?	L’esecutore testamentario fa apporre i sigilli (Cod. Proc. Civ. 752 e seguenti) quando tra i chiamati all’eredità vi sono minori, assenti, interdetti o persone giuridiche. Egli in tal caso fa redigere l’inventario (Cod. Proc. Civ. 769 e seguenti) dei beni dell’eredità in presenza dei chiamati all’eredità o dei loro rappresentanti, o dopo averli invitati.
625	Art. 706 Divisione da compiersi dall’esecutore testamentario	1. Quali sono le condizioni in cui l'esecutore testamentario può procedere alla divisione dei beni tra gli eredi?	Il testatore può disporre che l’esecutore testamentario, quando non è un erede o un legatario, proceda alla divisione tra gli eredi dei beni all’eredità. In questo caso si osserva il disposto dell’Art. 733. Prima di procedere alla divisione l’esecutore testamentario deve sentire gli eredi.
626	Art. 706 Divisione da compiersi dall’esecutore testamentario	2. Cosa deve fare l'esecutore testamentario prima di procedere alla divisione dei beni?	Il testatore può disporre che l’esecutore testamentario, quando non è un erede o un legatario, proceda alla divisione tra gli eredi dei beni all’eredità. In questo caso si osserva il disposto dell’Art. 733. Prima di procedere alla divisione l’esecutore testamentario deve sentire gli eredi.
627	Art. 706 Divisione da compiersi dall’esecutore testamentario	3. A quale articolo si fa riferimento quando l'esecutore testamentario non è un erede o un legatario e deve procedere alla divisione dei beni?	Il testatore può disporre che l’esecutore testamentario, quando non è un erede o un legatario, proceda alla divisione tra gli eredi dei beni all’eredità. In questo caso si osserva il disposto dell’Art. 733. Prima di procedere alla divisione l’esecutore testamentario deve sentire gli eredi.
628	Art. 707 Consegna dei beni all’erede	1. In quali circostanze l'esecutore testamentario è obbligato a consegnare i beni dell'eredità all'erede?	L’esecutore testamentario deve consegnare all’erede, che ne fa richiesta, i beni dell’eredità che non sono necessari all’esercizio del suo ufficio. Egli non può rifiutare tale consegna a causa di obbligazioni che debba adempiere conformemente alla volontà del testatore, o di legati condizionali o a termine se l’erede dimostra di averli già soddisfatti, od offre idonea garanzia per l’adempimento delle obbligazioni, dei legati o degli oneri.
629	Art. 707 Consegna dei beni all’erede	2. Quali condizioni deve soddisfare l'erede per ottenere la consegna dei beni dell'eredità dall'esecutore testamentario?	L’esecutore testamentario deve consegnare all’erede, che ne fa richiesta, i beni dell’eredità che non sono necessari all’esercizio del suo ufficio. Egli non può rifiutare tale consegna a causa di obbligazioni che debba adempiere conformemente alla volontà del testatore, o di legati condizionali o a termine se l’erede dimostra di averli già soddisfatti, od offre idonea garanzia per l’adempimento delle obbligazioni, dei legati o degli oneri.
630	Art. 708 Disaccordo tra più esecutori testamentari	1. Cosa accade se gli esecutori che devono agire congiuntamente non sono d'accordo su un atto del loro ufficio?	Se gli esecutori che devono agire congiuntamente non sono d’accordo circa un atto del loro ufficio, provvede l’autorità giudiziaria, sentiti, se occorre, gli eredi (Cod. Proc. Civ. 750).
631	Art. 709 Conto della gestione	1. Quali sono gli obblighi dell'esecutore testamentario al termine della sua gestione?	L’esecutore testamentario deve rendere il conto della sua gestione al termine della stessa, e anche spirato l’anno dalla morte del testatore, se la gestione si prolunga oltre l’anno (Cod. Proc. Civ. 263). Egli è tenuto, in caso di colpa, al risarcimento dei danni verso gli eredi e verso i legatari. Gli esecutori testamentari, quando sono più, rispondono solidalmente, per la gestione comune. Il testatore non può esonerare l’esecutore testamentario dall’obbligo di rendere il conto o dalla responsabilità della gestione.
632	Art. 709 Conto della gestione	2. In quali circostanze l'esecutore testamentario è tenuto al risarcimento dei danni?	L’esecutore testamentario deve rendere il conto della sua gestione al termine della stessa, e anche spirato l’anno dalla morte del testatore, se la gestione si prolunga oltre l’anno (Cod. Proc. Civ. 263). Egli è tenuto, in caso di colpa, al risarcimento dei danni verso gli eredi e verso i legatari. Gli esecutori testamentari, quando sono più, rispondono solidalmente, per la gestione comune. Il testatore non può esonerare l’esecutore testamentario dall’obbligo di rendere il conto o dalla responsabilità della gestione.
633	Art. 709 Conto della gestione	3. Come rispondono gli esecutori testamentari quando sono più di uno?	L’esecutore testamentario deve rendere il conto della sua gestione al termine della stessa, e anche spirato l’anno dalla morte del testatore, se la gestione si prolunga oltre l’anno (Cod. Proc. Civ. 263). Egli è tenuto, in caso di colpa, al risarcimento dei danni verso gli eredi e verso i legatari. Gli esecutori testamentari, quando sono più, rispondono solidalmente, per la gestione comune. Il testatore non può esonerare l’esecutore testamentario dall’obbligo di rendere il conto o dalla responsabilità della gestione.
634	Art. 709 Conto della gestione	4. Il testatore può esonerare l'esecutore testamentario dall'obbligo di rendere il conto o dalla responsabilità della gestione?	L’esecutore testamentario deve rendere il conto della sua gestione al termine della stessa, e anche spirato l’anno dalla morte del testatore, se la gestione si prolunga oltre l’anno (Cod. Proc. Civ. 263). Egli è tenuto, in caso di colpa, al risarcimento dei danni verso gli eredi e verso i legatari. Gli esecutori testamentari, quando sono più, rispondono solidalmente, per la gestione comune. Il testatore non può esonerare l’esecutore testamentario dall’obbligo di rendere il conto o dalla responsabilità della gestione.
635	Art. 710 Esonero dell’esecutore testamentario	1. Quali sono le ragioni per cui l'autorità giudiziaria può esonerare un esecutore testamentario dal suo ufficio?	Su istanza di ogni interessato, l’autorità giudiziaria può esonerare l’esecutore testamentario dal suo ufficio per gravi irregolarità nell’adempimento dei suoi obblighi, per inidoneità all’ufficio o per aver commesso azione che ne menomi la fiducia. L’autorità giudiziaria, prima di provvede re, deve sentire l’esecutore e può disporre opportuni accertamenti (Cod. Proc. Civ. 750).
636	Art. 710 Esonero dell’esecutore testamentario	2. Quali passaggi deve seguire l'autorità giudiziaria prima di esonerare un esecutore testamentario?	Su istanza di ogni interessato, l’autorità giudiziaria può esonerare l’esecutore testamentario dal suo ufficio per gravi irregolarità nell’adempimento dei suoi obblighi, per inidoneità all’ufficio o per aver commesso azione che ne menomi la fiducia. L’autorità giudiziaria, prima di provvede re, deve sentire l’esecutore e può disporre opportuni accertamenti (Cod. Proc. Civ. 750).
637	Art. 711 Retribuzione	1. In quali circostanze l'esecutore testamentario può ricevere una retribuzione per il suo incarico?	L’ufficio dell’esecutore testamentario è gratuito. Tuttavia il testatore può stabilire una retribuzione a carico dell’eredità.
638	Art. 711 Retribuzione	2. Chi ha la facoltà di stabilire una retribuzione per l'esecutore testamentario?	L’ufficio dell’esecutore testamentario è gratuito. Tuttavia il testatore può stabilire una retribuzione a carico dell’eredità.
639	Art. 712 Spese	1. Quali spese sostenute dall'esecutore testamentario sono a carico dell'eredità?	Le spese fatte dall’esecutore testamentario per l’esercizio del suo ufficio sono a carico dell’eredità. 
640	Art. 713 Facoltà di domandare la divisione	1. In quali circostanze il testatore può disporre che la divisione dell'eredità non avvenga immediatamente?	I coeredi possono sempre domandare la divisione (715 e seguenti, 1111 e seguenti, 2646; Cod. Proc. Civ. 784 e seguenti). Quando però tutti gli eredi istituiti o alcuni di essi sono minori di età, il testatore può disporre che la divisione non abbia luogo prima che sia trascorso un anno dalla maggiore età dell’ultimo nato. Egli può anche disporre che la divisione dell’eredità o di alcuni beni di essa non abbia luogo prima che sia trascorso dalla sua morte un termine non eccedente il quinquennio. Tuttavia in ambedue i casi l’autorità giudiziaria, qualora gravi circostanze lo richiedano, può, su istanza di uno o più coeredi, consentire che la divisione si effettui senza indugio o dopo un termine minore di quello stabilito dal testatore.
641	Art. 713 Facoltà di domandare la divisione	2. Qual è il termine massimo che il testatore può stabilire per la divisione dell'eredità dalla sua morte?	I coeredi possono sempre domandare la divisione (715 e seguenti, 1111 e seguenti, 2646; Cod. Proc. Civ. 784 e seguenti). Quando però tutti gli eredi istituiti o alcuni di essi sono minori di età, il testatore può disporre che la divisione non abbia luogo prima che sia trascorso un anno dalla maggiore età dell’ultimo nato. Egli può anche disporre che la divisione dell’eredità o di alcuni beni di essa non abbia luogo prima che sia trascorso dalla sua morte un termine non eccedente il quinquennio. Tuttavia in ambedue i casi l’autorità giudiziaria, qualora gravi circostanze lo richiedano, può, su istanza di uno o più coeredi, consentire che la divisione si effettui senza indugio o dopo un termine minore di quello stabilito dal testatore.
642	Art. 713 Facoltà di domandare la divisione	3. Quali sono le condizioni in cui l'autorità giudiziaria può consentire una divisione anticipata dell'eredità?	I coeredi possono sempre domandare la divisione (715 e seguenti, 1111 e seguenti, 2646; Cod. Proc. Civ. 784 e seguenti). Quando però tutti gli eredi istituiti o alcuni di essi sono minori di età, il testatore può disporre che la divisione non abbia luogo prima che sia trascorso un anno dalla maggiore età dell’ultimo nato. Egli può anche disporre che la divisione dell’eredità o di alcuni beni di essa non abbia luogo prima che sia trascorso dalla sua morte un termine non eccedente il quinquennio. Tuttavia in ambedue i casi l’autorità giudiziaria, qualora gravi circostanze lo richiedano, può, su istanza di uno o più coeredi, consentire che la divisione si effettui senza indugio o dopo un termine minore di quello stabilito dal testatore.
643	Art. 713 Facoltà di domandare la divisione	4. Cosa può fare l'autorità giudiziaria se gravi circostanze richiedono una divisione anticipata dell'eredità?	I coeredi possono sempre domandare la divisione (715 e seguenti, 1111 e seguenti, 2646; Cod. Proc. Civ. 784 e seguenti). Quando però tutti gli eredi istituiti o alcuni di essi sono minori di età, il testatore può disporre che la divisione non abbia luogo prima che sia trascorso un anno dalla maggiore età dell’ultimo nato. Egli può anche disporre che la divisione dell’eredità o di alcuni beni di essa non abbia luogo prima che sia trascorso dalla sua morte un termine non eccedente il quinquennio. Tuttavia in ambedue i casi l’autorità giudiziaria, qualora gravi circostanze lo richiedano, può, su istanza di uno o più coeredi, consentire che la divisione si effettui senza indugio o dopo un termine minore di quello stabilito dal testatore.
644	Art. 714 Godimento separato di parte dei beni	1. In quali circostanze la divisione dei beni ereditari può essere richiesta anche se uno o più coeredi hanno goduto separatamente di parte dei beni?	Può domandarsi la divisione anche quando uno o più coeredi hanno goduto separatamente parte dei beni ereditari, salvo che si sia verificata l’usucapione per effetto di possesso esclusivo (1102, 1158 e seguenti).
645	Art. 715 Casi d’impedimento alla divisione	1. In quali circostanze la divisione dell'eredità non può aver luogo secondo il testo?	Se tra i chiamati alla successione vi è un concepito, la divisione non può aver luogo prima della nascita del medesimo. Parimenti la divisione non può aver luogo durante la pendenza di un giudizio sulla filiazione di colui che, in caso di esito favorevole del giudizio, sarebbe chiamato a succedere, né può aver luogo durante lo svolgimento della procedura amministrativa per l’ammissione del riconoscimento previsto dal quarto comma dell’art. 252 o per il riconoscimento dell’ente istituito erede. L’autorità giudiziaria può tuttavia autorizzare la divisione, fissando le opportune cautele. La disposizione del comma precedente si applica anche se tra i chiamati alla successione vi sono nascituri non concepiti. Se i nascituri non concepiti sono istituiti senza determinazione di quote, l’autorità giudiziaria può attribuire agli altri coeredi tutti i beni ereditari o parte di essi, secondo le circostanze, disponendo le opportune cautele nell’interesse dei nascituri.
646	Art. 715 Casi d’impedimento alla divisione	2. Quali sono le condizioni in cui l'autorità giudiziaria può autorizzare la divisione dell'eredità?	Se tra i chiamati alla successione vi è un concepito, la divisione non può aver luogo prima della nascita del medesimo. Parimenti la divisione non può aver luogo durante la pendenza di un giudizio sulla filiazione di colui che, in caso di esito favorevole del giudizio, sarebbe chiamato a succedere, né può aver luogo durante lo svolgimento della procedura amministrativa per l’ammissione del riconoscimento previsto dal quarto comma dell’art. 252 o per il riconoscimento dell’ente istituito erede. L’autorità giudiziaria può tuttavia autorizzare la divisione, fissando le opportune cautele. La disposizione del comma precedente si applica anche se tra i chiamati alla successione vi sono nascituri non concepiti. Se i nascituri non concepiti sono istituiti senza determinazione di quote, l’autorità giudiziaria può attribuire agli altri coeredi tutti i beni ereditari o parte di essi, secondo le circostanze, disponendo le opportune cautele nell’interesse dei nascituri.
647	Art. 715 Casi d’impedimento alla divisione	3. Come si applica la disposizione relativa alla divisione dell'eredità nel caso di nascituri non concepiti?	Se tra i chiamati alla successione vi è un concepito, la divisione non può aver luogo prima della nascita del medesimo. Parimenti la divisione non può aver luogo durante la pendenza di un giudizio sulla filiazione di colui che, in caso di esito favorevole del giudizio, sarebbe chiamato a succedere, né può aver luogo durante lo svolgimento della procedura amministrativa per l’ammissione del riconoscimento previsto dal quarto comma dell’art. 252 o per il riconoscimento dell’ente istituito erede. L’autorità giudiziaria può tuttavia autorizzare la divisione, fissando le opportune cautele. La disposizione del comma precedente si applica anche se tra i chiamati alla successione vi sono nascituri non concepiti. Se i nascituri non concepiti sono istituiti senza determinazione di quote, l’autorità giudiziaria può attribuire agli altri coeredi tutti i beni ereditari o parte di essi, secondo le circostanze, disponendo le opportune cautele nell’interesse dei nascituri.
648	Art. 715 Casi d’impedimento alla divisione	4. Cosa può fare l'autorità giudiziaria se i nascituri non concepiti sono istituiti senza determinazione di quote?	Se tra i chiamati alla successione vi è un concepito, la divisione non può aver luogo prima della nascita del medesimo. Parimenti la divisione non può aver luogo durante la pendenza di un giudizio sulla filiazione di colui che, in caso di esito favorevole del giudizio, sarebbe chiamato a succedere, né può aver luogo durante lo svolgimento della procedura amministrativa per l’ammissione del riconoscimento previsto dal quarto comma dell’art. 252 o per il riconoscimento dell’ente istituito erede. L’autorità giudiziaria può tuttavia autorizzare la divisione, fissando le opportune cautele. La disposizione del comma precedente si applica anche se tra i chiamati alla successione vi sono nascituri non concepiti. Se i nascituri non concepiti sono istituiti senza determinazione di quote, l’autorità giudiziaria può attribuire agli altri coeredi tutti i beni ereditari o parte di essi, secondo le circostanze, disponendo le opportune cautele nell’interesse dei nascituri.
649	Art. 715 Casi d’impedimento alla divisione	5. Quali procedure devono essere completate prima che la divisione dell'eredità possa aver luogo in presenza di un giudizio sulla filiazione?	Se tra i chiamati alla successione vi è un concepito, la divisione non può aver luogo prima della nascita del medesimo. Parimenti la divisione non può aver luogo durante la pendenza di un giudizio sulla filiazione di colui che, in caso di esito favorevole del giudizio, sarebbe chiamato a succedere, né può aver luogo durante lo svolgimento della procedura amministrativa per l’ammissione del riconoscimento previsto dal quarto comma dell’art. 252 o per il riconoscimento dell’ente istituito erede. L’autorità giudiziaria può tuttavia autorizzare la divisione, fissando le opportune cautele. La disposizione del comma precedente si applica anche se tra i chiamati alla successione vi sono nascituri non concepiti. Se i nascituri non concepiti sono istituiti senza determinazione di quote, l’autorità giudiziaria può attribuire agli altri coeredi tutti i beni ereditari o parte di essi, secondo le circostanze, disponendo le opportune cautele nell’interesse dei nascituri.
650	Art. 717 Sospensione della divisione per ordine del giudice	1. Quali sono le condizioni necessarie affinché l'autorità giudiziaria possa sospendere la divisione dell'eredità su istanza di uno dei coeredi?	L’autorità giudiziaria, su istanza di uno dei coeredi, può sospendere, per un periodo di tempo non eccedente i cinque anni, la divisione dell’eredità o di alcuni beni, qualora l’immediata sua esecuzione possa recare notevole pregiudizio al patrimonio ereditario.
651	Art. 717 Sospensione della divisione per ordine del giudice	2. Qual è il periodo massimo per il quale l'autorità giudiziaria può sospendere la divisione dell'eredità?	L’autorità giudiziaria, su istanza di uno dei coeredi, può sospendere, per un periodo di tempo non eccedente i cinque anni, la divisione dell’eredità o di alcuni beni, qualora l’immediata sua esecuzione possa recare notevole pregiudizio al patrimonio ereditario.
652	Art. 717 Sospensione della divisione per ordine del giudice	3. Chi può presentare l'istanza per sospendere la divisione dell'eredità?	L’autorità giudiziaria, su istanza di uno dei coeredi, può sospendere, per un periodo di tempo non eccedente i cinque anni, la divisione dell’eredità o di alcuni beni, qualora l’immediata sua esecuzione possa recare notevole pregiudizio al patrimonio ereditario.
653	Art. 717 Sospensione della divisione per ordine del giudice	4. Quale tipo di pregiudizio deve essere dimostrato per giustificare la sospensione della divisione dell'eredità?	L’autorità giudiziaria, su istanza di uno dei coeredi, può sospendere, per un periodo di tempo non eccedente i cinque anni, la divisione dell’eredità o di alcuni beni, qualora l’immediata sua esecuzione possa recare notevole pregiudizio al patrimonio ereditario.
654	Art. 718 Diritto ai beni in natura	1. Quali sono le condizioni in cui un coerede può chiedere la sua parte in natura dei beni mobili e immobili dell'eredità?	Ciascun coerede può chiedere la sua parte in natura dei beni mobili e immobili dell’eredità, salve le disposizioni degli articoli seguenti.
655	Art. 719 Vendita dei beni per il pagamento dei debiti ereditari	1. Quali sono le condizioni necessarie affinché si possa procedere alla vendita all'incanto dei beni mobili e immobili nell'ambito di un'eredità?	Se i coeredi aventi diritto a più della metà dell’asse concordano nella necessità della vendita per il pagamento dei debiti e pesi ereditari (752 e seguenti), si procede (Cod. Proc. Civ. 747 e seguenti) alla vendita all’incanto dei beni mobili e, se occorre, di quei beni immobili la cui alienazione rechi minor pregiudizio agli interessi dei condividenti. Quando occorre il consenso di tutte le parti, la vendita può seguire tra i soli condividenti e senza pubblicità, salvo che vi sia opposizione dei legatari o dei creditori.
656	Art. 719 Vendita dei beni per il pagamento dei debiti ereditari	2. In quali circostanze la vendita dei beni ereditari può avvenire tra i soli condividenti e senza pubblicità?	Se i coeredi aventi diritto a più della metà dell’asse concordano nella necessità della vendita per il pagamento dei debiti e pesi ereditari (752 e seguenti), si procede (Cod. Proc. Civ. 747 e seguenti) alla vendita all’incanto dei beni mobili e, se occorre, di quei beni immobili la cui alienazione rechi minor pregiudizio agli interessi dei condividenti. Quando occorre il consenso di tutte le parti, la vendita può seguire tra i soli condividenti e senza pubblicità, salvo che vi sia opposizione dei legatari o dei creditori.
657	Art. 720 Immobili non divisibili	1. Quali sono le condizioni che rendono gli immobili non comodamente divisibili nell'ambito di un'eredità?	Se nell’eredità vi sono immobili non comodamente divisibili, o il cui frazionamento recherebbe pregiudizio alle ragioni della pubblica economia o dell’igiene, e la divisione dell’intera sostanza non può effettuarsi senza il loro frazionamento, essi devono preferibilmente essere compresi per intero, con addebito dell’eccedenza, nella porzione di uno dei coeredi aventi diritto alla quota maggiore, o anche nelle porzioni di più coeredi, se questi ne richiedono congiuntamente l’attribuzione. Se nessuno dei coeredi è a ciò disposto, si fa luogo alla vendita all’incanto (2646; Cod. Proc. Civ. 748).
658	Art. 720 Immobili non divisibili	2. Cosa accade se nessuno dei coeredi è disposto ad accettare l'attribuzione degli immobili non comodamente divisibili?	Se nell’eredità vi sono immobili non comodamente divisibili, o il cui frazionamento recherebbe pregiudizio alle ragioni della pubblica economia o dell’igiene, e la divisione dell’intera sostanza non può effettuarsi senza il loro frazionamento, essi devono preferibilmente essere compresi per intero, con addebito dell’eccedenza, nella porzione di uno dei coeredi aventi diritto alla quota maggiore, o anche nelle porzioni di più coeredi, se questi ne richiedono congiuntamente l’attribuzione. Se nessuno dei coeredi è a ciò disposto, si fa luogo alla vendita all’incanto (2646; Cod. Proc. Civ. 748).
659	Art. 721 Vendita degli immobili	1. Cosa accade se i condividenti non concordano i patti e le condizioni della vendita degli immobili?	I patti e le condizioni della vendita degli immobili, qualora non siano concordati dai condividenti, sono stabiliti dall’autorità giudiziaria.
660	Art. 722 Beni indivisibili nell’interesse della produzione nazionale	1. Quali sono le condizioni in cui le disposizioni dei due articoli precedenti si applicano all'eredità contenente beni dichiarati indivisibili dalla legge?	In quanto non sia diversamente disposto dalle leggi speciali, le disposizioni dei due articoli precedenti si applicano anche nel caso in cui nell’eredità vi sono beni che la legge dichiara indivisibili nell’interesse della produzione nazionale (846 e seguenti).
661	Art. 723 Resa dei conti	1. Quali sono i passaggi successivi alla vendita dei mobili e degli immobili nell'ambito della divisione ereditaria?	Dopo la vendita, se ha avuto luogo, dei mobili e degli immobili si procede ai conti che i condividenti si devono rendere, alla formazione dello stato attivo e passivo dell’eredità e alla determinazione delle porzioni ereditarie e dei conguagli o rimborsi che si devono tra loro i condividenti.
662	Art. 723 Resa dei conti	2. Cosa devono fare i condividenti dopo la vendita dei beni ereditari?	Dopo la vendita, se ha avuto luogo, dei mobili e degli immobili si procede ai conti che i condividenti si devono rendere, alla formazione dello stato attivo e passivo dell’eredità e alla determinazione delle porzioni ereditarie e dei conguagli o rimborsi che si devono tra loro i condividenti.
663	Art. 723 Resa dei conti	3. In che modo si determina lo stato attivo e passivo dell'eredità?	Dopo la vendita, se ha avuto luogo, dei mobili e degli immobili si procede ai conti che i condividenti si devono rendere, alla formazione dello stato attivo e passivo dell’eredità e alla determinazione delle porzioni ereditarie e dei conguagli o rimborsi che si devono tra loro i condividenti.
664	Art. 723 Resa dei conti	4. Come si stabiliscono le porzioni ereditarie tra i condividenti?	Dopo la vendita, se ha avuto luogo, dei mobili e degli immobili si procede ai conti che i condividenti si devono rendere, alla formazione dello stato attivo e passivo dell’eredità e alla determinazione delle porzioni ereditarie e dei conguagli o rimborsi che si devono tra loro i condividenti.
665	Art. 723 Resa dei conti	5. Quali conguagli o rimborsi possono essere necessari tra i condividenti dopo la vendita dei beni ereditari?	Dopo la vendita, se ha avuto luogo, dei mobili e degli immobili si procede ai conti che i condividenti si devono rendere, alla formazione dello stato attivo e passivo dell’eredità e alla determinazione delle porzioni ereditarie e dei conguagli o rimborsi che si devono tra loro i condividenti.
666	Art. 724 Collazione e imputazione	1. Quali somme devono essere imputate alla quota di ciascun coerede tenuto a collazione?	I coeredi tenuti a collazione, a norma del Capo II di questo Ciascun erede deve imputare alla sua quota le somme di cui era debitore verso il defunto e quelle di cui è debitore verso i coeredi in dipendenza dei rapporti di comunione.
667	Art. 725 Prelevamenti	1. Cosa accade se i beni donati non sono conferiti in natura?	Se i beni donati non sono conferiti in natura, o se vi sono debiti da imputare alla quota di un erede a norma del secondo comma dell’articolo precedente, gli altri eredi prelevano dalla massa ereditaria beni in proporzione delle loro rispettive quote. I prelevamenti, per quanto è possibile, si formano con oggetti della stessa natura e qualità di quelli che non sono stati conferiti in natura.
668	Art. 725 Prelevamenti	2. Come vengono gestiti i debiti da imputare alla quota di un erede secondo il secondo comma dell’articolo precedente?	Se i beni donati non sono conferiti in natura, o se vi sono debiti da imputare alla quota di un erede a norma del secondo comma dell’articolo precedente, gli altri eredi prelevano dalla massa ereditaria beni in proporzione delle loro rispettive quote. I prelevamenti, per quanto è possibile, si formano con oggetti della stessa natura e qualità di quelli che non sono stati conferiti in natura.
669	Art. 725 Prelevamenti	3. In che modo gli altri eredi prelevano beni dalla massa ereditaria?	Se i beni donati non sono conferiti in natura, o se vi sono debiti da imputare alla quota di un erede a norma del secondo comma dell’articolo precedente, gli altri eredi prelevano dalla massa ereditaria beni in proporzione delle loro rispettive quote. I prelevamenti, per quanto è possibile, si formano con oggetti della stessa natura e qualità di quelli che non sono stati conferiti in natura.
670	Art. 725 Prelevamenti	4. Quali criteri devono seguire i prelevamenti dalla massa ereditaria per quanto riguarda la natura e la qualità degli oggetti?	Se i beni donati non sono conferiti in natura, o se vi sono debiti da imputare alla quota di un erede a norma del secondo comma dell’articolo precedente, gli altri eredi prelevano dalla massa ereditaria beni in proporzione delle loro rispettive quote. I prelevamenti, per quanto è possibile, si formano con oggetti della stessa natura e qualità di quelli che non sono stati conferiti in natura.
671	Art. 726 Stima e formazione delle parti	1. Come si determina il valore degli oggetti rimanenti nella massa dopo i prelevamenti?	Fatti i prelevamenti, si provvede alla stima di ciò che rimane nella massa, secondo il valore venale dei singoli oggetti. Eseguita la stima, si procede alla formazione di tante porzioni quanti sono gli eredi o le stirpi condividenti in proporzione delle quote.
672	Art. 726 Stima e formazione delle parti	2. In che modo vengono formate le porzioni per gli eredi o le stirpi condividenti?	Fatti i prelevamenti, si provvede alla stima di ciò che rimane nella massa, secondo il valore venale dei singoli oggetti. Eseguita la stima, si procede alla formazione di tante porzioni quanti sono gli eredi o le stirpi condividenti in proporzione delle quote.
673	Art. 727 Norme per la formazione delle porzioni	1. Quali articoli del codice civile devono essere considerati come eccezioni alla regola generale sulla formazione delle porzioni?	Salvo quanto è disposto dagli artt. 720 e 722, le porzioni devono essere formate, previa stima dei beni, comprendendo una quantità di mobili, immobili e crediti di eguale natura e qualità, in proporzione dell’entità di ciascuna quota. Si deve tuttavia evitare per quanto è possibile, il frazionamento delle biblioteche, gallerie e collezioni che hanno un’importanza storica, scientifica o artistica.
674	Art. 727 Norme per la formazione delle porzioni	2. Quali tipi di beni devono essere evitati nel frazionamento durante la formazione delle porzioni?	Salvo quanto è disposto dagli artt. 720 e 722, le porzioni devono essere formate, previa stima dei beni, comprendendo una quantità di mobili, immobili e crediti di eguale natura e qualità, in proporzione dell’entità di ciascuna quota. Si deve tuttavia evitare per quanto è possibile, il frazionamento delle biblioteche, gallerie e collezioni che hanno un’importanza storica, scientifica o artistica.
675	Art. 728 Conguagli in danaro	1. In che modo si compensa l'ineguaglianza nelle quote ereditarie secondo l'articolo 2817, numero 2?	L’ineguaglianza in natura nelle quote ereditarie si compensa con un equivalente in danaro (2817, n. 2).
676	Art. 729 Assegnazione o attribuzione delle porzioni	1. In che modo avviene l'assegnazione delle porzioni eguali?	L’assegnazione delle porzioni eguali e fatta mediante estrazione a sorte. Per le porzioni diseguali si procede mediante attribuzione. Tuttavia, rispetto a beni costituenti frazioni eguali di quote diseguali, si può procedere per estrazione a sorte.
677	Art. 729 Assegnazione o attribuzione delle porzioni	2. Come si procede per l'assegnazione delle porzioni diseguali?	L’assegnazione delle porzioni eguali e fatta mediante estrazione a sorte. Per le porzioni diseguali si procede mediante attribuzione. Tuttavia, rispetto a beni costituenti frazioni eguali di quote diseguali, si può procedere per estrazione a sorte.
678	Art. 729 Assegnazione o attribuzione delle porzioni	3. È possibile utilizzare l'estrazione a sorte per beni che costituiscono frazioni eguali di quote diseguali?	L’assegnazione delle porzioni eguali e fatta mediante estrazione a sorte. Per le porzioni diseguali si procede mediante attribuzione. Tuttavia, rispetto a beni costituenti frazioni eguali di quote diseguali, si può procedere per estrazione a sorte.
679	Art. 730 Deferimento delle operazioni a un notaio	1. In che modo viene nominato un notaio se i coeredi non riescono a raggiungere un accordo?	Le operazioni indicate negli articoli precedenti possono essere, col consenso di tutti i coeredi, deferite a un notaio. La nomina di questo, in mancanza di accordo, è fatta con decreto dal tribunale del luogo dell'aperta successione. Qualora sorgano contestazioni nel corso delle operazioni, esse sono riservate e rimesse tutte insieme alla cognizione dell’autorità giudiziaria competente, che provvede con unica sentenza.
680	Art. 730 Deferimento delle operazioni a un notaio	2. Cosa accade se sorgono contestazioni durante le operazioni indicate negli articoli precedenti?	Le operazioni indicate negli articoli precedenti possono essere, col consenso di tutti i coeredi, deferite a un notaio. La nomina di questo, in mancanza di accordo, è fatta con decreto dal tribunale del luogo dell'aperta successione. Qualora sorgano contestazioni nel corso delle operazioni, esse sono riservate e rimesse tutte insieme alla cognizione dell’autorità giudiziaria competente, che provvede con unica sentenza.
681	Art. 730 Deferimento delle operazioni a un notaio	3. Qual è l'autorità competente a risolvere le contestazioni sorte nel corso delle operazioni?	Le operazioni indicate negli articoli precedenti possono essere, col consenso di tutti i coeredi, deferite a un notaio. La nomina di questo, in mancanza di accordo, è fatta con decreto dal tribunale del luogo dell'aperta successione. Qualora sorgano contestazioni nel corso delle operazioni, esse sono riservate e rimesse tutte insieme alla cognizione dell’autorità giudiziaria competente, che provvede con unica sentenza.
682	Art. 731 Suddivisione tra stirpi	1. Quali sono le norme che regolano la suddivisione tra i componenti di ciascuna stirpe?	Le norme sulla divisione dell’intero asse si osservano anche nelle suddivisioni tra i componenti di ciascuna stirpe.
683	Art. 732 Diritto di prelazione	1. Qual è l'obbligo del coerede che intende alienare la sua quota a un estraneo?	Il coerede, che vuole alienare (1542 e seguenti) a un estraneo la sua quota o parte di essa, deve notificare la proposta di alienazione, indicandone il prezzo, agli altri coeredi, i quali hanno diritto di prelazione. Questo diritto deve essere esercitato nel termine di due mesi dall’ultima delle notificazioni. In mancanza della notificazione, i coeredi hanno diritto di riscattare la quota dall’acquirente e da ogni successivo avente causa, finché dura lo stato di comunione ereditaria. Se i coeredi che intendono esercitare il diritto di riscatto sono più, la quota è assegnata a tutti in parti uguali.
684	Art. 732 Diritto di prelazione	2. Entro quale termine i coeredi devono esercitare il diritto di prelazione?	Il coerede, che vuole alienare (1542 e seguenti) a un estraneo la sua quota o parte di essa, deve notificare la proposta di alienazione, indicandone il prezzo, agli altri coeredi, i quali hanno diritto di prelazione. Questo diritto deve essere esercitato nel termine di due mesi dall’ultima delle notificazioni. In mancanza della notificazione, i coeredi hanno diritto di riscattare la quota dall’acquirente e da ogni successivo avente causa, finché dura lo stato di comunione ereditaria. Se i coeredi che intendono esercitare il diritto di riscatto sono più, la quota è assegnata a tutti in parti uguali.
685	Art. 732 Diritto di prelazione	3. Cosa accade se il coerede non notifica la proposta di alienazione agli altri coeredi?	Il coerede, che vuole alienare (1542 e seguenti) a un estraneo la sua quota o parte di essa, deve notificare la proposta di alienazione, indicandone il prezzo, agli altri coeredi, i quali hanno diritto di prelazione. Questo diritto deve essere esercitato nel termine di due mesi dall’ultima delle notificazioni. In mancanza della notificazione, i coeredi hanno diritto di riscattare la quota dall’acquirente e da ogni successivo avente causa, finché dura lo stato di comunione ereditaria. Se i coeredi che intendono esercitare il diritto di riscatto sono più, la quota è assegnata a tutti in parti uguali.
686	Art. 732 Diritto di prelazione	4. Come viene assegnata la quota se più coeredi intendono esercitare il diritto di riscatto?	Il coerede, che vuole alienare (1542 e seguenti) a un estraneo la sua quota o parte di essa, deve notificare la proposta di alienazione, indicandone il prezzo, agli altri coeredi, i quali hanno diritto di prelazione. Questo diritto deve essere esercitato nel termine di due mesi dall’ultima delle notificazioni. In mancanza della notificazione, i coeredi hanno diritto di riscattare la quota dall’acquirente e da ogni successivo avente causa, finché dura lo stato di comunione ereditaria. Se i coeredi che intendono esercitare il diritto di riscatto sono più, la quota è assegnata a tutti in parti uguali.
687	Art. 733 Norme date dal testatore per la divisione	1. Quali condizioni rendono non vincolanti le norme stabilite dal testatore per formare le porzioni tra gli eredi?	Quando il testatore ha stabilito particolari norme per formare le porzioni, queste norme sono vincolanti per gli eredi, salvo che l’effettivo valore dei beni non corrisponda alle quote stabilite dal testatore. Il testatore può disporre che la divisione si effettui secondo la stima di persona da lui designata che non sia erede o legatario: la divisione proposta da questa persona non vincola gli eredi, se l’autorità giudiziaria, su istanza di taluno di essi, la riconosce contraria alla volontà del testatore o manifestamente iniqua.
688	Art. 733 Norme date dal testatore per la divisione	2. In che modo può il testatore influenzare la divisione dei beni attraverso una persona designata?	Quando il testatore ha stabilito particolari norme per formare le porzioni, queste norme sono vincolanti per gli eredi, salvo che l’effettivo valore dei beni non corrisponda alle quote stabilite dal testatore. Il testatore può disporre che la divisione si effettui secondo la stima di persona da lui designata che non sia erede o legatario: la divisione proposta da questa persona non vincola gli eredi, se l’autorità giudiziaria, su istanza di taluno di essi, la riconosce contraria alla volontà del testatore o manifestamente iniqua.
689	Art. 733 Norme date dal testatore per la divisione	3. In quali circostanze l'autorità giudiziaria può intervenire sulla divisione proposta da una persona designata dal testatore?	Quando il testatore ha stabilito particolari norme per formare le porzioni, queste norme sono vincolanti per gli eredi, salvo che l’effettivo valore dei beni non corrisponda alle quote stabilite dal testatore. Il testatore può disporre che la divisione si effettui secondo la stima di persona da lui designata che non sia erede o legatario: la divisione proposta da questa persona non vincola gli eredi, se l’autorità giudiziaria, su istanza di taluno di essi, la riconosce contraria alla volontà del testatore o manifestamente iniqua.
690	Art. 734 Divisione fatta dal testatore	1. Cosa accade se nella divisione fatta dal testatore non sono compresi tutti i beni lasciati al tempo della morte?	Il testatore può dividere i suoi beni tra gli eredi comprendendo nella divisione anche la parte non disponibile (536 e seguenti). Se nella divisione fatta dal testatore non sono compresi tutti i beni lasciati al tempo della morte, i beni in essa non compresi sono attribuiti conformemente alla legge (566 e seguenti), se non risulta una diversa volontà del testatore.
691	Art. 734 Divisione fatta dal testatore	2. Il testatore può includere nella divisione dei suoi beni anche la parte non disponibile?	Il testatore può dividere i suoi beni tra gli eredi comprendendo nella divisione anche la parte non disponibile (536 e seguenti). Se nella divisione fatta dal testatore non sono compresi tutti i beni lasciati al tempo della morte, i beni in essa non compresi sono attribuiti conformemente alla legge (566 e seguenti), se non risulta una diversa volontà del testatore.
692	Art. 735 Preterizione di eredi e lesione di legittima	1. Quali sono le conseguenze legali se un testatore non include un legittimario o un erede istituito nella divisione dei beni?	La divisione nella quale il testatore non abbia compreso qualcuno dei legittimari o degli eredi istituiti è nulla. Il coerede che è stato leso nella quota di riserva può esercitare l’azione di riduzione contro gli altri coeredi (553 e seguenti).
693	Art. 735 Preterizione di eredi e lesione di legittima	2. Quale azione legale può intraprendere un coerede leso nella quota di riserva contro gli altri coeredi?	La divisione nella quale il testatore non abbia compreso qualcuno dei legittimari o degli eredi istituiti è nulla. Il coerede che è stato leso nella quota di riserva può esercitare l’azione di riduzione contro gli altri coeredi (553 e seguenti).
694	Art. 736 Consegna dei documenti	1. Quali documenti devono essere rimessi a ciascuno dei condividenti dopo la divisione?	Compiuta la divisione, si devono rimettere a ciascuno dei condividenti i documenti relativi ai beni e diritti particolarmente loro assegnati. I documenti di una proprietà che è stata divisa rimangono a quello che ne ha la parte maggiore, con l’obbligo di comunicarli agli altri condividenti che vi hanno interesse, ogni qualvolta se ne faccia richiesta. Gli stessi documenti, se la proprietà è divisa in parti eguali, e quelli comuni all’intera eredità si consegnano alla persona scelta a tal fine da tutti gli interessati, la quale ha obbligo di comunicarli a ciascuno di essi, a ogni loro domanda. Se vi è contrasto nella scelta, la persona è determinata con decreto dal tribunale del luogo dell’aperta successione, su ricorso di alcuno degli interessati, sentiti gli altri.
695	Art. 736 Consegna dei documenti	2. A chi rimangono i documenti di una proprietà divisa se la divisione non è in parti uguali?	Compiuta la divisione, si devono rimettere a ciascuno dei condividenti i documenti relativi ai beni e diritti particolarmente loro assegnati. I documenti di una proprietà che è stata divisa rimangono a quello che ne ha la parte maggiore, con l’obbligo di comunicarli agli altri condividenti che vi hanno interesse, ogni qualvolta se ne faccia richiesta. Gli stessi documenti, se la proprietà è divisa in parti eguali, e quelli comuni all’intera eredità si consegnano alla persona scelta a tal fine da tutti gli interessati, la quale ha obbligo di comunicarli a ciascuno di essi, a ogni loro domanda. Se vi è contrasto nella scelta, la persona è determinata con decreto dal tribunale del luogo dell’aperta successione, su ricorso di alcuno degli interessati, sentiti gli altri.
696	Art. 736 Consegna dei documenti	3. Cosa accade ai documenti comuni all'intera eredità se la proprietà è divisa in parti uguali?	Compiuta la divisione, si devono rimettere a ciascuno dei condividenti i documenti relativi ai beni e diritti particolarmente loro assegnati. I documenti di una proprietà che è stata divisa rimangono a quello che ne ha la parte maggiore, con l’obbligo di comunicarli agli altri condividenti che vi hanno interesse, ogni qualvolta se ne faccia richiesta. Gli stessi documenti, se la proprietà è divisa in parti eguali, e quelli comuni all’intera eredità si consegnano alla persona scelta a tal fine da tutti gli interessati, la quale ha obbligo di comunicarli a ciascuno di essi, a ogni loro domanda. Se vi è contrasto nella scelta, la persona è determinata con decreto dal tribunale del luogo dell’aperta successione, su ricorso di alcuno degli interessati, sentiti gli altri.
697	Art. 736 Consegna dei documenti	4. Come viene determinata la persona incaricata di custodire i documenti comuni in caso di contrasto nella scelta?	Compiuta la divisione, si devono rimettere a ciascuno dei condividenti i documenti relativi ai beni e diritti particolarmente loro assegnati. I documenti di una proprietà che è stata divisa rimangono a quello che ne ha la parte maggiore, con l’obbligo di comunicarli agli altri condividenti che vi hanno interesse, ogni qualvolta se ne faccia richiesta. Gli stessi documenti, se la proprietà è divisa in parti eguali, e quelli comuni all’intera eredità si consegnano alla persona scelta a tal fine da tutti gli interessati, la quale ha obbligo di comunicarli a ciascuno di essi, a ogni loro domanda. Se vi è contrasto nella scelta, la persona è determinata con decreto dal tribunale del luogo dell’aperta successione, su ricorso di alcuno degli interessati, sentiti gli altri.
698	Art. 737 Soggetti tenuti alla collazione	1. Quali soggetti devono conferire ai coeredi tutto ciò che hanno ricevuto dal defunto per donazione?	I figli e i loro discendenti ed il coniuge che concorrono alla successione devono conferire ai coeredi tutto ciò che hanno ricevuto dal defunto per donazione direttamente o indirettamente, salvo che il defunto non li abbia da ciò dispensati. La dispensa da collazione non produce effetto se non nei limiti della quota disponibile.
699	Art. 737 Soggetti tenuti alla collazione	2. In quali circostanze la dispensa da collazione non produce effetto?	I figli e i loro discendenti ed il coniuge che concorrono alla successione devono conferire ai coeredi tutto ciò che hanno ricevuto dal defunto per donazione direttamente o indirettamente, salvo che il defunto non li abbia da ciò dispensati. La dispensa da collazione non produce effetto se non nei limiti della quota disponibile.
700	Art. 738 Limiti della collazione per il coniuge	1. Quali donazioni non sono soggette a collazione quando fatte al coniuge?	Non sono soggetti a collazione le donazioni di modico valore fatte al coniuge.
701	Art. 739 Donazioni ai discendenti o al coniuge dell’erede. Donazioni a coniugi	1. In quali circostanze l'erede non è tenuto a conferire le donazioni fatte ai suoi discendenti o al coniuge?	L’erede non è tenuto a conferire le donazioni fatte ai suoi discendenti o al coniuge, ancorché succedendo a costoro ne abbia conseguito il vantaggio. Se le donazioni sono state fatte congiuntamente a coniugi di cui uno è discendente del donante, la sola porzione a questo donata è soggetta a collazione.
702	Art. 739 Donazioni ai discendenti o al coniuge dell’erede. Donazioni a coniugi	2. Cosa accade se le donazioni sono state fatte congiuntamente a coniugi di cui uno è discendente del donante?	L’erede non è tenuto a conferire le donazioni fatte ai suoi discendenti o al coniuge, ancorché succedendo a costoro ne abbia conseguito il vantaggio. Se le donazioni sono state fatte congiuntamente a coniugi di cui uno è discendente del donante, la sola porzione a questo donata è soggetta a collazione.
703	Art. 740 Donazioni fatte all’ascendente dell’erede	1. Cosa deve fare il discendente che succede per rappresentazione se ha ricevuto una donazione dall'ascendente e ha rinunciato all'eredità di quest'ultimo?	Il discendente che succede per rappresentazione deve conferire ciò che è stato donato all’ascendente anche nel caso in cui abbia rinunziato all’eredità di questo.
704	Art. 741 Collazione di assegnazioni varie	1. Quali spese fatte dal defunto a favore dei suoi discendenti sono soggette a collazione?	È soggetto a collazione ciò che il defunto ha speso a favore dei suoi discendenti per assegnazioni fatte a causa di matrimonio, per avviarli all’esercizio di un’attività produttiva o professionale, per soddisfare premi relativi a contratti di assicurazione sulla vita a loro favore o per pagare i loro debiti.
705	Art. 741 Collazione di assegnazioni varie	2. Le assegnazioni fatte a causa di matrimonio sono soggette a collazione?	È soggetto a collazione ciò che il defunto ha speso a favore dei suoi discendenti per assegnazioni fatte a causa di matrimonio, per avviarli all’esercizio di un’attività produttiva o professionale, per soddisfare premi relativi a contratti di assicurazione sulla vita a loro favore o per pagare i loro debiti.
706	Art. 741 Collazione di assegnazioni varie	3. È soggetta a collazione la spesa per avviare i discendenti all’esercizio di un’attività produttiva o professionale?	È soggetto a collazione ciò che il defunto ha speso a favore dei suoi discendenti per assegnazioni fatte a causa di matrimonio, per avviarli all’esercizio di un’attività produttiva o professionale, per soddisfare premi relativi a contratti di assicurazione sulla vita a loro favore o per pagare i loro debiti.
707	Art. 741 Collazione di assegnazioni varie	4. I premi relativi a contratti di assicurazione sulla vita a favore dei discendenti sono soggetti a collazione?	È soggetto a collazione ciò che il defunto ha speso a favore dei suoi discendenti per assegnazioni fatte a causa di matrimonio, per avviarli all’esercizio di un’attività produttiva o professionale, per soddisfare premi relativi a contratti di assicurazione sulla vita a loro favore o per pagare i loro debiti.
708	Art. 741 Collazione di assegnazioni varie	5. Il pagamento dei debiti dei discendenti da parte del defunto è soggetto a collazione?	È soggetto a collazione ciò che il defunto ha speso a favore dei suoi discendenti per assegnazioni fatte a causa di matrimonio, per avviarli all’esercizio di un’attività produttiva o professionale, per soddisfare premi relativi a contratti di assicurazione sulla vita a loro favore o per pagare i loro debiti.
709	Art. 742 Spese non soggette a collazione	1. Quali spese non sono soggette a collazione secondo il testo?	Non sono soggette a collazione le spese di mantenimento e di educazione e quelle sostenute per malattia, ne quelle ordinarie fatte per abbigliamento o per nozze. Le spese per il corredo nuziale e quelle per l’istruzione artistica o professionale sono soggette a collazione solo per quanto eccedono notevolmente la misura ordinaria, tenuto conto delle condizioni economiche del defunto. Non sono soggette a collazione le liberalità previste dal secondo comma dell’Art. 770.
710	Art. 742 Spese non soggette a collazione	2. In quali circostanze le spese per il corredo nuziale sono soggette a collazione?	Non sono soggette a collazione le spese di mantenimento e di educazione e quelle sostenute per malattia, ne quelle ordinarie fatte per abbigliamento o per nozze. Le spese per il corredo nuziale e quelle per l’istruzione artistica o professionale sono soggette a collazione solo per quanto eccedono notevolmente la misura ordinaria, tenuto conto delle condizioni economiche del defunto. Non sono soggette a collazione le liberalità previste dal secondo comma dell’Art. 770.
711	Art. 742 Spese non soggette a collazione	3. Cosa si intende per spese di istruzione artistica o professionale in relazione alla collazione?	Non sono soggette a collazione le spese di mantenimento e di educazione e quelle sostenute per malattia, ne quelle ordinarie fatte per abbigliamento o per nozze. Le spese per il corredo nuziale e quelle per l’istruzione artistica o professionale sono soggette a collazione solo per quanto eccedono notevolmente la misura ordinaria, tenuto conto delle condizioni economiche del defunto. Non sono soggette a collazione le liberalità previste dal secondo comma dell’Art. 770.
712	Art. 742 Spese non soggette a collazione	4. Quali liberalità non sono soggette a collazione secondo il secondo comma dell'Art. 770?	Non sono soggette a collazione le spese di mantenimento e di educazione e quelle sostenute per malattia, ne quelle ordinarie fatte per abbigliamento o per nozze. Le spese per il corredo nuziale e quelle per l’istruzione artistica o professionale sono soggette a collazione solo per quanto eccedono notevolmente la misura ordinaria, tenuto conto delle condizioni economiche del defunto. Non sono soggette a collazione le liberalità previste dal secondo comma dell’Art. 770.
713	Art. 743 Società contratta con l’erede	1. In quali circostanze non è dovuta la collazione di ciò che si è conseguito per effetto di una società contratta tra il defunto e uno dei suoi eredi?	Non è dovuta collazione di ciò che si è conseguito per effetto di società contratta senza frode tra il defunto e alcuno dei suoi eredi, se le condizioni sono state regolate con atto di data certa.
714	Art. 744 Perimento della cosa donata	1. Cosa significa che una cosa perita per causa non imputabile al donatario non è soggetta a collazione?	Non è soggetta a collazione la cosa perita per causa non imputabile al donatario.
715	Art. 745 Frutti e interessi	1. Da quale giorno sono dovuti i frutti delle cose e gli interessi sulle somme soggette a collazione?	I frutti delle cose e gli interessi sulle somme soggette a collazione non sono dovuti che dal giorno in cui si è aperta la successione.
716	Art. 746 Collazione d’immobili	1. In che modo si può effettuare la collazione di un bene immobile se l'immobile non è stato alienato o ipotecato?	La collazione di un bene immobile si fa o col rendere il bene in natura o con l’imputarne il valore alla propria porzione, a scelta di chi conferisce. Se l’immobile è stato alienato o ipotecato, la collazione si fa soltanto con l’imputazione.
717	Art. 746 Collazione d’immobili	2. Qual è l'unica modalità di collazione possibile se l'immobile è stato alienato o ipotecato?	La collazione di un bene immobile si fa o col rendere il bene in natura o con l’imputarne il valore alla propria porzione, a scelta di chi conferisce. Se l’immobile è stato alienato o ipotecato, la collazione si fa soltanto con l’imputazione.
718	Art. 747 Collazione per l’imputazione	1. Come si determina il valore dell'immobile ai fini della collazione per imputazione in una successione?	La collazione per imputazione si fa avuto riguardo al valore dell’immobile al tempo dell’aperta successione.
719	Art. 748 Miglioramenti, spese e deterioramenti	1. Quali sono i limiti entro cui si deve dedurre il valore delle migliorie apportate al fondo a favore del donatario?	In tutti i casi, si deve dedurre a favore del donatario il valore delle migliorie apportate al fondo nei limiti del loro valore al tempo dell’aperta successione. Devono anche computarsi a favore del donatario le spese straordinarie da lui sostenute per la conservazione della cosa, non cagionate da sua colpa. Il donatario dal suo canto è obbligato per i deterioramenti che, per sua colpa, hanno diminuito il valore dell’immobile. Il coerede che conferisce un immobile in natura può ritenerne il possesso sino all’effettivo rimborso delle somme che gli sono dovute per spese e miglioramenti.
720	Art. 748 Miglioramenti, spese e deterioramenti	2. Quali spese devono essere computate a favore del donatario per la conservazione della cosa?	In tutti i casi, si deve dedurre a favore del donatario il valore delle migliorie apportate al fondo nei limiti del loro valore al tempo dell’aperta successione. Devono anche computarsi a favore del donatario le spese straordinarie da lui sostenute per la conservazione della cosa, non cagionate da sua colpa. Il donatario dal suo canto è obbligato per i deterioramenti che, per sua colpa, hanno diminuito il valore dell’immobile. Il coerede che conferisce un immobile in natura può ritenerne il possesso sino all’effettivo rimborso delle somme che gli sono dovute per spese e miglioramenti.
721	Art. 748 Miglioramenti, spese e deterioramenti	3. In quali circostanze il donatario è obbligato per i deterioramenti dell'immobile?	In tutti i casi, si deve dedurre a favore del donatario il valore delle migliorie apportate al fondo nei limiti del loro valore al tempo dell’aperta successione. Devono anche computarsi a favore del donatario le spese straordinarie da lui sostenute per la conservazione della cosa, non cagionate da sua colpa. Il donatario dal suo canto è obbligato per i deterioramenti che, per sua colpa, hanno diminuito il valore dell’immobile. Il coerede che conferisce un immobile in natura può ritenerne il possesso sino all’effettivo rimborso delle somme che gli sono dovute per spese e miglioramenti.
722	Art. 748 Miglioramenti, spese e deterioramenti	4. Quali diritti ha il coerede che conferisce un immobile in natura riguardo al possesso dell'immobile?	In tutti i casi, si deve dedurre a favore del donatario il valore delle migliorie apportate al fondo nei limiti del loro valore al tempo dell’aperta successione. Devono anche computarsi a favore del donatario le spese straordinarie da lui sostenute per la conservazione della cosa, non cagionate da sua colpa. Il donatario dal suo canto è obbligato per i deterioramenti che, per sua colpa, hanno diminuito il valore dell’immobile. Il coerede che conferisce un immobile in natura può ritenerne il possesso sino all’effettivo rimborso delle somme che gli sono dovute per spese e miglioramenti.
723	Art. 749 Miglioramenti e deterioramenti dell’immobile alienato	1. Come vengono computati i miglioramenti e i deterioramenti fatti dall’acquirente di un immobile alienato dal donatario?	Nel caso in cui l’immobile è stato alienato dal donatario, i miglioramenti e i deterioramenti fatti dall’acquirente devono essere computati a norma dell’articolo precedente.
724	Art. 750 Collazione di mobili	1. Come si determina il valore dei mobili ai fini della collazione al tempo dell'aperta successione?	La collazione dei mobili si fa soltanto per imputazione, sulla base del valore che essi avevano al tempo dell’aperta successione (456, att. 1353). Se si tratta di cose delle quali non si può far uso senza consumarle, e il donatario le ha già consumate, si determina il valore che avrebbero avuto secondo il prezzo corrente al tempo dell’aperta successione. Se si tratta di cose che con l’uso si deteriorano, il loro valore al tempo dell’aperta successione è stabilito con riguardo allo stato in cui si trovano. La determinazione del valore dei titoli dello Stato, degli altri titoli di credito quotati in borsa e delle derrate e delle merci il cui prezzo corrente è stabilito dalle mercuriali, si fa in base ai listini di borsa e alle mercuriali del tempo dell’aperta successione.
725	Art. 750 Collazione di mobili	2. Qual è il criterio per stabilire il valore di cose che non si possono usare senza consumarle se il donatario le ha già consumate?	La collazione dei mobili si fa soltanto per imputazione, sulla base del valore che essi avevano al tempo dell’aperta successione (456, att. 1353). Se si tratta di cose delle quali non si può far uso senza consumarle, e il donatario le ha già consumate, si determina il valore che avrebbero avuto secondo il prezzo corrente al tempo dell’aperta successione. Se si tratta di cose che con l’uso si deteriorano, il loro valore al tempo dell’aperta successione è stabilito con riguardo allo stato in cui si trovano. La determinazione del valore dei titoli dello Stato, degli altri titoli di credito quotati in borsa e delle derrate e delle merci il cui prezzo corrente è stabilito dalle mercuriali, si fa in base ai listini di borsa e alle mercuriali del tempo dell’aperta successione.
726	Art. 750 Collazione di mobili	3. In che modo si stabilisce il valore di cose che si deteriorano con l'uso al tempo dell'aperta successione?	La collazione dei mobili si fa soltanto per imputazione, sulla base del valore che essi avevano al tempo dell’aperta successione (456, att. 1353). Se si tratta di cose delle quali non si può far uso senza consumarle, e il donatario le ha già consumate, si determina il valore che avrebbero avuto secondo il prezzo corrente al tempo dell’aperta successione. Se si tratta di cose che con l’uso si deteriorano, il loro valore al tempo dell’aperta successione è stabilito con riguardo allo stato in cui si trovano. La determinazione del valore dei titoli dello Stato, degli altri titoli di credito quotati in borsa e delle derrate e delle merci il cui prezzo corrente è stabilito dalle mercuriali, si fa in base ai listini di borsa e alle mercuriali del tempo dell’aperta successione.
727	Art. 750 Collazione di mobili	4. Quali strumenti vengono utilizzati per determinare il valore dei titoli di Stato e delle merci quotate in borsa al tempo dell'aperta successione?	La collazione dei mobili si fa soltanto per imputazione, sulla base del valore che essi avevano al tempo dell’aperta successione (456, att. 1353). Se si tratta di cose delle quali non si può far uso senza consumarle, e il donatario le ha già consumate, si determina il valore che avrebbero avuto secondo il prezzo corrente al tempo dell’aperta successione. Se si tratta di cose che con l’uso si deteriorano, il loro valore al tempo dell’aperta successione è stabilito con riguardo allo stato in cui si trovano. La determinazione del valore dei titoli dello Stato, degli altri titoli di credito quotati in borsa e delle derrate e delle merci il cui prezzo corrente è stabilito dalle mercuriali, si fa in base ai listini di borsa e alle mercuriali del tempo dell’aperta successione.
728	Art. 751 Collazione del danaro	1. Come si effettua la collazione del danaro donato nell'ambito di un'eredità?	La collazione del danaro donato si fa prendendo una minore quantità del danaro che si trova nell’eredità, secondo il valore legale della specie donata o di quella ad essa legalmente sostituita all’epoca dell’aperta successione (1277 e seguenti). Quando tale danaro non basta e il donatario non vuole conferire altro danaro o titoli dello Stato, sono prelevati mobili o immobili ereditari, in proporzione delle rispettive quote.
729	Art. 751 Collazione del danaro	2. Cosa accade se il danaro donato non è sufficiente e il donatario non vuole conferire altro danaro o titoli dello Stato?	La collazione del danaro donato si fa prendendo una minore quantità del danaro che si trova nell’eredità, secondo il valore legale della specie donata o di quella ad essa legalmente sostituita all’epoca dell’aperta successione (1277 e seguenti). Quando tale danaro non basta e il donatario non vuole conferire altro danaro o titoli dello Stato, sono prelevati mobili o immobili ereditari, in proporzione delle rispettive quote.
730	Art. 752 Ripartizione dei debiti ereditari tra gli eredi	1. In che modo i coeredi contribuiscono al pagamento dei debiti e pesi ereditari?	I coeredi contribuiscono tra loro al pagamento dei debiti e pesi ereditari in proporzione delle loro quote ereditarie, salvo che il testatore abbia altrimenti disposto.
731	Art. 753 Immobili gravati da rendita redimibile	1. Cosa può chiedere un coerede quando i beni immobili dell'eredità sono gravati con ipoteca da una prestazione di rendita redimibile?	Ogni coerede, quando i beni immobili dell’eredità sono gravati con ipoteca da una prestazione di rendita redimibile (1865 e seguenti), può chiedere che gli immobili ne siano affrancati e resi liberi prima che si proceda alla formazione delle quote ereditarie. Se uno dei coeredi si oppone, decide l’autorità giudiziaria. Se i coeredi dividono l’eredità nello stato in cui si trova, l’immobile gravato deve stimarsi con gli stessi criteri con cui si stimano gli altri beni immobili, detratto dal valore di esso il capitale corrispondente alla prestazione, secondo le norme relative al riscatto della rendita, salvo che esista un patto speciale intorno al capitale da corrispondersi per l’affrancazione. Alla prestazione della rendita è tenuto solo l’erede, nella cui quota cade detto immobile, con l’obbligo di garantire i coeredi.
732	Art. 753 Immobili gravati da rendita redimibile	2. Chi decide se uno dei coeredi si oppone alla richiesta di affrancamento degli immobili gravati da ipoteca?	Ogni coerede, quando i beni immobili dell’eredità sono gravati con ipoteca da una prestazione di rendita redimibile (1865 e seguenti), può chiedere che gli immobili ne siano affrancati e resi liberi prima che si proceda alla formazione delle quote ereditarie. Se uno dei coeredi si oppone, decide l’autorità giudiziaria. Se i coeredi dividono l’eredità nello stato in cui si trova, l’immobile gravato deve stimarsi con gli stessi criteri con cui si stimano gli altri beni immobili, detratto dal valore di esso il capitale corrispondente alla prestazione, secondo le norme relative al riscatto della rendita, salvo che esista un patto speciale intorno al capitale da corrispondersi per l’affrancazione. Alla prestazione della rendita è tenuto solo l’erede, nella cui quota cade detto immobile, con l’obbligo di garantire i coeredi.
733	Art. 753 Immobili gravati da rendita redimibile	3. Come deve essere stimato un immobile gravato da ipoteca se i coeredi dividono l'eredità nello stato in cui si trova?	Ogni coerede, quando i beni immobili dell’eredità sono gravati con ipoteca da una prestazione di rendita redimibile (1865 e seguenti), può chiedere che gli immobili ne siano affrancati e resi liberi prima che si proceda alla formazione delle quote ereditarie. Se uno dei coeredi si oppone, decide l’autorità giudiziaria. Se i coeredi dividono l’eredità nello stato in cui si trova, l’immobile gravato deve stimarsi con gli stessi criteri con cui si stimano gli altri beni immobili, detratto dal valore di esso il capitale corrispondente alla prestazione, secondo le norme relative al riscatto della rendita, salvo che esista un patto speciale intorno al capitale da corrispondersi per l’affrancazione. Alla prestazione della rendita è tenuto solo l’erede, nella cui quota cade detto immobile, con l’obbligo di garantire i coeredi.
734	Art. 753 Immobili gravati da rendita redimibile	4. Qual è l'obbligo dell'erede nella cui quota cade l'immobile gravato da ipoteca?	Ogni coerede, quando i beni immobili dell’eredità sono gravati con ipoteca da una prestazione di rendita redimibile (1865 e seguenti), può chiedere che gli immobili ne siano affrancati e resi liberi prima che si proceda alla formazione delle quote ereditarie. Se uno dei coeredi si oppone, decide l’autorità giudiziaria. Se i coeredi dividono l’eredità nello stato in cui si trova, l’immobile gravato deve stimarsi con gli stessi criteri con cui si stimano gli altri beni immobili, detratto dal valore di esso il capitale corrispondente alla prestazione, secondo le norme relative al riscatto della rendita, salvo che esista un patto speciale intorno al capitale da corrispondersi per l’affrancazione. Alla prestazione della rendita è tenuto solo l’erede, nella cui quota cade detto immobile, con l’obbligo di garantire i coeredi.
735	Art. 753 Immobili gravati da rendita redimibile	5. Esiste un'eccezione alla detrazione del capitale corrispondente alla prestazione di rendita dal valore dell'immobile gravato?	Ogni coerede, quando i beni immobili dell’eredità sono gravati con ipoteca da una prestazione di rendita redimibile (1865 e seguenti), può chiedere che gli immobili ne siano affrancati e resi liberi prima che si proceda alla formazione delle quote ereditarie. Se uno dei coeredi si oppone, decide l’autorità giudiziaria. Se i coeredi dividono l’eredità nello stato in cui si trova, l’immobile gravato deve stimarsi con gli stessi criteri con cui si stimano gli altri beni immobili, detratto dal valore di esso il capitale corrispondente alla prestazione, secondo le norme relative al riscatto della rendita, salvo che esista un patto speciale intorno al capitale da corrispondersi per l’affrancazione. Alla prestazione della rendita è tenuto solo l’erede, nella cui quota cade detto immobile, con l’obbligo di garantire i coeredi.
736	Art. 754 Pagamento dei debiti e rivalsa	1. In che modo gli eredi sono responsabili verso i creditori per i debiti e pesi ereditari?	Gli eredi sono tenuti verso i creditori al pagamento dei debiti e pesi ereditari personalmente in proporzione della loro quota ereditaria (1295, 1315 e seguenti) e ipotecariamente per l’intero. Il coerede che ha pagato oltre la parte a lui incombente può ripetere dagli altri coeredi soltanto la parte per cui essi devono contribuire a norma dell’Art. 752, quantunque si sia fatto surrogare nei diritti dei creditori (1201 e seguenti). Il coerede conserva la facoltà di chiedere il pagamento del credito a lui personale e garantito da ipoteca, non diversamente da ogni altro creditore, detratta la parte che deve sopportare come coerede.
737	Art. 754 Pagamento dei debiti e rivalsa	2. Cosa può fare un coerede che ha pagato oltre la parte a lui incombente?	Gli eredi sono tenuti verso i creditori al pagamento dei debiti e pesi ereditari personalmente in proporzione della loro quota ereditaria (1295, 1315 e seguenti) e ipotecariamente per l’intero. Il coerede che ha pagato oltre la parte a lui incombente può ripetere dagli altri coeredi soltanto la parte per cui essi devono contribuire a norma dell’Art. 752, quantunque si sia fatto surrogare nei diritti dei creditori (1201 e seguenti). Il coerede conserva la facoltà di chiedere il pagamento del credito a lui personale e garantito da ipoteca, non diversamente da ogni altro creditore, detratta la parte che deve sopportare come coerede.
738	Art. 754 Pagamento dei debiti e rivalsa	3. Quali diritti conserva un coerede riguardo al pagamento di un credito personale garantito da ipoteca?	Gli eredi sono tenuti verso i creditori al pagamento dei debiti e pesi ereditari personalmente in proporzione della loro quota ereditaria (1295, 1315 e seguenti) e ipotecariamente per l’intero. Il coerede che ha pagato oltre la parte a lui incombente può ripetere dagli altri coeredi soltanto la parte per cui essi devono contribuire a norma dell’Art. 752, quantunque si sia fatto surrogare nei diritti dei creditori (1201 e seguenti). Il coerede conserva la facoltà di chiedere il pagamento del credito a lui personale e garantito da ipoteca, non diversamente da ogni altro creditore, detratta la parte che deve sopportare come coerede.
739	Art. 755 Quota di debito ipotecario non pagata da un coerede	1. Come viene ripartita la quota di debito ipotecario di un coerede insolvente tra gli altri coeredi?	In caso d’insolvenza di un coerede, la sua quota di debito ipotecario è ripartita in proporzione tra tutti gli altri coeredi.
740	Art. 756 Esenzione del legatario dal pagamento dei debiti	1. In quali casi il legatario è tenuto a pagare i debiti ereditari?	Il legatario non è tenuto a pagare i debiti ereditari, salvo ai creditori l’azione ipotecaria sul fondo legato (2858 e seguenti) e l’esercizio del diritto di separazione (512 e seguenti); ma il legatario che ha estinto il debito di cui era gravato il fondo legato subentra nelle ragioni del creditore contro gli eredi.
741	Art. 756 Esenzione del legatario dal pagamento dei debiti	2. Cosa accade se il legatario estingue il debito di cui era gravato il fondo legato?	Il legatario non è tenuto a pagare i debiti ereditari, salvo ai creditori l’azione ipotecaria sul fondo legato (2858 e seguenti) e l’esercizio del diritto di separazione (512 e seguenti); ma il legatario che ha estinto il debito di cui era gravato il fondo legato subentra nelle ragioni del creditore contro gli eredi.
742	Art. 757 Diritto dell’erede sulla propria quota	1. Come viene considerato ogni coerede in relazione ai beni che compongono la sua quota nella successione?	Ogni coerede è reputato solo e immediato successore in tutti i beni componenti la sua quota o a lui pervenuti dalla successione, anche per acquisto all’incanto, e si considera come se non avesse mai avuto la proprietà degli altri beni ereditari.
743	Art. 758 Garanzie tra coeredi	1. In quali circostanze i coeredi non sono tenuti a fornire garanzia per molestie ed evizioni?	I coeredi si devono vicendevole garanzia per le sole molestie ed evizioni derivanti da causa anteriore alla divisione (1483 e seguenti). La garanzia non ha luogo, se è stata esclusa con clausola espressa nell’atto di divisione, o se il coerede soffre l’evizione per propria colpa.
744	Art. 758 Garanzie tra coeredi	2. Cosa accade se un coerede soffre l'evizione per propria colpa?	I coeredi si devono vicendevole garanzia per le sole molestie ed evizioni derivanti da causa anteriore alla divisione (1483 e seguenti). La garanzia non ha luogo, se è stata esclusa con clausola espressa nell’atto di divisione, o se il coerede soffre l’evizione per propria colpa.
745	Art. 759 Evizione subita da un coerede	1. Come viene calcolato il valore del bene evitto al momento dell'evizione ai fini della ripartizione tra i coeredi?	Se alcuno dei coeredi subisce evizione, il valore del bene evitto, calcolato al momento dell’evizione, deve essere ripartito tra tutti i coeredi ai fini della garanzia stabilita dall’articolo precedente, in proporzione del valore che i beni attribuiti a ciascuno di essi hanno al tempo dell’evizione e tenuto conto dello stato in cui si trovano al tempo della divisione (att. 140). Se uno dei coeredi è insolvente, la parte per cui è obbligato deve essere egualmente ripartita tra l’erede che ha sofferto l’evizione e tutti gli eredi solventi.
746	Art. 759 Evizione subita da un coerede	2. Cosa accade se uno dei coeredi è insolvente in relazione alla parte per cui è obbligato in caso di evizione?	Se alcuno dei coeredi subisce evizione, il valore del bene evitto, calcolato al momento dell’evizione, deve essere ripartito tra tutti i coeredi ai fini della garanzia stabilita dall’articolo precedente, in proporzione del valore che i beni attribuiti a ciascuno di essi hanno al tempo dell’evizione e tenuto conto dello stato in cui si trovano al tempo della divisione (att. 140). Se uno dei coeredi è insolvente, la parte per cui è obbligato deve essere egualmente ripartita tra l’erede che ha sofferto l’evizione e tutti gli eredi solventi.
747	Art. 760 Inesigibilità di crediti	1. In quali circostanze non è dovuta garanzia per l’insolvenza del debitore di un credito assegnato a uno dei coeredi?	Non è dovuta garanzia per l’insolvenza del debitore di un credito assegnato a uno dei coeredi, se l’insolvenza è sopravvenuta soltanto dopo che è stata fatta la divisione. La garanzia della solvenza del debitore di una rendita è dovuta per i cinque anni successivi alla divisione.
748	Art. 760 Inesigibilità di crediti	2. Per quanto tempo è dovuta la garanzia della solvenza del debitore di una rendita dopo la divisione?	Non è dovuta garanzia per l’insolvenza del debitore di un credito assegnato a uno dei coeredi, se l’insolvenza è sopravvenuta soltanto dopo che è stata fatta la divisione. La garanzia della solvenza del debitore di una rendita è dovuta per i cinque anni successivi alla divisione.
749	Art. 761 Annullamento per violenza o dolo	1. Quali sono le condizioni che possono portare all'annullamento di una divisione secondo il testo?	La divisione può essere annullata quando è l’effetto di violenza o di dolo (1434 e seguenti). L’azione si prescrive (2941 e seguente) in cinque anni dal giorno in cui è cessata la violenza o in cui il dolo è stato scoperto.
750	Art. 761 Annullamento per violenza o dolo	2. Qual è il termine di prescrizione per l'azione di annullamento della divisione a causa di violenza o dolo?	La divisione può essere annullata quando è l’effetto di violenza o di dolo (1434 e seguenti). L’azione si prescrive (2941 e seguente) in cinque anni dal giorno in cui è cessata la violenza o in cui il dolo è stato scoperto.
751	Art. 762 Omissione di beni ereditari	1. Quali sono le conseguenze dell'omissione di uno o più beni dell'eredità nella divisione ereditaria?	L’omissione di uno o più beni dell’eredità non dà luogo a nullità della divisione, ma soltanto a un supplemento della divisione stessa.
752	Art. 763 Rescissione per lesione	1. In quali circostanze un coerede può richiedere la rescissione di una divisione ereditaria?	La divisione può essere rescissa quando taluno dei coeredi prova di essere stato leso oltre il quarto (1448 e seguenti). La rescissione è ammessa anche nel caso di divisione fatta dal testatore (734 e seguente), quando il valore dei beni assegnati ad alcuno dei coeredi è inferiore di oltre un quarto all’entità della quota ad esso spettante. L’azione si prescrive (2941 e seguente) in due anni dalla divisione.
753	Art. 763 Rescissione per lesione	2. È possibile richiedere la rescissione di una divisione fatta dal testatore e, se sì, in quali condizioni?	La divisione può essere rescissa quando taluno dei coeredi prova di essere stato leso oltre il quarto (1448 e seguenti). La rescissione è ammessa anche nel caso di divisione fatta dal testatore (734 e seguente), quando il valore dei beni assegnati ad alcuno dei coeredi è inferiore di oltre un quarto all’entità della quota ad esso spettante. L’azione si prescrive (2941 e seguente) in due anni dalla divisione.
754	Art. 763 Rescissione per lesione	3. Qual è il termine di prescrizione per l'azione di rescissione di una divisione ereditaria?	La divisione può essere rescissa quando taluno dei coeredi prova di essere stato leso oltre il quarto (1448 e seguenti). La rescissione è ammessa anche nel caso di divisione fatta dal testatore (734 e seguente), quando il valore dei beni assegnati ad alcuno dei coeredi è inferiore di oltre un quarto all’entità della quota ad esso spettante. L’azione si prescrive (2941 e seguente) in due anni dalla divisione.
755	Art. 764 Atti diversi dalla divisione	1. In quali casi l'azione di rescissione è ammessa contro atti che riguardano la comunione dei beni ereditari tra coeredi?	L’azione di rescissione è anche ammessa contro ogni altro atto che abbia per effetto di far cessare tra i coeredi la comunione dei beni ereditari. L’azione non è ammessa contro la transazione (1965 e seguenti) con la quale si è posto fine alle questioni insorte a causa della divisione o dell’atto fatto in luogo della medesima, ancorché non fosse al riguardo incominciata alcuna lite.
756	Art. 764 Atti diversi dalla divisione	2. Per quale motivo l'azione di rescissione non è ammessa contro la transazione che pone fine alle questioni relative alla divisione dei beni ereditari?	L’azione di rescissione è anche ammessa contro ogni altro atto che abbia per effetto di far cessare tra i coeredi la comunione dei beni ereditari. L’azione non è ammessa contro la transazione (1965 e seguenti) con la quale si è posto fine alle questioni insorte a causa della divisione o dell’atto fatto in luogo della medesima, ancorché non fosse al riguardo incominciata alcuna lite.
757	Art. 765 Vendita del diritto ereditario fatta al coerede	1. In quali circostanze l'azione di rescissione non è ammessa contro la vendita del diritto ereditario?	L’azione di rescissione non è ammessa contro la vendita del diritto ereditario (477, 1542 e seguenti) fatta senza frode a uno dei coeredi, a suo rischio e pericolo, da parte degli altri coeredi o di uno di essi.
758	Art. 766 Stima dei beni	1. Come si determina se vi è una lesione nella divisione dei beni?	Per conoscere se vi è lesione si procede alla stima dei beni secondo il loro stato e valore al tempo della divisione.
759	Art. 767 Facoltà del coerede di dare il supplemento	1. In che modo un coerede può troncare il corso di un'azione di rescissione promossa contro di lui?	Il coerede contro il quale è promossa l’azione di rescissione può troncarne il corso e impedire una nuova divisione, dando il supplemento della porzione ereditaria, in danaro o in natura, all’attore e agli altri coeredi che si sono a lui associati.
760	Art. 768 Alienazione della porzione ereditaria	1. In quali circostanze un coerede che ha alienato la sua porzione può ancora impugnare la divisione per dolo o violenza?	Il coerede che ha alienato la sua porzione o una parte di essa non è più ammesso a impugnare la divisione per dolo o violenza, se l’alienazione è seguita quando il dolo era stato scoperto o la violenza cessata. Il coerede non perde il diritto di proporre l’impugnazione, se la vendita è limitata a oggetti di facile deterioramento o di valore minimo in rapporto alla quota.
761	Art. 768 Alienazione della porzione ereditaria	2. Quali sono le condizioni che impediscono a un coerede di impugnare la divisione dopo aver alienato la sua porzione?	Il coerede che ha alienato la sua porzione o una parte di essa non è più ammesso a impugnare la divisione per dolo o violenza, se l’alienazione è seguita quando il dolo era stato scoperto o la violenza cessata. Il coerede non perde il diritto di proporre l’impugnazione, se la vendita è limitata a oggetti di facile deterioramento o di valore minimo in rapporto alla quota.
762	Art. 768-bis Nozione	1. Quali sono le condizioni necessarie affinché un imprenditore possa trasferire l'azienda tramite un patto di famiglia?	È patto di famiglia il contratto con cui, compatibilmente con le disposizioni in materia di impresa familiare e nel rispetto delle differenti tipologie societarie, l’imprenditore trasferisce, in tutto o in parte, l’azienda, e il titolare di partecipazioni societarie trasferisce, in tutto o in parte, le proprie quote, ad uno o più discendenti.
763	Art. 768-bis Nozione	2. In che modo il patto di famiglia si relaziona con le disposizioni in materia di impresa familiare?	È patto di famiglia il contratto con cui, compatibilmente con le disposizioni in materia di impresa familiare e nel rispetto delle differenti tipologie societarie, l’imprenditore trasferisce, in tutto o in parte, l’azienda, e il titolare di partecipazioni societarie trasferisce, in tutto o in parte, le proprie quote, ad uno o più discendenti.
764	Art. 768-bis Nozione	3. Chi può essere il beneficiario delle quote societarie trasferite tramite un patto di famiglia?	È patto di famiglia il contratto con cui, compatibilmente con le disposizioni in materia di impresa familiare e nel rispetto delle differenti tipologie societarie, l’imprenditore trasferisce, in tutto o in parte, l’azienda, e il titolare di partecipazioni societarie trasferisce, in tutto o in parte, le proprie quote, ad uno o più discendenti.
765	Art. 768-bis Nozione	4. Il patto di famiglia può essere utilizzato per trasferire solo una parte dell'azienda o delle partecipazioni societarie?	È patto di famiglia il contratto con cui, compatibilmente con le disposizioni in materia di impresa familiare e nel rispetto delle differenti tipologie societarie, l’imprenditore trasferisce, in tutto o in parte, l’azienda, e il titolare di partecipazioni societarie trasferisce, in tutto o in parte, le proprie quote, ad uno o più discendenti.
766	Art. 768-ter Forma	1. Quali sono le conseguenze legali se un contratto non viene concluso per atto pubblico?	A pena di nullità il contratto deve essere concluso per atto pubblico.
767	Art. 768-quater Partecipazione	1. Chi deve partecipare al contratto secondo il testo?	Al contratto devono partecipare anche il coniuge e tutti coloro che sarebbero legittimari ove in quel momento si aprisse la successione nel patrimonio dell’imprenditore. Gli assegnatari dell’azienda o delle partecipazioni societarie devono liquidare gli altri partecipanti al contratto, ove questi non vi rinunzino in tutto o in parte, con il pagamento di una somma corrispondente al valore delle quote previste dagli articoli 536 e seguenti; i contraenti possono convenire che la liquidazione, in tutto o in parte, avvenga in natura. I beni assegnati con lo stesso contratto agli altri partecipanti non assegnatari dell’azienda, secondo il valore attribuito in contratto, sono imputati alle quote di legittima loro spettanti; l’assegnazione può essere disposta anche con successivo contratto che sia espressamente dichiarato collegato al primo e purchè vi intervengano i medesimi soggetti che hanno partecipato al primo contratto o coloro che li abbiano sostituiti.  Quanto ricevuto dai contraenti non è soggetto a collazione o a riduzione.
768	Art. 768-quater Partecipazione	2. Cosa devono fare gli assegnatari dell'azienda o delle partecipazioni societarie nei confronti degli altri partecipanti al contratto?	Al contratto devono partecipare anche il coniuge e tutti coloro che sarebbero legittimari ove in quel momento si aprisse la successione nel patrimonio dell’imprenditore. Gli assegnatari dell’azienda o delle partecipazioni societarie devono liquidare gli altri partecipanti al contratto, ove questi non vi rinunzino in tutto o in parte, con il pagamento di una somma corrispondente al valore delle quote previste dagli articoli 536 e seguenti; i contraenti possono convenire che la liquidazione, in tutto o in parte, avvenga in natura. I beni assegnati con lo stesso contratto agli altri partecipanti non assegnatari dell’azienda, secondo il valore attribuito in contratto, sono imputati alle quote di legittima loro spettanti; l’assegnazione può essere disposta anche con successivo contratto che sia espressamente dichiarato collegato al primo e purchè vi intervengano i medesimi soggetti che hanno partecipato al primo contratto o coloro che li abbiano sostituiti.  Quanto ricevuto dai contraenti non è soggetto a collazione o a riduzione.
769	Art. 768-quater Partecipazione	3. In che modo può avvenire la liquidazione delle quote secondo il testo?	Al contratto devono partecipare anche il coniuge e tutti coloro che sarebbero legittimari ove in quel momento si aprisse la successione nel patrimonio dell’imprenditore. Gli assegnatari dell’azienda o delle partecipazioni societarie devono liquidare gli altri partecipanti al contratto, ove questi non vi rinunzino in tutto o in parte, con il pagamento di una somma corrispondente al valore delle quote previste dagli articoli 536 e seguenti; i contraenti possono convenire che la liquidazione, in tutto o in parte, avvenga in natura. I beni assegnati con lo stesso contratto agli altri partecipanti non assegnatari dell’azienda, secondo il valore attribuito in contratto, sono imputati alle quote di legittima loro spettanti; l’assegnazione può essere disposta anche con successivo contratto che sia espressamente dichiarato collegato al primo e purchè vi intervengano i medesimi soggetti che hanno partecipato al primo contratto o coloro che li abbiano sostituiti.  Quanto ricevuto dai contraenti non è soggetto a collazione o a riduzione.
770	Art. 768-quater Partecipazione	4. Come vengono imputati i beni assegnati agli altri partecipanti non assegnatari dell'azienda?	Al contratto devono partecipare anche il coniuge e tutti coloro che sarebbero legittimari ove in quel momento si aprisse la successione nel patrimonio dell’imprenditore. Gli assegnatari dell’azienda o delle partecipazioni societarie devono liquidare gli altri partecipanti al contratto, ove questi non vi rinunzino in tutto o in parte, con il pagamento di una somma corrispondente al valore delle quote previste dagli articoli 536 e seguenti; i contraenti possono convenire che la liquidazione, in tutto o in parte, avvenga in natura. I beni assegnati con lo stesso contratto agli altri partecipanti non assegnatari dell’azienda, secondo il valore attribuito in contratto, sono imputati alle quote di legittima loro spettanti; l’assegnazione può essere disposta anche con successivo contratto che sia espressamente dichiarato collegato al primo e purchè vi intervengano i medesimi soggetti che hanno partecipato al primo contratto o coloro che li abbiano sostituiti.  Quanto ricevuto dai contraenti non è soggetto a collazione o a riduzione.
771	Art. 768-quater Partecipazione	5. È possibile disporre l'assegnazione con un contratto successivo? Se sì, a quali condizioni?	Al contratto devono partecipare anche il coniuge e tutti coloro che sarebbero legittimari ove in quel momento si aprisse la successione nel patrimonio dell’imprenditore. Gli assegnatari dell’azienda o delle partecipazioni societarie devono liquidare gli altri partecipanti al contratto, ove questi non vi rinunzino in tutto o in parte, con il pagamento di una somma corrispondente al valore delle quote previste dagli articoli 536 e seguenti; i contraenti possono convenire che la liquidazione, in tutto o in parte, avvenga in natura. I beni assegnati con lo stesso contratto agli altri partecipanti non assegnatari dell’azienda, secondo il valore attribuito in contratto, sono imputati alle quote di legittima loro spettanti; l’assegnazione può essere disposta anche con successivo contratto che sia espressamente dichiarato collegato al primo e purchè vi intervengano i medesimi soggetti che hanno partecipato al primo contratto o coloro che li abbiano sostituiti.  Quanto ricevuto dai contraenti non è soggetto a collazione o a riduzione.
772	Art. 768-quater Partecipazione	6. Quanto ricevuto dai contraenti è soggetto a collazione o a riduzione?	Al contratto devono partecipare anche il coniuge e tutti coloro che sarebbero legittimari ove in quel momento si aprisse la successione nel patrimonio dell’imprenditore. Gli assegnatari dell’azienda o delle partecipazioni societarie devono liquidare gli altri partecipanti al contratto, ove questi non vi rinunzino in tutto o in parte, con il pagamento di una somma corrispondente al valore delle quote previste dagli articoli 536 e seguenti; i contraenti possono convenire che la liquidazione, in tutto o in parte, avvenga in natura. I beni assegnati con lo stesso contratto agli altri partecipanti non assegnatari dell’azienda, secondo il valore attribuito in contratto, sono imputati alle quote di legittima loro spettanti; l’assegnazione può essere disposta anche con successivo contratto che sia espressamente dichiarato collegato al primo e purchè vi intervengano i medesimi soggetti che hanno partecipato al primo contratto o coloro che li abbiano sostituiti.  Quanto ricevuto dai contraenti non è soggetto a collazione o a riduzione.
773	Art. 768-quinquies Vizi del consenso	1. Quali sono gli articoli del codice civile che permettono ai partecipanti di impugnare il patto?	Il patto può essere impugnato dai partecipanti ai sensi degli articoli 1427 e seguenti. L’azione si prescrive nel termine di un anno.
774	Art. 768-quinquies Vizi del consenso	2. Qual è il termine di prescrizione per l'azione di impugnazione del patto?	Il patto può essere impugnato dai partecipanti ai sensi degli articoli 1427 e seguenti. L’azione si prescrive nel termine di un anno.
775	Art. 768-sexies Rapporti con i terzi	1. Quali soggetti possono chiedere ai beneficiari del contratto il pagamento della somma prevista dal secondo comma dell’articolo 768-quater?	All’apertura della successione dell’imprenditore, il coniuge e gli altri legittimari che non abbiano partecipato al contratto possono chiedere ai beneficiari del contratto stesso il pagamento della somma prevista dal secondo comma dell’articolo 768-quater, aumentata degli interessi legali. L’inosservanza delle disposizioni del primo comma costituisce motivo di impugnazione ai sensi dell’articolo 768-quinquies.
776	Art. 768-sexies Rapporti con i terzi	2. Cosa costituisce motivo di impugnazione ai sensi dell’articolo 768-quinquies?	All’apertura della successione dell’imprenditore, il coniuge e gli altri legittimari che non abbiano partecipato al contratto possono chiedere ai beneficiari del contratto stesso il pagamento della somma prevista dal secondo comma dell’articolo 768-quater, aumentata degli interessi legali. L’inosservanza delle disposizioni del primo comma costituisce motivo di impugnazione ai sensi dell’articolo 768-quinquies.
777	Art. 768-septies Scioglimento	1. Quali sono le modalità attraverso le quali il contratto può essere sciolto o modificato dalle stesse persone che hanno concluso il patto di famiglia?	Il contratto può essere sciolto o modificato dalle medesime persone che hanno concluso il patto di famiglia nei modi seguenti:  mediante diverso contratto, con le medesime caratteristiche e i medesimi presupposti di cui al presente capo; mediante recesso, se espressamente previsto nel contratto stesso e, necessariamente, attraverso dichiarazione agli altri contraenti certificata da un notaio.
778	Art. 768-septies Scioglimento	2. È possibile recedere da un contratto di famiglia senza una dichiarazione certificata da un notaio?	Il contratto può essere sciolto o modificato dalle medesime persone che hanno concluso il patto di famiglia nei modi seguenti:  mediante diverso contratto, con le medesime caratteristiche e i medesimi presupposti di cui al presente capo; mediante recesso, se espressamente previsto nel contratto stesso e, necessariamente, attraverso dichiarazione agli altri contraenti certificata da un notaio.
779	Art. 768-septies Scioglimento	3. Quali caratteristiche deve avere un diverso contratto per sciogliere o modificare un patto di famiglia?	Il contratto può essere sciolto o modificato dalle medesime persone che hanno concluso il patto di famiglia nei modi seguenti:  mediante diverso contratto, con le medesime caratteristiche e i medesimi presupposti di cui al presente capo; mediante recesso, se espressamente previsto nel contratto stesso e, necessariamente, attraverso dichiarazione agli altri contraenti certificata da un notaio.
780	Art. 768-octies Controversie	1. Quali organismi di conciliazione sono competenti per le controversie derivanti dalle disposizioni del presente capo secondo l'articolo 38 del decreto legislativo 17 gennaio 2003, n. 5?	Le controversie derivanti dalle disposizioni di cui al presente capo sono devolute preliminarmente a uno degli organismi di conciliazione previsti dall’articolo 38 del decreto legislativo 17 gennaio 2003, n. 5. 
781	Art. 769 Definizione	1. Qual è la definizione di donazione secondo il testo?	La donazione è il contratto (782, 1321 e seguenti) col quale, per spirito di liberalità, una parte arricchisce l’altra, disponendo a favore di questa di un suo diritto o assumendo verso la stessa una obbligazione.
782	Art. 770 Donazione rimuneratoria	1. Quali sono le motivazioni che possono qualificare una liberalità come donazione?	È donazione anche la liberalità fatta per riconoscenza o in considerazione dei meriti del donatario o per speciale rimunerazione. Non costituisce donazione la liberalità che si suole fare in occasione di servizi resi o comunque in conformità agli usi.
783	Art. 770 Donazione rimuneratoria	2. In quali circostanze una liberalità non è considerata una donazione secondo il testo?	È donazione anche la liberalità fatta per riconoscenza o in considerazione dei meriti del donatario o per speciale rimunerazione. Non costituisce donazione la liberalità che si suole fare in occasione di servizi resi o comunque in conformità agli usi.
784	Art. 771 Donazione di beni futuri	1. Quali beni non possono essere inclusi in una donazione secondo il testo?	La donazione non può comprendere che i beni presenti del donante. Se comprende beni futuri, è nulla rispetto a questi (1419 e seguenti) salvo che si tratti di frutti non ancora separati. Qualora oggetto della donazione sia un’universalità di cose e il donante ne conservi il godimento trattenendola presso di sé, si considerano comprese nella donazione anche le cose che vi si aggiungono successivamente, salvo che dall’atto risulti una diversa volontà.
785	Art. 771 Donazione di beni futuri	2. In quale caso i frutti non ancora separati possono essere inclusi in una donazione?	La donazione non può comprendere che i beni presenti del donante. Se comprende beni futuri, è nulla rispetto a questi (1419 e seguenti) salvo che si tratti di frutti non ancora separati. Qualora oggetto della donazione sia un’universalità di cose e il donante ne conservi il godimento trattenendola presso di sé, si considerano comprese nella donazione anche le cose che vi si aggiungono successivamente, salvo che dall’atto risulti una diversa volontà.
786	Art. 771 Donazione di beni futuri	3. Cosa accade alle cose che si aggiungono successivamente a un’universalità di cose oggetto di donazione se il donante ne conserva il godimento?	La donazione non può comprendere che i beni presenti del donante. Se comprende beni futuri, è nulla rispetto a questi (1419 e seguenti) salvo che si tratti di frutti non ancora separati. Qualora oggetto della donazione sia un’universalità di cose e il donante ne conservi il godimento trattenendola presso di sé, si considerano comprese nella donazione anche le cose che vi si aggiungono successivamente, salvo che dall’atto risulti una diversa volontà.
787	Art. 772 Donazione di prestazioni periodiche	1. Cosa accade alla donazione di prestazioni periodiche alla morte del donante, se non è espressa una diversa volontà nell'atto?	La donazione che ha per oggetto prestazioni periodiche si estingue alla morte del donante, salvo che risulti dall’atto una diversa volontà.
788	Art. 773 Donazione a più donatari	1. Come si intende la donazione fatta congiuntamente a favore di più donatari se non è specificata una diversa volontà nell'atto?	La donazione fatta congiuntamente a favore di più donatari s’intende fatta per parti uguali, salvo che dall’atto risulti una diversa volontà. È valida la clausola con cui il donante dispone che, se uno dei donatari non può o non vuole accettare, la sua parte si accresca agli altri.
789	Art. 773 Donazione a più donatari	2. È valida la clausola che prevede l'accrescimento della parte di un donatario agli altri se uno dei donatari non può o non vuole accettare?	La donazione fatta congiuntamente a favore di più donatari s’intende fatta per parti uguali, salvo che dall’atto risulti una diversa volontà. È valida la clausola con cui il donante dispone che, se uno dei donatari non può o non vuole accettare, la sua parte si accresca agli altri.
790	Art. 774 Capacità di donare	1. Quali soggetti non possono fare donazione secondo il testo?	Non possono fare donazione coloro che non hanno la piena capacità di disporre dei propri beni. È tuttavia valida la donazione fatta dal minore e dall’inabilitato nel loro contratto di matrimonio a norma degli artt. 165 e 166. Le disposizioni precedenti si applicano anche al minore emancipato autorizzato all’esercizio di un’impresa commerciale.
791	Art. 774 Capacità di donare	2. In quali circostanze è valida la donazione fatta dal minore e dall'inabilitato?	Non possono fare donazione coloro che non hanno la piena capacità di disporre dei propri beni. È tuttavia valida la donazione fatta dal minore e dall’inabilitato nel loro contratto di matrimonio a norma degli artt. 165 e 166. Le disposizioni precedenti si applicano anche al minore emancipato autorizzato all’esercizio di un’impresa commerciale.
792	Art. 774 Capacità di donare	3. Le disposizioni relative alla capacità di fare donazione si applicano anche al minore emancipato autorizzato all'esercizio di un'impresa commerciale?	Non possono fare donazione coloro che non hanno la piena capacità di disporre dei propri beni. È tuttavia valida la donazione fatta dal minore e dall’inabilitato nel loro contratto di matrimonio a norma degli artt. 165 e 166. Le disposizioni precedenti si applicano anche al minore emancipato autorizzato all’esercizio di un’impresa commerciale.
793	Art. 775 Donazione fatta da persona incapace d’intendere o di volere	1. Chi può richiedere l'annullamento di una donazione fatta da una persona incapace d'intendere o di volere al momento della donazione?	La donazione fatta da persona che, sebbene non interdetta, si provi essere stata per qualsiasi causa, anche transitoria, incapace d’intendere o di volere al momento in cui la donazione è stata fatta, può essere annullata su istanza del donante, dei suoi eredi o aventi causa. L’azione si prescrive in cinque anni dal giorno in cui la donazione è stata fatta (428, 1442 e seguenti).
794	Art. 775 Donazione fatta da persona incapace d’intendere o di volere	2. Qual è il termine di prescrizione per l'azione di annullamento di una donazione fatta da una persona incapace d'intendere o di volere?	La donazione fatta da persona che, sebbene non interdetta, si provi essere stata per qualsiasi causa, anche transitoria, incapace d’intendere o di volere al momento in cui la donazione è stata fatta, può essere annullata su istanza del donante, dei suoi eredi o aventi causa. L’azione si prescrive in cinque anni dal giorno in cui la donazione è stata fatta (428, 1442 e seguenti).
795	Art. 776 Donazione fatta dall’inabilitato	1. In quali circostanze una donazione fatta dall'inabilitato può essere annullata?	La donazione fatta dall’inabilitato, anche se anteriore alla sentenza d’inabilitazione o alla nomina del curatore provvisorio, può essere annullata se fatta dopo che è stato promosso il giudizio d’inabilitazione. Il curatore dell’inabilitato per prodigalità può chiedere l’annullamento della donazione, anche se fatta nei sei mesi anteriori all’inizio del giudizio d’inabilitazione.
796	Art. 776 Donazione fatta dall’inabilitato	2. Chi ha la facoltà di chiedere l'annullamento di una donazione fatta dall'inabilitato per prodigalità?	La donazione fatta dall’inabilitato, anche se anteriore alla sentenza d’inabilitazione o alla nomina del curatore provvisorio, può essere annullata se fatta dopo che è stato promosso il giudizio d’inabilitazione. Il curatore dell’inabilitato per prodigalità può chiedere l’annullamento della donazione, anche se fatta nei sei mesi anteriori all’inizio del giudizio d’inabilitazione.
797	Art. 777 Donazioni fatte da rappresentanti di persone incapaci	1. Quali sono le eccezioni alla regola che vieta al padre e al tutore di fare donazioni per la persona incapace da essi rappresentata?	Il padre e il tutore non possono fare donazioni per la persona incapace da essi rappresentata. Sono consentite, con le forme abilitative richieste, le liberalità in occasione di nozze a favore dei discendenti dell’interdetto o dell’inabilitato.
798	Art. 777 Donazioni fatte da rappresentanti di persone incapaci	2. In quali circostanze sono consentite le liberalità a favore dei discendenti di un interdetto o di un inabilitato?	Il padre e il tutore non possono fare donazioni per la persona incapace da essi rappresentata. Sono consentite, con le forme abilitative richieste, le liberalità in occasione di nozze a favore dei discendenti dell’interdetto o dell’inabilitato.
799	Art. 778 Mandato a donare	1. Per quale motivo è considerato nullo il mandato che attribuisce ad altri la facoltà di designare la persona del donatario o di determinare l’oggetto della donazione?	È nullo (1421 e seguenti) il mandato con cui si attribuisce ad altri la facoltà di designare la persona del donatario o di determinare l’oggetto della donazione. È peraltro valida la donazione a favore di persona che un terzo sceglierà tra più persone designate dal donante o appartenenti i determinate categorie, o a favore di una persona giuridica tra quelle indicate dal donante stesso. È del pari valida la donazione che ha per oggetto una cosa che un terzo determinerà tra più cose indicate dal donante o entro i limiti di valore dal donante stesso stabiliti.
800	Art. 778 Mandato a donare	2. In quali circostanze è valida una donazione a favore di una persona scelta da un terzo?	È nullo (1421 e seguenti) il mandato con cui si attribuisce ad altri la facoltà di designare la persona del donatario o di determinare l’oggetto della donazione. È peraltro valida la donazione a favore di persona che un terzo sceglierà tra più persone designate dal donante o appartenenti i determinate categorie, o a favore di una persona giuridica tra quelle indicate dal donante stesso. È del pari valida la donazione che ha per oggetto una cosa che un terzo determinerà tra più cose indicate dal donante o entro i limiti di valore dal donante stesso stabiliti.
801	Art. 778 Mandato a donare	3. Quali condizioni devono essere rispettate affinché una donazione che ha per oggetto una cosa determinata da un terzo sia considerata valida?	È nullo (1421 e seguenti) il mandato con cui si attribuisce ad altri la facoltà di designare la persona del donatario o di determinare l’oggetto della donazione. È peraltro valida la donazione a favore di persona che un terzo sceglierà tra più persone designate dal donante o appartenenti i determinate categorie, o a favore di una persona giuridica tra quelle indicate dal donante stesso. È del pari valida la donazione che ha per oggetto una cosa che un terzo determinerà tra più cose indicate dal donante o entro i limiti di valore dal donante stesso stabiliti.
802	Art. 779 Donazione a favore del tutore o protutore	1. Quali sono le condizioni che rendono nulla una donazione a favore di chi è stato tutore o protutore del donante?	È nulla (1418 e seguenti) la donazione a favore di chi è stato tutore o protutore del donante, se fatta prima che sia stato approvato il conto (385 e seguenti) o sia estinta l’azione per il rendimento del conto medesimo. Si applicano le disposizioni dell’Art. 599.
803	Art. 779 Donazione a favore del tutore o protutore	2. Quali disposizioni si applicano alla donazione nulla a favore di un tutore o protutore secondo il testo?	È nulla (1418 e seguenti) la donazione a favore di chi è stato tutore o protutore del donante, se fatta prima che sia stato approvato il conto (385 e seguenti) o sia estinta l’azione per il rendimento del conto medesimo. Si applicano le disposizioni dell’Art. 599.
804	Art. 781 Donazione tra coniugi	1. Qual è la decisione della Corte Costituzionale riguardo all'articolo che vieta ai coniugi di farsi liberalità durante il matrimonio?	(Art. dichiarato illegittimo: C. Cost. 27 giugno 1973, n. 91) I coniugi non possono, durante il matrimonio, farsi l’uno all’altro alcuna liberalità, salve quelle conformi agli usi (1418 e seguenti).
805	Art. 781 Donazione tra coniugi	2. Quali eccezioni sono previste per le liberalità tra coniugi durante il matrimonio secondo l'articolo dichiarato illegittimo?	(Art. dichiarato illegittimo: C. Cost. 27 giugno 1973, n. 91) I coniugi non possono, durante il matrimonio, farsi l’uno all’altro alcuna liberalità, salve quelle conformi agli usi (1418 e seguenti).
806	Art. 781 Donazione tra coniugi	3. In quale data la Corte Costituzionale ha dichiarato l'illegittimità dell'articolo che regola le liberalità tra coniugi?	(Art. dichiarato illegittimo: C. Cost. 27 giugno 1973, n. 91) I coniugi non possono, durante il matrimonio, farsi l’uno all’altro alcuna liberalità, salve quelle conformi agli usi (1418 e seguenti).
807	Art. 782 Forma della donazione	1. Quali sono i requisiti formali per la validità di una donazione?	La donazione deve essere fatta per atto pubblico, sotto pena di nullità. Se ha per oggetto cose mobili, essa non è valida che per quelle specificate con indicazione del loro valore nell’atto medesimo della donazione, ovvero in una nota a parte sottoscritta dal donante, dal donatario e dal notaio. L’accettazione può essere fatta nell’atto stesso o con atto pubblico posteriore. In questo caso la donazione non è perfetta se non dal momento in cui l’atto di accettazione è notificato al donante. Prima che la donazione sia perfetta, tanto il donante quanto il donatario possono revocare la loro dichiarazione. Se la donazione è fatta a una persona giuridica, il donante non può revocare la sua dichiarazione dopo che gli è stata notificata la domanda diretta a ottenere dall’autorità governativa l’autorizzazione ad accettare. Trascorso un anno dalla notificazione senza che l’autorizzazione sia stata concessa, la dichiarazione può essere revocata.
808	Art. 782 Forma della donazione	2. In che modo deve essere specificato il valore delle cose mobili oggetto di donazione?	La donazione deve essere fatta per atto pubblico, sotto pena di nullità. Se ha per oggetto cose mobili, essa non è valida che per quelle specificate con indicazione del loro valore nell’atto medesimo della donazione, ovvero in una nota a parte sottoscritta dal donante, dal donatario e dal notaio. L’accettazione può essere fatta nell’atto stesso o con atto pubblico posteriore. In questo caso la donazione non è perfetta se non dal momento in cui l’atto di accettazione è notificato al donante. Prima che la donazione sia perfetta, tanto il donante quanto il donatario possono revocare la loro dichiarazione. Se la donazione è fatta a una persona giuridica, il donante non può revocare la sua dichiarazione dopo che gli è stata notificata la domanda diretta a ottenere dall’autorità governativa l’autorizzazione ad accettare. Trascorso un anno dalla notificazione senza che l’autorizzazione sia stata concessa, la dichiarazione può essere revocata.
809	Art. 782 Forma della donazione	3. Come può essere effettuata l'accettazione di una donazione?	La donazione deve essere fatta per atto pubblico, sotto pena di nullità. Se ha per oggetto cose mobili, essa non è valida che per quelle specificate con indicazione del loro valore nell’atto medesimo della donazione, ovvero in una nota a parte sottoscritta dal donante, dal donatario e dal notaio. L’accettazione può essere fatta nell’atto stesso o con atto pubblico posteriore. In questo caso la donazione non è perfetta se non dal momento in cui l’atto di accettazione è notificato al donante. Prima che la donazione sia perfetta, tanto il donante quanto il donatario possono revocare la loro dichiarazione. Se la donazione è fatta a una persona giuridica, il donante non può revocare la sua dichiarazione dopo che gli è stata notificata la domanda diretta a ottenere dall’autorità governativa l’autorizzazione ad accettare. Trascorso un anno dalla notificazione senza che l’autorizzazione sia stata concessa, la dichiarazione può essere revocata.
810	Art. 782 Forma della donazione	4. Quando una donazione diventa perfetta?	La donazione deve essere fatta per atto pubblico, sotto pena di nullità. Se ha per oggetto cose mobili, essa non è valida che per quelle specificate con indicazione del loro valore nell’atto medesimo della donazione, ovvero in una nota a parte sottoscritta dal donante, dal donatario e dal notaio. L’accettazione può essere fatta nell’atto stesso o con atto pubblico posteriore. In questo caso la donazione non è perfetta se non dal momento in cui l’atto di accettazione è notificato al donante. Prima che la donazione sia perfetta, tanto il donante quanto il donatario possono revocare la loro dichiarazione. Se la donazione è fatta a una persona giuridica, il donante non può revocare la sua dichiarazione dopo che gli è stata notificata la domanda diretta a ottenere dall’autorità governativa l’autorizzazione ad accettare. Trascorso un anno dalla notificazione senza che l’autorizzazione sia stata concessa, la dichiarazione può essere revocata.
811	Art. 782 Forma della donazione	5. In quali circostanze il donante e il donatario possono revocare la loro dichiarazione prima che la donazione sia perfetta?	La donazione deve essere fatta per atto pubblico, sotto pena di nullità. Se ha per oggetto cose mobili, essa non è valida che per quelle specificate con indicazione del loro valore nell’atto medesimo della donazione, ovvero in una nota a parte sottoscritta dal donante, dal donatario e dal notaio. L’accettazione può essere fatta nell’atto stesso o con atto pubblico posteriore. In questo caso la donazione non è perfetta se non dal momento in cui l’atto di accettazione è notificato al donante. Prima che la donazione sia perfetta, tanto il donante quanto il donatario possono revocare la loro dichiarazione. Se la donazione è fatta a una persona giuridica, il donante non può revocare la sua dichiarazione dopo che gli è stata notificata la domanda diretta a ottenere dall’autorità governativa l’autorizzazione ad accettare. Trascorso un anno dalla notificazione senza che l’autorizzazione sia stata concessa, la dichiarazione può essere revocata.
812	Art. 782 Forma della donazione	6. Cosa impedisce al donante di revocare la sua dichiarazione quando la donazione è fatta a una persona giuridica?	La donazione deve essere fatta per atto pubblico, sotto pena di nullità. Se ha per oggetto cose mobili, essa non è valida che per quelle specificate con indicazione del loro valore nell’atto medesimo della donazione, ovvero in una nota a parte sottoscritta dal donante, dal donatario e dal notaio. L’accettazione può essere fatta nell’atto stesso o con atto pubblico posteriore. In questo caso la donazione non è perfetta se non dal momento in cui l’atto di accettazione è notificato al donante. Prima che la donazione sia perfetta, tanto il donante quanto il donatario possono revocare la loro dichiarazione. Se la donazione è fatta a una persona giuridica, il donante non può revocare la sua dichiarazione dopo che gli è stata notificata la domanda diretta a ottenere dall’autorità governativa l’autorizzazione ad accettare. Trascorso un anno dalla notificazione senza che l’autorizzazione sia stata concessa, la dichiarazione può essere revocata.
813	Art. 782 Forma della donazione	7. Qual è il termine entro il quale la dichiarazione di donazione può essere revocata se l'autorizzazione governativa non è concessa?	La donazione deve essere fatta per atto pubblico, sotto pena di nullità. Se ha per oggetto cose mobili, essa non è valida che per quelle specificate con indicazione del loro valore nell’atto medesimo della donazione, ovvero in una nota a parte sottoscritta dal donante, dal donatario e dal notaio. L’accettazione può essere fatta nell’atto stesso o con atto pubblico posteriore. In questo caso la donazione non è perfetta se non dal momento in cui l’atto di accettazione è notificato al donante. Prima che la donazione sia perfetta, tanto il donante quanto il donatario possono revocare la loro dichiarazione. Se la donazione è fatta a una persona giuridica, il donante non può revocare la sua dichiarazione dopo che gli è stata notificata la domanda diretta a ottenere dall’autorità governativa l’autorizzazione ad accettare. Trascorso un anno dalla notificazione senza che l’autorizzazione sia stata concessa, la dichiarazione può essere revocata.
814	Art. 783 Donazioni di modico valore	1. In quali condizioni una donazione di modico valore di beni mobili è considerata valida senza atto pubblico?	La donazione di modico valore che ha per oggetto beni mobili è valida anche se manca l’atto pubblico, purché vi sia stata la tradizione. La modicità deve essere valutata anche in rapporto alle condizioni economiche del donante.
815	Art. 783 Donazioni di modico valore	2. Come si determina la modicità del valore di una donazione di beni mobili?	La donazione di modico valore che ha per oggetto beni mobili è valida anche se manca l’atto pubblico, purché vi sia stata la tradizione. La modicità deve essere valutata anche in rapporto alle condizioni economiche del donante.
816	Art. 784 Donazione a nascituri	1. Quali sono le condizioni per effettuare una donazione a favore di un nascituro non ancora concepito?	La donazione può essere fatta anche a favore di chi è soltanto concepito, ovvero a favore dei figli di una determinata persona vivente al tempo della donazione benché non ancora concepiti. L’accettazione della donazione a favore di nascituri, benché non concepiti, è regolata dalle disposizioni degli artt. 320 e 321. Salvo diversa disposizione del donante, l’amministrazione dei beni donati spetta al donante o ai suoi eredi, i quali possono essere obbligati a prestare idonea garanzia. I frutti maturati prima della nascita sono riservati al donatario se la donazione è fatta a favore di un nascituro già concepito. Se è fatta a favore di un non concepito, i frutti sono riservati al donante sino al momento della nascita del donatario.
817	Art. 784 Donazione a nascituri	2. Come viene regolata l'accettazione della donazione a favore di nascituri non concepiti secondo gli articoli 320 e 321?	La donazione può essere fatta anche a favore di chi è soltanto concepito, ovvero a favore dei figli di una determinata persona vivente al tempo della donazione benché non ancora concepiti. L’accettazione della donazione a favore di nascituri, benché non concepiti, è regolata dalle disposizioni degli artt. 320 e 321. Salvo diversa disposizione del donante, l’amministrazione dei beni donati spetta al donante o ai suoi eredi, i quali possono essere obbligati a prestare idonea garanzia. I frutti maturati prima della nascita sono riservati al donatario se la donazione è fatta a favore di un nascituro già concepito. Se è fatta a favore di un non concepito, i frutti sono riservati al donante sino al momento della nascita del donatario.
818	Art. 784 Donazione a nascituri	3. Chi è responsabile dell'amministrazione dei beni donati in assenza di una diversa disposizione del donante?	La donazione può essere fatta anche a favore di chi è soltanto concepito, ovvero a favore dei figli di una determinata persona vivente al tempo della donazione benché non ancora concepiti. L’accettazione della donazione a favore di nascituri, benché non concepiti, è regolata dalle disposizioni degli artt. 320 e 321. Salvo diversa disposizione del donante, l’amministrazione dei beni donati spetta al donante o ai suoi eredi, i quali possono essere obbligati a prestare idonea garanzia. I frutti maturati prima della nascita sono riservati al donatario se la donazione è fatta a favore di un nascituro già concepito. Se è fatta a favore di un non concepito, i frutti sono riservati al donante sino al momento della nascita del donatario.
819	Art. 784 Donazione a nascituri	4. A chi spettano i frutti maturati prima della nascita se la donazione è fatta a favore di un nascituro già concepito?	La donazione può essere fatta anche a favore di chi è soltanto concepito, ovvero a favore dei figli di una determinata persona vivente al tempo della donazione benché non ancora concepiti. L’accettazione della donazione a favore di nascituri, benché non concepiti, è regolata dalle disposizioni degli artt. 320 e 321. Salvo diversa disposizione del donante, l’amministrazione dei beni donati spetta al donante o ai suoi eredi, i quali possono essere obbligati a prestare idonea garanzia. I frutti maturati prima della nascita sono riservati al donatario se la donazione è fatta a favore di un nascituro già concepito. Se è fatta a favore di un non concepito, i frutti sono riservati al donante sino al momento della nascita del donatario.
820	Art. 784 Donazione a nascituri	5. Cosa accade ai frutti maturati prima della nascita se la donazione è fatta a favore di un nascituro non concepito?	La donazione può essere fatta anche a favore di chi è soltanto concepito, ovvero a favore dei figli di una determinata persona vivente al tempo della donazione benché non ancora concepiti. L’accettazione della donazione a favore di nascituri, benché non concepiti, è regolata dalle disposizioni degli artt. 320 e 321. Salvo diversa disposizione del donante, l’amministrazione dei beni donati spetta al donante o ai suoi eredi, i quali possono essere obbligati a prestare idonea garanzia. I frutti maturati prima della nascita sono riservati al donatario se la donazione è fatta a favore di un nascituro già concepito. Se è fatta a favore di un non concepito, i frutti sono riservati al donante sino al momento della nascita del donatario.
821	Art. 785 Donazione in riguardo di matrimonio	1. Quali sono le condizioni necessarie affinché una donazione fatta in riguardo di un futuro matrimonio produca effetti?	La donazione fatta in riguardo di un determinato futuro matrimonio (165 e seguenti, 437), sia dagli sposi tra loro, sia da altri a favore di uno o di entrambi gli sposi o dei figli nascituri da questi, si perfeziona senza bisogno che sia accettata, ma non produce effetto finché non segua il matrimonio. L’annullamento del matrimonio (117 e seguenti) importa la nullità della donazione. Restano tuttavia salvi i diritti acquistati dai terzi di buona fede tra il giorno del matrimonio e il passaggio in giudicato (Cod. Proc. Civ. 324) della sentenza che dichiara la nullità del matrimonio. Il coniuge di buona fede non è tenuto a restituire i frutti percepiti anteriormente alla domanda di annullamento del matrimonio (1 148). La donazione in favore di figli nascituri rimane efficace per i figli rispetto ai quali si verificano gli effetti del matrimonio putativo.
822	Art. 785 Donazione in riguardo di matrimonio	2. Cosa accade alla donazione se il matrimonio viene annullato?	La donazione fatta in riguardo di un determinato futuro matrimonio (165 e seguenti, 437), sia dagli sposi tra loro, sia da altri a favore di uno o di entrambi gli sposi o dei figli nascituri da questi, si perfeziona senza bisogno che sia accettata, ma non produce effetto finché non segua il matrimonio. L’annullamento del matrimonio (117 e seguenti) importa la nullità della donazione. Restano tuttavia salvi i diritti acquistati dai terzi di buona fede tra il giorno del matrimonio e il passaggio in giudicato (Cod. Proc. Civ. 324) della sentenza che dichiara la nullità del matrimonio. Il coniuge di buona fede non è tenuto a restituire i frutti percepiti anteriormente alla domanda di annullamento del matrimonio (1 148). La donazione in favore di figli nascituri rimane efficace per i figli rispetto ai quali si verificano gli effetti del matrimonio putativo.
823	Art. 785 Donazione in riguardo di matrimonio	3. Quali diritti dei terzi sono tutelati in caso di annullamento del matrimonio?	La donazione fatta in riguardo di un determinato futuro matrimonio (165 e seguenti, 437), sia dagli sposi tra loro, sia da altri a favore di uno o di entrambi gli sposi o dei figli nascituri da questi, si perfeziona senza bisogno che sia accettata, ma non produce effetto finché non segua il matrimonio. L’annullamento del matrimonio (117 e seguenti) importa la nullità della donazione. Restano tuttavia salvi i diritti acquistati dai terzi di buona fede tra il giorno del matrimonio e il passaggio in giudicato (Cod. Proc. Civ. 324) della sentenza che dichiara la nullità del matrimonio. Il coniuge di buona fede non è tenuto a restituire i frutti percepiti anteriormente alla domanda di annullamento del matrimonio (1 148). La donazione in favore di figli nascituri rimane efficace per i figli rispetto ai quali si verificano gli effetti del matrimonio putativo.
824	Art. 785 Donazione in riguardo di matrimonio	4. In che modo il coniuge di buona fede è protetto riguardo ai frutti percepiti prima della domanda di annullamento del matrimonio?	La donazione fatta in riguardo di un determinato futuro matrimonio (165 e seguenti, 437), sia dagli sposi tra loro, sia da altri a favore di uno o di entrambi gli sposi o dei figli nascituri da questi, si perfeziona senza bisogno che sia accettata, ma non produce effetto finché non segua il matrimonio. L’annullamento del matrimonio (117 e seguenti) importa la nullità della donazione. Restano tuttavia salvi i diritti acquistati dai terzi di buona fede tra il giorno del matrimonio e il passaggio in giudicato (Cod. Proc. Civ. 324) della sentenza che dichiara la nullità del matrimonio. Il coniuge di buona fede non è tenuto a restituire i frutti percepiti anteriormente alla domanda di annullamento del matrimonio (1 148). La donazione in favore di figli nascituri rimane efficace per i figli rispetto ai quali si verificano gli effetti del matrimonio putativo.
825	Art. 785 Donazione in riguardo di matrimonio	5. Come viene trattata la donazione in favore di figli nascituri in caso di matrimonio putativo?	La donazione fatta in riguardo di un determinato futuro matrimonio (165 e seguenti, 437), sia dagli sposi tra loro, sia da altri a favore di uno o di entrambi gli sposi o dei figli nascituri da questi, si perfeziona senza bisogno che sia accettata, ma non produce effetto finché non segua il matrimonio. L’annullamento del matrimonio (117 e seguenti) importa la nullità della donazione. Restano tuttavia salvi i diritti acquistati dai terzi di buona fede tra il giorno del matrimonio e il passaggio in giudicato (Cod. Proc. Civ. 324) della sentenza che dichiara la nullità del matrimonio. Il coniuge di buona fede non è tenuto a restituire i frutti percepiti anteriormente alla domanda di annullamento del matrimonio (1 148). La donazione in favore di figli nascituri rimane efficace per i figli rispetto ai quali si verificano gli effetti del matrimonio putativo.
826	Art. 786 Donazione a ente non riconosciuto	1. Quali sono le conseguenze se l'istanza per ottenere il riconoscimento di un ente non riconosciuto non viene notificata al donante entro un anno?	La donazione a favore di un ente non riconosciuto non ha efficacia, se entro un anno non è notificata al donante l’istanza per ottenere il riconoscimento (att. 2-3). La notificazione produce gli effetti indicati dall’ultimo comma dell’Art. 782. Salvo diversa disposizione del donante, i frutti maturati prima del riconoscimento sono riservati al donatario.
827	Art. 786 Donazione a ente non riconosciuto	2. Cosa accade ai frutti maturati prima del riconoscimento di un ente non riconosciuto, salvo diversa disposizione del donante?	La donazione a favore di un ente non riconosciuto non ha efficacia, se entro un anno non è notificata al donante l’istanza per ottenere il riconoscimento (att. 2-3). La notificazione produce gli effetti indicati dall’ultimo comma dell’Art. 782. Salvo diversa disposizione del donante, i frutti maturati prima del riconoscimento sono riservati al donatario.
828	Art. 786 Donazione a ente non riconosciuto	3. Quali effetti produce la notificazione dell'istanza per il riconoscimento di un ente non riconosciuto secondo l'ultimo comma dell'Art. 782?	La donazione a favore di un ente non riconosciuto non ha efficacia, se entro un anno non è notificata al donante l’istanza per ottenere il riconoscimento (att. 2-3). La notificazione produce gli effetti indicati dall’ultimo comma dell’Art. 782. Salvo diversa disposizione del donante, i frutti maturati prima del riconoscimento sono riservati al donatario.
829	Art. 787 Errore sul motivo della donazione	1. In quali circostanze una donazione può essere impugnata per errore sul motivo?	La donazione può essere impugnata per errore sul motivo, sia esso di fatto o di diritto, quando il motivo risulta dall’atto ed è il solo che ha determinato il donante alla liberalità (1428 e seguenti).
830	Art. 788 Motivo illecito	1. In quali circostanze il motivo illecito rende nulla una donazione secondo il testo?	Il motivo illecito rende nulla la donazione quando risulta dall’atto ed è il solo che ha determinato il donante alla liberalità (1345, 1418 e seguenti).
831	Art. 789 Inadempimento o ritardo nell’esecuzione	1. In quali circostanze il donante è ritenuto responsabile per l'inadempimento o il ritardo nell'eseguire la donazione?	Il donante, in caso d’inadempimento o di ritardo nell’eseguire la donazione, è responsabile soltanto per dolo o per colpa grave.
832	Art. 790 Riserva di disporre di cose determinate	1. Cosa accade se il donante muore senza aver disposto di un oggetto o di una somma di cui si era riservato la facoltà di disporre nella donazione?	Quando il donante si è riservata la facoltà di disporre di qualche oggetto compreso nella donazione o di una determinata somma sui beni donati, e muore senza averne disposto, tale facoltà non può essere esercitata dagli eredi.
833	Art. 791 Condizione di riversibilità	1. In quali casi il donante può stipulare la riversibilità delle cose donate?	Il donante può stipulare la riversibilità delle cose donate, sia per il caso di premorienza del solo donatario, sia per il caso di premorienza del donatario e dei suoi discendenti. Nel caso in cui la donazione è fatta con generica indicazione della riversibilità, questa riguarda la premorienza, non solo del donatario, ma anche dei suoi discendenti. Non si fa luogo a riversibilità che a beneficio del solo donante. Il patto a favore di altri si considera non apposto.
834	Art. 791 Condizione di riversibilità	2. Cosa accade se la donazione è fatta con una generica indicazione della riversibilità?	Il donante può stipulare la riversibilità delle cose donate, sia per il caso di premorienza del solo donatario, sia per il caso di premorienza del donatario e dei suoi discendenti. Nel caso in cui la donazione è fatta con generica indicazione della riversibilità, questa riguarda la premorienza, non solo del donatario, ma anche dei suoi discendenti. Non si fa luogo a riversibilità che a beneficio del solo donante. Il patto a favore di altri si considera non apposto.
835	Art. 791 Condizione di riversibilità	3. A chi può beneficiare la riversibilità delle cose donate?	Il donante può stipulare la riversibilità delle cose donate, sia per il caso di premorienza del solo donatario, sia per il caso di premorienza del donatario e dei suoi discendenti. Nel caso in cui la donazione è fatta con generica indicazione della riversibilità, questa riguarda la premorienza, non solo del donatario, ma anche dei suoi discendenti. Non si fa luogo a riversibilità che a beneficio del solo donante. Il patto a favore di altri si considera non apposto.
836	Art. 791 Condizione di riversibilità	4. Come viene considerato un patto di riversibilità a favore di soggetti diversi dal donante?	Il donante può stipulare la riversibilità delle cose donate, sia per il caso di premorienza del solo donatario, sia per il caso di premorienza del donatario e dei suoi discendenti. Nel caso in cui la donazione è fatta con generica indicazione della riversibilità, questa riguarda la premorienza, non solo del donatario, ma anche dei suoi discendenti. Non si fa luogo a riversibilità che a beneficio del solo donante. Il patto a favore di altri si considera non apposto.
837	Art. 792 Effetti della riversibilità	1. Quali sono gli effetti del patto di riversibilità sulle alienazioni dei beni donati?	Il patto di riversibilità produce l’effetto di risolvere tutte le alienazioni dei beni donati e di farli ritornare al donante liberi da ogni peso o ipoteca, ad eccezione dell’ipoteca iscritta a garanzia della dote o di altre convenzioni matrimoniali, quando gli altri beni del coniuge donatario non sono sufficienti, e nel caso soltanto in cui la donazione è stata fatta con lo stesso contratto matrimoniale da cui l’ipoteca risulta. È valido il patto per cui la riversione non deve pregiudicare la quota di riserva spettante al coniuge superstite (540 e seguenti) sul patrimonio del donatario, compresi in esso i beni donati.
838	Art. 792 Effetti della riversibilità	2. In quali circostanze l'ipoteca a garanzia della dote o di altre convenzioni matrimoniali non viene risolta dal patto di riversibilità?	Il patto di riversibilità produce l’effetto di risolvere tutte le alienazioni dei beni donati e di farli ritornare al donante liberi da ogni peso o ipoteca, ad eccezione dell’ipoteca iscritta a garanzia della dote o di altre convenzioni matrimoniali, quando gli altri beni del coniuge donatario non sono sufficienti, e nel caso soltanto in cui la donazione è stata fatta con lo stesso contratto matrimoniale da cui l’ipoteca risulta. È valido il patto per cui la riversione non deve pregiudicare la quota di riserva spettante al coniuge superstite (540 e seguenti) sul patrimonio del donatario, compresi in esso i beni donati.
839	Art. 793 Donazione modale	1. Quali sono i limiti entro i quali il donatario è tenuto ad adempiere l'onere associato alla donazione?	La donazione può essere gravata da un onere. Il donatario è tenuto all’adempimento dell’onere entro i limiti del valore della cosa donata. Per l’adempimento dell’onere può agire, oltre il donante, qualsiasi interessato, anche durante la vita del donante stesso. La risoluzione per inadempimento dell’onere, se preveduta nell’atto di donazione, può essere domandata dal donante o dai suoi eredi (2652, n. 1).
840	Art. 793 Donazione modale	2. Chi può agire per l'adempimento dell'onere oltre al donante?	La donazione può essere gravata da un onere. Il donatario è tenuto all’adempimento dell’onere entro i limiti del valore della cosa donata. Per l’adempimento dell’onere può agire, oltre il donante, qualsiasi interessato, anche durante la vita del donante stesso. La risoluzione per inadempimento dell’onere, se preveduta nell’atto di donazione, può essere domandata dal donante o dai suoi eredi (2652, n. 1).
841	Art. 793 Donazione modale	3. In quali circostanze può essere domandata la risoluzione per inadempimento dell'onere?	La donazione può essere gravata da un onere. Il donatario è tenuto all’adempimento dell’onere entro i limiti del valore della cosa donata. Per l’adempimento dell’onere può agire, oltre il donante, qualsiasi interessato, anche durante la vita del donante stesso. La risoluzione per inadempimento dell’onere, se preveduta nell’atto di donazione, può essere domandata dal donante o dai suoi eredi (2652, n. 1).
842	Art. 793 Donazione modale	4. Chi può domandare la risoluzione per inadempimento dell'onere se essa è prevista nell'atto di donazione?	La donazione può essere gravata da un onere. Il donatario è tenuto all’adempimento dell’onere entro i limiti del valore della cosa donata. Per l’adempimento dell’onere può agire, oltre il donante, qualsiasi interessato, anche durante la vita del donante stesso. La risoluzione per inadempimento dell’onere, se preveduta nell’atto di donazione, può essere domandata dal donante o dai suoi eredi (2652, n. 1).
843	Art. 794 Onere illecito o impossibile	1. In che modo un onere illecito o impossibile influisce sulla validità di una donazione?	L’onere illecito o impossibile si considera non apposto; rende tuttavia nulla (1421 e seguenti) la donazione se ne ha costituito il solo motivo determinante..
844	Art. 794 Onere illecito o impossibile	2. Quali sono le conseguenze legali se un onere illecito o impossibile è il solo motivo determinante di una donazione?	L’onere illecito o impossibile si considera non apposto; rende tuttavia nulla (1421 e seguenti) la donazione se ne ha costituito il solo motivo determinante..
845	Art. 795 Divieto di sostituzione	1. In quali casi e limiti sono permesse le sostituzioni nelle donazioni secondo il testo?	Nelle donazioni non sono permesse le sostituzioni se non nei casi e nei limiti stabiliti per gli atti di ultima volontà (688 e seguenti). La nullità delle sostituzioni non importa nullità della donazione.
846	Art. 795 Divieto di sostituzione	2. La nullità delle sostituzioni comporta la nullità della donazione?	Nelle donazioni non sono permesse le sostituzioni se non nei casi e nei limiti stabiliti per gli atti di ultima volontà (688 e seguenti). La nullità delle sostituzioni non importa nullità della donazione.
847	Art. 796 Riserva di usufrutto	1. È possibile per il donante riservare l'usufrutto dei beni donati a vantaggio di più persone contemporaneamente?	È permesso al donante di riservare l’usufrutto (978 e seguenti, 1002-3) dei beni donati a proprio vantaggio, e dopo di lui a vantaggio di un’altra persona o anche di più persone, ma non successivamente.
848	Art. 797 Garanzia per evizione	1. In quali casi il donante è tenuto a garantire il donatario per l'evizione delle cose donate?	Il donante è tenuto a garanzia verso il donatario, per l’evizione che questi può soffrire delle cose donate (1483 e seguenti), nei casi seguenti : se ha espressamente promesso la garanzia; se l’evizione dipende dal dolo o dal fatto personale di lui; se si tratta di donazione che impone oneri al donatario, o di donazione rimuneratoria, nei quali casi la garanzia è dovuta fino alla concorrenza dell’ammontare degli oneri o dell’entità delle prestazioni ricevute dal donante.
849	Art. 797 Garanzia per evizione	2. Cosa accade se l'evizione dipende dal dolo o dal fatto personale del donante?	Il donante è tenuto a garanzia verso il donatario, per l’evizione che questi può soffrire delle cose donate (1483 e seguenti), nei casi seguenti : se ha espressamente promesso la garanzia; se l’evizione dipende dal dolo o dal fatto personale di lui; se si tratta di donazione che impone oneri al donatario, o di donazione rimuneratoria, nei quali casi la garanzia è dovuta fino alla concorrenza dell’ammontare degli oneri o dell’entità delle prestazioni ricevute dal donante.
850	Art. 797 Garanzia per evizione	3. Qual è la responsabilità del donante in caso di donazione che impone oneri al donatario?	Il donante è tenuto a garanzia verso il donatario, per l’evizione che questi può soffrire delle cose donate (1483 e seguenti), nei casi seguenti : se ha espressamente promesso la garanzia; se l’evizione dipende dal dolo o dal fatto personale di lui; se si tratta di donazione che impone oneri al donatario, o di donazione rimuneratoria, nei quali casi la garanzia è dovuta fino alla concorrenza dell’ammontare degli oneri o dell’entità delle prestazioni ricevute dal donante.
851	Art. 797 Garanzia per evizione	4. Come viene determinata la garanzia dovuta in caso di donazione rimuneratoria?	Il donante è tenuto a garanzia verso il donatario, per l’evizione che questi può soffrire delle cose donate (1483 e seguenti), nei casi seguenti : se ha espressamente promesso la garanzia; se l’evizione dipende dal dolo o dal fatto personale di lui; se si tratta di donazione che impone oneri al donatario, o di donazione rimuneratoria, nei quali casi la garanzia è dovuta fino alla concorrenza dell’ammontare degli oneri o dell’entità delle prestazioni ricevute dal donante.
852	Art. 798 Responsabilità per vizi della cosa	1. In quali circostanze la garanzia del donante si estende ai vizi della cosa?	Salvo patto speciale, la garanzia del donante non si estende ai vizi della cosa, a meno che il donante sia stato in dolo (1490 e seguenti).
853	Art. 799 Conferma ed esecuzione volontaria di donazioni nulle	1. In quali circostanze gli eredi o aventi causa dal donante non possono far valere la nullità della donazione?	La nullità della donazione da qualunque causa dipenda, non può essere fatta valere dagli eredi o aventi causa dal donante che, conoscendo la causa della nullità, hanno, dopo la morte di lui, confermato la donazione o vi hanno dato volontaria esecuzione.
854	Art. 800 Cause di revocazione	1. Quali sono le cause per cui una donazione può essere revocata?	La donazione può essere revocata per ingratitudine o per sopravvenienza di figli.
855	Art. 801 Revocazione per ingratitudine	1. Quali sono i fatti previsti dai numeri 1, 2 e 3 dell'Art. 463 che possono giustificare una domanda di revocazione per ingratitudine?	La domanda di revocazione per ingratitudine non può essere proposta che quando il donatario ha commesso uno dei fatti previsti dai nn. 1, 2 e 3 dell’Art. 463, ovvero si è reso colpevole d’ingiuria grave verso il donante o ha dolosamente arrecato grave pregiudizio al patrimonio di lui o gli ha rifiutato indebitamente gli alimenti dovuti ai sensi degli artt. 433, 435 e 436 (att. 141).
856	Art. 801 Revocazione per ingratitudine	2. In quali circostanze un donatario può essere considerato colpevole di ingiuria grave verso il donante?	La domanda di revocazione per ingratitudine non può essere proposta che quando il donatario ha commesso uno dei fatti previsti dai nn. 1, 2 e 3 dell’Art. 463, ovvero si è reso colpevole d’ingiuria grave verso il donante o ha dolosamente arrecato grave pregiudizio al patrimonio di lui o gli ha rifiutato indebitamente gli alimenti dovuti ai sensi degli artt. 433, 435 e 436 (att. 141).
857	Art. 801 Revocazione per ingratitudine	"3. Cosa si intende per ""grave pregiudizio al patrimonio"" arrecato dolosamente dal donatario?"	La domanda di revocazione per ingratitudine non può essere proposta che quando il donatario ha commesso uno dei fatti previsti dai nn. 1, 2 e 3 dell’Art. 463, ovvero si è reso colpevole d’ingiuria grave verso il donante o ha dolosamente arrecato grave pregiudizio al patrimonio di lui o gli ha rifiutato indebitamente gli alimenti dovuti ai sensi degli artt. 433, 435 e 436 (att. 141).
858	Art. 801 Revocazione per ingratitudine	4. Quali articoli del codice civile regolano il rifiuto indebito degli alimenti dovuti che può portare alla revocazione per ingratitudine?	La domanda di revocazione per ingratitudine non può essere proposta che quando il donatario ha commesso uno dei fatti previsti dai nn. 1, 2 e 3 dell’Art. 463, ovvero si è reso colpevole d’ingiuria grave verso il donante o ha dolosamente arrecato grave pregiudizio al patrimonio di lui o gli ha rifiutato indebitamente gli alimenti dovuti ai sensi degli artt. 433, 435 e 436 (att. 141).
859	Art. 802 Termini e legittimazione ad agire	1. Qual è il termine entro cui il donante deve proporre la domanda di revocazione per causa d’ingratitudine?	La domanda di revocazione per causa d’ingratitudine deve essere proposta dal donante o dai suoi eredi, contro il donatario o i suoi eredi, entro l’anno dal giorno in cui il donante è venuto a conoscenza del fatto che consente la revocazione (2964 e seguenti). Se il donatario si è reso responsabile di omicidio volontario in persona del donante o gli ha dolosamente impedito di revocare la donazione, il termine per proporre l’azione è di un anno dal giorno in cui gli eredi hanno avuto notizia della causa di revocazione (att. 141).
860	Art. 802 Termini e legittimazione ad agire	2. In quali circostanze il termine per proporre l’azione di revocazione è di un anno dal giorno in cui gli eredi hanno avuto notizia della causa di revocazione?	La domanda di revocazione per causa d’ingratitudine deve essere proposta dal donante o dai suoi eredi, contro il donatario o i suoi eredi, entro l’anno dal giorno in cui il donante è venuto a conoscenza del fatto che consente la revocazione (2964 e seguenti). Se il donatario si è reso responsabile di omicidio volontario in persona del donante o gli ha dolosamente impedito di revocare la donazione, il termine per proporre l’azione è di un anno dal giorno in cui gli eredi hanno avuto notizia della causa di revocazione (att. 141).
861	Art. 803 Revocazione per sopravvenienza di figli	1. In quali circostanze una donazione può essere revocata per la sopravvenienza di un figlio o discendente legittimo?	Le donazioni, fatte da chi non aveva o ignorava di avere figli o discendenti legittimi al tempo della donazione, possono essere revocate per la sopravvenienza o l’esistenza di un figlio o discendente legittimo del donante. Possono inoltre essere revocate per il riconoscimento di un figlio naturale (250 e seguenti), fatto entro due anni dalla donazione, salvo che si provi che al tempo della donazione il donante aveva notizia dell’esistenza del figlio. La revocazione può essere domandata anche se il figlio donante era già concepito al tempo della donazione.
862	Art. 803 Revocazione per sopravvenienza di figli	2. Entro quale termine deve avvenire il riconoscimento di un figlio naturale per poter revocare una donazione?	Le donazioni, fatte da chi non aveva o ignorava di avere figli o discendenti legittimi al tempo della donazione, possono essere revocate per la sopravvenienza o l’esistenza di un figlio o discendente legittimo del donante. Possono inoltre essere revocate per il riconoscimento di un figlio naturale (250 e seguenti), fatto entro due anni dalla donazione, salvo che si provi che al tempo della donazione il donante aveva notizia dell’esistenza del figlio. La revocazione può essere domandata anche se il figlio donante era già concepito al tempo della donazione.
863	Art. 803 Revocazione per sopravvenienza di figli	3. È possibile revocare una donazione se il figlio era già concepito al tempo della donazione?	Le donazioni, fatte da chi non aveva o ignorava di avere figli o discendenti legittimi al tempo della donazione, possono essere revocate per la sopravvenienza o l’esistenza di un figlio o discendente legittimo del donante. Possono inoltre essere revocate per il riconoscimento di un figlio naturale (250 e seguenti), fatto entro due anni dalla donazione, salvo che si provi che al tempo della donazione il donante aveva notizia dell’esistenza del figlio. La revocazione può essere domandata anche se il figlio donante era già concepito al tempo della donazione.
864	Art. 804 Termine per l’azione	1. Entro quale termine deve essere proposta l'azione di revocazione per sopravvenienza di figli?	L’azione di revocazione per sopravvenienza di figli deve essere proposta entro cinque anni (2964 e seguenti) dal giorno della nascita dell’ultimo figlio o discendente legittimo ovvero della notizia dell’esistenza del figlio o discendente ovvero dell’avvenuto riconoscimento del figlio naturale. Il donante non può proporre o proseguire l’azione dopo la morte del figlio o del discendente.
865	Art. 804 Termine per l’azione	2. Il donante può proporre o proseguire l'azione di revocazione dopo la morte del figlio o del discendente?	L’azione di revocazione per sopravvenienza di figli deve essere proposta entro cinque anni (2964 e seguenti) dal giorno della nascita dell’ultimo figlio o discendente legittimo ovvero della notizia dell’esistenza del figlio o discendente ovvero dell’avvenuto riconoscimento del figlio naturale. Il donante non può proporre o proseguire l’azione dopo la morte del figlio o del discendente.
866	Art. 805 Donazioni irrevocabili	1. Quali sono le due tipologie di donazioni che non possono essere revocate per causa d’ingratitudine o per sopravvenienza di figli?	Non possono revocarsi per causa d’ingratitudine, ne per sopravvenienza di figli, le donazioni rimuneratorie e quelle fatte in riguardo di un determinato matrimonio.
867	Art. 806 Inammissibilità della rinunzia preventiva	1. Quali sono le condizioni per cui una rinunzia alla revocazione della donazione non è valida?	Non è valida la rinunzia preventiva alla revocazione della donazione per ingratitudine o per sopravvenienza di figli.
868	Art. 807 Effetti della revocazione	1. Quali sono le conseguenze per il donatario se la donazione viene revocata per ingratitudine o sopravvenienza di figli?	Revocata la donazione per ingratitudine o sopravvenienza di figli, il donatario deve restituire i beni in natura, se essi esistono ancora, e i frutti relativi, a partire dal giorno della domanda (1148; Cod. Proc. Civ. 163). Se il donatario ha alienato i beni, deve restituirne il valore, avuto riguardo al tempo della domanda, e i frutti relativi, a partire dal giorno della domanda stessa.
869	Art. 807 Effetti della revocazione	2. Cosa deve restituire il donatario se ha alienato i beni oggetto della donazione revocata?	Revocata la donazione per ingratitudine o sopravvenienza di figli, il donatario deve restituire i beni in natura, se essi esistono ancora, e i frutti relativi, a partire dal giorno della domanda (1148; Cod. Proc. Civ. 163). Se il donatario ha alienato i beni, deve restituirne il valore, avuto riguardo al tempo della domanda, e i frutti relativi, a partire dal giorno della domanda stessa.
870	Art. 808 Effetti nei riguardi dei terzi	1. Quali sono le condizioni in cui la revocazione per ingratitudine o per sopravvenienza di figli non pregiudica i diritti dei terzi?	La revocazione per ingratitudine o per sopravvenienza di figli non pregiudica i terzi che hanno acquistato diritti anteriormente alla domanda, salvi gli effetti della trascrizione di questa (2652, n. 1). Il donatario, che prima della trascrizione della domanda di revocazione ha costituito sui beni donati diritti reali (959, 981, 1021 e seguenti) che ne diminuiscono il valore, deve indennizzare il donante della diminuzione di valore sofferta dai beni stessi.
871	Art. 808 Effetti nei riguardi dei terzi	2. Cosa deve fare il donatario se ha costituito diritti reali sui beni donati prima della trascrizione della domanda di revocazione?	La revocazione per ingratitudine o per sopravvenienza di figli non pregiudica i terzi che hanno acquistato diritti anteriormente alla domanda, salvi gli effetti della trascrizione di questa (2652, n. 1). Il donatario, che prima della trascrizione della domanda di revocazione ha costituito sui beni donati diritti reali (959, 981, 1021 e seguenti) che ne diminuiscono il valore, deve indennizzare il donante della diminuzione di valore sofferta dai beni stessi.
872	Art. 809 Norme sulle donazioni applicabili ad altri atti di liberalità	1. Quali sono le norme che regolano la revocazione delle donazioni per causa d’ingratitudine e per sopravvenienza di figli?	Le liberalità, anche se risultano da atti diversi da quelli previsti dall’art. 769, sono soggette alle stesse norme che regolano la revocazione delle donazioni per causa d’ingratitudine e per sopravvenienza di figli (800 e seguenti), nonché a quelle sulla riduzione delle donazioni per integrare la quota dovuta ai legittimari (553 e seguenti). Questa disposizione non si applica alle liberalità previste dal secondo comma dell’art. 770 e a quelle che a norma dell’art. 742 non sono soggette a collazione.
873	Art. 809 Norme sulle donazioni applicabili ad altri atti di liberalità	2. A quali liberalità non si applica la disposizione relativa alla revocazione e riduzione delle donazioni?	Le liberalità, anche se risultano da atti diversi da quelli previsti dall’art. 769, sono soggette alle stesse norme che regolano la revocazione delle donazioni per causa d’ingratitudine e per sopravvenienza di figli (800 e seguenti), nonché a quelle sulla riduzione delle donazioni per integrare la quota dovuta ai legittimari (553 e seguenti). Questa disposizione non si applica alle liberalità previste dal secondo comma dell’art. 770 e a quelle che a norma dell’art. 742 non sono soggette a collazione.
