	Articolo di riferimento	Query	Passage
0	Art. 2643 Atti soggetti a trascrizione	1. Quali tipi di contratti devono essere trascritti quando trasferiscono la proprietà di beni immobili?	Si devono rendere pubblici col mezzo della trascrizione: 1) i contratti che trasferiscono la proprietà di beni immobili; 2) i contratti che costituiscono, trasferiscono o modificano il diritto di usufrutto (978 e seguenti) su beni immobili, il diritto di superficie (952 e seguenti), i diritti del concedente e dell’enfiteuta (957 e seguenti); 2-bis) i contratti che trasferiscono, costituiscono o modificano i diritti edificatori comunque denominati, previsti da normative statali o regionali, ovvero da strumenti di pianificazione territoriale; 3) i contratti che costituiscono la comunione (1100 e seguenti) dei diritti menzionati nei numeri precedenti; 4) i contratti che costituiscono o modificano servitù prediali (1027 e seguenti), il diritto di uso sopra beni immobili, il diritto di abitazione (1021 e seguenti); 5) gli atti tra vivi di rinunzia ai diritti menzionati nei numeri precedenti; 6) i provvedimenti con i quali nell’esecuzione forzata si trasferiscono la proprietà di beni immobili o altri diritti reali immobiliari (Cod. Proc. Civ. 574, 586, 590), eccettuato il caso di vendita seguita nel processo di liberazione degli immobili dalle ipoteche a favore del terzo acquirente; 7) gli atti e le sentenze di affrancazione del fondo enfiteutico; 8) i contratti di locazione (1571 e seguenti) dei beni immobili che hanno durata superiore a nove anni ; 9) gli atti e le sentenze da cui risulta liberazione o cessione di pigioni o di fitti non ancora scaduti, per un termine maggiore di tre anni; 10) i contratti di società (2247 e seguenti) e di associazione (14 e seguenti, 2549 e seguenti) con i quali si conferisce il godimento di beni immobili o di altri diritti reali immobiliari, quando la durata della società o dell’associazione eccede i nove anni o è indeterminata (att. 231); 11) gli atti di costituzione dei consorzi (862 e seguenti; 2602 e seguenti) che hanno l’effetto indicato dal numero precedente (att. 231); 12) i contratti di anticresi (1960 ss; att. 231); 13) le transazioni (1965 e seguenti) che hanno per oggetto controversie sui diritti menzionati nei numeri precedenti; 14) le sentenze che operano la costituzione, il trasferimento o la modificazione di uno dei diritti menzionati nei numeri precedenti.
1	Art. 2643 Atti soggetti a trascrizione	2. In quali casi i contratti di locazione di beni immobili devono essere resi pubblici tramite trascrizione?	Si devono rendere pubblici col mezzo della trascrizione: 1) i contratti che trasferiscono la proprietà di beni immobili; 2) i contratti che costituiscono, trasferiscono o modificano il diritto di usufrutto (978 e seguenti) su beni immobili, il diritto di superficie (952 e seguenti), i diritti del concedente e dell’enfiteuta (957 e seguenti); 2-bis) i contratti che trasferiscono, costituiscono o modificano i diritti edificatori comunque denominati, previsti da normative statali o regionali, ovvero da strumenti di pianificazione territoriale; 3) i contratti che costituiscono la comunione (1100 e seguenti) dei diritti menzionati nei numeri precedenti; 4) i contratti che costituiscono o modificano servitù prediali (1027 e seguenti), il diritto di uso sopra beni immobili, il diritto di abitazione (1021 e seguenti); 5) gli atti tra vivi di rinunzia ai diritti menzionati nei numeri precedenti; 6) i provvedimenti con i quali nell’esecuzione forzata si trasferiscono la proprietà di beni immobili o altri diritti reali immobiliari (Cod. Proc. Civ. 574, 586, 590), eccettuato il caso di vendita seguita nel processo di liberazione degli immobili dalle ipoteche a favore del terzo acquirente; 7) gli atti e le sentenze di affrancazione del fondo enfiteutico; 8) i contratti di locazione (1571 e seguenti) dei beni immobili che hanno durata superiore a nove anni ; 9) gli atti e le sentenze da cui risulta liberazione o cessione di pigioni o di fitti non ancora scaduti, per un termine maggiore di tre anni; 10) i contratti di società (2247 e seguenti) e di associazione (14 e seguenti, 2549 e seguenti) con i quali si conferisce il godimento di beni immobili o di altri diritti reali immobiliari, quando la durata della società o dell’associazione eccede i nove anni o è indeterminata (att. 231); 11) gli atti di costituzione dei consorzi (862 e seguenti; 2602 e seguenti) che hanno l’effetto indicato dal numero precedente (att. 231); 12) i contratti di anticresi (1960 ss; att. 231); 13) le transazioni (1965 e seguenti) che hanno per oggetto controversie sui diritti menzionati nei numeri precedenti; 14) le sentenze che operano la costituzione, il trasferimento o la modificazione di uno dei diritti menzionati nei numeri precedenti.
2	Art. 2643 Atti soggetti a trascrizione	3. Quali atti e sentenze devono essere trascritti quando riguardano la liberazione o cessione di pigioni o fitti non ancora scaduti per un termine maggiore di tre anni?	Si devono rendere pubblici col mezzo della trascrizione: 1) i contratti che trasferiscono la proprietà di beni immobili; 2) i contratti che costituiscono, trasferiscono o modificano il diritto di usufrutto (978 e seguenti) su beni immobili, il diritto di superficie (952 e seguenti), i diritti del concedente e dell’enfiteuta (957 e seguenti); 2-bis) i contratti che trasferiscono, costituiscono o modificano i diritti edificatori comunque denominati, previsti da normative statali o regionali, ovvero da strumenti di pianificazione territoriale; 3) i contratti che costituiscono la comunione (1100 e seguenti) dei diritti menzionati nei numeri precedenti; 4) i contratti che costituiscono o modificano servitù prediali (1027 e seguenti), il diritto di uso sopra beni immobili, il diritto di abitazione (1021 e seguenti); 5) gli atti tra vivi di rinunzia ai diritti menzionati nei numeri precedenti; 6) i provvedimenti con i quali nell’esecuzione forzata si trasferiscono la proprietà di beni immobili o altri diritti reali immobiliari (Cod. Proc. Civ. 574, 586, 590), eccettuato il caso di vendita seguita nel processo di liberazione degli immobili dalle ipoteche a favore del terzo acquirente; 7) gli atti e le sentenze di affrancazione del fondo enfiteutico; 8) i contratti di locazione (1571 e seguenti) dei beni immobili che hanno durata superiore a nove anni ; 9) gli atti e le sentenze da cui risulta liberazione o cessione di pigioni o di fitti non ancora scaduti, per un termine maggiore di tre anni; 10) i contratti di società (2247 e seguenti) e di associazione (14 e seguenti, 2549 e seguenti) con i quali si conferisce il godimento di beni immobili o di altri diritti reali immobiliari, quando la durata della società o dell’associazione eccede i nove anni o è indeterminata (att. 231); 11) gli atti di costituzione dei consorzi (862 e seguenti; 2602 e seguenti) che hanno l’effetto indicato dal numero precedente (att. 231); 12) i contratti di anticresi (1960 ss; att. 231); 13) le transazioni (1965 e seguenti) che hanno per oggetto controversie sui diritti menzionati nei numeri precedenti; 14) le sentenze che operano la costituzione, il trasferimento o la modificazione di uno dei diritti menzionati nei numeri precedenti.
3	Art. 2644 Effetti della trascrizione	1. Quali sono le conseguenze per i terzi che hanno acquistato diritti sugli immobili in base a un atto trascritto o iscritto anteriormente alla trascrizione degli atti enunciati?	Gli atti enunciati nell’articolo precedente non hanno effetto riguardo ai terzi che a qualunque titolo hanno acquistato diritti sugli immobili in base a un atto trascritto o iscritto anteriormente alla trascrizione degli atti medesimi. Eseguita la trascrizione, non può avere effetto contro colui che ha trascritto alcuna trascrizione o iscrizione di diritti acquistati verso il suo autore, quantunque l’acquisto risalga a data anteriore (att. 225).
4	Art. 2644 Effetti della trascrizione	2. Cosa accade se un diritto viene trascritto o iscritto dopo che un altro soggetto ha già effettuato la trascrizione di un atto riguardante lo stesso immobile?	Gli atti enunciati nell’articolo precedente non hanno effetto riguardo ai terzi che a qualunque titolo hanno acquistato diritti sugli immobili in base a un atto trascritto o iscritto anteriormente alla trascrizione degli atti medesimi. Eseguita la trascrizione, non può avere effetto contro colui che ha trascritto alcuna trascrizione o iscrizione di diritti acquistati verso il suo autore, quantunque l’acquisto risalga a data anteriore (att. 225).
5	Art. 2645 Altri atti soggetti a trascrizione	1. Quali atti o provvedimenti devono essere resi pubblici in relazione a beni immobili o diritti immobiliari secondo il testo?	Deve del pari rendersi pubblico, agli effetti previsti dall’articolo precedente, ogni altro atto o provvedimento che produce in relazione a beni immobili o a diritti immobiliari taluno degli effetti dei contratti menzionati nell’art. 2643, salvo che dalla legge risulti che la trascrizione non è richiesta o è richiesta a effetti diversi (Cod. Proc. Civ. 555).
6	Art. 2645 Altri atti soggetti a trascrizione	2. In quali casi la legge prevede che la trascrizione non è richiesta o è richiesta a effetti diversi rispetto a quanto menzionato nell'articolo?	Deve del pari rendersi pubblico, agli effetti previsti dall’articolo precedente, ogni altro atto o provvedimento che produce in relazione a beni immobili o a diritti immobiliari taluno degli effetti dei contratti menzionati nell’art. 2643, salvo che dalla legge risulti che la trascrizione non è richiesta o è richiesta a effetti diversi (Cod. Proc. Civ. 555).
7	Art. 2645-bis Trascrizione di contratti preliminari	1. Quali sono i requisiti per la trascrizione dei contratti preliminari relativi agli edifici da costruire o in corso di costruzione?	1. I contratti preliminari aventi ad oggetto la trascrizione dei contratti di cui ai numeri 1), 2), 3) e 4) dell’articolo 2643, anche se sottoposti a condizione o relativi ad edifici da costruire o in corso di costruzione, devono essere trascritti se risultano da atto pubblico o da scrittura privata con sottoscrizione autenticata o accertata giudizialmente. 2. La trascrizione del contratto definitivo o di altro atto che costituisca comunque esecuzione dei contratti preliminari di cui al comma 1, ovvero della sentenza che accoglie la domanda diretta ad ottenere l’esecuzione in forma specifica dei contratti preliminari predetti, prevale sulle trascrizioni ed iscrizioni eseguite contro il promittente alienante dopo la trascrizione del contratto preliminare. 3. Gli effetti della trascrizione del contratto preliminare cessano e si considerano come mai prodotti se entro un anno dalla data convenuta tra le parti per la conclusione del contratto definitivo, e in ogni caso entro tre anni dalla trascrizione predetta, non sia eseguita la trascrizione del contratto definitivo o di altro atto che costituisca comunque esecuzione del contratto preliminare o della domanda giudiziale di cui all’articolo 2652, primo comma, numero 2). 4. I contratti preliminari aventi ad oggetto porzioni di edifici da costruire o in corso di costruzione devono indicare, per essere trascritti, la superficie utile della porzione di edificio e la quota del diritto spettante al promissario acquirente relativa all’intero costruendo edificio espressa in millesimi. Nel caso previsto dal comma 4 la trascrizione è eseguita con riferimento al bene immobile per la quota determinata secondo le modalità di cui al comma stesso. Non appena l’edificio viene ad esistenza gli effetti della trascrizione si producono rispetto alle porzioni materiali corrispondenti alle quote di proprietà nonchè alle relative parti comuni. L’eventuale differenza di superficie o di quota contenuta nei limiti di un ventesimo rispetto a quelle indicate nel contratto preliminare non produce effetti. 5. Ai fini delle disposizioni di cui al comma 5, si intende esistente l’edificio nel quale sia stato eseguito il rustico, comprensivo delle mura perimetrali delle singole unità, e sia stata completata la copertura.
8	Art. 2645-bis Trascrizione di contratti preliminari	2. Cosa prevale sulle trascrizioni ed iscrizioni eseguite contro il promittente alienante dopo la trascrizione del contratto preliminare?	1. I contratti preliminari aventi ad oggetto la trascrizione dei contratti di cui ai numeri 1), 2), 3) e 4) dell’articolo 2643, anche se sottoposti a condizione o relativi ad edifici da costruire o in corso di costruzione, devono essere trascritti se risultano da atto pubblico o da scrittura privata con sottoscrizione autenticata o accertata giudizialmente. 2. La trascrizione del contratto definitivo o di altro atto che costituisca comunque esecuzione dei contratti preliminari di cui al comma 1, ovvero della sentenza che accoglie la domanda diretta ad ottenere l’esecuzione in forma specifica dei contratti preliminari predetti, prevale sulle trascrizioni ed iscrizioni eseguite contro il promittente alienante dopo la trascrizione del contratto preliminare. 3. Gli effetti della trascrizione del contratto preliminare cessano e si considerano come mai prodotti se entro un anno dalla data convenuta tra le parti per la conclusione del contratto definitivo, e in ogni caso entro tre anni dalla trascrizione predetta, non sia eseguita la trascrizione del contratto definitivo o di altro atto che costituisca comunque esecuzione del contratto preliminare o della domanda giudiziale di cui all’articolo 2652, primo comma, numero 2). 4. I contratti preliminari aventi ad oggetto porzioni di edifici da costruire o in corso di costruzione devono indicare, per essere trascritti, la superficie utile della porzione di edificio e la quota del diritto spettante al promissario acquirente relativa all’intero costruendo edificio espressa in millesimi. Nel caso previsto dal comma 4 la trascrizione è eseguita con riferimento al bene immobile per la quota determinata secondo le modalità di cui al comma stesso. Non appena l’edificio viene ad esistenza gli effetti della trascrizione si producono rispetto alle porzioni materiali corrispondenti alle quote di proprietà nonchè alle relative parti comuni. L’eventuale differenza di superficie o di quota contenuta nei limiti di un ventesimo rispetto a quelle indicate nel contratto preliminare non produce effetti. 5. Ai fini delle disposizioni di cui al comma 5, si intende esistente l’edificio nel quale sia stato eseguito il rustico, comprensivo delle mura perimetrali delle singole unità, e sia stata completata la copertura.
9	Art. 2645-bis Trascrizione di contratti preliminari	3. Entro quale termine devono essere eseguite la trascrizione del contratto definitivo o di altro atto per evitare che gli effetti della trascrizione del contratto preliminare cessino?	1. I contratti preliminari aventi ad oggetto la trascrizione dei contratti di cui ai numeri 1), 2), 3) e 4) dell’articolo 2643, anche se sottoposti a condizione o relativi ad edifici da costruire o in corso di costruzione, devono essere trascritti se risultano da atto pubblico o da scrittura privata con sottoscrizione autenticata o accertata giudizialmente. 2. La trascrizione del contratto definitivo o di altro atto che costituisca comunque esecuzione dei contratti preliminari di cui al comma 1, ovvero della sentenza che accoglie la domanda diretta ad ottenere l’esecuzione in forma specifica dei contratti preliminari predetti, prevale sulle trascrizioni ed iscrizioni eseguite contro il promittente alienante dopo la trascrizione del contratto preliminare. 3. Gli effetti della trascrizione del contratto preliminare cessano e si considerano come mai prodotti se entro un anno dalla data convenuta tra le parti per la conclusione del contratto definitivo, e in ogni caso entro tre anni dalla trascrizione predetta, non sia eseguita la trascrizione del contratto definitivo o di altro atto che costituisca comunque esecuzione del contratto preliminare o della domanda giudiziale di cui all’articolo 2652, primo comma, numero 2). 4. I contratti preliminari aventi ad oggetto porzioni di edifici da costruire o in corso di costruzione devono indicare, per essere trascritti, la superficie utile della porzione di edificio e la quota del diritto spettante al promissario acquirente relativa all’intero costruendo edificio espressa in millesimi. Nel caso previsto dal comma 4 la trascrizione è eseguita con riferimento al bene immobile per la quota determinata secondo le modalità di cui al comma stesso. Non appena l’edificio viene ad esistenza gli effetti della trascrizione si producono rispetto alle porzioni materiali corrispondenti alle quote di proprietà nonchè alle relative parti comuni. L’eventuale differenza di superficie o di quota contenuta nei limiti di un ventesimo rispetto a quelle indicate nel contratto preliminare non produce effetti. 5. Ai fini delle disposizioni di cui al comma 5, si intende esistente l’edificio nel quale sia stato eseguito il rustico, comprensivo delle mura perimetrali delle singole unità, e sia stata completata la copertura.
10	Art. 2645-bis Trascrizione di contratti preliminari	4. Quali informazioni devono essere indicate nei contratti preliminari aventi ad oggetto porzioni di edifici da costruire per essere trascritti?	1. I contratti preliminari aventi ad oggetto la trascrizione dei contratti di cui ai numeri 1), 2), 3) e 4) dell’articolo 2643, anche se sottoposti a condizione o relativi ad edifici da costruire o in corso di costruzione, devono essere trascritti se risultano da atto pubblico o da scrittura privata con sottoscrizione autenticata o accertata giudizialmente. 2. La trascrizione del contratto definitivo o di altro atto che costituisca comunque esecuzione dei contratti preliminari di cui al comma 1, ovvero della sentenza che accoglie la domanda diretta ad ottenere l’esecuzione in forma specifica dei contratti preliminari predetti, prevale sulle trascrizioni ed iscrizioni eseguite contro il promittente alienante dopo la trascrizione del contratto preliminare. 3. Gli effetti della trascrizione del contratto preliminare cessano e si considerano come mai prodotti se entro un anno dalla data convenuta tra le parti per la conclusione del contratto definitivo, e in ogni caso entro tre anni dalla trascrizione predetta, non sia eseguita la trascrizione del contratto definitivo o di altro atto che costituisca comunque esecuzione del contratto preliminare o della domanda giudiziale di cui all’articolo 2652, primo comma, numero 2). 4. I contratti preliminari aventi ad oggetto porzioni di edifici da costruire o in corso di costruzione devono indicare, per essere trascritti, la superficie utile della porzione di edificio e la quota del diritto spettante al promissario acquirente relativa all’intero costruendo edificio espressa in millesimi. Nel caso previsto dal comma 4 la trascrizione è eseguita con riferimento al bene immobile per la quota determinata secondo le modalità di cui al comma stesso. Non appena l’edificio viene ad esistenza gli effetti della trascrizione si producono rispetto alle porzioni materiali corrispondenti alle quote di proprietà nonchè alle relative parti comuni. L’eventuale differenza di superficie o di quota contenuta nei limiti di un ventesimo rispetto a quelle indicate nel contratto preliminare non produce effetti. 5. Ai fini delle disposizioni di cui al comma 5, si intende esistente l’edificio nel quale sia stato eseguito il rustico, comprensivo delle mura perimetrali delle singole unità, e sia stata completata la copertura.
11	Art. 2645-bis Trascrizione di contratti preliminari	5. Come si determina la quota del diritto spettante al promissario acquirente relativa all’intero costruendo edificio?	1. I contratti preliminari aventi ad oggetto la trascrizione dei contratti di cui ai numeri 1), 2), 3) e 4) dell’articolo 2643, anche se sottoposti a condizione o relativi ad edifici da costruire o in corso di costruzione, devono essere trascritti se risultano da atto pubblico o da scrittura privata con sottoscrizione autenticata o accertata giudizialmente. 2. La trascrizione del contratto definitivo o di altro atto che costituisca comunque esecuzione dei contratti preliminari di cui al comma 1, ovvero della sentenza che accoglie la domanda diretta ad ottenere l’esecuzione in forma specifica dei contratti preliminari predetti, prevale sulle trascrizioni ed iscrizioni eseguite contro il promittente alienante dopo la trascrizione del contratto preliminare. 3. Gli effetti della trascrizione del contratto preliminare cessano e si considerano come mai prodotti se entro un anno dalla data convenuta tra le parti per la conclusione del contratto definitivo, e in ogni caso entro tre anni dalla trascrizione predetta, non sia eseguita la trascrizione del contratto definitivo o di altro atto che costituisca comunque esecuzione del contratto preliminare o della domanda giudiziale di cui all’articolo 2652, primo comma, numero 2). 4. I contratti preliminari aventi ad oggetto porzioni di edifici da costruire o in corso di costruzione devono indicare, per essere trascritti, la superficie utile della porzione di edificio e la quota del diritto spettante al promissario acquirente relativa all’intero costruendo edificio espressa in millesimi. Nel caso previsto dal comma 4 la trascrizione è eseguita con riferimento al bene immobile per la quota determinata secondo le modalità di cui al comma stesso. Non appena l’edificio viene ad esistenza gli effetti della trascrizione si producono rispetto alle porzioni materiali corrispondenti alle quote di proprietà nonchè alle relative parti comuni. L’eventuale differenza di superficie o di quota contenuta nei limiti di un ventesimo rispetto a quelle indicate nel contratto preliminare non produce effetti. 5. Ai fini delle disposizioni di cui al comma 5, si intende esistente l’edificio nel quale sia stato eseguito il rustico, comprensivo delle mura perimetrali delle singole unità, e sia stata completata la copertura.
12	Art. 2645-bis Trascrizione di contratti preliminari	6. Quando gli effetti della trascrizione si producono rispetto alle porzioni materiali corrispondenti alle quote di proprietà?	1. I contratti preliminari aventi ad oggetto la trascrizione dei contratti di cui ai numeri 1), 2), 3) e 4) dell’articolo 2643, anche se sottoposti a condizione o relativi ad edifici da costruire o in corso di costruzione, devono essere trascritti se risultano da atto pubblico o da scrittura privata con sottoscrizione autenticata o accertata giudizialmente. 2. La trascrizione del contratto definitivo o di altro atto che costituisca comunque esecuzione dei contratti preliminari di cui al comma 1, ovvero della sentenza che accoglie la domanda diretta ad ottenere l’esecuzione in forma specifica dei contratti preliminari predetti, prevale sulle trascrizioni ed iscrizioni eseguite contro il promittente alienante dopo la trascrizione del contratto preliminare. 3. Gli effetti della trascrizione del contratto preliminare cessano e si considerano come mai prodotti se entro un anno dalla data convenuta tra le parti per la conclusione del contratto definitivo, e in ogni caso entro tre anni dalla trascrizione predetta, non sia eseguita la trascrizione del contratto definitivo o di altro atto che costituisca comunque esecuzione del contratto preliminare o della domanda giudiziale di cui all’articolo 2652, primo comma, numero 2). 4. I contratti preliminari aventi ad oggetto porzioni di edifici da costruire o in corso di costruzione devono indicare, per essere trascritti, la superficie utile della porzione di edificio e la quota del diritto spettante al promissario acquirente relativa all’intero costruendo edificio espressa in millesimi. Nel caso previsto dal comma 4 la trascrizione è eseguita con riferimento al bene immobile per la quota determinata secondo le modalità di cui al comma stesso. Non appena l’edificio viene ad esistenza gli effetti della trascrizione si producono rispetto alle porzioni materiali corrispondenti alle quote di proprietà nonchè alle relative parti comuni. L’eventuale differenza di superficie o di quota contenuta nei limiti di un ventesimo rispetto a quelle indicate nel contratto preliminare non produce effetti. 5. Ai fini delle disposizioni di cui al comma 5, si intende esistente l’edificio nel quale sia stato eseguito il rustico, comprensivo delle mura perimetrali delle singole unità, e sia stata completata la copertura.
13	Art. 2645-bis Trascrizione di contratti preliminari	7. Qual è la tolleranza consentita per la differenza di superficie o di quota rispetto a quelle indicate nel contratto preliminare?	1. I contratti preliminari aventi ad oggetto la trascrizione dei contratti di cui ai numeri 1), 2), 3) e 4) dell’articolo 2643, anche se sottoposti a condizione o relativi ad edifici da costruire o in corso di costruzione, devono essere trascritti se risultano da atto pubblico o da scrittura privata con sottoscrizione autenticata o accertata giudizialmente. 2. La trascrizione del contratto definitivo o di altro atto che costituisca comunque esecuzione dei contratti preliminari di cui al comma 1, ovvero della sentenza che accoglie la domanda diretta ad ottenere l’esecuzione in forma specifica dei contratti preliminari predetti, prevale sulle trascrizioni ed iscrizioni eseguite contro il promittente alienante dopo la trascrizione del contratto preliminare. 3. Gli effetti della trascrizione del contratto preliminare cessano e si considerano come mai prodotti se entro un anno dalla data convenuta tra le parti per la conclusione del contratto definitivo, e in ogni caso entro tre anni dalla trascrizione predetta, non sia eseguita la trascrizione del contratto definitivo o di altro atto che costituisca comunque esecuzione del contratto preliminare o della domanda giudiziale di cui all’articolo 2652, primo comma, numero 2). 4. I contratti preliminari aventi ad oggetto porzioni di edifici da costruire o in corso di costruzione devono indicare, per essere trascritti, la superficie utile della porzione di edificio e la quota del diritto spettante al promissario acquirente relativa all’intero costruendo edificio espressa in millesimi. Nel caso previsto dal comma 4 la trascrizione è eseguita con riferimento al bene immobile per la quota determinata secondo le modalità di cui al comma stesso. Non appena l’edificio viene ad esistenza gli effetti della trascrizione si producono rispetto alle porzioni materiali corrispondenti alle quote di proprietà nonchè alle relative parti comuni. L’eventuale differenza di superficie o di quota contenuta nei limiti di un ventesimo rispetto a quelle indicate nel contratto preliminare non produce effetti. 5. Ai fini delle disposizioni di cui al comma 5, si intende esistente l’edificio nel quale sia stato eseguito il rustico, comprensivo delle mura perimetrali delle singole unità, e sia stata completata la copertura.
14	Art. 2645-bis Trascrizione di contratti preliminari	8. Cosa si intende per edificio esistente ai fini delle disposizioni di cui al comma 5?	1. I contratti preliminari aventi ad oggetto la trascrizione dei contratti di cui ai numeri 1), 2), 3) e 4) dell’articolo 2643, anche se sottoposti a condizione o relativi ad edifici da costruire o in corso di costruzione, devono essere trascritti se risultano da atto pubblico o da scrittura privata con sottoscrizione autenticata o accertata giudizialmente. 2. La trascrizione del contratto definitivo o di altro atto che costituisca comunque esecuzione dei contratti preliminari di cui al comma 1, ovvero della sentenza che accoglie la domanda diretta ad ottenere l’esecuzione in forma specifica dei contratti preliminari predetti, prevale sulle trascrizioni ed iscrizioni eseguite contro il promittente alienante dopo la trascrizione del contratto preliminare. 3. Gli effetti della trascrizione del contratto preliminare cessano e si considerano come mai prodotti se entro un anno dalla data convenuta tra le parti per la conclusione del contratto definitivo, e in ogni caso entro tre anni dalla trascrizione predetta, non sia eseguita la trascrizione del contratto definitivo o di altro atto che costituisca comunque esecuzione del contratto preliminare o della domanda giudiziale di cui all’articolo 2652, primo comma, numero 2). 4. I contratti preliminari aventi ad oggetto porzioni di edifici da costruire o in corso di costruzione devono indicare, per essere trascritti, la superficie utile della porzione di edificio e la quota del diritto spettante al promissario acquirente relativa all’intero costruendo edificio espressa in millesimi. Nel caso previsto dal comma 4 la trascrizione è eseguita con riferimento al bene immobile per la quota determinata secondo le modalità di cui al comma stesso. Non appena l’edificio viene ad esistenza gli effetti della trascrizione si producono rispetto alle porzioni materiali corrispondenti alle quote di proprietà nonchè alle relative parti comuni. L’eventuale differenza di superficie o di quota contenuta nei limiti di un ventesimo rispetto a quelle indicate nel contratto preliminare non produce effetti. 5. Ai fini delle disposizioni di cui al comma 5, si intende esistente l’edificio nel quale sia stato eseguito il rustico, comprensivo delle mura perimetrali delle singole unità, e sia stata completata la copertura.
15	Art. 2645-bis Trascrizione di contratti preliminari	9. Quali sono le condizioni per cui un contratto preliminare deve essere trascritto?	1. I contratti preliminari aventi ad oggetto la trascrizione dei contratti di cui ai numeri 1), 2), 3) e 4) dell’articolo 2643, anche se sottoposti a condizione o relativi ad edifici da costruire o in corso di costruzione, devono essere trascritti se risultano da atto pubblico o da scrittura privata con sottoscrizione autenticata o accertata giudizialmente. 2. La trascrizione del contratto definitivo o di altro atto che costituisca comunque esecuzione dei contratti preliminari di cui al comma 1, ovvero della sentenza che accoglie la domanda diretta ad ottenere l’esecuzione in forma specifica dei contratti preliminari predetti, prevale sulle trascrizioni ed iscrizioni eseguite contro il promittente alienante dopo la trascrizione del contratto preliminare. 3. Gli effetti della trascrizione del contratto preliminare cessano e si considerano come mai prodotti se entro un anno dalla data convenuta tra le parti per la conclusione del contratto definitivo, e in ogni caso entro tre anni dalla trascrizione predetta, non sia eseguita la trascrizione del contratto definitivo o di altro atto che costituisca comunque esecuzione del contratto preliminare o della domanda giudiziale di cui all’articolo 2652, primo comma, numero 2). 4. I contratti preliminari aventi ad oggetto porzioni di edifici da costruire o in corso di costruzione devono indicare, per essere trascritti, la superficie utile della porzione di edificio e la quota del diritto spettante al promissario acquirente relativa all’intero costruendo edificio espressa in millesimi. Nel caso previsto dal comma 4 la trascrizione è eseguita con riferimento al bene immobile per la quota determinata secondo le modalità di cui al comma stesso. Non appena l’edificio viene ad esistenza gli effetti della trascrizione si producono rispetto alle porzioni materiali corrispondenti alle quote di proprietà nonchè alle relative parti comuni. L’eventuale differenza di superficie o di quota contenuta nei limiti di un ventesimo rispetto a quelle indicate nel contratto preliminare non produce effetti. 5. Ai fini delle disposizioni di cui al comma 5, si intende esistente l’edificio nel quale sia stato eseguito il rustico, comprensivo delle mura perimetrali delle singole unità, e sia stata completata la copertura.
16	Art. 2645-bis Trascrizione di contratti preliminari	10. Cosa accade se la trascrizione del contratto definitivo non è eseguita entro i termini stabiliti?	1. I contratti preliminari aventi ad oggetto la trascrizione dei contratti di cui ai numeri 1), 2), 3) e 4) dell’articolo 2643, anche se sottoposti a condizione o relativi ad edifici da costruire o in corso di costruzione, devono essere trascritti se risultano da atto pubblico o da scrittura privata con sottoscrizione autenticata o accertata giudizialmente. 2. La trascrizione del contratto definitivo o di altro atto che costituisca comunque esecuzione dei contratti preliminari di cui al comma 1, ovvero della sentenza che accoglie la domanda diretta ad ottenere l’esecuzione in forma specifica dei contratti preliminari predetti, prevale sulle trascrizioni ed iscrizioni eseguite contro il promittente alienante dopo la trascrizione del contratto preliminare. 3. Gli effetti della trascrizione del contratto preliminare cessano e si considerano come mai prodotti se entro un anno dalla data convenuta tra le parti per la conclusione del contratto definitivo, e in ogni caso entro tre anni dalla trascrizione predetta, non sia eseguita la trascrizione del contratto definitivo o di altro atto che costituisca comunque esecuzione del contratto preliminare o della domanda giudiziale di cui all’articolo 2652, primo comma, numero 2). 4. I contratti preliminari aventi ad oggetto porzioni di edifici da costruire o in corso di costruzione devono indicare, per essere trascritti, la superficie utile della porzione di edificio e la quota del diritto spettante al promissario acquirente relativa all’intero costruendo edificio espressa in millesimi. Nel caso previsto dal comma 4 la trascrizione è eseguita con riferimento al bene immobile per la quota determinata secondo le modalità di cui al comma stesso. Non appena l’edificio viene ad esistenza gli effetti della trascrizione si producono rispetto alle porzioni materiali corrispondenti alle quote di proprietà nonchè alle relative parti comuni. L’eventuale differenza di superficie o di quota contenuta nei limiti di un ventesimo rispetto a quelle indicate nel contratto preliminare non produce effetti. 5. Ai fini delle disposizioni di cui al comma 5, si intende esistente l’edificio nel quale sia stato eseguito il rustico, comprensivo delle mura perimetrali delle singole unità, e sia stata completata la copertura.
17	Art. 2645-bis Trascrizione di contratti preliminari	11. Quali sono le conseguenze della trascrizione di una sentenza che accoglie la domanda diretta ad ottenere l’esecuzione in forma specifica dei contratti preliminari?	1. I contratti preliminari aventi ad oggetto la trascrizione dei contratti di cui ai numeri 1), 2), 3) e 4) dell’articolo 2643, anche se sottoposti a condizione o relativi ad edifici da costruire o in corso di costruzione, devono essere trascritti se risultano da atto pubblico o da scrittura privata con sottoscrizione autenticata o accertata giudizialmente. 2. La trascrizione del contratto definitivo o di altro atto che costituisca comunque esecuzione dei contratti preliminari di cui al comma 1, ovvero della sentenza che accoglie la domanda diretta ad ottenere l’esecuzione in forma specifica dei contratti preliminari predetti, prevale sulle trascrizioni ed iscrizioni eseguite contro il promittente alienante dopo la trascrizione del contratto preliminare. 3. Gli effetti della trascrizione del contratto preliminare cessano e si considerano come mai prodotti se entro un anno dalla data convenuta tra le parti per la conclusione del contratto definitivo, e in ogni caso entro tre anni dalla trascrizione predetta, non sia eseguita la trascrizione del contratto definitivo o di altro atto che costituisca comunque esecuzione del contratto preliminare o della domanda giudiziale di cui all’articolo 2652, primo comma, numero 2). 4. I contratti preliminari aventi ad oggetto porzioni di edifici da costruire o in corso di costruzione devono indicare, per essere trascritti, la superficie utile della porzione di edificio e la quota del diritto spettante al promissario acquirente relativa all’intero costruendo edificio espressa in millesimi. Nel caso previsto dal comma 4 la trascrizione è eseguita con riferimento al bene immobile per la quota determinata secondo le modalità di cui al comma stesso. Non appena l’edificio viene ad esistenza gli effetti della trascrizione si producono rispetto alle porzioni materiali corrispondenti alle quote di proprietà nonchè alle relative parti comuni. L’eventuale differenza di superficie o di quota contenuta nei limiti di un ventesimo rispetto a quelle indicate nel contratto preliminare non produce effetti. 5. Ai fini delle disposizioni di cui al comma 5, si intende esistente l’edificio nel quale sia stato eseguito il rustico, comprensivo delle mura perimetrali delle singole unità, e sia stata completata la copertura.
18	Art. 2645-bis Trascrizione di contratti preliminari	12. In che modo la trascrizione è eseguita con riferimento al bene immobile nel caso di edifici da costruire?	1. I contratti preliminari aventi ad oggetto la trascrizione dei contratti di cui ai numeri 1), 2), 3) e 4) dell’articolo 2643, anche se sottoposti a condizione o relativi ad edifici da costruire o in corso di costruzione, devono essere trascritti se risultano da atto pubblico o da scrittura privata con sottoscrizione autenticata o accertata giudizialmente. 2. La trascrizione del contratto definitivo o di altro atto che costituisca comunque esecuzione dei contratti preliminari di cui al comma 1, ovvero della sentenza che accoglie la domanda diretta ad ottenere l’esecuzione in forma specifica dei contratti preliminari predetti, prevale sulle trascrizioni ed iscrizioni eseguite contro il promittente alienante dopo la trascrizione del contratto preliminare. 3. Gli effetti della trascrizione del contratto preliminare cessano e si considerano come mai prodotti se entro un anno dalla data convenuta tra le parti per la conclusione del contratto definitivo, e in ogni caso entro tre anni dalla trascrizione predetta, non sia eseguita la trascrizione del contratto definitivo o di altro atto che costituisca comunque esecuzione del contratto preliminare o della domanda giudiziale di cui all’articolo 2652, primo comma, numero 2). 4. I contratti preliminari aventi ad oggetto porzioni di edifici da costruire o in corso di costruzione devono indicare, per essere trascritti, la superficie utile della porzione di edificio e la quota del diritto spettante al promissario acquirente relativa all’intero costruendo edificio espressa in millesimi. Nel caso previsto dal comma 4 la trascrizione è eseguita con riferimento al bene immobile per la quota determinata secondo le modalità di cui al comma stesso. Non appena l’edificio viene ad esistenza gli effetti della trascrizione si producono rispetto alle porzioni materiali corrispondenti alle quote di proprietà nonchè alle relative parti comuni. L’eventuale differenza di superficie o di quota contenuta nei limiti di un ventesimo rispetto a quelle indicate nel contratto preliminare non produce effetti. 5. Ai fini delle disposizioni di cui al comma 5, si intende esistente l’edificio nel quale sia stato eseguito il rustico, comprensivo delle mura perimetrali delle singole unità, e sia stata completata la copertura.
19	Art. 2645-bis Trascrizione di contratti preliminari	13. Quali elementi devono essere completati affinché un edificio sia considerato esistente secondo il comma 5?	1. I contratti preliminari aventi ad oggetto la trascrizione dei contratti di cui ai numeri 1), 2), 3) e 4) dell’articolo 2643, anche se sottoposti a condizione o relativi ad edifici da costruire o in corso di costruzione, devono essere trascritti se risultano da atto pubblico o da scrittura privata con sottoscrizione autenticata o accertata giudizialmente. 2. La trascrizione del contratto definitivo o di altro atto che costituisca comunque esecuzione dei contratti preliminari di cui al comma 1, ovvero della sentenza che accoglie la domanda diretta ad ottenere l’esecuzione in forma specifica dei contratti preliminari predetti, prevale sulle trascrizioni ed iscrizioni eseguite contro il promittente alienante dopo la trascrizione del contratto preliminare. 3. Gli effetti della trascrizione del contratto preliminare cessano e si considerano come mai prodotti se entro un anno dalla data convenuta tra le parti per la conclusione del contratto definitivo, e in ogni caso entro tre anni dalla trascrizione predetta, non sia eseguita la trascrizione del contratto definitivo o di altro atto che costituisca comunque esecuzione del contratto preliminare o della domanda giudiziale di cui all’articolo 2652, primo comma, numero 2). 4. I contratti preliminari aventi ad oggetto porzioni di edifici da costruire o in corso di costruzione devono indicare, per essere trascritti, la superficie utile della porzione di edificio e la quota del diritto spettante al promissario acquirente relativa all’intero costruendo edificio espressa in millesimi. Nel caso previsto dal comma 4 la trascrizione è eseguita con riferimento al bene immobile per la quota determinata secondo le modalità di cui al comma stesso. Non appena l’edificio viene ad esistenza gli effetti della trascrizione si producono rispetto alle porzioni materiali corrispondenti alle quote di proprietà nonchè alle relative parti comuni. L’eventuale differenza di superficie o di quota contenuta nei limiti di un ventesimo rispetto a quelle indicate nel contratto preliminare non produce effetti. 5. Ai fini delle disposizioni di cui al comma 5, si intende esistente l’edificio nel quale sia stato eseguito il rustico, comprensivo delle mura perimetrali delle singole unità, e sia stata completata la copertura.
20	Art. 2645-ter Trascrizione di atti di destinazione per la realizzazione di interessi meritevoli di tutela riferibili a persone con disabilità, a pubbliche amministrazioni, o ad altri enti o persone fisiche	1. Quali sono i soggetti a cui possono essere destinati i beni immobili o mobili iscritti in pubblici registri secondo l'articolo 1322, secondo comma?	Gli atti in forma pubblica in cui beni immobili o beni mobili iscritti in pubblici registri sono destinati, per un periodo non superiore a novanta anni o per la durata della vita della persona fisica beneficiaria, alla realizzazione di interessi meritevoli di tutela riferibili a persone con disabilità, a pubbliche amministrazioni, o ad altri enti o persone fisiche ai sensi dell’articolo 1322, secondo comma, possono essere trascritti al fine di rendere opponibile ai terzi il vincolo di destinazione; per la realizzazione di tali interessi può agire, oltre al conferente, qualsiasi interessato anche durante la vita del conferente stesso. I beni conferiti e i loro frutti possono essere impiegati solo per la realizzazione del fine di destinazione e possono costituire oggetto di esecuzione, salvo quanto previsto dall’articolo 2915, primo comma, solo per debiti contratti per tale scopo.
21	Art. 2645-ter Trascrizione di atti di destinazione per la realizzazione di interessi meritevoli di tutela riferibili a persone con disabilità, a pubbliche amministrazioni, o ad altri enti o persone fisiche	2. Per quale durata massima possono essere destinati i beni immobili o mobili iscritti in pubblici registri per la realizzazione di interessi meritevoli di tutela?	Gli atti in forma pubblica in cui beni immobili o beni mobili iscritti in pubblici registri sono destinati, per un periodo non superiore a novanta anni o per la durata della vita della persona fisica beneficiaria, alla realizzazione di interessi meritevoli di tutela riferibili a persone con disabilità, a pubbliche amministrazioni, o ad altri enti o persone fisiche ai sensi dell’articolo 1322, secondo comma, possono essere trascritti al fine di rendere opponibile ai terzi il vincolo di destinazione; per la realizzazione di tali interessi può agire, oltre al conferente, qualsiasi interessato anche durante la vita del conferente stesso. I beni conferiti e i loro frutti possono essere impiegati solo per la realizzazione del fine di destinazione e possono costituire oggetto di esecuzione, salvo quanto previsto dall’articolo 2915, primo comma, solo per debiti contratti per tale scopo.
22	Art. 2645-ter Trascrizione di atti di destinazione per la realizzazione di interessi meritevoli di tutela riferibili a persone con disabilità, a pubbliche amministrazioni, o ad altri enti o persone fisiche	3. Chi può agire per la realizzazione degli interessi meritevoli di tutela durante la vita del conferente?	Gli atti in forma pubblica in cui beni immobili o beni mobili iscritti in pubblici registri sono destinati, per un periodo non superiore a novanta anni o per la durata della vita della persona fisica beneficiaria, alla realizzazione di interessi meritevoli di tutela riferibili a persone con disabilità, a pubbliche amministrazioni, o ad altri enti o persone fisiche ai sensi dell’articolo 1322, secondo comma, possono essere trascritti al fine di rendere opponibile ai terzi il vincolo di destinazione; per la realizzazione di tali interessi può agire, oltre al conferente, qualsiasi interessato anche durante la vita del conferente stesso. I beni conferiti e i loro frutti possono essere impiegati solo per la realizzazione del fine di destinazione e possono costituire oggetto di esecuzione, salvo quanto previsto dall’articolo 2915, primo comma, solo per debiti contratti per tale scopo.
23	Art. 2646 Trascrizione delle divisioni	1. Quali tipi di divisioni devono essere trascritte secondo il Codice di Procedura Civile?	Si devono trascrivere le divisioni (713, 1111 e seguenti) che hanno per oggetto beni immobili, come pure i provvedimenti di aggiudicazione degli immobili divisi mediante incanto, i provvedimenti di attribuzione delle quote tra condividenti e i verbali di estrazione a sorte delle quote (Cod. Proc. Civ. 788 e seguenti). Si devono pure trascrivere la domanda di divisione giudiziale (Cod. Proc. Civ. 784) e l’atto di opposizione indicato dall’art. 1113, per gli effetti ivi enunciati (art. 224).
24	Art. 2646 Trascrizione delle divisioni	2. Quali atti devono essere trascritti per gli effetti enunciati dall'articolo 224 del Codice di Procedura Civile?	Si devono trascrivere le divisioni (713, 1111 e seguenti) che hanno per oggetto beni immobili, come pure i provvedimenti di aggiudicazione degli immobili divisi mediante incanto, i provvedimenti di attribuzione delle quote tra condividenti e i verbali di estrazione a sorte delle quote (Cod. Proc. Civ. 788 e seguenti). Si devono pure trascrivere la domanda di divisione giudiziale (Cod. Proc. Civ. 784) e l’atto di opposizione indicato dall’art. 1113, per gli effetti ivi enunciati (art. 224).
25	Art. 2647 Costituzione del fondo patrimoniale e separazione di beni	1. Quali atti devono essere trascritti se riguardano beni immobili in relazione al fondo patrimoniale e alle convenzioni matrimoniali?	Devono essere trascritti, se hanno per oggetto beni immobili, la costituzione del fondo patrimoniale, le convenzioni matrimoniali che escludono i beni medesimi dalla comunione tra i coniugi, gli atti e i provvedimenti di scioglimento della comunione, gli atti di acquisto di beni personali a norma delle lett. c), d), e) ed f) dell’art. 179, a carico, rispettivamente, dei coniugi titolari del fondo patrimoniale o del coniuge titolare del bene escluso o che cessa di far parte della comunione. Le trascrizioni previste dal precedente comma devono essere eseguite anche relativamente ai beni immobili che successivamente entrano a far parte del patrimonio familiare o risultano esclusi dalla comunione tra i coniugi. La trascrizione del vincolo derivante dal fondo patrimoniale costituito per testamento deve essere eseguita d’ufficio dal conservatore contemporaneamente alla trascrizione dell’acquisto a causa di morte.
26	Art. 2647 Costituzione del fondo patrimoniale e separazione di beni	2. In quali circostanze la trascrizione deve essere eseguita anche per beni immobili che entrano o escono dal patrimonio familiare?	Devono essere trascritti, se hanno per oggetto beni immobili, la costituzione del fondo patrimoniale, le convenzioni matrimoniali che escludono i beni medesimi dalla comunione tra i coniugi, gli atti e i provvedimenti di scioglimento della comunione, gli atti di acquisto di beni personali a norma delle lett. c), d), e) ed f) dell’art. 179, a carico, rispettivamente, dei coniugi titolari del fondo patrimoniale o del coniuge titolare del bene escluso o che cessa di far parte della comunione. Le trascrizioni previste dal precedente comma devono essere eseguite anche relativamente ai beni immobili che successivamente entrano a far parte del patrimonio familiare o risultano esclusi dalla comunione tra i coniugi. La trascrizione del vincolo derivante dal fondo patrimoniale costituito per testamento deve essere eseguita d’ufficio dal conservatore contemporaneamente alla trascrizione dell’acquisto a causa di morte.
27	Art. 2647 Costituzione del fondo patrimoniale e separazione di beni	3. Chi è responsabile della trascrizione del vincolo derivante dal fondo patrimoniale costituito per testamento?	Devono essere trascritti, se hanno per oggetto beni immobili, la costituzione del fondo patrimoniale, le convenzioni matrimoniali che escludono i beni medesimi dalla comunione tra i coniugi, gli atti e i provvedimenti di scioglimento della comunione, gli atti di acquisto di beni personali a norma delle lett. c), d), e) ed f) dell’art. 179, a carico, rispettivamente, dei coniugi titolari del fondo patrimoniale o del coniuge titolare del bene escluso o che cessa di far parte della comunione. Le trascrizioni previste dal precedente comma devono essere eseguite anche relativamente ai beni immobili che successivamente entrano a far parte del patrimonio familiare o risultano esclusi dalla comunione tra i coniugi. La trascrizione del vincolo derivante dal fondo patrimoniale costituito per testamento deve essere eseguita d’ufficio dal conservatore contemporaneamente alla trascrizione dell’acquisto a causa di morte.
28	Art. 2648 Accettazione di eredità e acquisto di legato	1. Quali sono i documenti richiesti per la trascrizione dell'accettazione dell'eredità?	Si devono trascrivere l’accettazione della eredità (470 e seguenti) che importi acquisto dei diritti enunciati nei nn. 1, 2 e 4 dell’art. 2643 o liberazione dai medesimi e l’acquisto del legato che abbia lo stesso oggetto. La trascrizione dell’accettazione dell’eredità si opera in base alla dichiarazione del chiamato all’eredità, contenuta in un atto pubblico ovvero in una scrittura privata con sottoscrizione autenticata o accertata giudizialmente (Cod. Proc. Civ. 220). Se il chiamato ha compiuto uno degli atti che importano accettazione tacita dell’eredità (476 e seguenti), si può richiedere la trascrizione sulla base di quell’atto, qualora esso risulti da sentenza, da atto pubblico o da scrittura privata con sottoscrizione autenticata o accertata giudizialmente (Cod. Proc. Civ. 220). La trascrizione dell’acquisto del legato si opera sulla base di un estratto autentico del testamento (att. 225, 228).
29	Art. 2648 Accettazione di eredità e acquisto di legato	2. In quali casi si può richiedere la trascrizione dell'accettazione tacita dell'eredità?	Si devono trascrivere l’accettazione della eredità (470 e seguenti) che importi acquisto dei diritti enunciati nei nn. 1, 2 e 4 dell’art. 2643 o liberazione dai medesimi e l’acquisto del legato che abbia lo stesso oggetto. La trascrizione dell’accettazione dell’eredità si opera in base alla dichiarazione del chiamato all’eredità, contenuta in un atto pubblico ovvero in una scrittura privata con sottoscrizione autenticata o accertata giudizialmente (Cod. Proc. Civ. 220). Se il chiamato ha compiuto uno degli atti che importano accettazione tacita dell’eredità (476 e seguenti), si può richiedere la trascrizione sulla base di quell’atto, qualora esso risulti da sentenza, da atto pubblico o da scrittura privata con sottoscrizione autenticata o accertata giudizialmente (Cod. Proc. Civ. 220). La trascrizione dell’acquisto del legato si opera sulla base di un estratto autentico del testamento (att. 225, 228).
30	Art. 2648 Accettazione di eredità e acquisto di legato	3. Quali articoli del Codice di Procedura Civile sono citati per l'autenticazione della sottoscrizione nella trascrizione dell'eredità?	Si devono trascrivere l’accettazione della eredità (470 e seguenti) che importi acquisto dei diritti enunciati nei nn. 1, 2 e 4 dell’art. 2643 o liberazione dai medesimi e l’acquisto del legato che abbia lo stesso oggetto. La trascrizione dell’accettazione dell’eredità si opera in base alla dichiarazione del chiamato all’eredità, contenuta in un atto pubblico ovvero in una scrittura privata con sottoscrizione autenticata o accertata giudizialmente (Cod. Proc. Civ. 220). Se il chiamato ha compiuto uno degli atti che importano accettazione tacita dell’eredità (476 e seguenti), si può richiedere la trascrizione sulla base di quell’atto, qualora esso risulti da sentenza, da atto pubblico o da scrittura privata con sottoscrizione autenticata o accertata giudizialmente (Cod. Proc. Civ. 220). La trascrizione dell’acquisto del legato si opera sulla base di un estratto autentico del testamento (att. 225, 228).
31	Art. 2648 Accettazione di eredità e acquisto di legato	4. Su quale base si opera la trascrizione dell'acquisto del legato?	Si devono trascrivere l’accettazione della eredità (470 e seguenti) che importi acquisto dei diritti enunciati nei nn. 1, 2 e 4 dell’art. 2643 o liberazione dai medesimi e l’acquisto del legato che abbia lo stesso oggetto. La trascrizione dell’accettazione dell’eredità si opera in base alla dichiarazione del chiamato all’eredità, contenuta in un atto pubblico ovvero in una scrittura privata con sottoscrizione autenticata o accertata giudizialmente (Cod. Proc. Civ. 220). Se il chiamato ha compiuto uno degli atti che importano accettazione tacita dell’eredità (476 e seguenti), si può richiedere la trascrizione sulla base di quell’atto, qualora esso risulti da sentenza, da atto pubblico o da scrittura privata con sottoscrizione autenticata o accertata giudizialmente (Cod. Proc. Civ. 220). La trascrizione dell’acquisto del legato si opera sulla base di un estratto autentico del testamento (att. 225, 228).
32	Art. 2649 Cessione dei beni ai creditori	1. Quali sono le conseguenze della mancata trascrizione della cessione di beni immobili ai creditori?	Deve essere trascritta, qualora comprenda beni immobili, la cessione che il debitore fa dei suoi beni ai creditori, perché questi procedano alla liquidazione dei medesimi e alla ripartizione del ricavato (1977 e seguenti; att. 225, 231). Non hanno effetto, rispetto ai creditori, le trascrizioni o iscrizioni di diritti acquistati verso il debitore, se eseguite dopo che la cessione è stata trascritta.
33	Art. 2649 Cessione dei beni ai creditori	2. In che modo la trascrizione della cessione dei beni immobili influisce sui diritti acquistati verso il debitore?	Deve essere trascritta, qualora comprenda beni immobili, la cessione che il debitore fa dei suoi beni ai creditori, perché questi procedano alla liquidazione dei medesimi e alla ripartizione del ricavato (1977 e seguenti; att. 225, 231). Non hanno effetto, rispetto ai creditori, le trascrizioni o iscrizioni di diritti acquistati verso il debitore, se eseguite dopo che la cessione è stata trascritta.
34	Art. 2649 Cessione dei beni ai creditori	3. Qual è l'effetto delle trascrizioni o iscrizioni di diritti eseguite dopo la trascrizione della cessione dei beni immobili?	Deve essere trascritta, qualora comprenda beni immobili, la cessione che il debitore fa dei suoi beni ai creditori, perché questi procedano alla liquidazione dei medesimi e alla ripartizione del ricavato (1977 e seguenti; att. 225, 231). Non hanno effetto, rispetto ai creditori, le trascrizioni o iscrizioni di diritti acquistati verso il debitore, se eseguite dopo che la cessione è stata trascritta.
35	Art. 2650 Continuità delle trascrizioni	1. Quali sono le conseguenze se un atto di acquisto non viene trascritto?	Nei casi in cui, per le disposizioni precedenti, un atto di acquisto è soggetto a trascrizione, le successive trascrizioni o iscrizioni a carico dell’acquirente non producono effetto, se non è stato trascritto l’atto.anteriore di acquisto. Quando l’atto anteriore di acquisto e stato trascritto, le successive trascrizioni o iscrizioni producono effetto secondo il loro ordine rispettivo, salvo il disposto dell’art. 2644. L’ipoteca legale a favore dell’alienante e quella a favore del condividente, iscritte contemporaneamente alla trascrizione del titolo di acquisto o della divisione, prevalgono sulle trascrizioni q iscrizioni eseguite anteriormente contro l’acquirente o il condividente tenuto a conguaglio (att. 225, 229).
36	Art. 2650 Continuità delle trascrizioni	2. In che modo le trascrizioni o iscrizioni successive producono effetto una volta che l'atto anteriore di acquisto è stato trascritto?	Nei casi in cui, per le disposizioni precedenti, un atto di acquisto è soggetto a trascrizione, le successive trascrizioni o iscrizioni a carico dell’acquirente non producono effetto, se non è stato trascritto l’atto.anteriore di acquisto. Quando l’atto anteriore di acquisto e stato trascritto, le successive trascrizioni o iscrizioni producono effetto secondo il loro ordine rispettivo, salvo il disposto dell’art. 2644. L’ipoteca legale a favore dell’alienante e quella a favore del condividente, iscritte contemporaneamente alla trascrizione del titolo di acquisto o della divisione, prevalgono sulle trascrizioni q iscrizioni eseguite anteriormente contro l’acquirente o il condividente tenuto a conguaglio (att. 225, 229).
37	Art. 2650 Continuità delle trascrizioni	3. Quali ipoteche legali prevalgono sulle trascrizioni o iscrizioni eseguite anteriormente contro l'acquirente o il condividente tenuto a conguaglio?	Nei casi in cui, per le disposizioni precedenti, un atto di acquisto è soggetto a trascrizione, le successive trascrizioni o iscrizioni a carico dell’acquirente non producono effetto, se non è stato trascritto l’atto.anteriore di acquisto. Quando l’atto anteriore di acquisto e stato trascritto, le successive trascrizioni o iscrizioni producono effetto secondo il loro ordine rispettivo, salvo il disposto dell’art. 2644. L’ipoteca legale a favore dell’alienante e quella a favore del condividente, iscritte contemporaneamente alla trascrizione del titolo di acquisto o della divisione, prevalgono sulle trascrizioni q iscrizioni eseguite anteriormente contro l’acquirente o il condividente tenuto a conguaglio (att. 225, 229).
38	Art. 2651 Trascrizione di sentenze	1. Quali sono i diritti indicati dai numeri 1, 2 e 4 dell'articolo 2643 che devono essere trascritti quando estinti per prescrizione o acquistati per usucapione?	Si devono trascrivere le sentenze da cui risulta estinto per prescrizione (2934 e seguenti) o acquistato per usucapione (1158 e seguenti) ovvero in altro modo non soggetto a trascrizione uno dei diritti indicati dai nn. 1, 2 e 4 dell’art. 2643.
39	Art. 2652 Domande riguardanti atti soggetti a trascrizione. Effetti delle relative trascrizioni rispetto ai terzi	1. Quali sono le domande giudiziali che devono essere trascritte ai sensi dell'art. 2643?	Si devono trascrivere, qualora si riferiscano ai diritti menzionati nell’art. 2643, le domande giudiziali (Cod. Proc. Civ. 163) indicate dai numeri seguenti, agli effetti per ciascuna di esse previsti (att. 225 e seguenti): le domande di risoluzione dei contratti e quelle indicate dal secondo comma dell’art. 648 e dall’ultimo comma dell’art. 793, le domande di rescissione (1447 e seguenti), le domande di revocazione delle donazioni (800 e seguenti), nonché quelle indicate dall’art. 524. Le sentenze che accolgono tali domande non pregiudicano i diritti acquistati dai terzi in base a un atto trascritto o iscritto anteriormente alla trascrizione della domanda; le domande dirette a ottenere l’esecuzione in forma specifica dell’obbligo a contrarre. La trascrizione della sentenza che accoglie la domanda prevale sulle trascrizioni e iscrizioni eseguite contro il convenuto dopo la trascrizione della domanda; le domande dirette a ottenere l’accertamento giudiziale (Cod. Proc. Civ. 216 e seguenti) della sottoscrizione di scritture private (2702 e seguenti) in cui si contiene un atto soggetto a trascrizione o a iscrizione. La trascrizione o l’iscrizione dell’atto contenuto nella scrittura produce effetto dalla data in cui e stata trascritta la domanda; le domande dirette all’accertamento della simulazione (1414 e seguenti) di atti soggetti a trascrizione. La sentenza che accoglie la domanda non pregiudica i diritti acquistati dai terzi di buona fede in base a un atto trascritto o iscritto anteriormente alla trascrizione della domanda; le domande di revoca degli atti soggetti a trascrizione, che siano stati compiuti in pregiudizio dei creditori. La sentenza che accoglie la domanda non pregiudica i diritti acquistati a titolo oneroso dai terzi di buona fede in base a un atto trascritto o iscritto anteriormente alla trascrizione della domanda; le domande dirette a far dichiarare la nullità (1418 e seguenti) o a far pronunziare l’annullamento (1425 e seguenti) di atti soggetti a trascrizione e le domande dirette a impugnare la validità della trascrizione. Se la domanda è trascritta dopo cinque anni dalla data della trascrizione dell’atto impugnato, la sentenza che l’accoglie non pregiudica i diritti acquistati a qualunque titolo dai terzi di buona fede in base a un atto trascritto o iscritto anteriormente alla domanda. Se però la domanda è diretta a far pronunziare l’annullamento per una causa diversa dall’incapacità legale, la sentenza che l’accoglie non pregiudica i diritti acquistati dai terzi di buona fede in base a un atto trascritto o iscritto anteriormente alla trascrizione della domanda, anche se questa è stata trascritta prima che siano decorsi cinque anni dalla data della trascrizione dell’atto impugnato, purché in questo caso i terzi abbiano acquistato a titolo oneroso (1445; att. 227); le domande con le quali si contesta il fondamento di un acquisto a causa di morte. Salvo quanto è disposto dal secondo e dal terzo comma dell’art. 534, se la trascrizione della domanda è eseguita dopo cinque anni dalla data della trascrizione dell’acquisto, la sentenza che accoglie la domanda non pregiudica i terzi di buona fede che, in base a un atto trascritto o iscritto anteriormente alla trascrizione della domanda, hanno a qualunque titolo acquistato diritto da chi appare erede o legatario (att. 227); le domande di riduzione delle donazioni e delle disposizioni testamentarie per lesione di legittima (554 e seguenti). Se la trascrizione è eseguita dopo dieci anni dall’apertura della successione, la sentenza che accoglie la domanda non pregiudica i terzi che hanno acquistato a titolo oneroso diritti in base a un atto trascritto o iscritto anteriormente alla trascrizione della domanda (561; att. 227); le domande di revocazione e quelle di opposizione di terzo contro le sentenze soggette a trascrizione per le cause previste dai nn. 1, 2, 3 e 6 dell’art. 395 Cod. Proc. Civ. e dal secondo comma dell’art. 404 dello stesso codice. Se la domanda è trascritta dopo cinque anni dalla trascrizione della sentenza impugnata, la sentenza che l’accoglie non pregiudica i diritti acquistati dai terzi di buona fede in base a un atto trascritto o iscritto anteriormente alla trascrizione della domanda (att. 226 e seguenti). Alla domanda giudiziale è equiparato l’atto notificato con il quale la parte, in presenza di compromesso o di clausola compromissoria, dichiara all’altra la propria intenzione di promuovere il procedimento arbitrale, propone la domanda e procede, per quanto le spetta, alla nomina degli arbitri.
40	Art. 2652 Domande riguardanti atti soggetti a trascrizione. Effetti delle relative trascrizioni rispetto ai terzi	2. Quali effetti ha la trascrizione delle domande di risoluzione dei contratti?	Si devono trascrivere, qualora si riferiscano ai diritti menzionati nell’art. 2643, le domande giudiziali (Cod. Proc. Civ. 163) indicate dai numeri seguenti, agli effetti per ciascuna di esse previsti (att. 225 e seguenti): le domande di risoluzione dei contratti e quelle indicate dal secondo comma dell’art. 648 e dall’ultimo comma dell’art. 793, le domande di rescissione (1447 e seguenti), le domande di revocazione delle donazioni (800 e seguenti), nonché quelle indicate dall’art. 524. Le sentenze che accolgono tali domande non pregiudicano i diritti acquistati dai terzi in base a un atto trascritto o iscritto anteriormente alla trascrizione della domanda; le domande dirette a ottenere l’esecuzione in forma specifica dell’obbligo a contrarre. La trascrizione della sentenza che accoglie la domanda prevale sulle trascrizioni e iscrizioni eseguite contro il convenuto dopo la trascrizione della domanda; le domande dirette a ottenere l’accertamento giudiziale (Cod. Proc. Civ. 216 e seguenti) della sottoscrizione di scritture private (2702 e seguenti) in cui si contiene un atto soggetto a trascrizione o a iscrizione. La trascrizione o l’iscrizione dell’atto contenuto nella scrittura produce effetto dalla data in cui e stata trascritta la domanda; le domande dirette all’accertamento della simulazione (1414 e seguenti) di atti soggetti a trascrizione. La sentenza che accoglie la domanda non pregiudica i diritti acquistati dai terzi di buona fede in base a un atto trascritto o iscritto anteriormente alla trascrizione della domanda; le domande di revoca degli atti soggetti a trascrizione, che siano stati compiuti in pregiudizio dei creditori. La sentenza che accoglie la domanda non pregiudica i diritti acquistati a titolo oneroso dai terzi di buona fede in base a un atto trascritto o iscritto anteriormente alla trascrizione della domanda; le domande dirette a far dichiarare la nullità (1418 e seguenti) o a far pronunziare l’annullamento (1425 e seguenti) di atti soggetti a trascrizione e le domande dirette a impugnare la validità della trascrizione. Se la domanda è trascritta dopo cinque anni dalla data della trascrizione dell’atto impugnato, la sentenza che l’accoglie non pregiudica i diritti acquistati a qualunque titolo dai terzi di buona fede in base a un atto trascritto o iscritto anteriormente alla domanda. Se però la domanda è diretta a far pronunziare l’annullamento per una causa diversa dall’incapacità legale, la sentenza che l’accoglie non pregiudica i diritti acquistati dai terzi di buona fede in base a un atto trascritto o iscritto anteriormente alla trascrizione della domanda, anche se questa è stata trascritta prima che siano decorsi cinque anni dalla data della trascrizione dell’atto impugnato, purché in questo caso i terzi abbiano acquistato a titolo oneroso (1445; att. 227); le domande con le quali si contesta il fondamento di un acquisto a causa di morte. Salvo quanto è disposto dal secondo e dal terzo comma dell’art. 534, se la trascrizione della domanda è eseguita dopo cinque anni dalla data della trascrizione dell’acquisto, la sentenza che accoglie la domanda non pregiudica i terzi di buona fede che, in base a un atto trascritto o iscritto anteriormente alla trascrizione della domanda, hanno a qualunque titolo acquistato diritto da chi appare erede o legatario (att. 227); le domande di riduzione delle donazioni e delle disposizioni testamentarie per lesione di legittima (554 e seguenti). Se la trascrizione è eseguita dopo dieci anni dall’apertura della successione, la sentenza che accoglie la domanda non pregiudica i terzi che hanno acquistato a titolo oneroso diritti in base a un atto trascritto o iscritto anteriormente alla trascrizione della domanda (561; att. 227); le domande di revocazione e quelle di opposizione di terzo contro le sentenze soggette a trascrizione per le cause previste dai nn. 1, 2, 3 e 6 dell’art. 395 Cod. Proc. Civ. e dal secondo comma dell’art. 404 dello stesso codice. Se la domanda è trascritta dopo cinque anni dalla trascrizione della sentenza impugnata, la sentenza che l’accoglie non pregiudica i diritti acquistati dai terzi di buona fede in base a un atto trascritto o iscritto anteriormente alla trascrizione della domanda (att. 226 e seguenti). Alla domanda giudiziale è equiparato l’atto notificato con il quale la parte, in presenza di compromesso o di clausola compromissoria, dichiara all’altra la propria intenzione di promuovere il procedimento arbitrale, propone la domanda e procede, per quanto le spetta, alla nomina degli arbitri.
41	Art. 2652 Domande riguardanti atti soggetti a trascrizione. Effetti delle relative trascrizioni rispetto ai terzi	3. In che modo la trascrizione della sentenza che accoglie la domanda di esecuzione in forma specifica prevale su altre trascrizioni?	Si devono trascrivere, qualora si riferiscano ai diritti menzionati nell’art. 2643, le domande giudiziali (Cod. Proc. Civ. 163) indicate dai numeri seguenti, agli effetti per ciascuna di esse previsti (att. 225 e seguenti): le domande di risoluzione dei contratti e quelle indicate dal secondo comma dell’art. 648 e dall’ultimo comma dell’art. 793, le domande di rescissione (1447 e seguenti), le domande di revocazione delle donazioni (800 e seguenti), nonché quelle indicate dall’art. 524. Le sentenze che accolgono tali domande non pregiudicano i diritti acquistati dai terzi in base a un atto trascritto o iscritto anteriormente alla trascrizione della domanda; le domande dirette a ottenere l’esecuzione in forma specifica dell’obbligo a contrarre. La trascrizione della sentenza che accoglie la domanda prevale sulle trascrizioni e iscrizioni eseguite contro il convenuto dopo la trascrizione della domanda; le domande dirette a ottenere l’accertamento giudiziale (Cod. Proc. Civ. 216 e seguenti) della sottoscrizione di scritture private (2702 e seguenti) in cui si contiene un atto soggetto a trascrizione o a iscrizione. La trascrizione o l’iscrizione dell’atto contenuto nella scrittura produce effetto dalla data in cui e stata trascritta la domanda; le domande dirette all’accertamento della simulazione (1414 e seguenti) di atti soggetti a trascrizione. La sentenza che accoglie la domanda non pregiudica i diritti acquistati dai terzi di buona fede in base a un atto trascritto o iscritto anteriormente alla trascrizione della domanda; le domande di revoca degli atti soggetti a trascrizione, che siano stati compiuti in pregiudizio dei creditori. La sentenza che accoglie la domanda non pregiudica i diritti acquistati a titolo oneroso dai terzi di buona fede in base a un atto trascritto o iscritto anteriormente alla trascrizione della domanda; le domande dirette a far dichiarare la nullità (1418 e seguenti) o a far pronunziare l’annullamento (1425 e seguenti) di atti soggetti a trascrizione e le domande dirette a impugnare la validità della trascrizione. Se la domanda è trascritta dopo cinque anni dalla data della trascrizione dell’atto impugnato, la sentenza che l’accoglie non pregiudica i diritti acquistati a qualunque titolo dai terzi di buona fede in base a un atto trascritto o iscritto anteriormente alla domanda. Se però la domanda è diretta a far pronunziare l’annullamento per una causa diversa dall’incapacità legale, la sentenza che l’accoglie non pregiudica i diritti acquistati dai terzi di buona fede in base a un atto trascritto o iscritto anteriormente alla trascrizione della domanda, anche se questa è stata trascritta prima che siano decorsi cinque anni dalla data della trascrizione dell’atto impugnato, purché in questo caso i terzi abbiano acquistato a titolo oneroso (1445; att. 227); le domande con le quali si contesta il fondamento di un acquisto a causa di morte. Salvo quanto è disposto dal secondo e dal terzo comma dell’art. 534, se la trascrizione della domanda è eseguita dopo cinque anni dalla data della trascrizione dell’acquisto, la sentenza che accoglie la domanda non pregiudica i terzi di buona fede che, in base a un atto trascritto o iscritto anteriormente alla trascrizione della domanda, hanno a qualunque titolo acquistato diritto da chi appare erede o legatario (att. 227); le domande di riduzione delle donazioni e delle disposizioni testamentarie per lesione di legittima (554 e seguenti). Se la trascrizione è eseguita dopo dieci anni dall’apertura della successione, la sentenza che accoglie la domanda non pregiudica i terzi che hanno acquistato a titolo oneroso diritti in base a un atto trascritto o iscritto anteriormente alla trascrizione della domanda (561; att. 227); le domande di revocazione e quelle di opposizione di terzo contro le sentenze soggette a trascrizione per le cause previste dai nn. 1, 2, 3 e 6 dell’art. 395 Cod. Proc. Civ. e dal secondo comma dell’art. 404 dello stesso codice. Se la domanda è trascritta dopo cinque anni dalla trascrizione della sentenza impugnata, la sentenza che l’accoglie non pregiudica i diritti acquistati dai terzi di buona fede in base a un atto trascritto o iscritto anteriormente alla trascrizione della domanda (att. 226 e seguenti). Alla domanda giudiziale è equiparato l’atto notificato con il quale la parte, in presenza di compromesso o di clausola compromissoria, dichiara all’altra la propria intenzione di promuovere il procedimento arbitrale, propone la domanda e procede, per quanto le spetta, alla nomina degli arbitri.
42	Art. 2652 Domande riguardanti atti soggetti a trascrizione. Effetti delle relative trascrizioni rispetto ai terzi	4. Quali sono le conseguenze della trascrizione delle domande di accertamento giudiziale della sottoscrizione di scritture private?	Si devono trascrivere, qualora si riferiscano ai diritti menzionati nell’art. 2643, le domande giudiziali (Cod. Proc. Civ. 163) indicate dai numeri seguenti, agli effetti per ciascuna di esse previsti (att. 225 e seguenti): le domande di risoluzione dei contratti e quelle indicate dal secondo comma dell’art. 648 e dall’ultimo comma dell’art. 793, le domande di rescissione (1447 e seguenti), le domande di revocazione delle donazioni (800 e seguenti), nonché quelle indicate dall’art. 524. Le sentenze che accolgono tali domande non pregiudicano i diritti acquistati dai terzi in base a un atto trascritto o iscritto anteriormente alla trascrizione della domanda; le domande dirette a ottenere l’esecuzione in forma specifica dell’obbligo a contrarre. La trascrizione della sentenza che accoglie la domanda prevale sulle trascrizioni e iscrizioni eseguite contro il convenuto dopo la trascrizione della domanda; le domande dirette a ottenere l’accertamento giudiziale (Cod. Proc. Civ. 216 e seguenti) della sottoscrizione di scritture private (2702 e seguenti) in cui si contiene un atto soggetto a trascrizione o a iscrizione. La trascrizione o l’iscrizione dell’atto contenuto nella scrittura produce effetto dalla data in cui e stata trascritta la domanda; le domande dirette all’accertamento della simulazione (1414 e seguenti) di atti soggetti a trascrizione. La sentenza che accoglie la domanda non pregiudica i diritti acquistati dai terzi di buona fede in base a un atto trascritto o iscritto anteriormente alla trascrizione della domanda; le domande di revoca degli atti soggetti a trascrizione, che siano stati compiuti in pregiudizio dei creditori. La sentenza che accoglie la domanda non pregiudica i diritti acquistati a titolo oneroso dai terzi di buona fede in base a un atto trascritto o iscritto anteriormente alla trascrizione della domanda; le domande dirette a far dichiarare la nullità (1418 e seguenti) o a far pronunziare l’annullamento (1425 e seguenti) di atti soggetti a trascrizione e le domande dirette a impugnare la validità della trascrizione. Se la domanda è trascritta dopo cinque anni dalla data della trascrizione dell’atto impugnato, la sentenza che l’accoglie non pregiudica i diritti acquistati a qualunque titolo dai terzi di buona fede in base a un atto trascritto o iscritto anteriormente alla domanda. Se però la domanda è diretta a far pronunziare l’annullamento per una causa diversa dall’incapacità legale, la sentenza che l’accoglie non pregiudica i diritti acquistati dai terzi di buona fede in base a un atto trascritto o iscritto anteriormente alla trascrizione della domanda, anche se questa è stata trascritta prima che siano decorsi cinque anni dalla data della trascrizione dell’atto impugnato, purché in questo caso i terzi abbiano acquistato a titolo oneroso (1445; att. 227); le domande con le quali si contesta il fondamento di un acquisto a causa di morte. Salvo quanto è disposto dal secondo e dal terzo comma dell’art. 534, se la trascrizione della domanda è eseguita dopo cinque anni dalla data della trascrizione dell’acquisto, la sentenza che accoglie la domanda non pregiudica i terzi di buona fede che, in base a un atto trascritto o iscritto anteriormente alla trascrizione della domanda, hanno a qualunque titolo acquistato diritto da chi appare erede o legatario (att. 227); le domande di riduzione delle donazioni e delle disposizioni testamentarie per lesione di legittima (554 e seguenti). Se la trascrizione è eseguita dopo dieci anni dall’apertura della successione, la sentenza che accoglie la domanda non pregiudica i terzi che hanno acquistato a titolo oneroso diritti in base a un atto trascritto o iscritto anteriormente alla trascrizione della domanda (561; att. 227); le domande di revocazione e quelle di opposizione di terzo contro le sentenze soggette a trascrizione per le cause previste dai nn. 1, 2, 3 e 6 dell’art. 395 Cod. Proc. Civ. e dal secondo comma dell’art. 404 dello stesso codice. Se la domanda è trascritta dopo cinque anni dalla trascrizione della sentenza impugnata, la sentenza che l’accoglie non pregiudica i diritti acquistati dai terzi di buona fede in base a un atto trascritto o iscritto anteriormente alla trascrizione della domanda (att. 226 e seguenti). Alla domanda giudiziale è equiparato l’atto notificato con il quale la parte, in presenza di compromesso o di clausola compromissoria, dichiara all’altra la propria intenzione di promuovere il procedimento arbitrale, propone la domanda e procede, per quanto le spetta, alla nomina degli arbitri.
43	Art. 2652 Domande riguardanti atti soggetti a trascrizione. Effetti delle relative trascrizioni rispetto ai terzi	5. Come influisce la trascrizione delle domande di accertamento della simulazione sugli atti soggetti a trascrizione?	Si devono trascrivere, qualora si riferiscano ai diritti menzionati nell’art. 2643, le domande giudiziali (Cod. Proc. Civ. 163) indicate dai numeri seguenti, agli effetti per ciascuna di esse previsti (att. 225 e seguenti): le domande di risoluzione dei contratti e quelle indicate dal secondo comma dell’art. 648 e dall’ultimo comma dell’art. 793, le domande di rescissione (1447 e seguenti), le domande di revocazione delle donazioni (800 e seguenti), nonché quelle indicate dall’art. 524. Le sentenze che accolgono tali domande non pregiudicano i diritti acquistati dai terzi in base a un atto trascritto o iscritto anteriormente alla trascrizione della domanda; le domande dirette a ottenere l’esecuzione in forma specifica dell’obbligo a contrarre. La trascrizione della sentenza che accoglie la domanda prevale sulle trascrizioni e iscrizioni eseguite contro il convenuto dopo la trascrizione della domanda; le domande dirette a ottenere l’accertamento giudiziale (Cod. Proc. Civ. 216 e seguenti) della sottoscrizione di scritture private (2702 e seguenti) in cui si contiene un atto soggetto a trascrizione o a iscrizione. La trascrizione o l’iscrizione dell’atto contenuto nella scrittura produce effetto dalla data in cui e stata trascritta la domanda; le domande dirette all’accertamento della simulazione (1414 e seguenti) di atti soggetti a trascrizione. La sentenza che accoglie la domanda non pregiudica i diritti acquistati dai terzi di buona fede in base a un atto trascritto o iscritto anteriormente alla trascrizione della domanda; le domande di revoca degli atti soggetti a trascrizione, che siano stati compiuti in pregiudizio dei creditori. La sentenza che accoglie la domanda non pregiudica i diritti acquistati a titolo oneroso dai terzi di buona fede in base a un atto trascritto o iscritto anteriormente alla trascrizione della domanda; le domande dirette a far dichiarare la nullità (1418 e seguenti) o a far pronunziare l’annullamento (1425 e seguenti) di atti soggetti a trascrizione e le domande dirette a impugnare la validità della trascrizione. Se la domanda è trascritta dopo cinque anni dalla data della trascrizione dell’atto impugnato, la sentenza che l’accoglie non pregiudica i diritti acquistati a qualunque titolo dai terzi di buona fede in base a un atto trascritto o iscritto anteriormente alla domanda. Se però la domanda è diretta a far pronunziare l’annullamento per una causa diversa dall’incapacità legale, la sentenza che l’accoglie non pregiudica i diritti acquistati dai terzi di buona fede in base a un atto trascritto o iscritto anteriormente alla trascrizione della domanda, anche se questa è stata trascritta prima che siano decorsi cinque anni dalla data della trascrizione dell’atto impugnato, purché in questo caso i terzi abbiano acquistato a titolo oneroso (1445; att. 227); le domande con le quali si contesta il fondamento di un acquisto a causa di morte. Salvo quanto è disposto dal secondo e dal terzo comma dell’art. 534, se la trascrizione della domanda è eseguita dopo cinque anni dalla data della trascrizione dell’acquisto, la sentenza che accoglie la domanda non pregiudica i terzi di buona fede che, in base a un atto trascritto o iscritto anteriormente alla trascrizione della domanda, hanno a qualunque titolo acquistato diritto da chi appare erede o legatario (att. 227); le domande di riduzione delle donazioni e delle disposizioni testamentarie per lesione di legittima (554 e seguenti). Se la trascrizione è eseguita dopo dieci anni dall’apertura della successione, la sentenza che accoglie la domanda non pregiudica i terzi che hanno acquistato a titolo oneroso diritti in base a un atto trascritto o iscritto anteriormente alla trascrizione della domanda (561; att. 227); le domande di revocazione e quelle di opposizione di terzo contro le sentenze soggette a trascrizione per le cause previste dai nn. 1, 2, 3 e 6 dell’art. 395 Cod. Proc. Civ. e dal secondo comma dell’art. 404 dello stesso codice. Se la domanda è trascritta dopo cinque anni dalla trascrizione della sentenza impugnata, la sentenza che l’accoglie non pregiudica i diritti acquistati dai terzi di buona fede in base a un atto trascritto o iscritto anteriormente alla trascrizione della domanda (att. 226 e seguenti). Alla domanda giudiziale è equiparato l’atto notificato con il quale la parte, in presenza di compromesso o di clausola compromissoria, dichiara all’altra la propria intenzione di promuovere il procedimento arbitrale, propone la domanda e procede, per quanto le spetta, alla nomina degli arbitri.
44	Art. 2652 Domande riguardanti atti soggetti a trascrizione. Effetti delle relative trascrizioni rispetto ai terzi	6. Quali sono le condizioni per cui la sentenza di revoca degli atti non pregiudica i diritti dei terzi di buona fede?	Si devono trascrivere, qualora si riferiscano ai diritti menzionati nell’art. 2643, le domande giudiziali (Cod. Proc. Civ. 163) indicate dai numeri seguenti, agli effetti per ciascuna di esse previsti (att. 225 e seguenti): le domande di risoluzione dei contratti e quelle indicate dal secondo comma dell’art. 648 e dall’ultimo comma dell’art. 793, le domande di rescissione (1447 e seguenti), le domande di revocazione delle donazioni (800 e seguenti), nonché quelle indicate dall’art. 524. Le sentenze che accolgono tali domande non pregiudicano i diritti acquistati dai terzi in base a un atto trascritto o iscritto anteriormente alla trascrizione della domanda; le domande dirette a ottenere l’esecuzione in forma specifica dell’obbligo a contrarre. La trascrizione della sentenza che accoglie la domanda prevale sulle trascrizioni e iscrizioni eseguite contro il convenuto dopo la trascrizione della domanda; le domande dirette a ottenere l’accertamento giudiziale (Cod. Proc. Civ. 216 e seguenti) della sottoscrizione di scritture private (2702 e seguenti) in cui si contiene un atto soggetto a trascrizione o a iscrizione. La trascrizione o l’iscrizione dell’atto contenuto nella scrittura produce effetto dalla data in cui e stata trascritta la domanda; le domande dirette all’accertamento della simulazione (1414 e seguenti) di atti soggetti a trascrizione. La sentenza che accoglie la domanda non pregiudica i diritti acquistati dai terzi di buona fede in base a un atto trascritto o iscritto anteriormente alla trascrizione della domanda; le domande di revoca degli atti soggetti a trascrizione, che siano stati compiuti in pregiudizio dei creditori. La sentenza che accoglie la domanda non pregiudica i diritti acquistati a titolo oneroso dai terzi di buona fede in base a un atto trascritto o iscritto anteriormente alla trascrizione della domanda; le domande dirette a far dichiarare la nullità (1418 e seguenti) o a far pronunziare l’annullamento (1425 e seguenti) di atti soggetti a trascrizione e le domande dirette a impugnare la validità della trascrizione. Se la domanda è trascritta dopo cinque anni dalla data della trascrizione dell’atto impugnato, la sentenza che l’accoglie non pregiudica i diritti acquistati a qualunque titolo dai terzi di buona fede in base a un atto trascritto o iscritto anteriormente alla domanda. Se però la domanda è diretta a far pronunziare l’annullamento per una causa diversa dall’incapacità legale, la sentenza che l’accoglie non pregiudica i diritti acquistati dai terzi di buona fede in base a un atto trascritto o iscritto anteriormente alla trascrizione della domanda, anche se questa è stata trascritta prima che siano decorsi cinque anni dalla data della trascrizione dell’atto impugnato, purché in questo caso i terzi abbiano acquistato a titolo oneroso (1445; att. 227); le domande con le quali si contesta il fondamento di un acquisto a causa di morte. Salvo quanto è disposto dal secondo e dal terzo comma dell’art. 534, se la trascrizione della domanda è eseguita dopo cinque anni dalla data della trascrizione dell’acquisto, la sentenza che accoglie la domanda non pregiudica i terzi di buona fede che, in base a un atto trascritto o iscritto anteriormente alla trascrizione della domanda, hanno a qualunque titolo acquistato diritto da chi appare erede o legatario (att. 227); le domande di riduzione delle donazioni e delle disposizioni testamentarie per lesione di legittima (554 e seguenti). Se la trascrizione è eseguita dopo dieci anni dall’apertura della successione, la sentenza che accoglie la domanda non pregiudica i terzi che hanno acquistato a titolo oneroso diritti in base a un atto trascritto o iscritto anteriormente alla trascrizione della domanda (561; att. 227); le domande di revocazione e quelle di opposizione di terzo contro le sentenze soggette a trascrizione per le cause previste dai nn. 1, 2, 3 e 6 dell’art. 395 Cod. Proc. Civ. e dal secondo comma dell’art. 404 dello stesso codice. Se la domanda è trascritta dopo cinque anni dalla trascrizione della sentenza impugnata, la sentenza che l’accoglie non pregiudica i diritti acquistati dai terzi di buona fede in base a un atto trascritto o iscritto anteriormente alla trascrizione della domanda (att. 226 e seguenti). Alla domanda giudiziale è equiparato l’atto notificato con il quale la parte, in presenza di compromesso o di clausola compromissoria, dichiara all’altra la propria intenzione di promuovere il procedimento arbitrale, propone la domanda e procede, per quanto le spetta, alla nomina degli arbitri.
45	Art. 2652 Domande riguardanti atti soggetti a trascrizione. Effetti delle relative trascrizioni rispetto ai terzi	7. Quali sono le implicazioni della trascrizione delle domande di nullità o annullamento di atti soggetti a trascrizione?	Si devono trascrivere, qualora si riferiscano ai diritti menzionati nell’art. 2643, le domande giudiziali (Cod. Proc. Civ. 163) indicate dai numeri seguenti, agli effetti per ciascuna di esse previsti (att. 225 e seguenti): le domande di risoluzione dei contratti e quelle indicate dal secondo comma dell’art. 648 e dall’ultimo comma dell’art. 793, le domande di rescissione (1447 e seguenti), le domande di revocazione delle donazioni (800 e seguenti), nonché quelle indicate dall’art. 524. Le sentenze che accolgono tali domande non pregiudicano i diritti acquistati dai terzi in base a un atto trascritto o iscritto anteriormente alla trascrizione della domanda; le domande dirette a ottenere l’esecuzione in forma specifica dell’obbligo a contrarre. La trascrizione della sentenza che accoglie la domanda prevale sulle trascrizioni e iscrizioni eseguite contro il convenuto dopo la trascrizione della domanda; le domande dirette a ottenere l’accertamento giudiziale (Cod. Proc. Civ. 216 e seguenti) della sottoscrizione di scritture private (2702 e seguenti) in cui si contiene un atto soggetto a trascrizione o a iscrizione. La trascrizione o l’iscrizione dell’atto contenuto nella scrittura produce effetto dalla data in cui e stata trascritta la domanda; le domande dirette all’accertamento della simulazione (1414 e seguenti) di atti soggetti a trascrizione. La sentenza che accoglie la domanda non pregiudica i diritti acquistati dai terzi di buona fede in base a un atto trascritto o iscritto anteriormente alla trascrizione della domanda; le domande di revoca degli atti soggetti a trascrizione, che siano stati compiuti in pregiudizio dei creditori. La sentenza che accoglie la domanda non pregiudica i diritti acquistati a titolo oneroso dai terzi di buona fede in base a un atto trascritto o iscritto anteriormente alla trascrizione della domanda; le domande dirette a far dichiarare la nullità (1418 e seguenti) o a far pronunziare l’annullamento (1425 e seguenti) di atti soggetti a trascrizione e le domande dirette a impugnare la validità della trascrizione. Se la domanda è trascritta dopo cinque anni dalla data della trascrizione dell’atto impugnato, la sentenza che l’accoglie non pregiudica i diritti acquistati a qualunque titolo dai terzi di buona fede in base a un atto trascritto o iscritto anteriormente alla domanda. Se però la domanda è diretta a far pronunziare l’annullamento per una causa diversa dall’incapacità legale, la sentenza che l’accoglie non pregiudica i diritti acquistati dai terzi di buona fede in base a un atto trascritto o iscritto anteriormente alla trascrizione della domanda, anche se questa è stata trascritta prima che siano decorsi cinque anni dalla data della trascrizione dell’atto impugnato, purché in questo caso i terzi abbiano acquistato a titolo oneroso (1445; att. 227); le domande con le quali si contesta il fondamento di un acquisto a causa di morte. Salvo quanto è disposto dal secondo e dal terzo comma dell’art. 534, se la trascrizione della domanda è eseguita dopo cinque anni dalla data della trascrizione dell’acquisto, la sentenza che accoglie la domanda non pregiudica i terzi di buona fede che, in base a un atto trascritto o iscritto anteriormente alla trascrizione della domanda, hanno a qualunque titolo acquistato diritto da chi appare erede o legatario (att. 227); le domande di riduzione delle donazioni e delle disposizioni testamentarie per lesione di legittima (554 e seguenti). Se la trascrizione è eseguita dopo dieci anni dall’apertura della successione, la sentenza che accoglie la domanda non pregiudica i terzi che hanno acquistato a titolo oneroso diritti in base a un atto trascritto o iscritto anteriormente alla trascrizione della domanda (561; att. 227); le domande di revocazione e quelle di opposizione di terzo contro le sentenze soggette a trascrizione per le cause previste dai nn. 1, 2, 3 e 6 dell’art. 395 Cod. Proc. Civ. e dal secondo comma dell’art. 404 dello stesso codice. Se la domanda è trascritta dopo cinque anni dalla trascrizione della sentenza impugnata, la sentenza che l’accoglie non pregiudica i diritti acquistati dai terzi di buona fede in base a un atto trascritto o iscritto anteriormente alla trascrizione della domanda (att. 226 e seguenti). Alla domanda giudiziale è equiparato l’atto notificato con il quale la parte, in presenza di compromesso o di clausola compromissoria, dichiara all’altra la propria intenzione di promuovere il procedimento arbitrale, propone la domanda e procede, per quanto le spetta, alla nomina degli arbitri.
46	Art. 2652 Domande riguardanti atti soggetti a trascrizione. Effetti delle relative trascrizioni rispetto ai terzi	8. In quali circostanze la sentenza che accoglie una domanda di annullamento non pregiudica i diritti dei terzi di buona fede?	Si devono trascrivere, qualora si riferiscano ai diritti menzionati nell’art. 2643, le domande giudiziali (Cod. Proc. Civ. 163) indicate dai numeri seguenti, agli effetti per ciascuna di esse previsti (att. 225 e seguenti): le domande di risoluzione dei contratti e quelle indicate dal secondo comma dell’art. 648 e dall’ultimo comma dell’art. 793, le domande di rescissione (1447 e seguenti), le domande di revocazione delle donazioni (800 e seguenti), nonché quelle indicate dall’art. 524. Le sentenze che accolgono tali domande non pregiudicano i diritti acquistati dai terzi in base a un atto trascritto o iscritto anteriormente alla trascrizione della domanda; le domande dirette a ottenere l’esecuzione in forma specifica dell’obbligo a contrarre. La trascrizione della sentenza che accoglie la domanda prevale sulle trascrizioni e iscrizioni eseguite contro il convenuto dopo la trascrizione della domanda; le domande dirette a ottenere l’accertamento giudiziale (Cod. Proc. Civ. 216 e seguenti) della sottoscrizione di scritture private (2702 e seguenti) in cui si contiene un atto soggetto a trascrizione o a iscrizione. La trascrizione o l’iscrizione dell’atto contenuto nella scrittura produce effetto dalla data in cui e stata trascritta la domanda; le domande dirette all’accertamento della simulazione (1414 e seguenti) di atti soggetti a trascrizione. La sentenza che accoglie la domanda non pregiudica i diritti acquistati dai terzi di buona fede in base a un atto trascritto o iscritto anteriormente alla trascrizione della domanda; le domande di revoca degli atti soggetti a trascrizione, che siano stati compiuti in pregiudizio dei creditori. La sentenza che accoglie la domanda non pregiudica i diritti acquistati a titolo oneroso dai terzi di buona fede in base a un atto trascritto o iscritto anteriormente alla trascrizione della domanda; le domande dirette a far dichiarare la nullità (1418 e seguenti) o a far pronunziare l’annullamento (1425 e seguenti) di atti soggetti a trascrizione e le domande dirette a impugnare la validità della trascrizione. Se la domanda è trascritta dopo cinque anni dalla data della trascrizione dell’atto impugnato, la sentenza che l’accoglie non pregiudica i diritti acquistati a qualunque titolo dai terzi di buona fede in base a un atto trascritto o iscritto anteriormente alla domanda. Se però la domanda è diretta a far pronunziare l’annullamento per una causa diversa dall’incapacità legale, la sentenza che l’accoglie non pregiudica i diritti acquistati dai terzi di buona fede in base a un atto trascritto o iscritto anteriormente alla trascrizione della domanda, anche se questa è stata trascritta prima che siano decorsi cinque anni dalla data della trascrizione dell’atto impugnato, purché in questo caso i terzi abbiano acquistato a titolo oneroso (1445; att. 227); le domande con le quali si contesta il fondamento di un acquisto a causa di morte. Salvo quanto è disposto dal secondo e dal terzo comma dell’art. 534, se la trascrizione della domanda è eseguita dopo cinque anni dalla data della trascrizione dell’acquisto, la sentenza che accoglie la domanda non pregiudica i terzi di buona fede che, in base a un atto trascritto o iscritto anteriormente alla trascrizione della domanda, hanno a qualunque titolo acquistato diritto da chi appare erede o legatario (att. 227); le domande di riduzione delle donazioni e delle disposizioni testamentarie per lesione di legittima (554 e seguenti). Se la trascrizione è eseguita dopo dieci anni dall’apertura della successione, la sentenza che accoglie la domanda non pregiudica i terzi che hanno acquistato a titolo oneroso diritti in base a un atto trascritto o iscritto anteriormente alla trascrizione della domanda (561; att. 227); le domande di revocazione e quelle di opposizione di terzo contro le sentenze soggette a trascrizione per le cause previste dai nn. 1, 2, 3 e 6 dell’art. 395 Cod. Proc. Civ. e dal secondo comma dell’art. 404 dello stesso codice. Se la domanda è trascritta dopo cinque anni dalla trascrizione della sentenza impugnata, la sentenza che l’accoglie non pregiudica i diritti acquistati dai terzi di buona fede in base a un atto trascritto o iscritto anteriormente alla trascrizione della domanda (att. 226 e seguenti). Alla domanda giudiziale è equiparato l’atto notificato con il quale la parte, in presenza di compromesso o di clausola compromissoria, dichiara all’altra la propria intenzione di promuovere il procedimento arbitrale, propone la domanda e procede, per quanto le spetta, alla nomina degli arbitri.
47	Art. 2652 Domande riguardanti atti soggetti a trascrizione. Effetti delle relative trascrizioni rispetto ai terzi	9. Quali sono le condizioni per cui le domande che contestano un acquisto a causa di morte non pregiudicano i terzi di buona fede?	Si devono trascrivere, qualora si riferiscano ai diritti menzionati nell’art. 2643, le domande giudiziali (Cod. Proc. Civ. 163) indicate dai numeri seguenti, agli effetti per ciascuna di esse previsti (att. 225 e seguenti): le domande di risoluzione dei contratti e quelle indicate dal secondo comma dell’art. 648 e dall’ultimo comma dell’art. 793, le domande di rescissione (1447 e seguenti), le domande di revocazione delle donazioni (800 e seguenti), nonché quelle indicate dall’art. 524. Le sentenze che accolgono tali domande non pregiudicano i diritti acquistati dai terzi in base a un atto trascritto o iscritto anteriormente alla trascrizione della domanda; le domande dirette a ottenere l’esecuzione in forma specifica dell’obbligo a contrarre. La trascrizione della sentenza che accoglie la domanda prevale sulle trascrizioni e iscrizioni eseguite contro il convenuto dopo la trascrizione della domanda; le domande dirette a ottenere l’accertamento giudiziale (Cod. Proc. Civ. 216 e seguenti) della sottoscrizione di scritture private (2702 e seguenti) in cui si contiene un atto soggetto a trascrizione o a iscrizione. La trascrizione o l’iscrizione dell’atto contenuto nella scrittura produce effetto dalla data in cui e stata trascritta la domanda; le domande dirette all’accertamento della simulazione (1414 e seguenti) di atti soggetti a trascrizione. La sentenza che accoglie la domanda non pregiudica i diritti acquistati dai terzi di buona fede in base a un atto trascritto o iscritto anteriormente alla trascrizione della domanda; le domande di revoca degli atti soggetti a trascrizione, che siano stati compiuti in pregiudizio dei creditori. La sentenza che accoglie la domanda non pregiudica i diritti acquistati a titolo oneroso dai terzi di buona fede in base a un atto trascritto o iscritto anteriormente alla trascrizione della domanda; le domande dirette a far dichiarare la nullità (1418 e seguenti) o a far pronunziare l’annullamento (1425 e seguenti) di atti soggetti a trascrizione e le domande dirette a impugnare la validità della trascrizione. Se la domanda è trascritta dopo cinque anni dalla data della trascrizione dell’atto impugnato, la sentenza che l’accoglie non pregiudica i diritti acquistati a qualunque titolo dai terzi di buona fede in base a un atto trascritto o iscritto anteriormente alla domanda. Se però la domanda è diretta a far pronunziare l’annullamento per una causa diversa dall’incapacità legale, la sentenza che l’accoglie non pregiudica i diritti acquistati dai terzi di buona fede in base a un atto trascritto o iscritto anteriormente alla trascrizione della domanda, anche se questa è stata trascritta prima che siano decorsi cinque anni dalla data della trascrizione dell’atto impugnato, purché in questo caso i terzi abbiano acquistato a titolo oneroso (1445; att. 227); le domande con le quali si contesta il fondamento di un acquisto a causa di morte. Salvo quanto è disposto dal secondo e dal terzo comma dell’art. 534, se la trascrizione della domanda è eseguita dopo cinque anni dalla data della trascrizione dell’acquisto, la sentenza che accoglie la domanda non pregiudica i terzi di buona fede che, in base a un atto trascritto o iscritto anteriormente alla trascrizione della domanda, hanno a qualunque titolo acquistato diritto da chi appare erede o legatario (att. 227); le domande di riduzione delle donazioni e delle disposizioni testamentarie per lesione di legittima (554 e seguenti). Se la trascrizione è eseguita dopo dieci anni dall’apertura della successione, la sentenza che accoglie la domanda non pregiudica i terzi che hanno acquistato a titolo oneroso diritti in base a un atto trascritto o iscritto anteriormente alla trascrizione della domanda (561; att. 227); le domande di revocazione e quelle di opposizione di terzo contro le sentenze soggette a trascrizione per le cause previste dai nn. 1, 2, 3 e 6 dell’art. 395 Cod. Proc. Civ. e dal secondo comma dell’art. 404 dello stesso codice. Se la domanda è trascritta dopo cinque anni dalla trascrizione della sentenza impugnata, la sentenza che l’accoglie non pregiudica i diritti acquistati dai terzi di buona fede in base a un atto trascritto o iscritto anteriormente alla trascrizione della domanda (att. 226 e seguenti). Alla domanda giudiziale è equiparato l’atto notificato con il quale la parte, in presenza di compromesso o di clausola compromissoria, dichiara all’altra la propria intenzione di promuovere il procedimento arbitrale, propone la domanda e procede, per quanto le spetta, alla nomina degli arbitri.
48	Art. 2652 Domande riguardanti atti soggetti a trascrizione. Effetti delle relative trascrizioni rispetto ai terzi	10. Quali sono le conseguenze della trascrizione tardiva delle domande di riduzione delle donazioni per lesione di legittima?	Si devono trascrivere, qualora si riferiscano ai diritti menzionati nell’art. 2643, le domande giudiziali (Cod. Proc. Civ. 163) indicate dai numeri seguenti, agli effetti per ciascuna di esse previsti (att. 225 e seguenti): le domande di risoluzione dei contratti e quelle indicate dal secondo comma dell’art. 648 e dall’ultimo comma dell’art. 793, le domande di rescissione (1447 e seguenti), le domande di revocazione delle donazioni (800 e seguenti), nonché quelle indicate dall’art. 524. Le sentenze che accolgono tali domande non pregiudicano i diritti acquistati dai terzi in base a un atto trascritto o iscritto anteriormente alla trascrizione della domanda; le domande dirette a ottenere l’esecuzione in forma specifica dell’obbligo a contrarre. La trascrizione della sentenza che accoglie la domanda prevale sulle trascrizioni e iscrizioni eseguite contro il convenuto dopo la trascrizione della domanda; le domande dirette a ottenere l’accertamento giudiziale (Cod. Proc. Civ. 216 e seguenti) della sottoscrizione di scritture private (2702 e seguenti) in cui si contiene un atto soggetto a trascrizione o a iscrizione. La trascrizione o l’iscrizione dell’atto contenuto nella scrittura produce effetto dalla data in cui e stata trascritta la domanda; le domande dirette all’accertamento della simulazione (1414 e seguenti) di atti soggetti a trascrizione. La sentenza che accoglie la domanda non pregiudica i diritti acquistati dai terzi di buona fede in base a un atto trascritto o iscritto anteriormente alla trascrizione della domanda; le domande di revoca degli atti soggetti a trascrizione, che siano stati compiuti in pregiudizio dei creditori. La sentenza che accoglie la domanda non pregiudica i diritti acquistati a titolo oneroso dai terzi di buona fede in base a un atto trascritto o iscritto anteriormente alla trascrizione della domanda; le domande dirette a far dichiarare la nullità (1418 e seguenti) o a far pronunziare l’annullamento (1425 e seguenti) di atti soggetti a trascrizione e le domande dirette a impugnare la validità della trascrizione. Se la domanda è trascritta dopo cinque anni dalla data della trascrizione dell’atto impugnato, la sentenza che l’accoglie non pregiudica i diritti acquistati a qualunque titolo dai terzi di buona fede in base a un atto trascritto o iscritto anteriormente alla domanda. Se però la domanda è diretta a far pronunziare l’annullamento per una causa diversa dall’incapacità legale, la sentenza che l’accoglie non pregiudica i diritti acquistati dai terzi di buona fede in base a un atto trascritto o iscritto anteriormente alla trascrizione della domanda, anche se questa è stata trascritta prima che siano decorsi cinque anni dalla data della trascrizione dell’atto impugnato, purché in questo caso i terzi abbiano acquistato a titolo oneroso (1445; att. 227); le domande con le quali si contesta il fondamento di un acquisto a causa di morte. Salvo quanto è disposto dal secondo e dal terzo comma dell’art. 534, se la trascrizione della domanda è eseguita dopo cinque anni dalla data della trascrizione dell’acquisto, la sentenza che accoglie la domanda non pregiudica i terzi di buona fede che, in base a un atto trascritto o iscritto anteriormente alla trascrizione della domanda, hanno a qualunque titolo acquistato diritto da chi appare erede o legatario (att. 227); le domande di riduzione delle donazioni e delle disposizioni testamentarie per lesione di legittima (554 e seguenti). Se la trascrizione è eseguita dopo dieci anni dall’apertura della successione, la sentenza che accoglie la domanda non pregiudica i terzi che hanno acquistato a titolo oneroso diritti in base a un atto trascritto o iscritto anteriormente alla trascrizione della domanda (561; att. 227); le domande di revocazione e quelle di opposizione di terzo contro le sentenze soggette a trascrizione per le cause previste dai nn. 1, 2, 3 e 6 dell’art. 395 Cod. Proc. Civ. e dal secondo comma dell’art. 404 dello stesso codice. Se la domanda è trascritta dopo cinque anni dalla trascrizione della sentenza impugnata, la sentenza che l’accoglie non pregiudica i diritti acquistati dai terzi di buona fede in base a un atto trascritto o iscritto anteriormente alla trascrizione della domanda (att. 226 e seguenti). Alla domanda giudiziale è equiparato l’atto notificato con il quale la parte, in presenza di compromesso o di clausola compromissoria, dichiara all’altra la propria intenzione di promuovere il procedimento arbitrale, propone la domanda e procede, per quanto le spetta, alla nomina degli arbitri.
49	Art. 2652 Domande riguardanti atti soggetti a trascrizione. Effetti delle relative trascrizioni rispetto ai terzi	11. In che modo la trascrizione delle domande di revocazione e opposizione di terzo influisce sui diritti dei terzi di buona fede?	Si devono trascrivere, qualora si riferiscano ai diritti menzionati nell’art. 2643, le domande giudiziali (Cod. Proc. Civ. 163) indicate dai numeri seguenti, agli effetti per ciascuna di esse previsti (att. 225 e seguenti): le domande di risoluzione dei contratti e quelle indicate dal secondo comma dell’art. 648 e dall’ultimo comma dell’art. 793, le domande di rescissione (1447 e seguenti), le domande di revocazione delle donazioni (800 e seguenti), nonché quelle indicate dall’art. 524. Le sentenze che accolgono tali domande non pregiudicano i diritti acquistati dai terzi in base a un atto trascritto o iscritto anteriormente alla trascrizione della domanda; le domande dirette a ottenere l’esecuzione in forma specifica dell’obbligo a contrarre. La trascrizione della sentenza che accoglie la domanda prevale sulle trascrizioni e iscrizioni eseguite contro il convenuto dopo la trascrizione della domanda; le domande dirette a ottenere l’accertamento giudiziale (Cod. Proc. Civ. 216 e seguenti) della sottoscrizione di scritture private (2702 e seguenti) in cui si contiene un atto soggetto a trascrizione o a iscrizione. La trascrizione o l’iscrizione dell’atto contenuto nella scrittura produce effetto dalla data in cui e stata trascritta la domanda; le domande dirette all’accertamento della simulazione (1414 e seguenti) di atti soggetti a trascrizione. La sentenza che accoglie la domanda non pregiudica i diritti acquistati dai terzi di buona fede in base a un atto trascritto o iscritto anteriormente alla trascrizione della domanda; le domande di revoca degli atti soggetti a trascrizione, che siano stati compiuti in pregiudizio dei creditori. La sentenza che accoglie la domanda non pregiudica i diritti acquistati a titolo oneroso dai terzi di buona fede in base a un atto trascritto o iscritto anteriormente alla trascrizione della domanda; le domande dirette a far dichiarare la nullità (1418 e seguenti) o a far pronunziare l’annullamento (1425 e seguenti) di atti soggetti a trascrizione e le domande dirette a impugnare la validità della trascrizione. Se la domanda è trascritta dopo cinque anni dalla data della trascrizione dell’atto impugnato, la sentenza che l’accoglie non pregiudica i diritti acquistati a qualunque titolo dai terzi di buona fede in base a un atto trascritto o iscritto anteriormente alla domanda. Se però la domanda è diretta a far pronunziare l’annullamento per una causa diversa dall’incapacità legale, la sentenza che l’accoglie non pregiudica i diritti acquistati dai terzi di buona fede in base a un atto trascritto o iscritto anteriormente alla trascrizione della domanda, anche se questa è stata trascritta prima che siano decorsi cinque anni dalla data della trascrizione dell’atto impugnato, purché in questo caso i terzi abbiano acquistato a titolo oneroso (1445; att. 227); le domande con le quali si contesta il fondamento di un acquisto a causa di morte. Salvo quanto è disposto dal secondo e dal terzo comma dell’art. 534, se la trascrizione della domanda è eseguita dopo cinque anni dalla data della trascrizione dell’acquisto, la sentenza che accoglie la domanda non pregiudica i terzi di buona fede che, in base a un atto trascritto o iscritto anteriormente alla trascrizione della domanda, hanno a qualunque titolo acquistato diritto da chi appare erede o legatario (att. 227); le domande di riduzione delle donazioni e delle disposizioni testamentarie per lesione di legittima (554 e seguenti). Se la trascrizione è eseguita dopo dieci anni dall’apertura della successione, la sentenza che accoglie la domanda non pregiudica i terzi che hanno acquistato a titolo oneroso diritti in base a un atto trascritto o iscritto anteriormente alla trascrizione della domanda (561; att. 227); le domande di revocazione e quelle di opposizione di terzo contro le sentenze soggette a trascrizione per le cause previste dai nn. 1, 2, 3 e 6 dell’art. 395 Cod. Proc. Civ. e dal secondo comma dell’art. 404 dello stesso codice. Se la domanda è trascritta dopo cinque anni dalla trascrizione della sentenza impugnata, la sentenza che l’accoglie non pregiudica i diritti acquistati dai terzi di buona fede in base a un atto trascritto o iscritto anteriormente alla trascrizione della domanda (att. 226 e seguenti). Alla domanda giudiziale è equiparato l’atto notificato con il quale la parte, in presenza di compromesso o di clausola compromissoria, dichiara all’altra la propria intenzione di promuovere il procedimento arbitrale, propone la domanda e procede, per quanto le spetta, alla nomina degli arbitri.
50	Art. 2652 Domande riguardanti atti soggetti a trascrizione. Effetti delle relative trascrizioni rispetto ai terzi	12. Come viene equiparato l'atto notificato alla domanda giudiziale in presenza di compromesso o clausola compromissoria?	Si devono trascrivere, qualora si riferiscano ai diritti menzionati nell’art. 2643, le domande giudiziali (Cod. Proc. Civ. 163) indicate dai numeri seguenti, agli effetti per ciascuna di esse previsti (att. 225 e seguenti): le domande di risoluzione dei contratti e quelle indicate dal secondo comma dell’art. 648 e dall’ultimo comma dell’art. 793, le domande di rescissione (1447 e seguenti), le domande di revocazione delle donazioni (800 e seguenti), nonché quelle indicate dall’art. 524. Le sentenze che accolgono tali domande non pregiudicano i diritti acquistati dai terzi in base a un atto trascritto o iscritto anteriormente alla trascrizione della domanda; le domande dirette a ottenere l’esecuzione in forma specifica dell’obbligo a contrarre. La trascrizione della sentenza che accoglie la domanda prevale sulle trascrizioni e iscrizioni eseguite contro il convenuto dopo la trascrizione della domanda; le domande dirette a ottenere l’accertamento giudiziale (Cod. Proc. Civ. 216 e seguenti) della sottoscrizione di scritture private (2702 e seguenti) in cui si contiene un atto soggetto a trascrizione o a iscrizione. La trascrizione o l’iscrizione dell’atto contenuto nella scrittura produce effetto dalla data in cui e stata trascritta la domanda; le domande dirette all’accertamento della simulazione (1414 e seguenti) di atti soggetti a trascrizione. La sentenza che accoglie la domanda non pregiudica i diritti acquistati dai terzi di buona fede in base a un atto trascritto o iscritto anteriormente alla trascrizione della domanda; le domande di revoca degli atti soggetti a trascrizione, che siano stati compiuti in pregiudizio dei creditori. La sentenza che accoglie la domanda non pregiudica i diritti acquistati a titolo oneroso dai terzi di buona fede in base a un atto trascritto o iscritto anteriormente alla trascrizione della domanda; le domande dirette a far dichiarare la nullità (1418 e seguenti) o a far pronunziare l’annullamento (1425 e seguenti) di atti soggetti a trascrizione e le domande dirette a impugnare la validità della trascrizione. Se la domanda è trascritta dopo cinque anni dalla data della trascrizione dell’atto impugnato, la sentenza che l’accoglie non pregiudica i diritti acquistati a qualunque titolo dai terzi di buona fede in base a un atto trascritto o iscritto anteriormente alla domanda. Se però la domanda è diretta a far pronunziare l’annullamento per una causa diversa dall’incapacità legale, la sentenza che l’accoglie non pregiudica i diritti acquistati dai terzi di buona fede in base a un atto trascritto o iscritto anteriormente alla trascrizione della domanda, anche se questa è stata trascritta prima che siano decorsi cinque anni dalla data della trascrizione dell’atto impugnato, purché in questo caso i terzi abbiano acquistato a titolo oneroso (1445; att. 227); le domande con le quali si contesta il fondamento di un acquisto a causa di morte. Salvo quanto è disposto dal secondo e dal terzo comma dell’art. 534, se la trascrizione della domanda è eseguita dopo cinque anni dalla data della trascrizione dell’acquisto, la sentenza che accoglie la domanda non pregiudica i terzi di buona fede che, in base a un atto trascritto o iscritto anteriormente alla trascrizione della domanda, hanno a qualunque titolo acquistato diritto da chi appare erede o legatario (att. 227); le domande di riduzione delle donazioni e delle disposizioni testamentarie per lesione di legittima (554 e seguenti). Se la trascrizione è eseguita dopo dieci anni dall’apertura della successione, la sentenza che accoglie la domanda non pregiudica i terzi che hanno acquistato a titolo oneroso diritti in base a un atto trascritto o iscritto anteriormente alla trascrizione della domanda (561; att. 227); le domande di revocazione e quelle di opposizione di terzo contro le sentenze soggette a trascrizione per le cause previste dai nn. 1, 2, 3 e 6 dell’art. 395 Cod. Proc. Civ. e dal secondo comma dell’art. 404 dello stesso codice. Se la domanda è trascritta dopo cinque anni dalla trascrizione della sentenza impugnata, la sentenza che l’accoglie non pregiudica i diritti acquistati dai terzi di buona fede in base a un atto trascritto o iscritto anteriormente alla trascrizione della domanda (att. 226 e seguenti). Alla domanda giudiziale è equiparato l’atto notificato con il quale la parte, in presenza di compromesso o di clausola compromissoria, dichiara all’altra la propria intenzione di promuovere il procedimento arbitrale, propone la domanda e procede, per quanto le spetta, alla nomina degli arbitri.
51	Art. 2653 Altre domande e atti soggetti a trascrizione a diversi effetti	1. Quali tipi di domande devono essere trascritte secondo l'articolo 225 e seguenti?	Devono parimenti essere trascritti (att. 225 e seguenti): le domande dirette a rivendicare la proprietà (948 e seguente) o altri diritti reali di godimento (957, 981, 1021 e seguenti) sui beni immobili e le domande dirette all’accertamento dei diritti stessi. La sentenza pronunziata contro il convenuto indicato nella trascrizione della domanda ha effetto anche contro coloro che hanno acquistato diritti dal medesimo in base a un atto trascritto dopo la trascrizione della domanda; la domanda di devoluzione del fondo enfiteutico. La pronunzia di devoluzione ha effetto anche nei confronti di coloro che hanno acquistato diritti dall’enfiteuta in base a un atto trascritto posteriormente alla trascrizione della domanda; le domande e le dichiarazioni di riscatto (1500 e seguenti) nella vendita di beni immobili. Se la trascrizione di tali domande o dichiarazioni è eseguita dopo sessanta giorni dalla scadenza del termine per l’esercizio del riscatto, restano salvi i diritti acquistati dai terzi dopo la scadenza del termine medesimo in base a un atto trascritto o iscritto anteriormente alla trascrizione della domanda o della dichiarazione (att. 227); le domande di separazione degli immobili dotali (202 e seguenti) e quelle di scioglimento della comunione tra coniugi avente per oggetto beni immobili. La sentenza che pronunzia la separazione olo scioglimento non ha effetto a danno dei terzi che, anteriormente alla trascrizione della domanda, hanno validamente acquistato dal marito diritti relativi a beni dotali o a beni della comunione; gli atti e le domande (1165 e seguenti) che interrompono il corso dell’usucapione di beni immobili (2943 e seguenti). L’interruzione non ha effetto riguardo ai terzi che hanno acquistato diritti dal possessore in base a un atto trascritto o iscritto, se non dalla data della trascrizione dell’atto o della domanda (att. 226, 231). Alla domanda giudiziale e equiparato l’atto notificato con il quale la parte, in presenza di compromesso o di clausola compromissoria, dichiara all’altra la propria intenzione di promuovere il procedimento arbitrale, propone la domanda e procede, per quanto le spetta, alla nomina degli arbitri.
52	Art. 2653 Altre domande e atti soggetti a trascrizione a diversi effetti	2. Qual è l'effetto di una sentenza pronunziata contro il convenuto indicato nella trascrizione della domanda?	Devono parimenti essere trascritti (att. 225 e seguenti): le domande dirette a rivendicare la proprietà (948 e seguente) o altri diritti reali di godimento (957, 981, 1021 e seguenti) sui beni immobili e le domande dirette all’accertamento dei diritti stessi. La sentenza pronunziata contro il convenuto indicato nella trascrizione della domanda ha effetto anche contro coloro che hanno acquistato diritti dal medesimo in base a un atto trascritto dopo la trascrizione della domanda; la domanda di devoluzione del fondo enfiteutico. La pronunzia di devoluzione ha effetto anche nei confronti di coloro che hanno acquistato diritti dall’enfiteuta in base a un atto trascritto posteriormente alla trascrizione della domanda; le domande e le dichiarazioni di riscatto (1500 e seguenti) nella vendita di beni immobili. Se la trascrizione di tali domande o dichiarazioni è eseguita dopo sessanta giorni dalla scadenza del termine per l’esercizio del riscatto, restano salvi i diritti acquistati dai terzi dopo la scadenza del termine medesimo in base a un atto trascritto o iscritto anteriormente alla trascrizione della domanda o della dichiarazione (att. 227); le domande di separazione degli immobili dotali (202 e seguenti) e quelle di scioglimento della comunione tra coniugi avente per oggetto beni immobili. La sentenza che pronunzia la separazione olo scioglimento non ha effetto a danno dei terzi che, anteriormente alla trascrizione della domanda, hanno validamente acquistato dal marito diritti relativi a beni dotali o a beni della comunione; gli atti e le domande (1165 e seguenti) che interrompono il corso dell’usucapione di beni immobili (2943 e seguenti). L’interruzione non ha effetto riguardo ai terzi che hanno acquistato diritti dal possessore in base a un atto trascritto o iscritto, se non dalla data della trascrizione dell’atto o della domanda (att. 226, 231). Alla domanda giudiziale e equiparato l’atto notificato con il quale la parte, in presenza di compromesso o di clausola compromissoria, dichiara all’altra la propria intenzione di promuovere il procedimento arbitrale, propone la domanda e procede, per quanto le spetta, alla nomina degli arbitri.
53	Art. 2653 Altre domande e atti soggetti a trascrizione a diversi effetti	3. In che modo la pronunzia di devoluzione del fondo enfiteutico influisce sui diritti acquisiti da terzi?	Devono parimenti essere trascritti (att. 225 e seguenti): le domande dirette a rivendicare la proprietà (948 e seguente) o altri diritti reali di godimento (957, 981, 1021 e seguenti) sui beni immobili e le domande dirette all’accertamento dei diritti stessi. La sentenza pronunziata contro il convenuto indicato nella trascrizione della domanda ha effetto anche contro coloro che hanno acquistato diritti dal medesimo in base a un atto trascritto dopo la trascrizione della domanda; la domanda di devoluzione del fondo enfiteutico. La pronunzia di devoluzione ha effetto anche nei confronti di coloro che hanno acquistato diritti dall’enfiteuta in base a un atto trascritto posteriormente alla trascrizione della domanda; le domande e le dichiarazioni di riscatto (1500 e seguenti) nella vendita di beni immobili. Se la trascrizione di tali domande o dichiarazioni è eseguita dopo sessanta giorni dalla scadenza del termine per l’esercizio del riscatto, restano salvi i diritti acquistati dai terzi dopo la scadenza del termine medesimo in base a un atto trascritto o iscritto anteriormente alla trascrizione della domanda o della dichiarazione (att. 227); le domande di separazione degli immobili dotali (202 e seguenti) e quelle di scioglimento della comunione tra coniugi avente per oggetto beni immobili. La sentenza che pronunzia la separazione olo scioglimento non ha effetto a danno dei terzi che, anteriormente alla trascrizione della domanda, hanno validamente acquistato dal marito diritti relativi a beni dotali o a beni della comunione; gli atti e le domande (1165 e seguenti) che interrompono il corso dell’usucapione di beni immobili (2943 e seguenti). L’interruzione non ha effetto riguardo ai terzi che hanno acquistato diritti dal possessore in base a un atto trascritto o iscritto, se non dalla data della trascrizione dell’atto o della domanda (att. 226, 231). Alla domanda giudiziale e equiparato l’atto notificato con il quale la parte, in presenza di compromesso o di clausola compromissoria, dichiara all’altra la propria intenzione di promuovere il procedimento arbitrale, propone la domanda e procede, per quanto le spetta, alla nomina degli arbitri.
54	Art. 2653 Altre domande e atti soggetti a trascrizione a diversi effetti	4. Cosa accade se la trascrizione delle domande o dichiarazioni di riscatto è eseguita dopo sessanta giorni dalla scadenza del termine per l’esercizio del riscatto?	Devono parimenti essere trascritti (att. 225 e seguenti): le domande dirette a rivendicare la proprietà (948 e seguente) o altri diritti reali di godimento (957, 981, 1021 e seguenti) sui beni immobili e le domande dirette all’accertamento dei diritti stessi. La sentenza pronunziata contro il convenuto indicato nella trascrizione della domanda ha effetto anche contro coloro che hanno acquistato diritti dal medesimo in base a un atto trascritto dopo la trascrizione della domanda; la domanda di devoluzione del fondo enfiteutico. La pronunzia di devoluzione ha effetto anche nei confronti di coloro che hanno acquistato diritti dall’enfiteuta in base a un atto trascritto posteriormente alla trascrizione della domanda; le domande e le dichiarazioni di riscatto (1500 e seguenti) nella vendita di beni immobili. Se la trascrizione di tali domande o dichiarazioni è eseguita dopo sessanta giorni dalla scadenza del termine per l’esercizio del riscatto, restano salvi i diritti acquistati dai terzi dopo la scadenza del termine medesimo in base a un atto trascritto o iscritto anteriormente alla trascrizione della domanda o della dichiarazione (att. 227); le domande di separazione degli immobili dotali (202 e seguenti) e quelle di scioglimento della comunione tra coniugi avente per oggetto beni immobili. La sentenza che pronunzia la separazione olo scioglimento non ha effetto a danno dei terzi che, anteriormente alla trascrizione della domanda, hanno validamente acquistato dal marito diritti relativi a beni dotali o a beni della comunione; gli atti e le domande (1165 e seguenti) che interrompono il corso dell’usucapione di beni immobili (2943 e seguenti). L’interruzione non ha effetto riguardo ai terzi che hanno acquistato diritti dal possessore in base a un atto trascritto o iscritto, se non dalla data della trascrizione dell’atto o della domanda (att. 226, 231). Alla domanda giudiziale e equiparato l’atto notificato con il quale la parte, in presenza di compromesso o di clausola compromissoria, dichiara all’altra la propria intenzione di promuovere il procedimento arbitrale, propone la domanda e procede, per quanto le spetta, alla nomina degli arbitri.
55	Art. 2653 Altre domande e atti soggetti a trascrizione a diversi effetti	5. Quali sono le conseguenze per i terzi che hanno acquistato diritti dal marito prima della trascrizione della domanda di separazione degli immobili dotali?	Devono parimenti essere trascritti (att. 225 e seguenti): le domande dirette a rivendicare la proprietà (948 e seguente) o altri diritti reali di godimento (957, 981, 1021 e seguenti) sui beni immobili e le domande dirette all’accertamento dei diritti stessi. La sentenza pronunziata contro il convenuto indicato nella trascrizione della domanda ha effetto anche contro coloro che hanno acquistato diritti dal medesimo in base a un atto trascritto dopo la trascrizione della domanda; la domanda di devoluzione del fondo enfiteutico. La pronunzia di devoluzione ha effetto anche nei confronti di coloro che hanno acquistato diritti dall’enfiteuta in base a un atto trascritto posteriormente alla trascrizione della domanda; le domande e le dichiarazioni di riscatto (1500 e seguenti) nella vendita di beni immobili. Se la trascrizione di tali domande o dichiarazioni è eseguita dopo sessanta giorni dalla scadenza del termine per l’esercizio del riscatto, restano salvi i diritti acquistati dai terzi dopo la scadenza del termine medesimo in base a un atto trascritto o iscritto anteriormente alla trascrizione della domanda o della dichiarazione (att. 227); le domande di separazione degli immobili dotali (202 e seguenti) e quelle di scioglimento della comunione tra coniugi avente per oggetto beni immobili. La sentenza che pronunzia la separazione olo scioglimento non ha effetto a danno dei terzi che, anteriormente alla trascrizione della domanda, hanno validamente acquistato dal marito diritti relativi a beni dotali o a beni della comunione; gli atti e le domande (1165 e seguenti) che interrompono il corso dell’usucapione di beni immobili (2943 e seguenti). L’interruzione non ha effetto riguardo ai terzi che hanno acquistato diritti dal possessore in base a un atto trascritto o iscritto, se non dalla data della trascrizione dell’atto o della domanda (att. 226, 231). Alla domanda giudiziale e equiparato l’atto notificato con il quale la parte, in presenza di compromesso o di clausola compromissoria, dichiara all’altra la propria intenzione di promuovere il procedimento arbitrale, propone la domanda e procede, per quanto le spetta, alla nomina degli arbitri.
56	Art. 2653 Altre domande e atti soggetti a trascrizione a diversi effetti	6. In che modo la trascrizione delle domande di scioglimento della comunione tra coniugi influisce sui diritti dei terzi?	Devono parimenti essere trascritti (att. 225 e seguenti): le domande dirette a rivendicare la proprietà (948 e seguente) o altri diritti reali di godimento (957, 981, 1021 e seguenti) sui beni immobili e le domande dirette all’accertamento dei diritti stessi. La sentenza pronunziata contro il convenuto indicato nella trascrizione della domanda ha effetto anche contro coloro che hanno acquistato diritti dal medesimo in base a un atto trascritto dopo la trascrizione della domanda; la domanda di devoluzione del fondo enfiteutico. La pronunzia di devoluzione ha effetto anche nei confronti di coloro che hanno acquistato diritti dall’enfiteuta in base a un atto trascritto posteriormente alla trascrizione della domanda; le domande e le dichiarazioni di riscatto (1500 e seguenti) nella vendita di beni immobili. Se la trascrizione di tali domande o dichiarazioni è eseguita dopo sessanta giorni dalla scadenza del termine per l’esercizio del riscatto, restano salvi i diritti acquistati dai terzi dopo la scadenza del termine medesimo in base a un atto trascritto o iscritto anteriormente alla trascrizione della domanda o della dichiarazione (att. 227); le domande di separazione degli immobili dotali (202 e seguenti) e quelle di scioglimento della comunione tra coniugi avente per oggetto beni immobili. La sentenza che pronunzia la separazione olo scioglimento non ha effetto a danno dei terzi che, anteriormente alla trascrizione della domanda, hanno validamente acquistato dal marito diritti relativi a beni dotali o a beni della comunione; gli atti e le domande (1165 e seguenti) che interrompono il corso dell’usucapione di beni immobili (2943 e seguenti). L’interruzione non ha effetto riguardo ai terzi che hanno acquistato diritti dal possessore in base a un atto trascritto o iscritto, se non dalla data della trascrizione dell’atto o della domanda (att. 226, 231). Alla domanda giudiziale e equiparato l’atto notificato con il quale la parte, in presenza di compromesso o di clausola compromissoria, dichiara all’altra la propria intenzione di promuovere il procedimento arbitrale, propone la domanda e procede, per quanto le spetta, alla nomina degli arbitri.
57	Art. 2653 Altre domande e atti soggetti a trascrizione a diversi effetti	7. Quali atti e domande interrompono il corso dell’usucapione di beni immobili?	Devono parimenti essere trascritti (att. 225 e seguenti): le domande dirette a rivendicare la proprietà (948 e seguente) o altri diritti reali di godimento (957, 981, 1021 e seguenti) sui beni immobili e le domande dirette all’accertamento dei diritti stessi. La sentenza pronunziata contro il convenuto indicato nella trascrizione della domanda ha effetto anche contro coloro che hanno acquistato diritti dal medesimo in base a un atto trascritto dopo la trascrizione della domanda; la domanda di devoluzione del fondo enfiteutico. La pronunzia di devoluzione ha effetto anche nei confronti di coloro che hanno acquistato diritti dall’enfiteuta in base a un atto trascritto posteriormente alla trascrizione della domanda; le domande e le dichiarazioni di riscatto (1500 e seguenti) nella vendita di beni immobili. Se la trascrizione di tali domande o dichiarazioni è eseguita dopo sessanta giorni dalla scadenza del termine per l’esercizio del riscatto, restano salvi i diritti acquistati dai terzi dopo la scadenza del termine medesimo in base a un atto trascritto o iscritto anteriormente alla trascrizione della domanda o della dichiarazione (att. 227); le domande di separazione degli immobili dotali (202 e seguenti) e quelle di scioglimento della comunione tra coniugi avente per oggetto beni immobili. La sentenza che pronunzia la separazione olo scioglimento non ha effetto a danno dei terzi che, anteriormente alla trascrizione della domanda, hanno validamente acquistato dal marito diritti relativi a beni dotali o a beni della comunione; gli atti e le domande (1165 e seguenti) che interrompono il corso dell’usucapione di beni immobili (2943 e seguenti). L’interruzione non ha effetto riguardo ai terzi che hanno acquistato diritti dal possessore in base a un atto trascritto o iscritto, se non dalla data della trascrizione dell’atto o della domanda (att. 226, 231). Alla domanda giudiziale e equiparato l’atto notificato con il quale la parte, in presenza di compromesso o di clausola compromissoria, dichiara all’altra la propria intenzione di promuovere il procedimento arbitrale, propone la domanda e procede, per quanto le spetta, alla nomina degli arbitri.
58	Art. 2653 Altre domande e atti soggetti a trascrizione a diversi effetti	8. Da quale data l'interruzione dell'usucapione ha effetto riguardo ai terzi che hanno acquistato diritti dal possessore?	Devono parimenti essere trascritti (att. 225 e seguenti): le domande dirette a rivendicare la proprietà (948 e seguente) o altri diritti reali di godimento (957, 981, 1021 e seguenti) sui beni immobili e le domande dirette all’accertamento dei diritti stessi. La sentenza pronunziata contro il convenuto indicato nella trascrizione della domanda ha effetto anche contro coloro che hanno acquistato diritti dal medesimo in base a un atto trascritto dopo la trascrizione della domanda; la domanda di devoluzione del fondo enfiteutico. La pronunzia di devoluzione ha effetto anche nei confronti di coloro che hanno acquistato diritti dall’enfiteuta in base a un atto trascritto posteriormente alla trascrizione della domanda; le domande e le dichiarazioni di riscatto (1500 e seguenti) nella vendita di beni immobili. Se la trascrizione di tali domande o dichiarazioni è eseguita dopo sessanta giorni dalla scadenza del termine per l’esercizio del riscatto, restano salvi i diritti acquistati dai terzi dopo la scadenza del termine medesimo in base a un atto trascritto o iscritto anteriormente alla trascrizione della domanda o della dichiarazione (att. 227); le domande di separazione degli immobili dotali (202 e seguenti) e quelle di scioglimento della comunione tra coniugi avente per oggetto beni immobili. La sentenza che pronunzia la separazione olo scioglimento non ha effetto a danno dei terzi che, anteriormente alla trascrizione della domanda, hanno validamente acquistato dal marito diritti relativi a beni dotali o a beni della comunione; gli atti e le domande (1165 e seguenti) che interrompono il corso dell’usucapione di beni immobili (2943 e seguenti). L’interruzione non ha effetto riguardo ai terzi che hanno acquistato diritti dal possessore in base a un atto trascritto o iscritto, se non dalla data della trascrizione dell’atto o della domanda (att. 226, 231). Alla domanda giudiziale e equiparato l’atto notificato con il quale la parte, in presenza di compromesso o di clausola compromissoria, dichiara all’altra la propria intenzione di promuovere il procedimento arbitrale, propone la domanda e procede, per quanto le spetta, alla nomina degli arbitri.
59	Art. 2653 Altre domande e atti soggetti a trascrizione a diversi effetti	9. Cosa si intende per domanda giudiziale equiparata nel contesto di un compromesso o clausola compromissoria?	Devono parimenti essere trascritti (att. 225 e seguenti): le domande dirette a rivendicare la proprietà (948 e seguente) o altri diritti reali di godimento (957, 981, 1021 e seguenti) sui beni immobili e le domande dirette all’accertamento dei diritti stessi. La sentenza pronunziata contro il convenuto indicato nella trascrizione della domanda ha effetto anche contro coloro che hanno acquistato diritti dal medesimo in base a un atto trascritto dopo la trascrizione della domanda; la domanda di devoluzione del fondo enfiteutico. La pronunzia di devoluzione ha effetto anche nei confronti di coloro che hanno acquistato diritti dall’enfiteuta in base a un atto trascritto posteriormente alla trascrizione della domanda; le domande e le dichiarazioni di riscatto (1500 e seguenti) nella vendita di beni immobili. Se la trascrizione di tali domande o dichiarazioni è eseguita dopo sessanta giorni dalla scadenza del termine per l’esercizio del riscatto, restano salvi i diritti acquistati dai terzi dopo la scadenza del termine medesimo in base a un atto trascritto o iscritto anteriormente alla trascrizione della domanda o della dichiarazione (att. 227); le domande di separazione degli immobili dotali (202 e seguenti) e quelle di scioglimento della comunione tra coniugi avente per oggetto beni immobili. La sentenza che pronunzia la separazione olo scioglimento non ha effetto a danno dei terzi che, anteriormente alla trascrizione della domanda, hanno validamente acquistato dal marito diritti relativi a beni dotali o a beni della comunione; gli atti e le domande (1165 e seguenti) che interrompono il corso dell’usucapione di beni immobili (2943 e seguenti). L’interruzione non ha effetto riguardo ai terzi che hanno acquistato diritti dal possessore in base a un atto trascritto o iscritto, se non dalla data della trascrizione dell’atto o della domanda (att. 226, 231). Alla domanda giudiziale e equiparato l’atto notificato con il quale la parte, in presenza di compromesso o di clausola compromissoria, dichiara all’altra la propria intenzione di promuovere il procedimento arbitrale, propone la domanda e procede, per quanto le spetta, alla nomina degli arbitri.
60	Art. 2653 Altre domande e atti soggetti a trascrizione a diversi effetti	10. Quali azioni deve intraprendere una parte per promuovere un procedimento arbitrale in presenza di un compromesso?	Devono parimenti essere trascritti (att. 225 e seguenti): le domande dirette a rivendicare la proprietà (948 e seguente) o altri diritti reali di godimento (957, 981, 1021 e seguenti) sui beni immobili e le domande dirette all’accertamento dei diritti stessi. La sentenza pronunziata contro il convenuto indicato nella trascrizione della domanda ha effetto anche contro coloro che hanno acquistato diritti dal medesimo in base a un atto trascritto dopo la trascrizione della domanda; la domanda di devoluzione del fondo enfiteutico. La pronunzia di devoluzione ha effetto anche nei confronti di coloro che hanno acquistato diritti dall’enfiteuta in base a un atto trascritto posteriormente alla trascrizione della domanda; le domande e le dichiarazioni di riscatto (1500 e seguenti) nella vendita di beni immobili. Se la trascrizione di tali domande o dichiarazioni è eseguita dopo sessanta giorni dalla scadenza del termine per l’esercizio del riscatto, restano salvi i diritti acquistati dai terzi dopo la scadenza del termine medesimo in base a un atto trascritto o iscritto anteriormente alla trascrizione della domanda o della dichiarazione (att. 227); le domande di separazione degli immobili dotali (202 e seguenti) e quelle di scioglimento della comunione tra coniugi avente per oggetto beni immobili. La sentenza che pronunzia la separazione olo scioglimento non ha effetto a danno dei terzi che, anteriormente alla trascrizione della domanda, hanno validamente acquistato dal marito diritti relativi a beni dotali o a beni della comunione; gli atti e le domande (1165 e seguenti) che interrompono il corso dell’usucapione di beni immobili (2943 e seguenti). L’interruzione non ha effetto riguardo ai terzi che hanno acquistato diritti dal possessore in base a un atto trascritto o iscritto, se non dalla data della trascrizione dell’atto o della domanda (att. 226, 231). Alla domanda giudiziale e equiparato l’atto notificato con il quale la parte, in presenza di compromesso o di clausola compromissoria, dichiara all’altra la propria intenzione di promuovere il procedimento arbitrale, propone la domanda e procede, per quanto le spetta, alla nomina degli arbitri.
61	Art. 2653 Altre domande e atti soggetti a trascrizione a diversi effetti	11. Quali sono le implicazioni per i diritti dei terzi quando un atto è trascritto o iscritto anteriormente alla trascrizione della domanda?	Devono parimenti essere trascritti (att. 225 e seguenti): le domande dirette a rivendicare la proprietà (948 e seguente) o altri diritti reali di godimento (957, 981, 1021 e seguenti) sui beni immobili e le domande dirette all’accertamento dei diritti stessi. La sentenza pronunziata contro il convenuto indicato nella trascrizione della domanda ha effetto anche contro coloro che hanno acquistato diritti dal medesimo in base a un atto trascritto dopo la trascrizione della domanda; la domanda di devoluzione del fondo enfiteutico. La pronunzia di devoluzione ha effetto anche nei confronti di coloro che hanno acquistato diritti dall’enfiteuta in base a un atto trascritto posteriormente alla trascrizione della domanda; le domande e le dichiarazioni di riscatto (1500 e seguenti) nella vendita di beni immobili. Se la trascrizione di tali domande o dichiarazioni è eseguita dopo sessanta giorni dalla scadenza del termine per l’esercizio del riscatto, restano salvi i diritti acquistati dai terzi dopo la scadenza del termine medesimo in base a un atto trascritto o iscritto anteriormente alla trascrizione della domanda o della dichiarazione (att. 227); le domande di separazione degli immobili dotali (202 e seguenti) e quelle di scioglimento della comunione tra coniugi avente per oggetto beni immobili. La sentenza che pronunzia la separazione olo scioglimento non ha effetto a danno dei terzi che, anteriormente alla trascrizione della domanda, hanno validamente acquistato dal marito diritti relativi a beni dotali o a beni della comunione; gli atti e le domande (1165 e seguenti) che interrompono il corso dell’usucapione di beni immobili (2943 e seguenti). L’interruzione non ha effetto riguardo ai terzi che hanno acquistato diritti dal possessore in base a un atto trascritto o iscritto, se non dalla data della trascrizione dell’atto o della domanda (att. 226, 231). Alla domanda giudiziale e equiparato l’atto notificato con il quale la parte, in presenza di compromesso o di clausola compromissoria, dichiara all’altra la propria intenzione di promuovere il procedimento arbitrale, propone la domanda e procede, per quanto le spetta, alla nomina degli arbitri.
62	Art. 2653 Altre domande e atti soggetti a trascrizione a diversi effetti	12. In che modo la nomina degli arbitri è collegata alla trascrizione della domanda giudiziale?	Devono parimenti essere trascritti (att. 225 e seguenti): le domande dirette a rivendicare la proprietà (948 e seguente) o altri diritti reali di godimento (957, 981, 1021 e seguenti) sui beni immobili e le domande dirette all’accertamento dei diritti stessi. La sentenza pronunziata contro il convenuto indicato nella trascrizione della domanda ha effetto anche contro coloro che hanno acquistato diritti dal medesimo in base a un atto trascritto dopo la trascrizione della domanda; la domanda di devoluzione del fondo enfiteutico. La pronunzia di devoluzione ha effetto anche nei confronti di coloro che hanno acquistato diritti dall’enfiteuta in base a un atto trascritto posteriormente alla trascrizione della domanda; le domande e le dichiarazioni di riscatto (1500 e seguenti) nella vendita di beni immobili. Se la trascrizione di tali domande o dichiarazioni è eseguita dopo sessanta giorni dalla scadenza del termine per l’esercizio del riscatto, restano salvi i diritti acquistati dai terzi dopo la scadenza del termine medesimo in base a un atto trascritto o iscritto anteriormente alla trascrizione della domanda o della dichiarazione (att. 227); le domande di separazione degli immobili dotali (202 e seguenti) e quelle di scioglimento della comunione tra coniugi avente per oggetto beni immobili. La sentenza che pronunzia la separazione olo scioglimento non ha effetto a danno dei terzi che, anteriormente alla trascrizione della domanda, hanno validamente acquistato dal marito diritti relativi a beni dotali o a beni della comunione; gli atti e le domande (1165 e seguenti) che interrompono il corso dell’usucapione di beni immobili (2943 e seguenti). L’interruzione non ha effetto riguardo ai terzi che hanno acquistato diritti dal possessore in base a un atto trascritto o iscritto, se non dalla data della trascrizione dell’atto o della domanda (att. 226, 231). Alla domanda giudiziale e equiparato l’atto notificato con il quale la parte, in presenza di compromesso o di clausola compromissoria, dichiara all’altra la propria intenzione di promuovere il procedimento arbitrale, propone la domanda e procede, per quanto le spetta, alla nomina degli arbitri.
63	Art. 2654 Annotazione di domande o atti soggetti a trascrizione	1. Qual è la procedura da seguire quando un atto trascritto o iscritto è oggetto di una nuova trascrizione o domanda?	La trascrizione degli atti e delle domande indicati dai due articoli precedenti dev’essere anche annotata in margine alla trascrizione o iscrizione, quando si riferisce a un atto trascritto o iscritto.
64	Art. 2655 Annotazione di atti e di sentenze	1. Quali sono le conseguenze se un atto trascritto o iscritto viene dichiarato nullo, annullato, risoluto, rescisso o revocato?	Qualora un atto trascritto o iscritto sia dichiarato nullo (1418 e seguenti) o sia annullato (1425 e seguenti), risoluto (1453 e seguenti), rescisso (1447 e seguenti) o revocato (2901 e seguenti) o sia soggetto a condizione risolutiva, la dichiarazione di nullità e, rispettivamente, l’annullamento, la risoluzione, la rescissione, la revocazione, l’avveramento della condizione devono annotarsi in margine alla trascrizione o all’iscrizione dell’atto. Si deve del pari annotare, in margine alla trascrizione della relativa domanda, la sentenza di devoluzione del fondo enfiteutico. Se tali annotazioni non sono eseguite, non producono effetto le successive trascrizioni o iscrizioni a carico di colui che ha ottenuto la dichiarazione di nullità o l’annullamento, la risoluzione, la rescissione, la revoca o la devoluzione o a favore del quale si è avverata la condizione. Eseguita l’annotazione, le trascrizioni o iscrizioni già compiute hanno il loro effetto secondo l’ordine rispettivo. L’annotazione si opera in base alla sentenza o alla convenzione da cui risulta uno dei fatti sopra indicati; se si tratta di condizione, può eseguirsi in virtù della dichiarazione unilaterale del contraente in danno del quale la condizione stessa si è verificata.
65	Art. 2655 Annotazione di atti e di sentenze	2. Cosa deve essere annotato in margine alla trascrizione o all'iscrizione di un atto soggetto a condizione risolutiva?	Qualora un atto trascritto o iscritto sia dichiarato nullo (1418 e seguenti) o sia annullato (1425 e seguenti), risoluto (1453 e seguenti), rescisso (1447 e seguenti) o revocato (2901 e seguenti) o sia soggetto a condizione risolutiva, la dichiarazione di nullità e, rispettivamente, l’annullamento, la risoluzione, la rescissione, la revocazione, l’avveramento della condizione devono annotarsi in margine alla trascrizione o all’iscrizione dell’atto. Si deve del pari annotare, in margine alla trascrizione della relativa domanda, la sentenza di devoluzione del fondo enfiteutico. Se tali annotazioni non sono eseguite, non producono effetto le successive trascrizioni o iscrizioni a carico di colui che ha ottenuto la dichiarazione di nullità o l’annullamento, la risoluzione, la rescissione, la revoca o la devoluzione o a favore del quale si è avverata la condizione. Eseguita l’annotazione, le trascrizioni o iscrizioni già compiute hanno il loro effetto secondo l’ordine rispettivo. L’annotazione si opera in base alla sentenza o alla convenzione da cui risulta uno dei fatti sopra indicati; se si tratta di condizione, può eseguirsi in virtù della dichiarazione unilaterale del contraente in danno del quale la condizione stessa si è verificata.
66	Art. 2655 Annotazione di atti e di sentenze	3. Qual è l'effetto delle trascrizioni o iscrizioni successive se le annotazioni richieste non vengono eseguite?	Qualora un atto trascritto o iscritto sia dichiarato nullo (1418 e seguenti) o sia annullato (1425 e seguenti), risoluto (1453 e seguenti), rescisso (1447 e seguenti) o revocato (2901 e seguenti) o sia soggetto a condizione risolutiva, la dichiarazione di nullità e, rispettivamente, l’annullamento, la risoluzione, la rescissione, la revocazione, l’avveramento della condizione devono annotarsi in margine alla trascrizione o all’iscrizione dell’atto. Si deve del pari annotare, in margine alla trascrizione della relativa domanda, la sentenza di devoluzione del fondo enfiteutico. Se tali annotazioni non sono eseguite, non producono effetto le successive trascrizioni o iscrizioni a carico di colui che ha ottenuto la dichiarazione di nullità o l’annullamento, la risoluzione, la rescissione, la revoca o la devoluzione o a favore del quale si è avverata la condizione. Eseguita l’annotazione, le trascrizioni o iscrizioni già compiute hanno il loro effetto secondo l’ordine rispettivo. L’annotazione si opera in base alla sentenza o alla convenzione da cui risulta uno dei fatti sopra indicati; se si tratta di condizione, può eseguirsi in virtù della dichiarazione unilaterale del contraente in danno del quale la condizione stessa si è verificata.
67	Art. 2655 Annotazione di atti e di sentenze	4. In che modo le trascrizioni o iscrizioni già compiute acquisiscono effetto dopo l'esecuzione dell'annotazione?	Qualora un atto trascritto o iscritto sia dichiarato nullo (1418 e seguenti) o sia annullato (1425 e seguenti), risoluto (1453 e seguenti), rescisso (1447 e seguenti) o revocato (2901 e seguenti) o sia soggetto a condizione risolutiva, la dichiarazione di nullità e, rispettivamente, l’annullamento, la risoluzione, la rescissione, la revocazione, l’avveramento della condizione devono annotarsi in margine alla trascrizione o all’iscrizione dell’atto. Si deve del pari annotare, in margine alla trascrizione della relativa domanda, la sentenza di devoluzione del fondo enfiteutico. Se tali annotazioni non sono eseguite, non producono effetto le successive trascrizioni o iscrizioni a carico di colui che ha ottenuto la dichiarazione di nullità o l’annullamento, la risoluzione, la rescissione, la revoca o la devoluzione o a favore del quale si è avverata la condizione. Eseguita l’annotazione, le trascrizioni o iscrizioni già compiute hanno il loro effetto secondo l’ordine rispettivo. L’annotazione si opera in base alla sentenza o alla convenzione da cui risulta uno dei fatti sopra indicati; se si tratta di condizione, può eseguirsi in virtù della dichiarazione unilaterale del contraente in danno del quale la condizione stessa si è verificata.
68	Art. 2655 Annotazione di atti e di sentenze	5. Su quale base si opera l'annotazione di nullità, annullamento, risoluzione, rescissione, revoca o devoluzione?	Qualora un atto trascritto o iscritto sia dichiarato nullo (1418 e seguenti) o sia annullato (1425 e seguenti), risoluto (1453 e seguenti), rescisso (1447 e seguenti) o revocato (2901 e seguenti) o sia soggetto a condizione risolutiva, la dichiarazione di nullità e, rispettivamente, l’annullamento, la risoluzione, la rescissione, la revocazione, l’avveramento della condizione devono annotarsi in margine alla trascrizione o all’iscrizione dell’atto. Si deve del pari annotare, in margine alla trascrizione della relativa domanda, la sentenza di devoluzione del fondo enfiteutico. Se tali annotazioni non sono eseguite, non producono effetto le successive trascrizioni o iscrizioni a carico di colui che ha ottenuto la dichiarazione di nullità o l’annullamento, la risoluzione, la rescissione, la revoca o la devoluzione o a favore del quale si è avverata la condizione. Eseguita l’annotazione, le trascrizioni o iscrizioni già compiute hanno il loro effetto secondo l’ordine rispettivo. L’annotazione si opera in base alla sentenza o alla convenzione da cui risulta uno dei fatti sopra indicati; se si tratta di condizione, può eseguirsi in virtù della dichiarazione unilaterale del contraente in danno del quale la condizione stessa si è verificata.
69	Art. 2655 Annotazione di atti e di sentenze	6. Come può essere eseguita l'annotazione in caso di condizione risolutiva?	Qualora un atto trascritto o iscritto sia dichiarato nullo (1418 e seguenti) o sia annullato (1425 e seguenti), risoluto (1453 e seguenti), rescisso (1447 e seguenti) o revocato (2901 e seguenti) o sia soggetto a condizione risolutiva, la dichiarazione di nullità e, rispettivamente, l’annullamento, la risoluzione, la rescissione, la revocazione, l’avveramento della condizione devono annotarsi in margine alla trascrizione o all’iscrizione dell’atto. Si deve del pari annotare, in margine alla trascrizione della relativa domanda, la sentenza di devoluzione del fondo enfiteutico. Se tali annotazioni non sono eseguite, non producono effetto le successive trascrizioni o iscrizioni a carico di colui che ha ottenuto la dichiarazione di nullità o l’annullamento, la risoluzione, la rescissione, la revoca o la devoluzione o a favore del quale si è avverata la condizione. Eseguita l’annotazione, le trascrizioni o iscrizioni già compiute hanno il loro effetto secondo l’ordine rispettivo. L’annotazione si opera in base alla sentenza o alla convenzione da cui risulta uno dei fatti sopra indicati; se si tratta di condizione, può eseguirsi in virtù della dichiarazione unilaterale del contraente in danno del quale la condizione stessa si è verificata.
70	Art. 2656 Forme per l’annotazione	1. Quali sono le norme stabilite dagli articoli seguenti per la trascrizione che si applicano all'annotazione?	L’annotazione si esegue secondo le norme stabilite dagli articoli seguenti per la trascrizione in quanto applicabili.
71	Art. 2658 Atti da presentare al conservatore	1. Quali documenti devono essere presentati al conservatore dei registri immobiliari per la trascrizione di atti pubblici o sentenze?	La parte che domanda la trascrizione del titolo deve presentare al conservatore dei registri immobiliari copia autenticata, se si tratta di atti pubblici o di sentenze, e, se si tratta di scritture private, deve presentare l’originale, salvo che questo si trovi depositato in un pubblico archivio o negli atti di un notaio. In questo caso basta la presentazione di una copia autenticata dall’archivista o dal notaio dalla quale risulti che la scrittura ha i requisiti indicati dall’articolo precedente. Per la trascrizione di una domanda giudiziale occorre presentare copia autentica del documento che la contiene, munito della relazione di notifica alla controparte.
72	Art. 2658 Atti da presentare al conservatore	2. Cosa è necessario presentare per la trascrizione di una scrittura privata depositata in un pubblico archivio o negli atti di un notaio?	La parte che domanda la trascrizione del titolo deve presentare al conservatore dei registri immobiliari copia autenticata, se si tratta di atti pubblici o di sentenze, e, se si tratta di scritture private, deve presentare l’originale, salvo che questo si trovi depositato in un pubblico archivio o negli atti di un notaio. In questo caso basta la presentazione di una copia autenticata dall’archivista o dal notaio dalla quale risulti che la scrittura ha i requisiti indicati dall’articolo precedente. Per la trascrizione di una domanda giudiziale occorre presentare copia autentica del documento che la contiene, munito della relazione di notifica alla controparte.
73	Art. 2658 Atti da presentare al conservatore	3. Quali sono i requisiti per la trascrizione di una domanda giudiziale?	La parte che domanda la trascrizione del titolo deve presentare al conservatore dei registri immobiliari copia autenticata, se si tratta di atti pubblici o di sentenze, e, se si tratta di scritture private, deve presentare l’originale, salvo che questo si trovi depositato in un pubblico archivio o negli atti di un notaio. In questo caso basta la presentazione di una copia autenticata dall’archivista o dal notaio dalla quale risulti che la scrittura ha i requisiti indicati dall’articolo precedente. Per la trascrizione di una domanda giudiziale occorre presentare copia autentica del documento che la contiene, munito della relazione di notifica alla controparte.
74	Art. 2659 Nota di trascrizione	1. Quali informazioni devono essere incluse nella nota in doppio originale presentata al conservatore dei registri immobiliari per la trascrizione di un atto tra vivi?	Chi domanda la trascrizione di un atto tra vivi deve presentare al conservatore dei registri immobiliari, insieme con la copia del titolo, una nota in doppio originale, nella quale devono essere indicati: il cognome ed il nome, il luogo e la data di nascita e il numero di codice fiscale delle parti, nonché il regime patrimoniale delle stesse, se coniugate, secondo quanto risulta da loro dichiarazione resa nel titolo o da certificato dell’ufficiale di stato civile, la denominazione o la ragione sociale, la sede e il numero di codice fiscale delle persone giuridiche, delle società previste dai capi II, III e IV del titolo V del libro quinto e delle associazioni non riconosciute, con l’indicazione, per queste ultime e per le società semplici, anche delle generalità delle persone che le rappresentano secondo l’atto costitutivo; il titolo di cui si chiede la trascrizione e la data del medesimo; il cognome e il nome del pubblico ufficiale che ha ricevuto l’atto o autenticato le firme, o l’autorità giudiziaria che ha pronunciato la sentenza; la natura e la situazione dei beni a cui si riferisce il titolo, con le indicazioni richieste dall’art. 2826. Se l’acquisto, la rinunzia o la modificazione del diritto sono sottoposti a termine o a condizione, se ne deve fare menzione nella nota di trascrizione. Tale menzione non è necessaria se, al momento in cui l’atto si trascrive, la condizione sospensiva si è verificata o la condizione risolutiva è mancata ovvero il termine iniziale è scaduto.
75	Art. 2659 Nota di trascrizione	2. Quali dati devono essere forniti riguardo alle persone giuridiche nella nota di trascrizione?	Chi domanda la trascrizione di un atto tra vivi deve presentare al conservatore dei registri immobiliari, insieme con la copia del titolo, una nota in doppio originale, nella quale devono essere indicati: il cognome ed il nome, il luogo e la data di nascita e il numero di codice fiscale delle parti, nonché il regime patrimoniale delle stesse, se coniugate, secondo quanto risulta da loro dichiarazione resa nel titolo o da certificato dell’ufficiale di stato civile, la denominazione o la ragione sociale, la sede e il numero di codice fiscale delle persone giuridiche, delle società previste dai capi II, III e IV del titolo V del libro quinto e delle associazioni non riconosciute, con l’indicazione, per queste ultime e per le società semplici, anche delle generalità delle persone che le rappresentano secondo l’atto costitutivo; il titolo di cui si chiede la trascrizione e la data del medesimo; il cognome e il nome del pubblico ufficiale che ha ricevuto l’atto o autenticato le firme, o l’autorità giudiziaria che ha pronunciato la sentenza; la natura e la situazione dei beni a cui si riferisce il titolo, con le indicazioni richieste dall’art. 2826. Se l’acquisto, la rinunzia o la modificazione del diritto sono sottoposti a termine o a condizione, se ne deve fare menzione nella nota di trascrizione. Tale menzione non è necessaria se, al momento in cui l’atto si trascrive, la condizione sospensiva si è verificata o la condizione risolutiva è mancata ovvero il termine iniziale è scaduto.
76	Art. 2659 Nota di trascrizione	3. Cosa deve essere indicato nella nota di trascrizione se le parti sono coniugate?	Chi domanda la trascrizione di un atto tra vivi deve presentare al conservatore dei registri immobiliari, insieme con la copia del titolo, una nota in doppio originale, nella quale devono essere indicati: il cognome ed il nome, il luogo e la data di nascita e il numero di codice fiscale delle parti, nonché il regime patrimoniale delle stesse, se coniugate, secondo quanto risulta da loro dichiarazione resa nel titolo o da certificato dell’ufficiale di stato civile, la denominazione o la ragione sociale, la sede e il numero di codice fiscale delle persone giuridiche, delle società previste dai capi II, III e IV del titolo V del libro quinto e delle associazioni non riconosciute, con l’indicazione, per queste ultime e per le società semplici, anche delle generalità delle persone che le rappresentano secondo l’atto costitutivo; il titolo di cui si chiede la trascrizione e la data del medesimo; il cognome e il nome del pubblico ufficiale che ha ricevuto l’atto o autenticato le firme, o l’autorità giudiziaria che ha pronunciato la sentenza; la natura e la situazione dei beni a cui si riferisce il titolo, con le indicazioni richieste dall’art. 2826. Se l’acquisto, la rinunzia o la modificazione del diritto sono sottoposti a termine o a condizione, se ne deve fare menzione nella nota di trascrizione. Tale menzione non è necessaria se, al momento in cui l’atto si trascrive, la condizione sospensiva si è verificata o la condizione risolutiva è mancata ovvero il termine iniziale è scaduto.
77	Art. 2659 Nota di trascrizione	4. Quali dettagli devono essere specificati riguardo al pubblico ufficiale nella nota di trascrizione?	Chi domanda la trascrizione di un atto tra vivi deve presentare al conservatore dei registri immobiliari, insieme con la copia del titolo, una nota in doppio originale, nella quale devono essere indicati: il cognome ed il nome, il luogo e la data di nascita e il numero di codice fiscale delle parti, nonché il regime patrimoniale delle stesse, se coniugate, secondo quanto risulta da loro dichiarazione resa nel titolo o da certificato dell’ufficiale di stato civile, la denominazione o la ragione sociale, la sede e il numero di codice fiscale delle persone giuridiche, delle società previste dai capi II, III e IV del titolo V del libro quinto e delle associazioni non riconosciute, con l’indicazione, per queste ultime e per le società semplici, anche delle generalità delle persone che le rappresentano secondo l’atto costitutivo; il titolo di cui si chiede la trascrizione e la data del medesimo; il cognome e il nome del pubblico ufficiale che ha ricevuto l’atto o autenticato le firme, o l’autorità giudiziaria che ha pronunciato la sentenza; la natura e la situazione dei beni a cui si riferisce il titolo, con le indicazioni richieste dall’art. 2826. Se l’acquisto, la rinunzia o la modificazione del diritto sono sottoposti a termine o a condizione, se ne deve fare menzione nella nota di trascrizione. Tale menzione non è necessaria se, al momento in cui l’atto si trascrive, la condizione sospensiva si è verificata o la condizione risolutiva è mancata ovvero il termine iniziale è scaduto.
78	Art. 2659 Nota di trascrizione	5. In quali circostanze non è necessaria la menzione di termini o condizioni nella nota di trascrizione?	Chi domanda la trascrizione di un atto tra vivi deve presentare al conservatore dei registri immobiliari, insieme con la copia del titolo, una nota in doppio originale, nella quale devono essere indicati: il cognome ed il nome, il luogo e la data di nascita e il numero di codice fiscale delle parti, nonché il regime patrimoniale delle stesse, se coniugate, secondo quanto risulta da loro dichiarazione resa nel titolo o da certificato dell’ufficiale di stato civile, la denominazione o la ragione sociale, la sede e il numero di codice fiscale delle persone giuridiche, delle società previste dai capi II, III e IV del titolo V del libro quinto e delle associazioni non riconosciute, con l’indicazione, per queste ultime e per le società semplici, anche delle generalità delle persone che le rappresentano secondo l’atto costitutivo; il titolo di cui si chiede la trascrizione e la data del medesimo; il cognome e il nome del pubblico ufficiale che ha ricevuto l’atto o autenticato le firme, o l’autorità giudiziaria che ha pronunciato la sentenza; la natura e la situazione dei beni a cui si riferisce il titolo, con le indicazioni richieste dall’art. 2826. Se l’acquisto, la rinunzia o la modificazione del diritto sono sottoposti a termine o a condizione, se ne deve fare menzione nella nota di trascrizione. Tale menzione non è necessaria se, al momento in cui l’atto si trascrive, la condizione sospensiva si è verificata o la condizione risolutiva è mancata ovvero il termine iniziale è scaduto.
79	Art. 2659 Nota di trascrizione	6. Quali informazioni devono essere fornite riguardo alla natura e alla situazione dei beni nella nota di trascrizione?	Chi domanda la trascrizione di un atto tra vivi deve presentare al conservatore dei registri immobiliari, insieme con la copia del titolo, una nota in doppio originale, nella quale devono essere indicati: il cognome ed il nome, il luogo e la data di nascita e il numero di codice fiscale delle parti, nonché il regime patrimoniale delle stesse, se coniugate, secondo quanto risulta da loro dichiarazione resa nel titolo o da certificato dell’ufficiale di stato civile, la denominazione o la ragione sociale, la sede e il numero di codice fiscale delle persone giuridiche, delle società previste dai capi II, III e IV del titolo V del libro quinto e delle associazioni non riconosciute, con l’indicazione, per queste ultime e per le società semplici, anche delle generalità delle persone che le rappresentano secondo l’atto costitutivo; il titolo di cui si chiede la trascrizione e la data del medesimo; il cognome e il nome del pubblico ufficiale che ha ricevuto l’atto o autenticato le firme, o l’autorità giudiziaria che ha pronunciato la sentenza; la natura e la situazione dei beni a cui si riferisce il titolo, con le indicazioni richieste dall’art. 2826. Se l’acquisto, la rinunzia o la modificazione del diritto sono sottoposti a termine o a condizione, se ne deve fare menzione nella nota di trascrizione. Tale menzione non è necessaria se, al momento in cui l’atto si trascrive, la condizione sospensiva si è verificata o la condizione risolutiva è mancata ovvero il termine iniziale è scaduto.
80	Art. 2659 Nota di trascrizione	7. Cosa deve essere fatto se l'acquisto, la rinunzia o la modificazione del diritto sono sottoposti a termine o a condizione?	Chi domanda la trascrizione di un atto tra vivi deve presentare al conservatore dei registri immobiliari, insieme con la copia del titolo, una nota in doppio originale, nella quale devono essere indicati: il cognome ed il nome, il luogo e la data di nascita e il numero di codice fiscale delle parti, nonché il regime patrimoniale delle stesse, se coniugate, secondo quanto risulta da loro dichiarazione resa nel titolo o da certificato dell’ufficiale di stato civile, la denominazione o la ragione sociale, la sede e il numero di codice fiscale delle persone giuridiche, delle società previste dai capi II, III e IV del titolo V del libro quinto e delle associazioni non riconosciute, con l’indicazione, per queste ultime e per le società semplici, anche delle generalità delle persone che le rappresentano secondo l’atto costitutivo; il titolo di cui si chiede la trascrizione e la data del medesimo; il cognome e il nome del pubblico ufficiale che ha ricevuto l’atto o autenticato le firme, o l’autorità giudiziaria che ha pronunciato la sentenza; la natura e la situazione dei beni a cui si riferisce il titolo, con le indicazioni richieste dall’art. 2826. Se l’acquisto, la rinunzia o la modificazione del diritto sono sottoposti a termine o a condizione, se ne deve fare menzione nella nota di trascrizione. Tale menzione non è necessaria se, al momento in cui l’atto si trascrive, la condizione sospensiva si è verificata o la condizione risolutiva è mancata ovvero il termine iniziale è scaduto.
81	Art. 2660 Trascrizione degli acquisti a causa di morte	1. Quali documenti devono essere presentati per la trascrizione di un acquisto a causa di morte?	Chi domanda la trascrizione di un acquisto a causa di morte deve presentare, oltre l’atto indicato dall’art. 2648, il certificato di morte dell’autore della successione e una copia o un estratto autentico del testamento, se l’acquisto segue in base a esso. Deve anche presentare una nota in doppio originale con le seguenti indicazioni: il cognome e il nome, il luogo e la data di nascita dell’erede o legatario e del defunto; la data di morte; se la successione è devoluta per legge il vincolo che univa all’autore il chiamato e la quota a questo spettante; se la successione è devoluta per testamento, la forma e la data del medesimo, il nome del pubblico ufficiale che l’ha ricevuto o che l’ha in deposito; la natura e la situazione dei beni con le indicazioni richieste dall’art. 2826; la condizione o il termine qualora siano apposti alla disposizione testamentaria, salvo il caso contemplato dal secondo comma del precedente articolo nonché la sostituzione fidecommissaria, qualora sia stata disposta a norma dell’art. 692.
82	Art. 2660 Trascrizione degli acquisti a causa di morte	2. Cosa deve includere la nota in doppio originale per la trascrizione di un acquisto a causa di morte?	Chi domanda la trascrizione di un acquisto a causa di morte deve presentare, oltre l’atto indicato dall’art. 2648, il certificato di morte dell’autore della successione e una copia o un estratto autentico del testamento, se l’acquisto segue in base a esso. Deve anche presentare una nota in doppio originale con le seguenti indicazioni: il cognome e il nome, il luogo e la data di nascita dell’erede o legatario e del defunto; la data di morte; se la successione è devoluta per legge il vincolo che univa all’autore il chiamato e la quota a questo spettante; se la successione è devoluta per testamento, la forma e la data del medesimo, il nome del pubblico ufficiale che l’ha ricevuto o che l’ha in deposito; la natura e la situazione dei beni con le indicazioni richieste dall’art. 2826; la condizione o il termine qualora siano apposti alla disposizione testamentaria, salvo il caso contemplato dal secondo comma del precedente articolo nonché la sostituzione fidecommissaria, qualora sia stata disposta a norma dell’art. 692.
83	Art. 2660 Trascrizione degli acquisti a causa di morte	3. Quali informazioni devono essere fornite riguardo all'erede o legatario e al defunto nella nota per la trascrizione?	Chi domanda la trascrizione di un acquisto a causa di morte deve presentare, oltre l’atto indicato dall’art. 2648, il certificato di morte dell’autore della successione e una copia o un estratto autentico del testamento, se l’acquisto segue in base a esso. Deve anche presentare una nota in doppio originale con le seguenti indicazioni: il cognome e il nome, il luogo e la data di nascita dell’erede o legatario e del defunto; la data di morte; se la successione è devoluta per legge il vincolo che univa all’autore il chiamato e la quota a questo spettante; se la successione è devoluta per testamento, la forma e la data del medesimo, il nome del pubblico ufficiale che l’ha ricevuto o che l’ha in deposito; la natura e la situazione dei beni con le indicazioni richieste dall’art. 2826; la condizione o il termine qualora siano apposti alla disposizione testamentaria, salvo il caso contemplato dal secondo comma del precedente articolo nonché la sostituzione fidecommissaria, qualora sia stata disposta a norma dell’art. 692.
84	Art. 2660 Trascrizione degli acquisti a causa di morte	4. Quali dettagli devono essere specificati se la successione è devoluta per legge?	Chi domanda la trascrizione di un acquisto a causa di morte deve presentare, oltre l’atto indicato dall’art. 2648, il certificato di morte dell’autore della successione e una copia o un estratto autentico del testamento, se l’acquisto segue in base a esso. Deve anche presentare una nota in doppio originale con le seguenti indicazioni: il cognome e il nome, il luogo e la data di nascita dell’erede o legatario e del defunto; la data di morte; se la successione è devoluta per legge il vincolo che univa all’autore il chiamato e la quota a questo spettante; se la successione è devoluta per testamento, la forma e la data del medesimo, il nome del pubblico ufficiale che l’ha ricevuto o che l’ha in deposito; la natura e la situazione dei beni con le indicazioni richieste dall’art. 2826; la condizione o il termine qualora siano apposti alla disposizione testamentaria, salvo il caso contemplato dal secondo comma del precedente articolo nonché la sostituzione fidecommissaria, qualora sia stata disposta a norma dell’art. 692.
85	Art. 2660 Trascrizione degli acquisti a causa di morte	5. Quali informazioni devono essere incluse se la successione è devoluta per testamento?	Chi domanda la trascrizione di un acquisto a causa di morte deve presentare, oltre l’atto indicato dall’art. 2648, il certificato di morte dell’autore della successione e una copia o un estratto autentico del testamento, se l’acquisto segue in base a esso. Deve anche presentare una nota in doppio originale con le seguenti indicazioni: il cognome e il nome, il luogo e la data di nascita dell’erede o legatario e del defunto; la data di morte; se la successione è devoluta per legge il vincolo che univa all’autore il chiamato e la quota a questo spettante; se la successione è devoluta per testamento, la forma e la data del medesimo, il nome del pubblico ufficiale che l’ha ricevuto o che l’ha in deposito; la natura e la situazione dei beni con le indicazioni richieste dall’art. 2826; la condizione o il termine qualora siano apposti alla disposizione testamentaria, salvo il caso contemplato dal secondo comma del precedente articolo nonché la sostituzione fidecommissaria, qualora sia stata disposta a norma dell’art. 692.
86	Art. 2660 Trascrizione degli acquisti a causa di morte	6. Quali indicazioni sono richieste riguardo alla natura e alla situazione dei beni?	Chi domanda la trascrizione di un acquisto a causa di morte deve presentare, oltre l’atto indicato dall’art. 2648, il certificato di morte dell’autore della successione e una copia o un estratto autentico del testamento, se l’acquisto segue in base a esso. Deve anche presentare una nota in doppio originale con le seguenti indicazioni: il cognome e il nome, il luogo e la data di nascita dell’erede o legatario e del defunto; la data di morte; se la successione è devoluta per legge il vincolo che univa all’autore il chiamato e la quota a questo spettante; se la successione è devoluta per testamento, la forma e la data del medesimo, il nome del pubblico ufficiale che l’ha ricevuto o che l’ha in deposito; la natura e la situazione dei beni con le indicazioni richieste dall’art. 2826; la condizione o il termine qualora siano apposti alla disposizione testamentaria, salvo il caso contemplato dal secondo comma del precedente articolo nonché la sostituzione fidecommissaria, qualora sia stata disposta a norma dell’art. 692.
87	Art. 2660 Trascrizione degli acquisti a causa di morte	7. In quali casi devono essere specificate la condizione o il termine nella disposizione testamentaria?	Chi domanda la trascrizione di un acquisto a causa di morte deve presentare, oltre l’atto indicato dall’art. 2648, il certificato di morte dell’autore della successione e una copia o un estratto autentico del testamento, se l’acquisto segue in base a esso. Deve anche presentare una nota in doppio originale con le seguenti indicazioni: il cognome e il nome, il luogo e la data di nascita dell’erede o legatario e del defunto; la data di morte; se la successione è devoluta per legge il vincolo che univa all’autore il chiamato e la quota a questo spettante; se la successione è devoluta per testamento, la forma e la data del medesimo, il nome del pubblico ufficiale che l’ha ricevuto o che l’ha in deposito; la natura e la situazione dei beni con le indicazioni richieste dall’art. 2826; la condizione o il termine qualora siano apposti alla disposizione testamentaria, salvo il caso contemplato dal secondo comma del precedente articolo nonché la sostituzione fidecommissaria, qualora sia stata disposta a norma dell’art. 692.
88	Art. 2660 Trascrizione degli acquisti a causa di morte	8. Quando deve essere indicata la sostituzione fidecommissaria nella trascrizione di un acquisto a causa di morte?	Chi domanda la trascrizione di un acquisto a causa di morte deve presentare, oltre l’atto indicato dall’art. 2648, il certificato di morte dell’autore della successione e una copia o un estratto autentico del testamento, se l’acquisto segue in base a esso. Deve anche presentare una nota in doppio originale con le seguenti indicazioni: il cognome e il nome, il luogo e la data di nascita dell’erede o legatario e del defunto; la data di morte; se la successione è devoluta per legge il vincolo che univa all’autore il chiamato e la quota a questo spettante; se la successione è devoluta per testamento, la forma e la data del medesimo, il nome del pubblico ufficiale che l’ha ricevuto o che l’ha in deposito; la natura e la situazione dei beni con le indicazioni richieste dall’art. 2826; la condizione o il termine qualora siano apposti alla disposizione testamentaria, salvo il caso contemplato dal secondo comma del precedente articolo nonché la sostituzione fidecommissaria, qualora sia stata disposta a norma dell’art. 692.
89	Art. 2661 Ulteriori trascrizioni in base allo stesso titolo	1. Quali documenti devono essere presentati quando si richiede la trascrizione di un acquisto a causa di morte se per la stessa successione è già stato trascritto un altro acquisto?	Quando si domanda la trascrizione di un acquisto a causa di morte e per la stessa successione è stato già trascritto altro acquisto in base allo stesso titolo, basta presentare l’atto di accettazione (470 e seguenti) se si tratta di acquisto a titolo di erede. Deve essere anche indicata la trascrizione anteriormente eseguita, se si tratta dello stesso ufficio, e, se si tratta di ufficio diverso, deve essere presentato il certificato della trascrizione medesima. Se chi ha trascritto anteriormente ha presentato un estratto del testamento, alla domanda di nuova trascrizione deve essere allegato, qualora occorra, un altro estratto o la copia dell’intero testamento.
90	Art. 2661 Ulteriori trascrizioni in base allo stesso titolo	2. Cosa deve essere indicato se la trascrizione è eseguita nello stesso ufficio rispetto a una precedente trascrizione?	Quando si domanda la trascrizione di un acquisto a causa di morte e per la stessa successione è stato già trascritto altro acquisto in base allo stesso titolo, basta presentare l’atto di accettazione (470 e seguenti) se si tratta di acquisto a titolo di erede. Deve essere anche indicata la trascrizione anteriormente eseguita, se si tratta dello stesso ufficio, e, se si tratta di ufficio diverso, deve essere presentato il certificato della trascrizione medesima. Se chi ha trascritto anteriormente ha presentato un estratto del testamento, alla domanda di nuova trascrizione deve essere allegato, qualora occorra, un altro estratto o la copia dell’intero testamento.
91	Art. 2661 Ulteriori trascrizioni in base allo stesso titolo	3. Quali documenti devono essere allegati alla domanda di nuova trascrizione se chi ha trascritto anteriormente ha presentato un estratto del testamento?	Quando si domanda la trascrizione di un acquisto a causa di morte e per la stessa successione è stato già trascritto altro acquisto in base allo stesso titolo, basta presentare l’atto di accettazione (470 e seguenti) se si tratta di acquisto a titolo di erede. Deve essere anche indicata la trascrizione anteriormente eseguita, se si tratta dello stesso ufficio, e, se si tratta di ufficio diverso, deve essere presentato il certificato della trascrizione medesima. Se chi ha trascritto anteriormente ha presentato un estratto del testamento, alla domanda di nuova trascrizione deve essere allegato, qualora occorra, un altro estratto o la copia dell’intero testamento.
92	Art. 2662 Trascrizione di acquisto a causa di morte in luogo di altri chiamati	1. Quali documenti devono essere presentati per la trascrizione dell'acquisto a causa di morte collegato alla rinunzia o alla morte di uno dei chiamati?	Qualora l’acquisto a causa di morte si colleghi alla rinunzia (519 e seguenti) o alla morte di uno dei chiamati, chi domanda la trascrizione deve presentare il documento comprovante la morte o la rinunzia, facendone menzione nella nota. Se invece l’acquisto dipende da altra ragione che impedisce ad alcuno dei chiamati di succedere (70, 463 e seguenti), non è necessario esibire un documento che giustifichi la ragione stessa, ma il richiedente risponde dei danni, quando le sue dichiarazioni non corrispondono a verità. Qualora alcuna delle cause di impedimento sopra indicate si sia constatata dopo la trascrizione dell’acquisto a causa di morte, essa si annota in margine alla trascrizione stessa, purché risulti da regolare documento.
93	Art. 2662 Trascrizione di acquisto a causa di morte in luogo di altri chiamati	2. È necessario esibire un documento giustificativo quando l'acquisto dipende da una ragione diversa che impedisce ad alcuno dei chiamati di succedere?	Qualora l’acquisto a causa di morte si colleghi alla rinunzia (519 e seguenti) o alla morte di uno dei chiamati, chi domanda la trascrizione deve presentare il documento comprovante la morte o la rinunzia, facendone menzione nella nota. Se invece l’acquisto dipende da altra ragione che impedisce ad alcuno dei chiamati di succedere (70, 463 e seguenti), non è necessario esibire un documento che giustifichi la ragione stessa, ma il richiedente risponde dei danni, quando le sue dichiarazioni non corrispondono a verità. Qualora alcuna delle cause di impedimento sopra indicate si sia constatata dopo la trascrizione dell’acquisto a causa di morte, essa si annota in margine alla trascrizione stessa, purché risulti da regolare documento.
94	Art. 2662 Trascrizione di acquisto a causa di morte in luogo di altri chiamati	3. Cosa accade se una causa di impedimento si constata dopo la trascrizione dell'acquisto a causa di morte?	Qualora l’acquisto a causa di morte si colleghi alla rinunzia (519 e seguenti) o alla morte di uno dei chiamati, chi domanda la trascrizione deve presentare il documento comprovante la morte o la rinunzia, facendone menzione nella nota. Se invece l’acquisto dipende da altra ragione che impedisce ad alcuno dei chiamati di succedere (70, 463 e seguenti), non è necessario esibire un documento che giustifichi la ragione stessa, ma il richiedente risponde dei danni, quando le sue dichiarazioni non corrispondono a verità. Qualora alcuna delle cause di impedimento sopra indicate si sia constatata dopo la trascrizione dell’acquisto a causa di morte, essa si annota in margine alla trascrizione stessa, purché risulti da regolare documento.
95	Art. 2663 Ufficio in cui deve farsi la trascrizione	1. In quale ufficio deve essere effettuata la trascrizione dei beni immobiliari?	La trascrizione deve essere fatta presso ciascun ufficio dei registri immobiliari nella cui circoscrizione sono situati i beni.
96	Art. 2664 Conservazione dei titoli. Trascrizione e restituzione della nota	1. Quali informazioni deve includere il conservatore dei registri immobiliari nella raccolta delle note costituente il registro particolare delle trascrizioni?	Il conservatore dei registri immobiliari deve custodire negli archivi, in appositi volumi, i titoli che gli sono consegnati e deve inserire, con numerazione progressiva annuale, nella raccolta delle note costituente il registro particolare delle trascrizioni uno degli originali della nota, indicandovi il giorno della consegna del titolo e il numero d’ordine assegnato nel registro generale. Il conservatore deve restituire al richiedente uno degli originali della nota, nel quale deve certificare l’eseguita trascrizione con le indicazioni sopra accennate.
97	Art. 2664 Conservazione dei titoli. Trascrizione e restituzione della nota	2. Cosa deve fare il conservatore dei registri immobiliari con uno degli originali della nota dopo aver eseguito la trascrizione?	Il conservatore dei registri immobiliari deve custodire negli archivi, in appositi volumi, i titoli che gli sono consegnati e deve inserire, con numerazione progressiva annuale, nella raccolta delle note costituente il registro particolare delle trascrizioni uno degli originali della nota, indicandovi il giorno della consegna del titolo e il numero d’ordine assegnato nel registro generale. Il conservatore deve restituire al richiedente uno degli originali della nota, nel quale deve certificare l’eseguita trascrizione con le indicazioni sopra accennate.
98	Art. 2665 Omissioni o inesattezze nelle note	1. Quali sono le conseguenze dell'omissione o inesattezza delle indicazioni richieste nelle note menzionate negli articoli 2659 e 2660?	L’omissione o l’inesattezza di alcuna delle indicazioni richieste nelle note menzionate negli artt. 2659 e 2660 non nuoce alla validità della trascrizione, eccetto che induca incertezza sulle persone, sul bene o sul rapporto giuridico, a cui si riferisce l’atto o, rispettivamente, la sentenza o la domanda.
99	Art. 2666 Limiti soggettivi dell’efficacia della trascrizione	1. Quali sono i benefici della trascrizione per coloro che vi hanno interesse?	La trascrizione, da chiunque si faccia, giova a tutti coloro che vi hanno interesse.
100	Art. 2667 Atti compiuti per persona incapace	1. Quali sono le conseguenze per i rappresentanti di persone incapaci se non curano la trascrizione degli atti, delle sentenze o delle domande giudiziali?	I rappresentanti di persone incapaci e coloro che hanno prestato assistenza alle medesime devono curare che si esegua la trascrizione degli atti, delle sentenze o delle domande giudiziali che sono soggetti a trascrizione e rispetto ai quali essi hanno esercitato il loro ufficio. La mancanza della trascrizione può anche essere opposta ai minori, agli interdetti e a qualsiasi altro incapace (414 e seguenti), salvo ai medesimi il regresso contro i tutori, gli amministratori o i curatori che avevano l’obbligo della trascrizione. La mancanza della trascrizione non può essere opposta dalle persone che avevano l’obbligo di eseguirla per i propri rappresentati o amministrati né dai loro eredi.
101	Art. 2667 Atti compiuti per persona incapace	2. In quali casi la mancanza della trascrizione può essere opposta ai minori, agli interdetti e ad altri incapaci?	I rappresentanti di persone incapaci e coloro che hanno prestato assistenza alle medesime devono curare che si esegua la trascrizione degli atti, delle sentenze o delle domande giudiziali che sono soggetti a trascrizione e rispetto ai quali essi hanno esercitato il loro ufficio. La mancanza della trascrizione può anche essere opposta ai minori, agli interdetti e a qualsiasi altro incapace (414 e seguenti), salvo ai medesimi il regresso contro i tutori, gli amministratori o i curatori che avevano l’obbligo della trascrizione. La mancanza della trascrizione non può essere opposta dalle persone che avevano l’obbligo di eseguirla per i propri rappresentati o amministrati né dai loro eredi.
102	Art. 2667 Atti compiuti per persona incapace	3. Chi non può opporre la mancanza della trascrizione nei confronti delle persone incapaci?	I rappresentanti di persone incapaci e coloro che hanno prestato assistenza alle medesime devono curare che si esegua la trascrizione degli atti, delle sentenze o delle domande giudiziali che sono soggetti a trascrizione e rispetto ai quali essi hanno esercitato il loro ufficio. La mancanza della trascrizione può anche essere opposta ai minori, agli interdetti e a qualsiasi altro incapace (414 e seguenti), salvo ai medesimi il regresso contro i tutori, gli amministratori o i curatori che avevano l’obbligo della trascrizione. La mancanza della trascrizione non può essere opposta dalle persone che avevano l’obbligo di eseguirla per i propri rappresentati o amministrati né dai loro eredi.
103	Art. 2668 Cancellazione della trascrizione	1. In quali circostanze la cancellazione della trascrizione delle domande enunciate dagli artt. 2652 e 2653 può essere eseguita?	La cancellazione della trascrizione delle domande enunciate dagli artt. 2652 e 2653 e delle relative annotazioni si esegue quando è debitamente consentita dalle parti interessate ovvero è ordinata giudizialmente con sentenza passata in giudicato (Cod. Proc. Civ. 324). Deve essere giudizialmente ordinata, qualora la domanda sia rigettata o il processo sia estinto per rinunzia o per inattività delle parti (Cod. Proc. Civ. 306 e seguenti). Si deve cancellare l’indicazione della condizione (1353 e seguenti) o del termine (1184 e seguenti) negli atti trascritti, quando l’avveramento o la mancanza della condizione ovvero la scadenza del termine risulta da sentenza o da dichiarazione, anche unilaterale, della parte in danno della quale la condizione sospensiva si è verificata o la condizione risolutiva è mancata ovvero il termine iniziale è scaduto.
104	Art. 2668 Cancellazione della trascrizione	2. Cosa accade se una domanda è rigettata o il processo è estinto per rinunzia o inattività delle parti?	La cancellazione della trascrizione delle domande enunciate dagli artt. 2652 e 2653 e delle relative annotazioni si esegue quando è debitamente consentita dalle parti interessate ovvero è ordinata giudizialmente con sentenza passata in giudicato (Cod. Proc. Civ. 324). Deve essere giudizialmente ordinata, qualora la domanda sia rigettata o il processo sia estinto per rinunzia o per inattività delle parti (Cod. Proc. Civ. 306 e seguenti). Si deve cancellare l’indicazione della condizione (1353 e seguenti) o del termine (1184 e seguenti) negli atti trascritti, quando l’avveramento o la mancanza della condizione ovvero la scadenza del termine risulta da sentenza o da dichiarazione, anche unilaterale, della parte in danno della quale la condizione sospensiva si è verificata o la condizione risolutiva è mancata ovvero il termine iniziale è scaduto.
105	Art. 2668 Cancellazione della trascrizione	3. Quando si deve cancellare l’indicazione della condizione o del termine negli atti trascritti?	La cancellazione della trascrizione delle domande enunciate dagli artt. 2652 e 2653 e delle relative annotazioni si esegue quando è debitamente consentita dalle parti interessate ovvero è ordinata giudizialmente con sentenza passata in giudicato (Cod. Proc. Civ. 324). Deve essere giudizialmente ordinata, qualora la domanda sia rigettata o il processo sia estinto per rinunzia o per inattività delle parti (Cod. Proc. Civ. 306 e seguenti). Si deve cancellare l’indicazione della condizione (1353 e seguenti) o del termine (1184 e seguenti) negli atti trascritti, quando l’avveramento o la mancanza della condizione ovvero la scadenza del termine risulta da sentenza o da dichiarazione, anche unilaterale, della parte in danno della quale la condizione sospensiva si è verificata o la condizione risolutiva è mancata ovvero il termine iniziale è scaduto.
106	Art. 2669 Trascrizione anteriore al pagamento dell’imposta di registro	1. Quali documenti deve presentare il richiedente al conservatore per domandare la trascrizione di un atto pubblico ricevuto nello Stato?	La trascrizione può essere domandata, quantunque non sia stata ancora pagata l’imposta di registro a cui è soggetto il titolo, se si tratta di atto pubblico ricevuto nello Stato o di sentenza pronunziata da un’autorità giudiziaria dello Stato (Cod. Proc. Civ. 131 e seguenti). (In tal caso però il richiedente deve presentare al conservatore, oltre la nota indicata dall’art. 2659, una copia della medesima, la quale, a cura del conservatore, deve essere vidimata e trasmessa immediatamente all’ufficiale incaricato di riscuotere l’imposta suddetta).
107	Art. 2669 Trascrizione anteriore al pagamento dell’imposta di registro	2. Cosa deve fare il conservatore con la copia della nota presentata dal richiedente per la trascrizione?	La trascrizione può essere domandata, quantunque non sia stata ancora pagata l’imposta di registro a cui è soggetto il titolo, se si tratta di atto pubblico ricevuto nello Stato o di sentenza pronunziata da un’autorità giudiziaria dello Stato (Cod. Proc. Civ. 131 e seguenti). (In tal caso però il richiedente deve presentare al conservatore, oltre la nota indicata dall’art. 2659, una copia della medesima, la quale, a cura del conservatore, deve essere vidimata e trasmessa immediatamente all’ufficiale incaricato di riscuotere l’imposta suddetta).
108	Art. 2670 Spese della trascrizione	1. Chi deve anticipare le spese della trascrizione?	Le spese della trascrizione devono essere anticipate da chi la domanda, salvo il diritto al rimborso verso l’interessato. Se più sono gli interessati, ciascuno di essi deve rimborsare la persona che ha eseguito la trascrizione della parte di spesa corrispondente alla quota per cui è interessato.
109	Art. 2670 Spese della trascrizione	2. Come vengono suddivise le spese di trascrizione se ci sono più interessati?	Le spese della trascrizione devono essere anticipate da chi la domanda, salvo il diritto al rimborso verso l’interessato. Se più sono gli interessati, ciascuno di essi deve rimborsare la persona che ha eseguito la trascrizione della parte di spesa corrispondente alla quota per cui è interessato.
110	Art. 2671 Obbligo dei pubblici ufficiali	1. Quali sono le conseguenze per il notaio o pubblico ufficiale in caso di ritardo nella trascrizione di un atto?	Il notaio o altro pubblico ufficiale che ha ricevuto o autenticato l’atto soggetto a trascrizione ha l’obbligo di curare che questa venga eseguita nel più breve tempo possibile, ed è tenuto al risarcimento dei danni in caso di ritardo, salva l’applicazione delle pene pecuniarie previste dalle leggi speciali, se lascia trascorrere trenta giorni dalla data dell’atto ricevuto o autenticato. Rimangono ferme le disposizioni delle leggi speciali che stabiliscono a carico di altre persone l’obbligo di richiedere la trascrizione di determinati atti e le relative sanzioni (c. p.c. 555).
111	Art. 2671 Obbligo dei pubblici ufficiali	2. Entro quanti giorni dalla data dell'atto ricevuto o autenticato deve essere eseguita la trascrizione per evitare sanzioni?	Il notaio o altro pubblico ufficiale che ha ricevuto o autenticato l’atto soggetto a trascrizione ha l’obbligo di curare che questa venga eseguita nel più breve tempo possibile, ed è tenuto al risarcimento dei danni in caso di ritardo, salva l’applicazione delle pene pecuniarie previste dalle leggi speciali, se lascia trascorrere trenta giorni dalla data dell’atto ricevuto o autenticato. Rimangono ferme le disposizioni delle leggi speciali che stabiliscono a carico di altre persone l’obbligo di richiedere la trascrizione di determinati atti e le relative sanzioni (c. p.c. 555).
112	Art. 2671 Obbligo dei pubblici ufficiali	3. Le leggi speciali possono prevedere obblighi di trascrizione a carico di persone diverse dal notaio o pubblico ufficiale?	Il notaio o altro pubblico ufficiale che ha ricevuto o autenticato l’atto soggetto a trascrizione ha l’obbligo di curare che questa venga eseguita nel più breve tempo possibile, ed è tenuto al risarcimento dei danni in caso di ritardo, salva l’applicazione delle pene pecuniarie previste dalle leggi speciali, se lascia trascorrere trenta giorni dalla data dell’atto ricevuto o autenticato. Rimangono ferme le disposizioni delle leggi speciali che stabiliscono a carico di altre persone l’obbligo di richiedere la trascrizione di determinati atti e le relative sanzioni (c. p.c. 555).
113	Art. 2672 Leggi speciali	1. Quali sono le leggi speciali che richiedono la trascrizione di atti non contemplati dal presente capo?	Sono salve le disposizioni delle leggi speciali che richiedono la trascrizione di atti non contemplati dal presente capo e le altre disposizioni (484, 507 e seguenti, 854, 1133; Cod. Proc. Civ. 555, 679) che non sono incompatibili con quelle contenute nel capo medesimo.
114	Art. 2672 Leggi speciali	2. In che modo le disposizioni delle leggi speciali si integrano con quelle del presente capo?	Sono salve le disposizioni delle leggi speciali che richiedono la trascrizione di atti non contemplati dal presente capo e le altre disposizioni (484, 507 e seguenti, 854, 1133; Cod. Proc. Civ. 555, 679) che non sono incompatibili con quelle contenute nel capo medesimo.
115	Art. 2672 Leggi speciali	3. Quali sono le disposizioni citate (484, 507 e seguenti, 854, 1133; Cod. Proc. Civ. 555, 679) che non risultano incompatibili con quelle del presente capo?	Sono salve le disposizioni delle leggi speciali che richiedono la trascrizione di atti non contemplati dal presente capo e le altre disposizioni (484, 507 e seguenti, 854, 1133; Cod. Proc. Civ. 555, 679) che non sono incompatibili con quelle contenute nel capo medesimo.
116	Art. 2672 Leggi speciali	4. Come si determina l'incompatibilità tra le disposizioni del presente capo e quelle delle leggi speciali?	Sono salve le disposizioni delle leggi speciali che richiedono la trascrizione di atti non contemplati dal presente capo e le altre disposizioni (484, 507 e seguenti, 854, 1133; Cod. Proc. Civ. 555, 679) che non sono incompatibili con quelle contenute nel capo medesimo.
117	Art. 2673 Obblighi del conservatore	1. Quali documenti il conservatore dei registri immobiliari è tenuto a rilasciare a chi ne fa richiesta?	Il conservatore dei registri immobiliari deve rilasciare a chiunque ne fa richiesta copia delle trascrizioni, delle iscrizioni e delle annotazioni, o il certificato che non ve ne è alcuna. Deve altresì permettere l’ispezione dei suoi registri nei modi e nelle ore fissati dalla legge. Il conservatore deve anche rilasciare copia dei documenti che sono depositati presso di lui in originale o i cui originali sono depositati negli atti di un notaio o in pubblico archivio fuori della circoscrizione del tribunale nella quale ha sede il suo ufficio.
118	Art. 2673 Obblighi del conservatore	2. In quali modalità e orari è consentita l'ispezione dei registri immobiliari?	Il conservatore dei registri immobiliari deve rilasciare a chiunque ne fa richiesta copia delle trascrizioni, delle iscrizioni e delle annotazioni, o il certificato che non ve ne è alcuna. Deve altresì permettere l’ispezione dei suoi registri nei modi e nelle ore fissati dalla legge. Il conservatore deve anche rilasciare copia dei documenti che sono depositati presso di lui in originale o i cui originali sono depositati negli atti di un notaio o in pubblico archivio fuori della circoscrizione del tribunale nella quale ha sede il suo ufficio.
119	Art. 2673 Obblighi del conservatore	3. Dove possono essere depositati gli originali dei documenti di cui il conservatore rilascia copia?	Il conservatore dei registri immobiliari deve rilasciare a chiunque ne fa richiesta copia delle trascrizioni, delle iscrizioni e delle annotazioni, o il certificato che non ve ne è alcuna. Deve altresì permettere l’ispezione dei suoi registri nei modi e nelle ore fissati dalla legge. Il conservatore deve anche rilasciare copia dei documenti che sono depositati presso di lui in originale o i cui originali sono depositati negli atti di un notaio o in pubblico archivio fuori della circoscrizione del tribunale nella quale ha sede il suo ufficio.
120	Art. 2674 Divieto di rifiutare gli atti del proprio ufficio	1. In quali circostanze il conservatore può ricusare di ricevere le note e i titoli?	Il conservatore può ricusare di ricevere le note e i titoli, se non sono in carattere intelligibile e non può riceverli quando il titolo non ha i requisiti stabiliti dagli artt. 2657, 2660, primo comma, 2821, 2835 e 2837 o non è presentato con le modalità previste dall’art. 2658 e quando la nota non contiene le indicazioni prescritte dagli artt. 2659, 2660 e 2839, nn. 1), 3), 4) e 7). In ogni altro caso il conservatore non può ricusare o ritardare di ricevere la consegna dei titoli presentati e di eseguire le trascrizioni, iscrizioni o annotazioni richieste, nonché di spedire le copie o i certificati. Le parti possono far stendere immediatamente verbale del rifiuto o del ritardo da un notaio o da un ufficiale giudiziario assistito da due testimoni.
121	Art. 2674 Divieto di rifiutare gli atti del proprio ufficio	2. Quali articoli del codice civile stabiliscono i requisiti che un titolo deve avere per essere accettato dal conservatore?	Il conservatore può ricusare di ricevere le note e i titoli, se non sono in carattere intelligibile e non può riceverli quando il titolo non ha i requisiti stabiliti dagli artt. 2657, 2660, primo comma, 2821, 2835 e 2837 o non è presentato con le modalità previste dall’art. 2658 e quando la nota non contiene le indicazioni prescritte dagli artt. 2659, 2660 e 2839, nn. 1), 3), 4) e 7). In ogni altro caso il conservatore non può ricusare o ritardare di ricevere la consegna dei titoli presentati e di eseguire le trascrizioni, iscrizioni o annotazioni richieste, nonché di spedire le copie o i certificati. Le parti possono far stendere immediatamente verbale del rifiuto o del ritardo da un notaio o da un ufficiale giudiziario assistito da due testimoni.
122	Art. 2674 Divieto di rifiutare gli atti del proprio ufficio	3. Quali azioni possono intraprendere le parti se il conservatore rifiuta o ritarda la ricezione dei titoli?	Il conservatore può ricusare di ricevere le note e i titoli, se non sono in carattere intelligibile e non può riceverli quando il titolo non ha i requisiti stabiliti dagli artt. 2657, 2660, primo comma, 2821, 2835 e 2837 o non è presentato con le modalità previste dall’art. 2658 e quando la nota non contiene le indicazioni prescritte dagli artt. 2659, 2660 e 2839, nn. 1), 3), 4) e 7). In ogni altro caso il conservatore non può ricusare o ritardare di ricevere la consegna dei titoli presentati e di eseguire le trascrizioni, iscrizioni o annotazioni richieste, nonché di spedire le copie o i certificati. Le parti possono far stendere immediatamente verbale del rifiuto o del ritardo da un notaio o da un ufficiale giudiziario assistito da due testimoni.
123	Art. 2674 bis Trascrizione e iscrizione con riserva e impugnazione	1. In quali circostanze il conservatore esegue una formalità con riserva?	Al di fuori dei casi di cui al precedente articolo, qualora emergano gravi e fondati dubbi sulla trascrivibilità di un atto o sulla iscrivibilità di una ipoteca, il conservatore, su istanza della parte richiedente, esegue la formalità con riserva. La parte a favore della quale è stata eseguita la formalità con riserva deve proporre reclamo all’autorità giudiziaria.
124	Art. 2674 bis Trascrizione e iscrizione con riserva e impugnazione	2. Quale azione deve intraprendere la parte a favore della quale è stata eseguita la formalità con riserva?	Al di fuori dei casi di cui al precedente articolo, qualora emergano gravi e fondati dubbi sulla trascrivibilità di un atto o sulla iscrivibilità di una ipoteca, il conservatore, su istanza della parte richiedente, esegue la formalità con riserva. La parte a favore della quale è stata eseguita la formalità con riserva deve proporre reclamo all’autorità giudiziaria.
125	Art. 2676 Diversità tra registri, copie e certificati	1. Cosa prevale in caso di discrepanza tra i risultati dei registri e quelli delle copie o dei certificati rilasciati dal conservatore dei registri immobiliari?	Nel caso di diversità tra i risultati dei registri e quelli delle copie o dei certificati rilasciati dal conservatore dei registri immobiliari, prevale ciò che risulta dai registri.
126	Art. 2677 Orario per le domande di trascrizione o di iscrizione	1. Quali sono le conseguenze legali se un conservatore riceve una domanda di trascrizione o di iscrizione al di fuori delle ore stabilite dalla legge?	Il conservatore non può ricevere alcuna domanda di trascrizione o di iscrizione fuorché nelle ore, determinate dalla legge, nelle quali l’ufficio è aperto al pubblico.
127	Art. 2678 Registro generale	1. Quali informazioni deve contenere il registro generale d'ordine tenuto dal conservatore?	Il conservatore è obbligato a tenere un registro generale d’ordine in cui giornalmente deve annotare, secondo l’ordine di presentazione, ogni titolo che gli è rimesso perché sia trascritto, iscritto o annotato. Questo registro deve indicare il numero d’ordine, il giorno della richiesta ed il relativo numero di presentazione, la persona dell’esibitore e le persone per cui la richiesta è fatta, i titoli presentati con la nota, l’oggetto della richiesta, e cioè se questa è fatta per trascrizione, per iscrizione o per annotazione, e le persone riguardo alle quali la trascrizione, la iscrizione o l’annotazione si deve eseguire. Appena avvenuta l’accettazione del titolo e della nota, il conservatore ne deve dare ricevuta in carta libera all’esibitore, senza spesa; la ricevuta contiene l’indicazione del numero di presentazione.
128	Art. 2678 Registro generale	2. In che modo il conservatore deve annotare i titoli nel registro generale d'ordine?	Il conservatore è obbligato a tenere un registro generale d’ordine in cui giornalmente deve annotare, secondo l’ordine di presentazione, ogni titolo che gli è rimesso perché sia trascritto, iscritto o annotato. Questo registro deve indicare il numero d’ordine, il giorno della richiesta ed il relativo numero di presentazione, la persona dell’esibitore e le persone per cui la richiesta è fatta, i titoli presentati con la nota, l’oggetto della richiesta, e cioè se questa è fatta per trascrizione, per iscrizione o per annotazione, e le persone riguardo alle quali la trascrizione, la iscrizione o l’annotazione si deve eseguire. Appena avvenuta l’accettazione del titolo e della nota, il conservatore ne deve dare ricevuta in carta libera all’esibitore, senza spesa; la ricevuta contiene l’indicazione del numero di presentazione.
129	Art. 2678 Registro generale	3. Cosa deve fare il conservatore una volta accettato il titolo e la nota?	Il conservatore è obbligato a tenere un registro generale d’ordine in cui giornalmente deve annotare, secondo l’ordine di presentazione, ogni titolo che gli è rimesso perché sia trascritto, iscritto o annotato. Questo registro deve indicare il numero d’ordine, il giorno della richiesta ed il relativo numero di presentazione, la persona dell’esibitore e le persone per cui la richiesta è fatta, i titoli presentati con la nota, l’oggetto della richiesta, e cioè se questa è fatta per trascrizione, per iscrizione o per annotazione, e le persone riguardo alle quali la trascrizione, la iscrizione o l’annotazione si deve eseguire. Appena avvenuta l’accettazione del titolo e della nota, il conservatore ne deve dare ricevuta in carta libera all’esibitore, senza spesa; la ricevuta contiene l’indicazione del numero di presentazione.
130	Art. 2678 Registro generale	4. Quali dettagli deve includere la ricevuta rilasciata dal conservatore all'esibitore?	Il conservatore è obbligato a tenere un registro generale d’ordine in cui giornalmente deve annotare, secondo l’ordine di presentazione, ogni titolo che gli è rimesso perché sia trascritto, iscritto o annotato. Questo registro deve indicare il numero d’ordine, il giorno della richiesta ed il relativo numero di presentazione, la persona dell’esibitore e le persone per cui la richiesta è fatta, i titoli presentati con la nota, l’oggetto della richiesta, e cioè se questa è fatta per trascrizione, per iscrizione o per annotazione, e le persone riguardo alle quali la trascrizione, la iscrizione o l’annotazione si deve eseguire. Appena avvenuta l’accettazione del titolo e della nota, il conservatore ne deve dare ricevuta in carta libera all’esibitore, senza spesa; la ricevuta contiene l’indicazione del numero di presentazione.
131	Art. 2679 Altri registri da tenersi dal conservatore	1. Quali tipi di registri particolari deve tenere il conservatore oltre al registro generale?	Oltre al registro generale, il conservatore deve tenere, nei modi previsti dall’art. 2664, i registri particolari: per le trascrizioni; per le iscrizioni; per le annotazioni. Deve inoltre tenere gli altri registri che sono ordinati dalla legge.
132	Art. 2679 Altri registri da tenersi dal conservatore	2. In che modo devono essere tenuti i registri particolari secondo l'art. 2664?	Oltre al registro generale, il conservatore deve tenere, nei modi previsti dall’art. 2664, i registri particolari: per le trascrizioni; per le iscrizioni; per le annotazioni. Deve inoltre tenere gli altri registri che sono ordinati dalla legge.
133	Art. 2679 Altri registri da tenersi dal conservatore	3. Oltre ai registri per trascrizioni, iscrizioni e annotazioni, quali altri registri deve tenere il conservatore?	Oltre al registro generale, il conservatore deve tenere, nei modi previsti dall’art. 2664, i registri particolari: per le trascrizioni; per le iscrizioni; per le annotazioni. Deve inoltre tenere gli altri registri che sono ordinati dalla legge.
134	Art. 2679 Altri registri da tenersi dal conservatore	4. Qual è la base legale che ordina al conservatore di tenere altri registri oltre a quelli particolari?	Oltre al registro generale, il conservatore deve tenere, nei modi previsti dall’art. 2664, i registri particolari: per le trascrizioni; per le iscrizioni; per le annotazioni. Deve inoltre tenere gli altri registri che sono ordinati dalla legge.
135	Art. 2679 Altri registri da tenersi dal conservatore	5. Qual è il ruolo del conservatore in relazione ai registri particolari e agli altri registri ordinati dalla legge?	Oltre al registro generale, il conservatore deve tenere, nei modi previsti dall’art. 2664, i registri particolari: per le trascrizioni; per le iscrizioni; per le annotazioni. Deve inoltre tenere gli altri registri che sono ordinati dalla legge.
136	Art. 2680 Tenuta del registro generale d’ordine	1. Chi è responsabile della vidimazione di ogni foglio del registro generale?	Il registro generale deve essere vidimato in ogni foglio dal presidente o da un giudice del tribunale nella cui circoscrizione è stabilito l’ufficio, indicando nel relativo processo verbale il numero dei fogli e il giorno in cui sono stati vidimati. Questo registro deve essere scritto di seguito, senza spazi in bianco o interlinee e senza aggiunte. Le cancellature di parole devono essere approvate dal conservatore in fine di ciascun foglio con la sua firma e con l’indicazione del numero delle parole cancellate. Il registro, alla fine di ciascun giorno, deve essere chiuso con l’indicazione del numero dei titoli annotati e firmato dal conservatore. n esso si deve rigorosamente osservare la serie delle date, dei fogli e dei numeri d’ordine.
137	Art. 2680 Tenuta del registro generale d’ordine	2. Quali informazioni devono essere incluse nel processo verbale relativo alla vidimazione del registro generale?	Il registro generale deve essere vidimato in ogni foglio dal presidente o da un giudice del tribunale nella cui circoscrizione è stabilito l’ufficio, indicando nel relativo processo verbale il numero dei fogli e il giorno in cui sono stati vidimati. Questo registro deve essere scritto di seguito, senza spazi in bianco o interlinee e senza aggiunte. Le cancellature di parole devono essere approvate dal conservatore in fine di ciascun foglio con la sua firma e con l’indicazione del numero delle parole cancellate. Il registro, alla fine di ciascun giorno, deve essere chiuso con l’indicazione del numero dei titoli annotati e firmato dal conservatore. n esso si deve rigorosamente osservare la serie delle date, dei fogli e dei numeri d’ordine.
138	Art. 2680 Tenuta del registro generale d’ordine	3. Come devono essere gestite le cancellature di parole nel registro generale?	Il registro generale deve essere vidimato in ogni foglio dal presidente o da un giudice del tribunale nella cui circoscrizione è stabilito l’ufficio, indicando nel relativo processo verbale il numero dei fogli e il giorno in cui sono stati vidimati. Questo registro deve essere scritto di seguito, senza spazi in bianco o interlinee e senza aggiunte. Le cancellature di parole devono essere approvate dal conservatore in fine di ciascun foglio con la sua firma e con l’indicazione del numero delle parole cancellate. Il registro, alla fine di ciascun giorno, deve essere chiuso con l’indicazione del numero dei titoli annotati e firmato dal conservatore. n esso si deve rigorosamente osservare la serie delle date, dei fogli e dei numeri d’ordine.
139	Art. 2680 Tenuta del registro generale d’ordine	4. Quali sono le operazioni che devono essere effettuate alla fine di ciascun giorno sul registro generale?	Il registro generale deve essere vidimato in ogni foglio dal presidente o da un giudice del tribunale nella cui circoscrizione è stabilito l’ufficio, indicando nel relativo processo verbale il numero dei fogli e il giorno in cui sono stati vidimati. Questo registro deve essere scritto di seguito, senza spazi in bianco o interlinee e senza aggiunte. Le cancellature di parole devono essere approvate dal conservatore in fine di ciascun foglio con la sua firma e con l’indicazione del numero delle parole cancellate. Il registro, alla fine di ciascun giorno, deve essere chiuso con l’indicazione del numero dei titoli annotati e firmato dal conservatore. n esso si deve rigorosamente osservare la serie delle date, dei fogli e dei numeri d’ordine.
140	Art. 2680 Tenuta del registro generale d’ordine	5. Quali criteri devono essere rigorosamente osservati nel mantenimento del registro generale?	Il registro generale deve essere vidimato in ogni foglio dal presidente o da un giudice del tribunale nella cui circoscrizione è stabilito l’ufficio, indicando nel relativo processo verbale il numero dei fogli e il giorno in cui sono stati vidimati. Questo registro deve essere scritto di seguito, senza spazi in bianco o interlinee e senza aggiunte. Le cancellature di parole devono essere approvate dal conservatore in fine di ciascun foglio con la sua firma e con l’indicazione del numero delle parole cancellate. Il registro, alla fine di ciascun giorno, deve essere chiuso con l’indicazione del numero dei titoli annotati e firmato dal conservatore. n esso si deve rigorosamente osservare la serie delle date, dei fogli e dei numeri d’ordine.
141	Art. 2681 Divieto di rimozione dei registri	1. In quali circostanze i registri possono essere rimossi dall'ufficio del conservatore?	I registri sopra indicati non possono essere rimossi dall’ufficio del conservatore, fuorché per ordine di una corte d’appello, qualora ne sia riconosciuta la necessità, e mediante le cautele determinate dalla stessa corte.
142	Art. 2681 Divieto di rimozione dei registri	2. Quale autorità ha il potere di ordinare la rimozione dei registri dall'ufficio del conservatore?	I registri sopra indicati non possono essere rimossi dall’ufficio del conservatore, fuorché per ordine di una corte d’appello, qualora ne sia riconosciuta la necessità, e mediante le cautele determinate dalla stessa corte.
143	Art. 2681 Divieto di rimozione dei registri	3. Quali misure devono essere adottate per rimuovere i registri dall'ufficio del conservatore?	I registri sopra indicati non possono essere rimossi dall’ufficio del conservatore, fuorché per ordine di una corte d’appello, qualora ne sia riconosciuta la necessità, e mediante le cautele determinate dalla stessa corte.
144	Art. 2683 Beni per i quali è disposta la pubblicità	1. Quali sono i mezzi di pubblicità richiesti per gli atti menzionati nel testo?	Devono essere resi pubblici col mezzo della trascrizione (2657 e seguenti), osservate le altre forme di pubblicità stabilite dalla legge (c. Nav. 250 e seguenti, 865 e seguenti), gli atti menzionati negli articoli seguenti, quando hanno per oggetto: le navi e i galleggianti iscritti nei registri indicati dal codice della navigazione (Cod. Nav. 140 e seguenti); gli aeromobili iscritti nei registri indicati dallo stesso codice (Cod. Nav. 753 e seguenti); gli autoveicoli iscritti nel pubblico registro automobilistico.
145	Art. 2683 Beni per i quali è disposta la pubblicità	2. Quali tipi di veicoli devono essere iscritti nei registri indicati dal codice della navigazione?	Devono essere resi pubblici col mezzo della trascrizione (2657 e seguenti), osservate le altre forme di pubblicità stabilite dalla legge (c. Nav. 250 e seguenti, 865 e seguenti), gli atti menzionati negli articoli seguenti, quando hanno per oggetto: le navi e i galleggianti iscritti nei registri indicati dal codice della navigazione (Cod. Nav. 140 e seguenti); gli aeromobili iscritti nei registri indicati dallo stesso codice (Cod. Nav. 753 e seguenti); gli autoveicoli iscritti nel pubblico registro automobilistico.
146	Art. 2683 Beni per i quali è disposta la pubblicità	3. Quali articoli del codice della navigazione si riferiscono alla trascrizione delle navi e dei galleggianti?	Devono essere resi pubblici col mezzo della trascrizione (2657 e seguenti), osservate le altre forme di pubblicità stabilite dalla legge (c. Nav. 250 e seguenti, 865 e seguenti), gli atti menzionati negli articoli seguenti, quando hanno per oggetto: le navi e i galleggianti iscritti nei registri indicati dal codice della navigazione (Cod. Nav. 140 e seguenti); gli aeromobili iscritti nei registri indicati dallo stesso codice (Cod. Nav. 753 e seguenti); gli autoveicoli iscritti nel pubblico registro automobilistico.
147	Art. 2683 Beni per i quali è disposta la pubblicità	4. Gli aeromobili devono essere iscritti in quali registri secondo il codice della navigazione?	Devono essere resi pubblici col mezzo della trascrizione (2657 e seguenti), osservate le altre forme di pubblicità stabilite dalla legge (c. Nav. 250 e seguenti, 865 e seguenti), gli atti menzionati negli articoli seguenti, quando hanno per oggetto: le navi e i galleggianti iscritti nei registri indicati dal codice della navigazione (Cod. Nav. 140 e seguenti); gli aeromobili iscritti nei registri indicati dallo stesso codice (Cod. Nav. 753 e seguenti); gli autoveicoli iscritti nel pubblico registro automobilistico.
148	Art. 2683 Beni per i quali è disposta la pubblicità	5. Qual è il pubblico registro in cui devono essere iscritti gli autoveicoli?	Devono essere resi pubblici col mezzo della trascrizione (2657 e seguenti), osservate le altre forme di pubblicità stabilite dalla legge (c. Nav. 250 e seguenti, 865 e seguenti), gli atti menzionati negli articoli seguenti, quando hanno per oggetto: le navi e i galleggianti iscritti nei registri indicati dal codice della navigazione (Cod. Nav. 140 e seguenti); gli aeromobili iscritti nei registri indicati dallo stesso codice (Cod. Nav. 753 e seguenti); gli autoveicoli iscritti nel pubblico registro automobilistico.
149	Art. 2683 Beni per i quali è disposta la pubblicità	6. Quali sono le altre forme di pubblicità stabilite dalla legge oltre alla trascrizione?	Devono essere resi pubblici col mezzo della trascrizione (2657 e seguenti), osservate le altre forme di pubblicità stabilite dalla legge (c. Nav. 250 e seguenti, 865 e seguenti), gli atti menzionati negli articoli seguenti, quando hanno per oggetto: le navi e i galleggianti iscritti nei registri indicati dal codice della navigazione (Cod. Nav. 140 e seguenti); gli aeromobili iscritti nei registri indicati dallo stesso codice (Cod. Nav. 753 e seguenti); gli autoveicoli iscritti nel pubblico registro automobilistico.
150	Art. 2684 Atti soggetti a trascrizione	1. Quali contratti sono soggetti alla trascrizione per gli effetti stabiliti dall’art. 2644?	Sono soggetti alla trascrizione per gli effetti stabiliti dall’art. 2644: i contratti che trasferiscono la proprietà o costituiscono la comunione (1100; Cod. Nav. 250 e seguenti, 865 e seguenti); i contratti che costituiscono o modificano diritti di usufrutto (978 e seguenti) o di uso (1021 e seguenti) o che trasferiscono il diritto di usufrutto; gli atti tra vivi di rinunzia ai diritti indicati dai numeri precedenti; le transazioni (1965 e seguenti) che hanno per oggetto controversie sui diritti indicati dai numeri precedenti; i provvedimenti con i quali nel giudizio di espropriazione si trasferiscono la proprietà o gli altri diritti menzionati nei meri precedenti (Cod. Nav. 664, 665,1068); le sentenze che operano la costituzione, la modificazione o il trasferimento di uno dei diritti indicati dai numeri precedenti.
151	Art. 2684 Atti soggetti a trascrizione	2. Quali diritti possono essere costituiti o modificati attraverso contratti soggetti a trascrizione?	Sono soggetti alla trascrizione per gli effetti stabiliti dall’art. 2644: i contratti che trasferiscono la proprietà o costituiscono la comunione (1100; Cod. Nav. 250 e seguenti, 865 e seguenti); i contratti che costituiscono o modificano diritti di usufrutto (978 e seguenti) o di uso (1021 e seguenti) o che trasferiscono il diritto di usufrutto; gli atti tra vivi di rinunzia ai diritti indicati dai numeri precedenti; le transazioni (1965 e seguenti) che hanno per oggetto controversie sui diritti indicati dai numeri precedenti; i provvedimenti con i quali nel giudizio di espropriazione si trasferiscono la proprietà o gli altri diritti menzionati nei meri precedenti (Cod. Nav. 664, 665,1068); le sentenze che operano la costituzione, la modificazione o il trasferimento di uno dei diritti indicati dai numeri precedenti.
152	Art. 2684 Atti soggetti a trascrizione	3. Gli atti di rinunzia a quali diritti sono soggetti a trascrizione?	Sono soggetti alla trascrizione per gli effetti stabiliti dall’art. 2644: i contratti che trasferiscono la proprietà o costituiscono la comunione (1100; Cod. Nav. 250 e seguenti, 865 e seguenti); i contratti che costituiscono o modificano diritti di usufrutto (978 e seguenti) o di uso (1021 e seguenti) o che trasferiscono il diritto di usufrutto; gli atti tra vivi di rinunzia ai diritti indicati dai numeri precedenti; le transazioni (1965 e seguenti) che hanno per oggetto controversie sui diritti indicati dai numeri precedenti; i provvedimenti con i quali nel giudizio di espropriazione si trasferiscono la proprietà o gli altri diritti menzionati nei meri precedenti (Cod. Nav. 664, 665,1068); le sentenze che operano la costituzione, la modificazione o il trasferimento di uno dei diritti indicati dai numeri precedenti.
153	Art. 2684 Atti soggetti a trascrizione	4. Le transazioni che hanno per oggetto controversie su quali diritti devono essere trascritte?	Sono soggetti alla trascrizione per gli effetti stabiliti dall’art. 2644: i contratti che trasferiscono la proprietà o costituiscono la comunione (1100; Cod. Nav. 250 e seguenti, 865 e seguenti); i contratti che costituiscono o modificano diritti di usufrutto (978 e seguenti) o di uso (1021 e seguenti) o che trasferiscono il diritto di usufrutto; gli atti tra vivi di rinunzia ai diritti indicati dai numeri precedenti; le transazioni (1965 e seguenti) che hanno per oggetto controversie sui diritti indicati dai numeri precedenti; i provvedimenti con i quali nel giudizio di espropriazione si trasferiscono la proprietà o gli altri diritti menzionati nei meri precedenti (Cod. Nav. 664, 665,1068); le sentenze che operano la costituzione, la modificazione o il trasferimento di uno dei diritti indicati dai numeri precedenti.
154	Art. 2684 Atti soggetti a trascrizione	5. Quali provvedimenti nel giudizio di espropriazione sono soggetti a trascrizione?	Sono soggetti alla trascrizione per gli effetti stabiliti dall’art. 2644: i contratti che trasferiscono la proprietà o costituiscono la comunione (1100; Cod. Nav. 250 e seguenti, 865 e seguenti); i contratti che costituiscono o modificano diritti di usufrutto (978 e seguenti) o di uso (1021 e seguenti) o che trasferiscono il diritto di usufrutto; gli atti tra vivi di rinunzia ai diritti indicati dai numeri precedenti; le transazioni (1965 e seguenti) che hanno per oggetto controversie sui diritti indicati dai numeri precedenti; i provvedimenti con i quali nel giudizio di espropriazione si trasferiscono la proprietà o gli altri diritti menzionati nei meri precedenti (Cod. Nav. 664, 665,1068); le sentenze che operano la costituzione, la modificazione o il trasferimento di uno dei diritti indicati dai numeri precedenti.
155	Art. 2684 Atti soggetti a trascrizione	6. Le sentenze che operano la costituzione, modificazione o trasferimento di quali diritti devono essere trascritte?	Sono soggetti alla trascrizione per gli effetti stabiliti dall’art. 2644: i contratti che trasferiscono la proprietà o costituiscono la comunione (1100; Cod. Nav. 250 e seguenti, 865 e seguenti); i contratti che costituiscono o modificano diritti di usufrutto (978 e seguenti) o di uso (1021 e seguenti) o che trasferiscono il diritto di usufrutto; gli atti tra vivi di rinunzia ai diritti indicati dai numeri precedenti; le transazioni (1965 e seguenti) che hanno per oggetto controversie sui diritti indicati dai numeri precedenti; i provvedimenti con i quali nel giudizio di espropriazione si trasferiscono la proprietà o gli altri diritti menzionati nei meri precedenti (Cod. Nav. 664, 665,1068); le sentenze che operano la costituzione, la modificazione o il trasferimento di uno dei diritti indicati dai numeri precedenti.
156	Art. 2684 Atti soggetti a trascrizione	7. I contratti che trasferiscono il diritto di usufrutto sono soggetti a quale obbligo?	Sono soggetti alla trascrizione per gli effetti stabiliti dall’art. 2644: i contratti che trasferiscono la proprietà o costituiscono la comunione (1100; Cod. Nav. 250 e seguenti, 865 e seguenti); i contratti che costituiscono o modificano diritti di usufrutto (978 e seguenti) o di uso (1021 e seguenti) o che trasferiscono il diritto di usufrutto; gli atti tra vivi di rinunzia ai diritti indicati dai numeri precedenti; le transazioni (1965 e seguenti) che hanno per oggetto controversie sui diritti indicati dai numeri precedenti; i provvedimenti con i quali nel giudizio di espropriazione si trasferiscono la proprietà o gli altri diritti menzionati nei meri precedenti (Cod. Nav. 664, 665,1068); le sentenze che operano la costituzione, la modificazione o il trasferimento di uno dei diritti indicati dai numeri precedenti.
157	Art. 2684 Atti soggetti a trascrizione	8. Quali sono gli effetti della trascrizione per i contratti che costituiscono la comunione?	Sono soggetti alla trascrizione per gli effetti stabiliti dall’art. 2644: i contratti che trasferiscono la proprietà o costituiscono la comunione (1100; Cod. Nav. 250 e seguenti, 865 e seguenti); i contratti che costituiscono o modificano diritti di usufrutto (978 e seguenti) o di uso (1021 e seguenti) o che trasferiscono il diritto di usufrutto; gli atti tra vivi di rinunzia ai diritti indicati dai numeri precedenti; le transazioni (1965 e seguenti) che hanno per oggetto controversie sui diritti indicati dai numeri precedenti; i provvedimenti con i quali nel giudizio di espropriazione si trasferiscono la proprietà o gli altri diritti menzionati nei meri precedenti (Cod. Nav. 664, 665,1068); le sentenze che operano la costituzione, la modificazione o il trasferimento di uno dei diritti indicati dai numeri precedenti.
158	Art. 2685 Altri atti soggetti a trascrizione	1. Quali atti devono essere trascritti secondo l'articolo 2646?	Si devono trascrivere le divisioni e gli altri atti menzionati nell’art. 2646, la costituzione del fondo patrimoniale e gli altri atti menzionati nell’art. 2647, l’accettazione dell’eredità e l’acquisto del legato che importano acquisto dei diritti indicati dai nn. 1 e 2 dell’art. 2684 o liberazione dai medesimi. La trascrizione ha gli effetti stabiliti per i beni immobili.
159	Art. 2685 Altri atti soggetti a trascrizione	2. Quali sono gli effetti della trascrizione per i beni immobili?	Si devono trascrivere le divisioni e gli altri atti menzionati nell’art. 2646, la costituzione del fondo patrimoniale e gli altri atti menzionati nell’art. 2647, l’accettazione dell’eredità e l’acquisto del legato che importano acquisto dei diritti indicati dai nn. 1 e 2 dell’art. 2684 o liberazione dai medesimi. La trascrizione ha gli effetti stabiliti per i beni immobili.
160	Art. 2686 Sentenze	1. Quali sono le sentenze che devono essere trascritte ai sensi dell'art. 2644?	Devono essere trascritte, agli effetti dell’art. 2644, le sentenze da cui risulta acquistato, modificato o estinto uno dei diritti indicati dai nn. 1 e 2 dell’art. 2684 in forza di un titolo non trascritto.
161	Art. 2687 Cessione dei beni ai creditori	1. Quali sono gli effetti indicati dall'art. 2649 in relazione alla trascrizione della cessione dei beni del debitore ai creditori?	Deve essere trascritta, per gli effetti indicati dall’art. 2649, la cessione che il debitore fa dei suoi beni ai creditori, perché questi procedano alla liquidazione dei medesimi e alla ripartizione del ricavato (1977 e seguenti; att. 231).
162	Art. 2688 Continuità delle trascrizioni	1. Cosa accade alle successive trascrizioni o iscrizioni se l'atto anteriore di acquisto non è stato trascritto?	Nei casi in cui, per le disposizioni precedenti, un atto di acquisto è soggetto a trascrizione, le successive trascrizioni o iscrizioni non producono effetto se non e stato trascritto l’atto anteriore di acquisto. Quando l’atto anteriore di acquisto è stato trascritto, le successive trascrizioni o iscrizioni producono il loro effetto secondo l’ordine rispettivo, salvo il disposto dell’art. 2644.
163	Art. 2688 Continuità delle trascrizioni	2. Qual è la condizione affinché le successive trascrizioni o iscrizioni producano effetto secondo l'ordine rispettivo?	Nei casi in cui, per le disposizioni precedenti, un atto di acquisto è soggetto a trascrizione, le successive trascrizioni o iscrizioni non producono effetto se non e stato trascritto l’atto anteriore di acquisto. Quando l’atto anteriore di acquisto è stato trascritto, le successive trascrizioni o iscrizioni producono il loro effetto secondo l’ordine rispettivo, salvo il disposto dell’art. 2644.
164	Art. 2689 Usucapione	1. Quali sono i diritti indicati dai numeri 1 e 2 dell'articolo 2684 che possono essere acquistati per usucapione e devono essere trascritti?	Devono essere trascritte le sentenze da cui risulta acquistato per usucapione uno dei diritti indicati dai nn. 1 e 2 dell’art. 2684.
165	Art. 2690 Domande relative ad atti soggetti a trascrizione	1. Quali sono le domande che devono essere trascritte secondo l'articolo 2684?	Devono essere trascritte, qualora si riferiscano ai diritti menzionati dall’art. 2684: le domande indicate dai nn. 1, 2, 3, 4 e 5 dell’art. 2652 per gli effetti ivi disposti; le domande dirette all’accertamento di uno dei contratti indicati dai nn. 1 e 2 dell’art. 2684. La trascrizione della sentenza che accoglie la domanda prevale sulle trascrizioni e iscrizioni eseguite contro il convenuto dopo la trascrizione della domanda; le domande dirette a far dichiarare la nullità (1418 e seguenti) o a far pronunziare l’annullamento (1425 e seguenti) di atti soggetti a trascrizione e le domande dirette a impugnare la validità della trascrizione. La sentenza che accoglie la domanda non pregiudica i diritti acquistati a qualunque titolo dai terzi di buona fede in base a un atto trascritto o iscritto anteriormente alla trascrizione della domanda medesima, se questa è stata resa pubblica dopo tre anni dalla data della trascrizione dell’atto che si impugna. Se pero la domanda è diretta a far pronunziare l’annullamento per una causa diversa dall’incapacità legale, la sentenza che l’accoglie non pregiudica i diritti acquistati dai terzi di buona fede in base a un atto trascritto o iscritto anteriormente alla trascrizione della domanda, anche se questa è stata trascritta prima che siano decorsi tre anni dalla data della trascrizione dell’atto impugnato, purché in questo caso i terzi abbiano acquistato a titolo oneroso (14451; le domande con le quali si contesta il fondamento di un acquisto a causa di morte. Salvo quanto è disposto dal secondo e dal terzo comma dell’art. 534, se la domanda è trascritta dopo tre anni dalla data della trascrizione dell’atto impugnato, la sentenza che l’accoglie non pregiudica i terzi di buona fede che, in base a un atto trascritto o iscritto anteriormente alla trascrizione della domanda, hanno a qualunque titolo acquistato diritti da chi appare erede o legatario; le domande di riduzione delle donazioni e delle disposizioni testamentarie per lesione di legittima (554 e seguenti). Se la trascrizione è eseguita dopo tre anni dall’apertura della successione, la sentenza che accoglie la domanda non pregiudica i terzi che hanno acquistato a titolo oneroso diritti in base a un atto trascritto o iscritto anteriormente alla trascrizione della domanda; le domande di revocazione e quelle di opposizione di terzo contro le sentenze soggette a trascrizione per le cause previste dai nn. 1, 2, 3, e 6 dell’art. 395 Cod. Proc. Civ. e dal secondo comma dell’art. 404 dello stesso codice. Se la domanda è trascritta dopo tre anni dalla trascrizione della sentenza impugnata, la sentenza che l’accoglie non pregiudica i diritti acquistati dai terzi di buona fede in base a un atto trascritto o iscritto anteriormente alla trascrizione della domanda. Alla domanda giudiziale è equiparato l’atto notificato con il quale la parte, in presenza di compromesso o di clausola compromissoria, dichiara all’altra la propria intenzione di promuovere il procedimento arbitrale, propone la domanda e procede, per quanto le spetta, alla nomina degli arbitri.
166	Art. 2690 Domande relative ad atti soggetti a trascrizione	2. Quali effetti ha la trascrizione della sentenza che accoglie la domanda rispetto alle trascrizioni e iscrizioni eseguite contro il convenuto?	Devono essere trascritte, qualora si riferiscano ai diritti menzionati dall’art. 2684: le domande indicate dai nn. 1, 2, 3, 4 e 5 dell’art. 2652 per gli effetti ivi disposti; le domande dirette all’accertamento di uno dei contratti indicati dai nn. 1 e 2 dell’art. 2684. La trascrizione della sentenza che accoglie la domanda prevale sulle trascrizioni e iscrizioni eseguite contro il convenuto dopo la trascrizione della domanda; le domande dirette a far dichiarare la nullità (1418 e seguenti) o a far pronunziare l’annullamento (1425 e seguenti) di atti soggetti a trascrizione e le domande dirette a impugnare la validità della trascrizione. La sentenza che accoglie la domanda non pregiudica i diritti acquistati a qualunque titolo dai terzi di buona fede in base a un atto trascritto o iscritto anteriormente alla trascrizione della domanda medesima, se questa è stata resa pubblica dopo tre anni dalla data della trascrizione dell’atto che si impugna. Se pero la domanda è diretta a far pronunziare l’annullamento per una causa diversa dall’incapacità legale, la sentenza che l’accoglie non pregiudica i diritti acquistati dai terzi di buona fede in base a un atto trascritto o iscritto anteriormente alla trascrizione della domanda, anche se questa è stata trascritta prima che siano decorsi tre anni dalla data della trascrizione dell’atto impugnato, purché in questo caso i terzi abbiano acquistato a titolo oneroso (14451; le domande con le quali si contesta il fondamento di un acquisto a causa di morte. Salvo quanto è disposto dal secondo e dal terzo comma dell’art. 534, se la domanda è trascritta dopo tre anni dalla data della trascrizione dell’atto impugnato, la sentenza che l’accoglie non pregiudica i terzi di buona fede che, in base a un atto trascritto o iscritto anteriormente alla trascrizione della domanda, hanno a qualunque titolo acquistato diritti da chi appare erede o legatario; le domande di riduzione delle donazioni e delle disposizioni testamentarie per lesione di legittima (554 e seguenti). Se la trascrizione è eseguita dopo tre anni dall’apertura della successione, la sentenza che accoglie la domanda non pregiudica i terzi che hanno acquistato a titolo oneroso diritti in base a un atto trascritto o iscritto anteriormente alla trascrizione della domanda; le domande di revocazione e quelle di opposizione di terzo contro le sentenze soggette a trascrizione per le cause previste dai nn. 1, 2, 3, e 6 dell’art. 395 Cod. Proc. Civ. e dal secondo comma dell’art. 404 dello stesso codice. Se la domanda è trascritta dopo tre anni dalla trascrizione della sentenza impugnata, la sentenza che l’accoglie non pregiudica i diritti acquistati dai terzi di buona fede in base a un atto trascritto o iscritto anteriormente alla trascrizione della domanda. Alla domanda giudiziale è equiparato l’atto notificato con il quale la parte, in presenza di compromesso o di clausola compromissoria, dichiara all’altra la propria intenzione di promuovere il procedimento arbitrale, propone la domanda e procede, per quanto le spetta, alla nomina degli arbitri.
167	Art. 2690 Domande relative ad atti soggetti a trascrizione	3. In quali casi la sentenza che accoglie la domanda non pregiudica i diritti dei terzi di buona fede?	Devono essere trascritte, qualora si riferiscano ai diritti menzionati dall’art. 2684: le domande indicate dai nn. 1, 2, 3, 4 e 5 dell’art. 2652 per gli effetti ivi disposti; le domande dirette all’accertamento di uno dei contratti indicati dai nn. 1 e 2 dell’art. 2684. La trascrizione della sentenza che accoglie la domanda prevale sulle trascrizioni e iscrizioni eseguite contro il convenuto dopo la trascrizione della domanda; le domande dirette a far dichiarare la nullità (1418 e seguenti) o a far pronunziare l’annullamento (1425 e seguenti) di atti soggetti a trascrizione e le domande dirette a impugnare la validità della trascrizione. La sentenza che accoglie la domanda non pregiudica i diritti acquistati a qualunque titolo dai terzi di buona fede in base a un atto trascritto o iscritto anteriormente alla trascrizione della domanda medesima, se questa è stata resa pubblica dopo tre anni dalla data della trascrizione dell’atto che si impugna. Se pero la domanda è diretta a far pronunziare l’annullamento per una causa diversa dall’incapacità legale, la sentenza che l’accoglie non pregiudica i diritti acquistati dai terzi di buona fede in base a un atto trascritto o iscritto anteriormente alla trascrizione della domanda, anche se questa è stata trascritta prima che siano decorsi tre anni dalla data della trascrizione dell’atto impugnato, purché in questo caso i terzi abbiano acquistato a titolo oneroso (14451; le domande con le quali si contesta il fondamento di un acquisto a causa di morte. Salvo quanto è disposto dal secondo e dal terzo comma dell’art. 534, se la domanda è trascritta dopo tre anni dalla data della trascrizione dell’atto impugnato, la sentenza che l’accoglie non pregiudica i terzi di buona fede che, in base a un atto trascritto o iscritto anteriormente alla trascrizione della domanda, hanno a qualunque titolo acquistato diritti da chi appare erede o legatario; le domande di riduzione delle donazioni e delle disposizioni testamentarie per lesione di legittima (554 e seguenti). Se la trascrizione è eseguita dopo tre anni dall’apertura della successione, la sentenza che accoglie la domanda non pregiudica i terzi che hanno acquistato a titolo oneroso diritti in base a un atto trascritto o iscritto anteriormente alla trascrizione della domanda; le domande di revocazione e quelle di opposizione di terzo contro le sentenze soggette a trascrizione per le cause previste dai nn. 1, 2, 3, e 6 dell’art. 395 Cod. Proc. Civ. e dal secondo comma dell’art. 404 dello stesso codice. Se la domanda è trascritta dopo tre anni dalla trascrizione della sentenza impugnata, la sentenza che l’accoglie non pregiudica i diritti acquistati dai terzi di buona fede in base a un atto trascritto o iscritto anteriormente alla trascrizione della domanda. Alla domanda giudiziale è equiparato l’atto notificato con il quale la parte, in presenza di compromesso o di clausola compromissoria, dichiara all’altra la propria intenzione di promuovere il procedimento arbitrale, propone la domanda e procede, per quanto le spetta, alla nomina degli arbitri.
168	Art. 2690 Domande relative ad atti soggetti a trascrizione	4. Cosa accade se la domanda è diretta a far pronunziare l’annullamento per una causa diversa dall’incapacità legale?	Devono essere trascritte, qualora si riferiscano ai diritti menzionati dall’art. 2684: le domande indicate dai nn. 1, 2, 3, 4 e 5 dell’art. 2652 per gli effetti ivi disposti; le domande dirette all’accertamento di uno dei contratti indicati dai nn. 1 e 2 dell’art. 2684. La trascrizione della sentenza che accoglie la domanda prevale sulle trascrizioni e iscrizioni eseguite contro il convenuto dopo la trascrizione della domanda; le domande dirette a far dichiarare la nullità (1418 e seguenti) o a far pronunziare l’annullamento (1425 e seguenti) di atti soggetti a trascrizione e le domande dirette a impugnare la validità della trascrizione. La sentenza che accoglie la domanda non pregiudica i diritti acquistati a qualunque titolo dai terzi di buona fede in base a un atto trascritto o iscritto anteriormente alla trascrizione della domanda medesima, se questa è stata resa pubblica dopo tre anni dalla data della trascrizione dell’atto che si impugna. Se pero la domanda è diretta a far pronunziare l’annullamento per una causa diversa dall’incapacità legale, la sentenza che l’accoglie non pregiudica i diritti acquistati dai terzi di buona fede in base a un atto trascritto o iscritto anteriormente alla trascrizione della domanda, anche se questa è stata trascritta prima che siano decorsi tre anni dalla data della trascrizione dell’atto impugnato, purché in questo caso i terzi abbiano acquistato a titolo oneroso (14451; le domande con le quali si contesta il fondamento di un acquisto a causa di morte. Salvo quanto è disposto dal secondo e dal terzo comma dell’art. 534, se la domanda è trascritta dopo tre anni dalla data della trascrizione dell’atto impugnato, la sentenza che l’accoglie non pregiudica i terzi di buona fede che, in base a un atto trascritto o iscritto anteriormente alla trascrizione della domanda, hanno a qualunque titolo acquistato diritti da chi appare erede o legatario; le domande di riduzione delle donazioni e delle disposizioni testamentarie per lesione di legittima (554 e seguenti). Se la trascrizione è eseguita dopo tre anni dall’apertura della successione, la sentenza che accoglie la domanda non pregiudica i terzi che hanno acquistato a titolo oneroso diritti in base a un atto trascritto o iscritto anteriormente alla trascrizione della domanda; le domande di revocazione e quelle di opposizione di terzo contro le sentenze soggette a trascrizione per le cause previste dai nn. 1, 2, 3, e 6 dell’art. 395 Cod. Proc. Civ. e dal secondo comma dell’art. 404 dello stesso codice. Se la domanda è trascritta dopo tre anni dalla trascrizione della sentenza impugnata, la sentenza che l’accoglie non pregiudica i diritti acquistati dai terzi di buona fede in base a un atto trascritto o iscritto anteriormente alla trascrizione della domanda. Alla domanda giudiziale è equiparato l’atto notificato con il quale la parte, in presenza di compromesso o di clausola compromissoria, dichiara all’altra la propria intenzione di promuovere il procedimento arbitrale, propone la domanda e procede, per quanto le spetta, alla nomina degli arbitri.
169	Art. 2690 Domande relative ad atti soggetti a trascrizione	5. Quali sono le condizioni affinché i diritti dei terzi di buona fede non siano pregiudicati se la domanda è trascritta prima che siano decorsi tre anni dalla data della trascrizione dell’atto impugnato?	Devono essere trascritte, qualora si riferiscano ai diritti menzionati dall’art. 2684: le domande indicate dai nn. 1, 2, 3, 4 e 5 dell’art. 2652 per gli effetti ivi disposti; le domande dirette all’accertamento di uno dei contratti indicati dai nn. 1 e 2 dell’art. 2684. La trascrizione della sentenza che accoglie la domanda prevale sulle trascrizioni e iscrizioni eseguite contro il convenuto dopo la trascrizione della domanda; le domande dirette a far dichiarare la nullità (1418 e seguenti) o a far pronunziare l’annullamento (1425 e seguenti) di atti soggetti a trascrizione e le domande dirette a impugnare la validità della trascrizione. La sentenza che accoglie la domanda non pregiudica i diritti acquistati a qualunque titolo dai terzi di buona fede in base a un atto trascritto o iscritto anteriormente alla trascrizione della domanda medesima, se questa è stata resa pubblica dopo tre anni dalla data della trascrizione dell’atto che si impugna. Se pero la domanda è diretta a far pronunziare l’annullamento per una causa diversa dall’incapacità legale, la sentenza che l’accoglie non pregiudica i diritti acquistati dai terzi di buona fede in base a un atto trascritto o iscritto anteriormente alla trascrizione della domanda, anche se questa è stata trascritta prima che siano decorsi tre anni dalla data della trascrizione dell’atto impugnato, purché in questo caso i terzi abbiano acquistato a titolo oneroso (14451; le domande con le quali si contesta il fondamento di un acquisto a causa di morte. Salvo quanto è disposto dal secondo e dal terzo comma dell’art. 534, se la domanda è trascritta dopo tre anni dalla data della trascrizione dell’atto impugnato, la sentenza che l’accoglie non pregiudica i terzi di buona fede che, in base a un atto trascritto o iscritto anteriormente alla trascrizione della domanda, hanno a qualunque titolo acquistato diritti da chi appare erede o legatario; le domande di riduzione delle donazioni e delle disposizioni testamentarie per lesione di legittima (554 e seguenti). Se la trascrizione è eseguita dopo tre anni dall’apertura della successione, la sentenza che accoglie la domanda non pregiudica i terzi che hanno acquistato a titolo oneroso diritti in base a un atto trascritto o iscritto anteriormente alla trascrizione della domanda; le domande di revocazione e quelle di opposizione di terzo contro le sentenze soggette a trascrizione per le cause previste dai nn. 1, 2, 3, e 6 dell’art. 395 Cod. Proc. Civ. e dal secondo comma dell’art. 404 dello stesso codice. Se la domanda è trascritta dopo tre anni dalla trascrizione della sentenza impugnata, la sentenza che l’accoglie non pregiudica i diritti acquistati dai terzi di buona fede in base a un atto trascritto o iscritto anteriormente alla trascrizione della domanda. Alla domanda giudiziale è equiparato l’atto notificato con il quale la parte, in presenza di compromesso o di clausola compromissoria, dichiara all’altra la propria intenzione di promuovere il procedimento arbitrale, propone la domanda e procede, per quanto le spetta, alla nomina degli arbitri.
170	Art. 2690 Domande relative ad atti soggetti a trascrizione	6. Quali domande sono escluse dal pregiudizio ai terzi di buona fede se trascritte dopo tre anni dalla data della trascrizione dell’atto impugnato?	Devono essere trascritte, qualora si riferiscano ai diritti menzionati dall’art. 2684: le domande indicate dai nn. 1, 2, 3, 4 e 5 dell’art. 2652 per gli effetti ivi disposti; le domande dirette all’accertamento di uno dei contratti indicati dai nn. 1 e 2 dell’art. 2684. La trascrizione della sentenza che accoglie la domanda prevale sulle trascrizioni e iscrizioni eseguite contro il convenuto dopo la trascrizione della domanda; le domande dirette a far dichiarare la nullità (1418 e seguenti) o a far pronunziare l’annullamento (1425 e seguenti) di atti soggetti a trascrizione e le domande dirette a impugnare la validità della trascrizione. La sentenza che accoglie la domanda non pregiudica i diritti acquistati a qualunque titolo dai terzi di buona fede in base a un atto trascritto o iscritto anteriormente alla trascrizione della domanda medesima, se questa è stata resa pubblica dopo tre anni dalla data della trascrizione dell’atto che si impugna. Se pero la domanda è diretta a far pronunziare l’annullamento per una causa diversa dall’incapacità legale, la sentenza che l’accoglie non pregiudica i diritti acquistati dai terzi di buona fede in base a un atto trascritto o iscritto anteriormente alla trascrizione della domanda, anche se questa è stata trascritta prima che siano decorsi tre anni dalla data della trascrizione dell’atto impugnato, purché in questo caso i terzi abbiano acquistato a titolo oneroso (14451; le domande con le quali si contesta il fondamento di un acquisto a causa di morte. Salvo quanto è disposto dal secondo e dal terzo comma dell’art. 534, se la domanda è trascritta dopo tre anni dalla data della trascrizione dell’atto impugnato, la sentenza che l’accoglie non pregiudica i terzi di buona fede che, in base a un atto trascritto o iscritto anteriormente alla trascrizione della domanda, hanno a qualunque titolo acquistato diritti da chi appare erede o legatario; le domande di riduzione delle donazioni e delle disposizioni testamentarie per lesione di legittima (554 e seguenti). Se la trascrizione è eseguita dopo tre anni dall’apertura della successione, la sentenza che accoglie la domanda non pregiudica i terzi che hanno acquistato a titolo oneroso diritti in base a un atto trascritto o iscritto anteriormente alla trascrizione della domanda; le domande di revocazione e quelle di opposizione di terzo contro le sentenze soggette a trascrizione per le cause previste dai nn. 1, 2, 3, e 6 dell’art. 395 Cod. Proc. Civ. e dal secondo comma dell’art. 404 dello stesso codice. Se la domanda è trascritta dopo tre anni dalla trascrizione della sentenza impugnata, la sentenza che l’accoglie non pregiudica i diritti acquistati dai terzi di buona fede in base a un atto trascritto o iscritto anteriormente alla trascrizione della domanda. Alla domanda giudiziale è equiparato l’atto notificato con il quale la parte, in presenza di compromesso o di clausola compromissoria, dichiara all’altra la propria intenzione di promuovere il procedimento arbitrale, propone la domanda e procede, per quanto le spetta, alla nomina degli arbitri.
171	Art. 2690 Domande relative ad atti soggetti a trascrizione	7. Quali sono le domande di riduzione delle donazioni e delle disposizioni testamentarie per lesione di legittima?	Devono essere trascritte, qualora si riferiscano ai diritti menzionati dall’art. 2684: le domande indicate dai nn. 1, 2, 3, 4 e 5 dell’art. 2652 per gli effetti ivi disposti; le domande dirette all’accertamento di uno dei contratti indicati dai nn. 1 e 2 dell’art. 2684. La trascrizione della sentenza che accoglie la domanda prevale sulle trascrizioni e iscrizioni eseguite contro il convenuto dopo la trascrizione della domanda; le domande dirette a far dichiarare la nullità (1418 e seguenti) o a far pronunziare l’annullamento (1425 e seguenti) di atti soggetti a trascrizione e le domande dirette a impugnare la validità della trascrizione. La sentenza che accoglie la domanda non pregiudica i diritti acquistati a qualunque titolo dai terzi di buona fede in base a un atto trascritto o iscritto anteriormente alla trascrizione della domanda medesima, se questa è stata resa pubblica dopo tre anni dalla data della trascrizione dell’atto che si impugna. Se pero la domanda è diretta a far pronunziare l’annullamento per una causa diversa dall’incapacità legale, la sentenza che l’accoglie non pregiudica i diritti acquistati dai terzi di buona fede in base a un atto trascritto o iscritto anteriormente alla trascrizione della domanda, anche se questa è stata trascritta prima che siano decorsi tre anni dalla data della trascrizione dell’atto impugnato, purché in questo caso i terzi abbiano acquistato a titolo oneroso (14451; le domande con le quali si contesta il fondamento di un acquisto a causa di morte. Salvo quanto è disposto dal secondo e dal terzo comma dell’art. 534, se la domanda è trascritta dopo tre anni dalla data della trascrizione dell’atto impugnato, la sentenza che l’accoglie non pregiudica i terzi di buona fede che, in base a un atto trascritto o iscritto anteriormente alla trascrizione della domanda, hanno a qualunque titolo acquistato diritti da chi appare erede o legatario; le domande di riduzione delle donazioni e delle disposizioni testamentarie per lesione di legittima (554 e seguenti). Se la trascrizione è eseguita dopo tre anni dall’apertura della successione, la sentenza che accoglie la domanda non pregiudica i terzi che hanno acquistato a titolo oneroso diritti in base a un atto trascritto o iscritto anteriormente alla trascrizione della domanda; le domande di revocazione e quelle di opposizione di terzo contro le sentenze soggette a trascrizione per le cause previste dai nn. 1, 2, 3, e 6 dell’art. 395 Cod. Proc. Civ. e dal secondo comma dell’art. 404 dello stesso codice. Se la domanda è trascritta dopo tre anni dalla trascrizione della sentenza impugnata, la sentenza che l’accoglie non pregiudica i diritti acquistati dai terzi di buona fede in base a un atto trascritto o iscritto anteriormente alla trascrizione della domanda. Alla domanda giudiziale è equiparato l’atto notificato con il quale la parte, in presenza di compromesso o di clausola compromissoria, dichiara all’altra la propria intenzione di promuovere il procedimento arbitrale, propone la domanda e procede, per quanto le spetta, alla nomina degli arbitri.
172	Art. 2690 Domande relative ad atti soggetti a trascrizione	8. Cosa accade se la trascrizione delle domande di riduzione è eseguita dopo tre anni dall’apertura della successione?	Devono essere trascritte, qualora si riferiscano ai diritti menzionati dall’art. 2684: le domande indicate dai nn. 1, 2, 3, 4 e 5 dell’art. 2652 per gli effetti ivi disposti; le domande dirette all’accertamento di uno dei contratti indicati dai nn. 1 e 2 dell’art. 2684. La trascrizione della sentenza che accoglie la domanda prevale sulle trascrizioni e iscrizioni eseguite contro il convenuto dopo la trascrizione della domanda; le domande dirette a far dichiarare la nullità (1418 e seguenti) o a far pronunziare l’annullamento (1425 e seguenti) di atti soggetti a trascrizione e le domande dirette a impugnare la validità della trascrizione. La sentenza che accoglie la domanda non pregiudica i diritti acquistati a qualunque titolo dai terzi di buona fede in base a un atto trascritto o iscritto anteriormente alla trascrizione della domanda medesima, se questa è stata resa pubblica dopo tre anni dalla data della trascrizione dell’atto che si impugna. Se pero la domanda è diretta a far pronunziare l’annullamento per una causa diversa dall’incapacità legale, la sentenza che l’accoglie non pregiudica i diritti acquistati dai terzi di buona fede in base a un atto trascritto o iscritto anteriormente alla trascrizione della domanda, anche se questa è stata trascritta prima che siano decorsi tre anni dalla data della trascrizione dell’atto impugnato, purché in questo caso i terzi abbiano acquistato a titolo oneroso (14451; le domande con le quali si contesta il fondamento di un acquisto a causa di morte. Salvo quanto è disposto dal secondo e dal terzo comma dell’art. 534, se la domanda è trascritta dopo tre anni dalla data della trascrizione dell’atto impugnato, la sentenza che l’accoglie non pregiudica i terzi di buona fede che, in base a un atto trascritto o iscritto anteriormente alla trascrizione della domanda, hanno a qualunque titolo acquistato diritti da chi appare erede o legatario; le domande di riduzione delle donazioni e delle disposizioni testamentarie per lesione di legittima (554 e seguenti). Se la trascrizione è eseguita dopo tre anni dall’apertura della successione, la sentenza che accoglie la domanda non pregiudica i terzi che hanno acquistato a titolo oneroso diritti in base a un atto trascritto o iscritto anteriormente alla trascrizione della domanda; le domande di revocazione e quelle di opposizione di terzo contro le sentenze soggette a trascrizione per le cause previste dai nn. 1, 2, 3, e 6 dell’art. 395 Cod. Proc. Civ. e dal secondo comma dell’art. 404 dello stesso codice. Se la domanda è trascritta dopo tre anni dalla trascrizione della sentenza impugnata, la sentenza che l’accoglie non pregiudica i diritti acquistati dai terzi di buona fede in base a un atto trascritto o iscritto anteriormente alla trascrizione della domanda. Alla domanda giudiziale è equiparato l’atto notificato con il quale la parte, in presenza di compromesso o di clausola compromissoria, dichiara all’altra la propria intenzione di promuovere il procedimento arbitrale, propone la domanda e procede, per quanto le spetta, alla nomina degli arbitri.
173	Art. 2690 Domande relative ad atti soggetti a trascrizione	9. Quali sono le domande di revocazione e di opposizione di terzo contro le sentenze soggette a trascrizione?	Devono essere trascritte, qualora si riferiscano ai diritti menzionati dall’art. 2684: le domande indicate dai nn. 1, 2, 3, 4 e 5 dell’art. 2652 per gli effetti ivi disposti; le domande dirette all’accertamento di uno dei contratti indicati dai nn. 1 e 2 dell’art. 2684. La trascrizione della sentenza che accoglie la domanda prevale sulle trascrizioni e iscrizioni eseguite contro il convenuto dopo la trascrizione della domanda; le domande dirette a far dichiarare la nullità (1418 e seguenti) o a far pronunziare l’annullamento (1425 e seguenti) di atti soggetti a trascrizione e le domande dirette a impugnare la validità della trascrizione. La sentenza che accoglie la domanda non pregiudica i diritti acquistati a qualunque titolo dai terzi di buona fede in base a un atto trascritto o iscritto anteriormente alla trascrizione della domanda medesima, se questa è stata resa pubblica dopo tre anni dalla data della trascrizione dell’atto che si impugna. Se pero la domanda è diretta a far pronunziare l’annullamento per una causa diversa dall’incapacità legale, la sentenza che l’accoglie non pregiudica i diritti acquistati dai terzi di buona fede in base a un atto trascritto o iscritto anteriormente alla trascrizione della domanda, anche se questa è stata trascritta prima che siano decorsi tre anni dalla data della trascrizione dell’atto impugnato, purché in questo caso i terzi abbiano acquistato a titolo oneroso (14451; le domande con le quali si contesta il fondamento di un acquisto a causa di morte. Salvo quanto è disposto dal secondo e dal terzo comma dell’art. 534, se la domanda è trascritta dopo tre anni dalla data della trascrizione dell’atto impugnato, la sentenza che l’accoglie non pregiudica i terzi di buona fede che, in base a un atto trascritto o iscritto anteriormente alla trascrizione della domanda, hanno a qualunque titolo acquistato diritti da chi appare erede o legatario; le domande di riduzione delle donazioni e delle disposizioni testamentarie per lesione di legittima (554 e seguenti). Se la trascrizione è eseguita dopo tre anni dall’apertura della successione, la sentenza che accoglie la domanda non pregiudica i terzi che hanno acquistato a titolo oneroso diritti in base a un atto trascritto o iscritto anteriormente alla trascrizione della domanda; le domande di revocazione e quelle di opposizione di terzo contro le sentenze soggette a trascrizione per le cause previste dai nn. 1, 2, 3, e 6 dell’art. 395 Cod. Proc. Civ. e dal secondo comma dell’art. 404 dello stesso codice. Se la domanda è trascritta dopo tre anni dalla trascrizione della sentenza impugnata, la sentenza che l’accoglie non pregiudica i diritti acquistati dai terzi di buona fede in base a un atto trascritto o iscritto anteriormente alla trascrizione della domanda. Alla domanda giudiziale è equiparato l’atto notificato con il quale la parte, in presenza di compromesso o di clausola compromissoria, dichiara all’altra la propria intenzione di promuovere il procedimento arbitrale, propone la domanda e procede, per quanto le spetta, alla nomina degli arbitri.
174	Art. 2690 Domande relative ad atti soggetti a trascrizione	10. Quali sono le condizioni per cui la sentenza che accoglie la domanda di revocazione non pregiudica i diritti dei terzi di buona fede?	Devono essere trascritte, qualora si riferiscano ai diritti menzionati dall’art. 2684: le domande indicate dai nn. 1, 2, 3, 4 e 5 dell’art. 2652 per gli effetti ivi disposti; le domande dirette all’accertamento di uno dei contratti indicati dai nn. 1 e 2 dell’art. 2684. La trascrizione della sentenza che accoglie la domanda prevale sulle trascrizioni e iscrizioni eseguite contro il convenuto dopo la trascrizione della domanda; le domande dirette a far dichiarare la nullità (1418 e seguenti) o a far pronunziare l’annullamento (1425 e seguenti) di atti soggetti a trascrizione e le domande dirette a impugnare la validità della trascrizione. La sentenza che accoglie la domanda non pregiudica i diritti acquistati a qualunque titolo dai terzi di buona fede in base a un atto trascritto o iscritto anteriormente alla trascrizione della domanda medesima, se questa è stata resa pubblica dopo tre anni dalla data della trascrizione dell’atto che si impugna. Se pero la domanda è diretta a far pronunziare l’annullamento per una causa diversa dall’incapacità legale, la sentenza che l’accoglie non pregiudica i diritti acquistati dai terzi di buona fede in base a un atto trascritto o iscritto anteriormente alla trascrizione della domanda, anche se questa è stata trascritta prima che siano decorsi tre anni dalla data della trascrizione dell’atto impugnato, purché in questo caso i terzi abbiano acquistato a titolo oneroso (14451; le domande con le quali si contesta il fondamento di un acquisto a causa di morte. Salvo quanto è disposto dal secondo e dal terzo comma dell’art. 534, se la domanda è trascritta dopo tre anni dalla data della trascrizione dell’atto impugnato, la sentenza che l’accoglie non pregiudica i terzi di buona fede che, in base a un atto trascritto o iscritto anteriormente alla trascrizione della domanda, hanno a qualunque titolo acquistato diritti da chi appare erede o legatario; le domande di riduzione delle donazioni e delle disposizioni testamentarie per lesione di legittima (554 e seguenti). Se la trascrizione è eseguita dopo tre anni dall’apertura della successione, la sentenza che accoglie la domanda non pregiudica i terzi che hanno acquistato a titolo oneroso diritti in base a un atto trascritto o iscritto anteriormente alla trascrizione della domanda; le domande di revocazione e quelle di opposizione di terzo contro le sentenze soggette a trascrizione per le cause previste dai nn. 1, 2, 3, e 6 dell’art. 395 Cod. Proc. Civ. e dal secondo comma dell’art. 404 dello stesso codice. Se la domanda è trascritta dopo tre anni dalla trascrizione della sentenza impugnata, la sentenza che l’accoglie non pregiudica i diritti acquistati dai terzi di buona fede in base a un atto trascritto o iscritto anteriormente alla trascrizione della domanda. Alla domanda giudiziale è equiparato l’atto notificato con il quale la parte, in presenza di compromesso o di clausola compromissoria, dichiara all’altra la propria intenzione di promuovere il procedimento arbitrale, propone la domanda e procede, per quanto le spetta, alla nomina degli arbitri.
175	Art. 2690 Domande relative ad atti soggetti a trascrizione	11. Cosa si intende per equiparazione della domanda giudiziale all’atto notificato in presenza di compromesso o clausola compromissoria?	Devono essere trascritte, qualora si riferiscano ai diritti menzionati dall’art. 2684: le domande indicate dai nn. 1, 2, 3, 4 e 5 dell’art. 2652 per gli effetti ivi disposti; le domande dirette all’accertamento di uno dei contratti indicati dai nn. 1 e 2 dell’art. 2684. La trascrizione della sentenza che accoglie la domanda prevale sulle trascrizioni e iscrizioni eseguite contro il convenuto dopo la trascrizione della domanda; le domande dirette a far dichiarare la nullità (1418 e seguenti) o a far pronunziare l’annullamento (1425 e seguenti) di atti soggetti a trascrizione e le domande dirette a impugnare la validità della trascrizione. La sentenza che accoglie la domanda non pregiudica i diritti acquistati a qualunque titolo dai terzi di buona fede in base a un atto trascritto o iscritto anteriormente alla trascrizione della domanda medesima, se questa è stata resa pubblica dopo tre anni dalla data della trascrizione dell’atto che si impugna. Se pero la domanda è diretta a far pronunziare l’annullamento per una causa diversa dall’incapacità legale, la sentenza che l’accoglie non pregiudica i diritti acquistati dai terzi di buona fede in base a un atto trascritto o iscritto anteriormente alla trascrizione della domanda, anche se questa è stata trascritta prima che siano decorsi tre anni dalla data della trascrizione dell’atto impugnato, purché in questo caso i terzi abbiano acquistato a titolo oneroso (14451; le domande con le quali si contesta il fondamento di un acquisto a causa di morte. Salvo quanto è disposto dal secondo e dal terzo comma dell’art. 534, se la domanda è trascritta dopo tre anni dalla data della trascrizione dell’atto impugnato, la sentenza che l’accoglie non pregiudica i terzi di buona fede che, in base a un atto trascritto o iscritto anteriormente alla trascrizione della domanda, hanno a qualunque titolo acquistato diritti da chi appare erede o legatario; le domande di riduzione delle donazioni e delle disposizioni testamentarie per lesione di legittima (554 e seguenti). Se la trascrizione è eseguita dopo tre anni dall’apertura della successione, la sentenza che accoglie la domanda non pregiudica i terzi che hanno acquistato a titolo oneroso diritti in base a un atto trascritto o iscritto anteriormente alla trascrizione della domanda; le domande di revocazione e quelle di opposizione di terzo contro le sentenze soggette a trascrizione per le cause previste dai nn. 1, 2, 3, e 6 dell’art. 395 Cod. Proc. Civ. e dal secondo comma dell’art. 404 dello stesso codice. Se la domanda è trascritta dopo tre anni dalla trascrizione della sentenza impugnata, la sentenza che l’accoglie non pregiudica i diritti acquistati dai terzi di buona fede in base a un atto trascritto o iscritto anteriormente alla trascrizione della domanda. Alla domanda giudiziale è equiparato l’atto notificato con il quale la parte, in presenza di compromesso o di clausola compromissoria, dichiara all’altra la propria intenzione di promuovere il procedimento arbitrale, propone la domanda e procede, per quanto le spetta, alla nomina degli arbitri.
176	Art. 2690 Domande relative ad atti soggetti a trascrizione	12. Quali sono le azioni che una parte deve intraprendere per promuovere il procedimento arbitrale in presenza di compromesso o clausola compromissoria?	Devono essere trascritte, qualora si riferiscano ai diritti menzionati dall’art. 2684: le domande indicate dai nn. 1, 2, 3, 4 e 5 dell’art. 2652 per gli effetti ivi disposti; le domande dirette all’accertamento di uno dei contratti indicati dai nn. 1 e 2 dell’art. 2684. La trascrizione della sentenza che accoglie la domanda prevale sulle trascrizioni e iscrizioni eseguite contro il convenuto dopo la trascrizione della domanda; le domande dirette a far dichiarare la nullità (1418 e seguenti) o a far pronunziare l’annullamento (1425 e seguenti) di atti soggetti a trascrizione e le domande dirette a impugnare la validità della trascrizione. La sentenza che accoglie la domanda non pregiudica i diritti acquistati a qualunque titolo dai terzi di buona fede in base a un atto trascritto o iscritto anteriormente alla trascrizione della domanda medesima, se questa è stata resa pubblica dopo tre anni dalla data della trascrizione dell’atto che si impugna. Se pero la domanda è diretta a far pronunziare l’annullamento per una causa diversa dall’incapacità legale, la sentenza che l’accoglie non pregiudica i diritti acquistati dai terzi di buona fede in base a un atto trascritto o iscritto anteriormente alla trascrizione della domanda, anche se questa è stata trascritta prima che siano decorsi tre anni dalla data della trascrizione dell’atto impugnato, purché in questo caso i terzi abbiano acquistato a titolo oneroso (14451; le domande con le quali si contesta il fondamento di un acquisto a causa di morte. Salvo quanto è disposto dal secondo e dal terzo comma dell’art. 534, se la domanda è trascritta dopo tre anni dalla data della trascrizione dell’atto impugnato, la sentenza che l’accoglie non pregiudica i terzi di buona fede che, in base a un atto trascritto o iscritto anteriormente alla trascrizione della domanda, hanno a qualunque titolo acquistato diritti da chi appare erede o legatario; le domande di riduzione delle donazioni e delle disposizioni testamentarie per lesione di legittima (554 e seguenti). Se la trascrizione è eseguita dopo tre anni dall’apertura della successione, la sentenza che accoglie la domanda non pregiudica i terzi che hanno acquistato a titolo oneroso diritti in base a un atto trascritto o iscritto anteriormente alla trascrizione della domanda; le domande di revocazione e quelle di opposizione di terzo contro le sentenze soggette a trascrizione per le cause previste dai nn. 1, 2, 3, e 6 dell’art. 395 Cod. Proc. Civ. e dal secondo comma dell’art. 404 dello stesso codice. Se la domanda è trascritta dopo tre anni dalla trascrizione della sentenza impugnata, la sentenza che l’accoglie non pregiudica i diritti acquistati dai terzi di buona fede in base a un atto trascritto o iscritto anteriormente alla trascrizione della domanda. Alla domanda giudiziale è equiparato l’atto notificato con il quale la parte, in presenza di compromesso o di clausola compromissoria, dichiara all’altra la propria intenzione di promuovere il procedimento arbitrale, propone la domanda e procede, per quanto le spetta, alla nomina degli arbitri.
177	Art. 2690 Domande relative ad atti soggetti a trascrizione	13. Quali articoli del Codice di Procedura Civile sono rilevanti per le domande di revocazione e opposizione di terzo?	Devono essere trascritte, qualora si riferiscano ai diritti menzionati dall’art. 2684: le domande indicate dai nn. 1, 2, 3, 4 e 5 dell’art. 2652 per gli effetti ivi disposti; le domande dirette all’accertamento di uno dei contratti indicati dai nn. 1 e 2 dell’art. 2684. La trascrizione della sentenza che accoglie la domanda prevale sulle trascrizioni e iscrizioni eseguite contro il convenuto dopo la trascrizione della domanda; le domande dirette a far dichiarare la nullità (1418 e seguenti) o a far pronunziare l’annullamento (1425 e seguenti) di atti soggetti a trascrizione e le domande dirette a impugnare la validità della trascrizione. La sentenza che accoglie la domanda non pregiudica i diritti acquistati a qualunque titolo dai terzi di buona fede in base a un atto trascritto o iscritto anteriormente alla trascrizione della domanda medesima, se questa è stata resa pubblica dopo tre anni dalla data della trascrizione dell’atto che si impugna. Se pero la domanda è diretta a far pronunziare l’annullamento per una causa diversa dall’incapacità legale, la sentenza che l’accoglie non pregiudica i diritti acquistati dai terzi di buona fede in base a un atto trascritto o iscritto anteriormente alla trascrizione della domanda, anche se questa è stata trascritta prima che siano decorsi tre anni dalla data della trascrizione dell’atto impugnato, purché in questo caso i terzi abbiano acquistato a titolo oneroso (14451; le domande con le quali si contesta il fondamento di un acquisto a causa di morte. Salvo quanto è disposto dal secondo e dal terzo comma dell’art. 534, se la domanda è trascritta dopo tre anni dalla data della trascrizione dell’atto impugnato, la sentenza che l’accoglie non pregiudica i terzi di buona fede che, in base a un atto trascritto o iscritto anteriormente alla trascrizione della domanda, hanno a qualunque titolo acquistato diritti da chi appare erede o legatario; le domande di riduzione delle donazioni e delle disposizioni testamentarie per lesione di legittima (554 e seguenti). Se la trascrizione è eseguita dopo tre anni dall’apertura della successione, la sentenza che accoglie la domanda non pregiudica i terzi che hanno acquistato a titolo oneroso diritti in base a un atto trascritto o iscritto anteriormente alla trascrizione della domanda; le domande di revocazione e quelle di opposizione di terzo contro le sentenze soggette a trascrizione per le cause previste dai nn. 1, 2, 3, e 6 dell’art. 395 Cod. Proc. Civ. e dal secondo comma dell’art. 404 dello stesso codice. Se la domanda è trascritta dopo tre anni dalla trascrizione della sentenza impugnata, la sentenza che l’accoglie non pregiudica i diritti acquistati dai terzi di buona fede in base a un atto trascritto o iscritto anteriormente alla trascrizione della domanda. Alla domanda giudiziale è equiparato l’atto notificato con il quale la parte, in presenza di compromesso o di clausola compromissoria, dichiara all’altra la propria intenzione di promuovere il procedimento arbitrale, propone la domanda e procede, per quanto le spetta, alla nomina degli arbitri.
178	Art. 2691 Altre domande e atti soggetti a trascrizione	1. Quali sono le domande e gli atti che devono essere trascritti in relazione ai beni menzionati nell'art. 2683?	Devono del pari trascriversi, quando si riferiscono ai beni menzionati nell’art. 2683, le domande e gli atti indicati dai nn. 1, 3, 4 e 5 dell’art. 2653, per gli effetti ivi disposti. Alla domanda giudiziale e equiparato l’atto notificato con il quale la parte, in presenza di compromesso o di clausola compromissoria, dichiara all’altra la propria intenzione di promuovere il procedimento arbitrale, propone la domanda e procede, per quanto le spetta, alla nomina degli arbitri.
179	Art. 2691 Altre domande e atti soggetti a trascrizione	2. In che modo un atto notificato può essere equiparato a una domanda giudiziale nel contesto di un compromesso o di una clausola compromissoria?	Devono del pari trascriversi, quando si riferiscono ai beni menzionati nell’art. 2683, le domande e gli atti indicati dai nn. 1, 3, 4 e 5 dell’art. 2653, per gli effetti ivi disposti. Alla domanda giudiziale e equiparato l’atto notificato con il quale la parte, in presenza di compromesso o di clausola compromissoria, dichiara all’altra la propria intenzione di promuovere il procedimento arbitrale, propone la domanda e procede, per quanto le spetta, alla nomina degli arbitri.
180	Art. 2692 Annotazione della trascrizione delle domande e degli atti	1. Quali modalità devono essere seguite per annotare la trascrizione delle domande e degli atti indicati dai due articoli precedenti?	La trascrizione delle domande e degli atti indicati dai due articoli precedenti dev’essere anche annotata secondo le modalità stabilite dall’art. 2654. Si osservano inoltre le disposizioni del primo, terzo e quarto comma dell’art. 2655 e quelle dell’art. 2656.
181	Art. 2692 Annotazione della trascrizione delle domande e degli atti	2. Quali disposizioni degli articoli 2655 e 2656 devono essere osservate nella trascrizione delle domande e degli atti?	La trascrizione delle domande e degli atti indicati dai due articoli precedenti dev’essere anche annotata secondo le modalità stabilite dall’art. 2654. Si osservano inoltre le disposizioni del primo, terzo e quarto comma dell’art. 2655 e quelle dell’art. 2656.
182	Art. 2693 Trascrizione del pignoramento e del sequestro	1. Quali sono gli articoli del Codice di Procedura Civile che regolano la trascrizione del provvedimento di sequestro conservativo?	Deve essere trascritto, dopo la notificazione, il provvedimento che ordina il sequestro conservativo (Cod. Proc. Civ. 671 e seguenti) per gli effetti disposti dall’art. 2906. Si deve trascrivere del pari l’atto di pignoramento (Cod. Proc. Civ. 518) per gli effetti disposti dagli artt. 2913, 2914, 2915 e 2916.
183	Art. 2693 Trascrizione del pignoramento e del sequestro	2. Quali effetti giuridici sono disposti dagli articoli 2913, 2914, 2915 e 2916 in relazione alla trascrizione dell'atto di pignoramento?	Deve essere trascritto, dopo la notificazione, il provvedimento che ordina il sequestro conservativo (Cod. Proc. Civ. 671 e seguenti) per gli effetti disposti dall’art. 2906. Si deve trascrivere del pari l’atto di pignoramento (Cod. Proc. Civ. 518) per gli effetti disposti dagli artt. 2913, 2914, 2915 e 2916.
184	Art. 2694 Richiamo di altre leggi	1. Quali sono le disposizioni del codice della navigazione che richiedono la trascrizione di atti non contemplati dal presente capo?	Sono salve le disposizioni del codice della navigazione e delle leggi speciali che richiedono la trascrizione di atti non contemplati dal presente capo (Cod. Nav. 238 e seguenti, 250 e seguenti, 271 e seguenti, 543, 624, 650, 652, 853 e seguenti, 865 e seguenti, 875, 1009, 1045, 1061, 1063) e le altre disposizioni non incompatibili con quelle contenute nel capo medesimo.
185	Art. 2695 Forme e modalità della trascrizione	1. Quali codici regolano le trascrizioni per navi e aeromobili secondo il testo?	Le forme e le modalità delle trascrizioni previste in questo capo sono regolate dal codice della navigazione, per quanto riguarda le navi e gli aeromobili (Cod. Nav. 250 e seguenti; 865 e seguenti), e dalla legge speciale per quanto riguarda gli autoveicoli. ln mancanza, si osservano le norme concernenti la trascrizione degli atti relativi ai beni immobili, in quanto sono applicabili.
186	Art. 2695 Forme e modalità della trascrizione	2. Cosa si applica in mancanza di norme specifiche per la trascrizione degli atti relativi agli autoveicoli?	Le forme e le modalità delle trascrizioni previste in questo capo sono regolate dal codice della navigazione, per quanto riguarda le navi e gli aeromobili (Cod. Nav. 250 e seguenti; 865 e seguenti), e dalla legge speciale per quanto riguarda gli autoveicoli. ln mancanza, si osservano le norme concernenti la trascrizione degli atti relativi ai beni immobili, in quanto sono applicabili.
187	Art. 2695 Forme e modalità della trascrizione	3. A quali beni si applicano le norme concernenti la trascrizione degli atti in mancanza di altre disposizioni?	Le forme e le modalità delle trascrizioni previste in questo capo sono regolate dal codice della navigazione, per quanto riguarda le navi e gli aeromobili (Cod. Nav. 250 e seguenti; 865 e seguenti), e dalla legge speciale per quanto riguarda gli autoveicoli. ln mancanza, si osservano le norme concernenti la trascrizione degli atti relativi ai beni immobili, in quanto sono applicabili.
188	Art. 2696 Rinvio	1. Quali sono le disposizioni di legge che si applicano alla trascrizione di determinati atti per altri beni mobili?	Per gli altri beni mobili per cui è disposta la trascrizione di determinati atti si osservano le disposizioni delle leggi che li riguardano. 
189	Art. 2697 Onere della prova	1. Quali sono gli obblighi di chi vuole far valere un diritto in giudizio secondo il Codice di Procedura Civile?	Chi vuol far valere un diritto in giudizio (Cod. Proc. Civ. 163) deve provare i fatti che ne costituiscono il fondamento (Cod. Proc. Civ. 115). Chi eccepisce l’inefficacia di tali fatti ovvero eccepisce che il diritto si è modificato o estinto deve provare i fatti su cui l’eccezione si fonda.
190	Art. 2697 Onere della prova	2. Chi ha l'onere di provare i fatti su cui si fonda un'eccezione di inefficacia o di modifica di un diritto?	Chi vuol far valere un diritto in giudizio (Cod. Proc. Civ. 163) deve provare i fatti che ne costituiscono il fondamento (Cod. Proc. Civ. 115). Chi eccepisce l’inefficacia di tali fatti ovvero eccepisce che il diritto si è modificato o estinto deve provare i fatti su cui l’eccezione si fonda.
191	Art. 2698 Patti relativi all’onere della prova	1. In quali circostanze i patti che modificano l'onere della prova sono considerati nulli?	Sono nulli i patti con i quali è invertito ovvero è modificato l’onere della prova, quando si tratta di diritti di cui le parti non possono disporre o quando l’inversione o la modificazione ha per effetto di rendere a una delle parti eccessivamente difficile l’esercizio del diritto.
192	Art. 2699 Atto pubblico	1. Quali sono le formalità richieste per la redazione di un atto pubblico?	L’atto pubblico è il documento redatto, con le richieste formalità, da un notaio o da altro pubblico ufficiale autorizzato ad attribuirgli pubblica fede nel luogo dove l’atto è formato.
193	Art. 2700 Efficacia dell’atto pubblico	1. Quali articoli del Codice di Procedura Civile e del Codice Penale regolano la querela di falso in relazione all'atto pubblico?	L’atto pubblico fa piena prova, fino a querela di falso (Cod. Proc. Civ. 221 e seguenti; Cod. Pen. 476) della provenienza del documento dal pubblico ufficiale che lo ha formata, nonché delle dichiarazioni delle parti e degli altri fatti che il pubblico ufficiale attesta avvenuti in sua presenza o da lui compiuti (Cod. Nav. 178, 775).
194	Art. 2700 Efficacia dell’atto pubblico	2. Che cosa attesta il pubblico ufficiale in un atto pubblico secondo il testo?	L’atto pubblico fa piena prova, fino a querela di falso (Cod. Proc. Civ. 221 e seguenti; Cod. Pen. 476) della provenienza del documento dal pubblico ufficiale che lo ha formata, nonché delle dichiarazioni delle parti e degli altri fatti che il pubblico ufficiale attesta avvenuti in sua presenza o da lui compiuti (Cod. Nav. 178, 775).
195	Art. 2700 Efficacia dell’atto pubblico	3. Fino a quando l'atto pubblico fa piena prova della sua provenienza e delle dichiarazioni delle parti?	L’atto pubblico fa piena prova, fino a querela di falso (Cod. Proc. Civ. 221 e seguenti; Cod. Pen. 476) della provenienza del documento dal pubblico ufficiale che lo ha formata, nonché delle dichiarazioni delle parti e degli altri fatti che il pubblico ufficiale attesta avvenuti in sua presenza o da lui compiuti (Cod. Nav. 178, 775).
196	Art. 2701 Conversione dell’atto pubblico	1. Qual è l'efficacia probatoria di un documento formato da un ufficiale pubblico incompetente o incapace, se sottoscritto dalle parti?	Il documento formato da ufficiale pubblico incompetente o incapace ovvero senza l’osservanza delle formalità prescritte, se è stato sottoscritto dalle parti ha la stessa efficacia probatoria della scrittura privata.
197	Art. 2702 Efficacia della scrittura privata	1. In quali circostanze la scrittura privata fa piena prova della provenienza delle dichiarazioni da chi l’ha sottoscritta?	La scrittura privata fa piena prova, fino a querela di falso (Cod. Proc. Civ. 221 e seguenti), della provenienza delle dichiarazioni da chi l’ha sottoscritta, se colui contro il quale la scrittura è prodotta ne riconosce la sottoscrizione, ovvero se questa è legalmente considerata come riconosciuta (Cod. Proc. Civ. 214, 215; Cod. Nav. 178, 775).
198	Art. 2702 Efficacia della scrittura privata	2. Quali articoli del Codice di Procedura Civile regolano il riconoscimento della sottoscrizione di una scrittura privata?	La scrittura privata fa piena prova, fino a querela di falso (Cod. Proc. Civ. 221 e seguenti), della provenienza delle dichiarazioni da chi l’ha sottoscritta, se colui contro il quale la scrittura è prodotta ne riconosce la sottoscrizione, ovvero se questa è legalmente considerata come riconosciuta (Cod. Proc. Civ. 214, 215; Cod. Nav. 178, 775).
199	Art. 2703 Sottoscrizione autenticata	1. Qual è il ruolo del pubblico ufficiale nell'autenticazione di una sottoscrizione?	Si ha per riconosciuta la sottoscrizione autenticata dal notaio o da altro pubblico ufficiale a ciò autorizzato. L’autenticazione consiste nell’attestazione da parte del pubblico ufficiale che la sottoscrizione è stata apposta in sua presenza. Il pubblico ufficiale deve previamente accertare l’identità della persona che sottoscrive.
200	Art. 2703 Sottoscrizione autenticata	2. Quali sono i requisiti che il pubblico ufficiale deve verificare prima di autenticare una sottoscrizione?	Si ha per riconosciuta la sottoscrizione autenticata dal notaio o da altro pubblico ufficiale a ciò autorizzato. L’autenticazione consiste nell’attestazione da parte del pubblico ufficiale che la sottoscrizione è stata apposta in sua presenza. Il pubblico ufficiale deve previamente accertare l’identità della persona che sottoscrive.
201	Art. 2703 Sottoscrizione autenticata	3. Chi è autorizzato a riconoscere una sottoscrizione autenticata?	Si ha per riconosciuta la sottoscrizione autenticata dal notaio o da altro pubblico ufficiale a ciò autorizzato. L’autenticazione consiste nell’attestazione da parte del pubblico ufficiale che la sottoscrizione è stata apposta in sua presenza. Il pubblico ufficiale deve previamente accertare l’identità della persona che sottoscrive.
202	Art. 2704 Data della scrittura privata nei confronti dei terzi	1. In quali casi la data di una scrittura privata non autenticata diventa certa e computabile riguardo ai terzi?	La data della scrittura privata della quale non è autenticata la sottoscrizione non è certa e computabile riguardo ai terzi, se non dal giorno in cui la scrittura è stata registrata o dal giorno della morte o della sopravvenuta impossibilità fisica di colui o di uno di coloro che l’hanno sottoscritta o dal giorno in cui il contenuto della scrittura è riprodotto in atti pubblici o, infine, dal giorno in cui si verifica un altro fatto che stabilisca in modo egualmente certo l’anteriorità della formazione del documento. La data della scrittura privata che contiene dichiarazioni unilaterali non destinate a persona determinata può essere accertata con qualsiasi mezzo di prova. Per l’accertamento della data nelle quietanze il giudice, tenuto conto delle circostanze, può ammettere qualsiasi mezzo di prova.
203	Art. 2704 Data della scrittura privata nei confronti dei terzi	2. Come può essere accertata la data di una scrittura privata contenente dichiarazioni unilaterali non destinate a persona determinata?	La data della scrittura privata della quale non è autenticata la sottoscrizione non è certa e computabile riguardo ai terzi, se non dal giorno in cui la scrittura è stata registrata o dal giorno della morte o della sopravvenuta impossibilità fisica di colui o di uno di coloro che l’hanno sottoscritta o dal giorno in cui il contenuto della scrittura è riprodotto in atti pubblici o, infine, dal giorno in cui si verifica un altro fatto che stabilisca in modo egualmente certo l’anteriorità della formazione del documento. La data della scrittura privata che contiene dichiarazioni unilaterali non destinate a persona determinata può essere accertata con qualsiasi mezzo di prova. Per l’accertamento della data nelle quietanze il giudice, tenuto conto delle circostanze, può ammettere qualsiasi mezzo di prova.
204	Art. 2704 Data della scrittura privata nei confronti dei terzi	3. Quali mezzi di prova può ammettere il giudice per accertare la data nelle quietanze?	La data della scrittura privata della quale non è autenticata la sottoscrizione non è certa e computabile riguardo ai terzi, se non dal giorno in cui la scrittura è stata registrata o dal giorno della morte o della sopravvenuta impossibilità fisica di colui o di uno di coloro che l’hanno sottoscritta o dal giorno in cui il contenuto della scrittura è riprodotto in atti pubblici o, infine, dal giorno in cui si verifica un altro fatto che stabilisca in modo egualmente certo l’anteriorità della formazione del documento. La data della scrittura privata che contiene dichiarazioni unilaterali non destinate a persona determinata può essere accertata con qualsiasi mezzo di prova. Per l’accertamento della data nelle quietanze il giudice, tenuto conto delle circostanze, può ammettere qualsiasi mezzo di prova.
205	Art. 2705 Telegramma	1. Qual è l'efficacia probatoria del telegramma se l'originale consegnato all'ufficio di partenza è sottoscritto dal mittente?	Il telegramma ha l’efficacia probatoria della scrittura privata, se l’originale consegnato all’ufficio di partenza è sottoscritto dal mittente, ovvero se è stato consegnato o fatto consegnare dal mittente medesimo, anche senza sottoscriverlo. La sottoscrizione può essere autenticata dal notaio. Se l’identità della persona che ha sottoscritto l’originale del telegramma è stata accertata nei modi stabiliti dai regolamenti, è ammessa la prova contraria. Il mittente può fare indicare nel telegramma se l’originale è stato firmato con o senza autenticazione.
206	Art. 2705 Telegramma	2. In che modo la sottoscrizione del telegramma può essere autenticata?	Il telegramma ha l’efficacia probatoria della scrittura privata, se l’originale consegnato all’ufficio di partenza è sottoscritto dal mittente, ovvero se è stato consegnato o fatto consegnare dal mittente medesimo, anche senza sottoscriverlo. La sottoscrizione può essere autenticata dal notaio. Se l’identità della persona che ha sottoscritto l’originale del telegramma è stata accertata nei modi stabiliti dai regolamenti, è ammessa la prova contraria. Il mittente può fare indicare nel telegramma se l’originale è stato firmato con o senza autenticazione.
207	Art. 2705 Telegramma	3. È possibile presentare una prova contraria se l'identità della persona che ha sottoscritto l'originale del telegramma è stata accertata?	Il telegramma ha l’efficacia probatoria della scrittura privata, se l’originale consegnato all’ufficio di partenza è sottoscritto dal mittente, ovvero se è stato consegnato o fatto consegnare dal mittente medesimo, anche senza sottoscriverlo. La sottoscrizione può essere autenticata dal notaio. Se l’identità della persona che ha sottoscritto l’originale del telegramma è stata accertata nei modi stabiliti dai regolamenti, è ammessa la prova contraria. Il mittente può fare indicare nel telegramma se l’originale è stato firmato con o senza autenticazione.
208	Art. 2705 Telegramma	4. Cosa può indicare il mittente nel telegramma riguardo alla firma dell'originale?	Il telegramma ha l’efficacia probatoria della scrittura privata, se l’originale consegnato all’ufficio di partenza è sottoscritto dal mittente, ovvero se è stato consegnato o fatto consegnare dal mittente medesimo, anche senza sottoscriverlo. La sottoscrizione può essere autenticata dal notaio. Se l’identità della persona che ha sottoscritto l’originale del telegramma è stata accertata nei modi stabiliti dai regolamenti, è ammessa la prova contraria. Il mittente può fare indicare nel telegramma se l’originale è stato firmato con o senza autenticazione.
209	Art. 2706 Conformità tra originale e riproduzione del telegramma	1. Quali sono le condizioni per cui la riproduzione di un telegramma si presume conforme all'originale?	La riproduzione del telegramma consegnata al destinatario si presume, fino a prova contraria, conforme all’originale. Il mittente, se ha fatto collazionare il telegramma secondo le disposizioni dei regolamenti, si presume esente da colpa per le divergenze verificatesi tra originale e riproduzione.
210	Art. 2706 Conformità tra originale e riproduzione del telegramma	2. In quali circostanze il mittente di un telegramma si presume esente da colpa per divergenze tra l'originale e la riproduzione?	La riproduzione del telegramma consegnata al destinatario si presume, fino a prova contraria, conforme all’originale. Il mittente, se ha fatto collazionare il telegramma secondo le disposizioni dei regolamenti, si presume esente da colpa per le divergenze verificatesi tra originale e riproduzione.
211	Art. 2707 Carte e registri domestici	1. In quali circostanze le carte e i registri domestici fanno prova contro chi li ha scritti?	Le carte e i registri domestici fanno prova contro chi li ha scritti: quando enunciano espressamente un pagamento ricevuto; quando contengono la menzione espressa che l’annotazione è stata fatta per supplire alla mancanza di titolo in favore di chi 6 indicato come creditore.
212	Art. 2707 Carte e registri domestici	2. Cosa devono contenere le carte e i registri domestici per supplire alla mancanza di titolo in favore del creditore?	Le carte e i registri domestici fanno prova contro chi li ha scritti: quando enunciano espressamente un pagamento ricevuto; quando contengono la menzione espressa che l’annotazione è stata fatta per supplire alla mancanza di titolo in favore di chi 6 indicato come creditore.
213	Art. 2707 Carte e registri domestici	3. Qual è l'effetto di un'annotazione che enuncia espressamente un pagamento ricevuto nei registri domestici?	Le carte e i registri domestici fanno prova contro chi li ha scritti: quando enunciano espressamente un pagamento ricevuto; quando contengono la menzione espressa che l’annotazione è stata fatta per supplire alla mancanza di titolo in favore di chi 6 indicato come creditore.
214	Art. 2708 Annotazione in calce, in margine o a tergo di un documento	1. Quale valore probatorio ha l'annotazione fatta dal creditore su un documento in suo possesso riguardo alla liberazione del debitore?	L’annotazione fatta dal creditore in calce, in margine o a tergo di un documento rimasto in suo possesso fa prova, benché non sottoscritta da lui, se tende ad accertare la liberazione del debitore. Lo stesso valore ha l’annotazione fatta dal creditore in calce, in margine o a tergo di una quietanza o di un esemplare del documento del debito posseduto dal debitore.
215	Art. 2708 Annotazione in calce, in margine o a tergo di un documento	2. L'annotazione fatta dal creditore su una quietanza posseduta dal debitore ha lo stesso valore probatorio di quella fatta su un documento in possesso del creditore?	L’annotazione fatta dal creditore in calce, in margine o a tergo di un documento rimasto in suo possesso fa prova, benché non sottoscritta da lui, se tende ad accertare la liberazione del debitore. Lo stesso valore ha l’annotazione fatta dal creditore in calce, in margine o a tergo di una quietanza o di un esemplare del documento del debito posseduto dal debitore.
216	Art. 2709 Efficacia probatoria contro l’imprenditore	1. Quali documenti contabili delle imprese soggette a registrazione fanno prova contro l'imprenditore?	I libri e le altre scritture contabili (2214 e seguenti) delle imprese soggette a registrazione fanno prova contro l’imprenditore. Tuttavia chi vuol trarne vantaggio non può scinderne il contenuto (Cod. Nav. 178).
217	Art. 2709 Efficacia probatoria contro l’imprenditore	2. È possibile per chi vuole trarre vantaggio dai libri contabili scinderne il contenuto?	I libri e le altre scritture contabili (2214 e seguenti) delle imprese soggette a registrazione fanno prova contro l’imprenditore. Tuttavia chi vuol trarne vantaggio non può scinderne il contenuto (Cod. Nav. 178).
218	Art. 2709 Efficacia probatoria contro l’imprenditore	3. A quale codice si fa riferimento per la regola che i libri contabili fanno prova contro l'imprenditore?	I libri e le altre scritture contabili (2214 e seguenti) delle imprese soggette a registrazione fanno prova contro l’imprenditore. Tuttavia chi vuol trarne vantaggio non può scinderne il contenuto (Cod. Nav. 178).
219	Art. 2710 Efficacia probatoria tra imprenditori	1. In quali circostanze i libri bollati e vidimati possono fare prova tra imprenditori?	I libri bollati e vidimati nelle forme di legge (2214 e seguenti), quando sono regolarmente tenuti, possono fare prova tra imprenditori per i rapporti inerenti all’esercizio dell’impresa.
220	Art. 2711 Comunicazione ed esibizione	1. In quali tipi di controversie il giudice può ordinare la comunicazione integrale dei libri e delle scritture contabili?	La comunicazione integrale dei libri, delle scritture contabili e della corrispondenza può essere ordinata dal giudice solo nelle controverse relative allo scioglimento della società, alla comunione dei beni e alla successione per causa di morte. Negli altri casi il giudice può ordinare, anche d’ufficio, che si esibiscano i libri per estrarne le registrazioni concernenti la controversia in corso (Cod. Proc. Civ. 212). Può ordinare altresì l’esibizione di singole scritture contabili, lettere, telegrammi o fatture concernenti la controversia stessa.
221	Art. 2711 Comunicazione ed esibizione	2. Cosa può ordinare il giudice negli altri casi che non riguardano lo scioglimento della società, la comunione dei beni o la successione per causa di morte?	La comunicazione integrale dei libri, delle scritture contabili e della corrispondenza può essere ordinata dal giudice solo nelle controverse relative allo scioglimento della società, alla comunione dei beni e alla successione per causa di morte. Negli altri casi il giudice può ordinare, anche d’ufficio, che si esibiscano i libri per estrarne le registrazioni concernenti la controversia in corso (Cod. Proc. Civ. 212). Può ordinare altresì l’esibizione di singole scritture contabili, lettere, telegrammi o fatture concernenti la controversia stessa.
222	Art. 2711 Comunicazione ed esibizione	3. Quali documenti specifici può il giudice ordinare di esibire in una controversia?	La comunicazione integrale dei libri, delle scritture contabili e della corrispondenza può essere ordinata dal giudice solo nelle controverse relative allo scioglimento della società, alla comunione dei beni e alla successione per causa di morte. Negli altri casi il giudice può ordinare, anche d’ufficio, che si esibiscano i libri per estrarne le registrazioni concernenti la controversia in corso (Cod. Proc. Civ. 212). Può ordinare altresì l’esibizione di singole scritture contabili, lettere, telegrammi o fatture concernenti la controversia stessa.
223	Art. 2712 Riproduzioni meccaniche	1. Quali tipi di riproduzioni formano piena prova dei fatti e delle cose rappresentate secondo il Codice di Procedura Civile 261?	Le riproduzioni (Cod. Proc. Civ. 261) fotografiche, informatiche o cinematografiche, le registrazioni fonografiche e, in genere, ogni altra rappresentazione meccanica di fatti e di cose formano piena prova dei fatti e delle cose rappresentate, se colui contro il quale sono prodotte non ne disconosce la conformità ai fatti o alle cose medesime.
224	Art. 2712 Riproduzioni meccaniche	2. In quali circostanze le riproduzioni fotografiche, informatiche o cinematografiche non formano piena prova dei fatti e delle cose rappresentate?	Le riproduzioni (Cod. Proc. Civ. 261) fotografiche, informatiche o cinematografiche, le registrazioni fonografiche e, in genere, ogni altra rappresentazione meccanica di fatti e di cose formano piena prova dei fatti e delle cose rappresentate, se colui contro il quale sono prodotte non ne disconosce la conformità ai fatti o alle cose medesime.
225	Art. 2712 Riproduzioni meccaniche	3. Cosa deve fare la parte contro la quale sono prodotte le riproduzioni per contestarne la validità come prova?	Le riproduzioni (Cod. Proc. Civ. 261) fotografiche, informatiche o cinematografiche, le registrazioni fonografiche e, in genere, ogni altra rappresentazione meccanica di fatti e di cose formano piena prova dei fatti e delle cose rappresentate, se colui contro il quale sono prodotte non ne disconosce la conformità ai fatti o alle cose medesime.
226	Art. 2713 Taglie o tacche di contrassegno	1. Cosa rappresentano le taglie o tacche di contrassegno nel contesto delle somministrazioni al minuto?	Le taglie o tacche di contrassegno corrispondenti al contrassegno di riscontro formano piena prova tra coloro che usano provare in tal modo le somministrazioni che fanno o ricevono al minuto.
227	Art. 2714 Copie di atti pubblici	1. Quali condizioni devono essere soddisfatte affinché le copie di atti pubblici abbiano la stessa validità dell'originale?	Le copie di atti pubblici spedite nelle forme prescritte da depositari pubblici autorizzati fanno fede come l’originale (Cod. Proc. Civ. 212). La stessa fede fanno le copie di copie di atti pubblici originali, spedite da depositari pubblici di esse, a ciò autorizzati.
228	Art. 2714 Copie di atti pubblici	2. Le copie di copie di atti pubblici originali hanno la stessa validità dell'originale se spedite da chi?	Le copie di atti pubblici spedite nelle forme prescritte da depositari pubblici autorizzati fanno fede come l’originale (Cod. Proc. Civ. 212). La stessa fede fanno le copie di copie di atti pubblici originali, spedite da depositari pubblici di esse, a ciò autorizzati.
229	Art. 2715 Copie di scritture private originali depositate	1. Qual è l'efficacia delle copie delle scritture private depositate presso pubblici uffici rispetto alla scrittura originale?	Le copie delle scritture private depositate presso pubblici uffici e spedite da pubblici depositari autorizzati hanno la stessa efficacia della scrittura originale da cui sono estratte.
230	Art. 2716 Mancanza dell’atto originale o di copia depositata	1. Qual è il ruolo del giudice quando le copie di un atto pubblico presentano difetti esteriori come cancellature o abrasioni?	In mancanza dell’originale dell’atto pubblico o di una copia di esso presso un pubblico depositario, le copie spedite in conformità dell’art. 2714 fanno piena prova; ma se tali copie, o anche la copia esistente presso un pubblico depositario quando manca l’originale, presentano cancellature, abrasioni, intercalazioni o altri difetti esteriori, è rimesso al giudice di apprezzarne l’efficacia probatoria. In mancanza dell’originale scrittura privata, le copie di essa spedite in conformità dell’art. 2715 fanno egualmente prova; ma se presentano cancellature, abrasioni, intercalazioni o altri difetti esteriori, è rimesso parimenti al giudice di apprezzarne l’efficacia probatoria. Resta in ogni caso salva la questione circa l’autenticità dell’originale mancante.
231	Art. 2716 Mancanza dell’atto originale o di copia depositata	2. In che modo le copie di una scrittura privata fanno prova in assenza dell'originale?	In mancanza dell’originale dell’atto pubblico o di una copia di esso presso un pubblico depositario, le copie spedite in conformità dell’art. 2714 fanno piena prova; ma se tali copie, o anche la copia esistente presso un pubblico depositario quando manca l’originale, presentano cancellature, abrasioni, intercalazioni o altri difetti esteriori, è rimesso al giudice di apprezzarne l’efficacia probatoria. In mancanza dell’originale scrittura privata, le copie di essa spedite in conformità dell’art. 2715 fanno egualmente prova; ma se presentano cancellature, abrasioni, intercalazioni o altri difetti esteriori, è rimesso parimenti al giudice di apprezzarne l’efficacia probatoria. Resta in ogni caso salva la questione circa l’autenticità dell’originale mancante.
232	Art. 2716 Mancanza dell’atto originale o di copia depositata	3. Cosa accade se le copie di un atto pubblico o di una scrittura privata presentano intercalazioni?	In mancanza dell’originale dell’atto pubblico o di una copia di esso presso un pubblico depositario, le copie spedite in conformità dell’art. 2714 fanno piena prova; ma se tali copie, o anche la copia esistente presso un pubblico depositario quando manca l’originale, presentano cancellature, abrasioni, intercalazioni o altri difetti esteriori, è rimesso al giudice di apprezzarne l’efficacia probatoria. In mancanza dell’originale scrittura privata, le copie di essa spedite in conformità dell’art. 2715 fanno egualmente prova; ma se presentano cancellature, abrasioni, intercalazioni o altri difetti esteriori, è rimesso parimenti al giudice di apprezzarne l’efficacia probatoria. Resta in ogni caso salva la questione circa l’autenticità dell’originale mancante.
233	Art. 2716 Mancanza dell’atto originale o di copia depositata	4. Qual è la procedura da seguire quando manca l'originale di un atto pubblico presso un pubblico depositario?	In mancanza dell’originale dell’atto pubblico o di una copia di esso presso un pubblico depositario, le copie spedite in conformità dell’art. 2714 fanno piena prova; ma se tali copie, o anche la copia esistente presso un pubblico depositario quando manca l’originale, presentano cancellature, abrasioni, intercalazioni o altri difetti esteriori, è rimesso al giudice di apprezzarne l’efficacia probatoria. In mancanza dell’originale scrittura privata, le copie di essa spedite in conformità dell’art. 2715 fanno egualmente prova; ma se presentano cancellature, abrasioni, intercalazioni o altri difetti esteriori, è rimesso parimenti al giudice di apprezzarne l’efficacia probatoria. Resta in ogni caso salva la questione circa l’autenticità dell’originale mancante.
234	Art. 2716 Mancanza dell’atto originale o di copia depositata	5. Come viene trattata la questione dell'autenticità dell'originale mancante secondo il testo?	In mancanza dell’originale dell’atto pubblico o di una copia di esso presso un pubblico depositario, le copie spedite in conformità dell’art. 2714 fanno piena prova; ma se tali copie, o anche la copia esistente presso un pubblico depositario quando manca l’originale, presentano cancellature, abrasioni, intercalazioni o altri difetti esteriori, è rimesso al giudice di apprezzarne l’efficacia probatoria. In mancanza dell’originale scrittura privata, le copie di essa spedite in conformità dell’art. 2715 fanno egualmente prova; ma se presentano cancellature, abrasioni, intercalazioni o altri difetti esteriori, è rimesso parimenti al giudice di apprezzarne l’efficacia probatoria. Resta in ogni caso salva la questione circa l’autenticità dell’originale mancante.
235	Art. 2717 Valore probatorio di altre copie	1. Qual è l'efficacia delle copie rilasciate da pubblici ufficiali fuori dei casi contemplati dagli articoli precedenti?	Le copie rilasciate da pubblici ufficiali fuori dei casi contemplati dagli articoli precedenti hanno l’efficacia di un principio di prova per iscritto.
236	Art. 2718 Valore probatorio di copie parziali	1. In che modo le copie parziali o le riproduzioni per estratto rilasciate da pubblici ufficiali fanno piena prova?	Le copie parziali o le riproduzioni per estratto rilasciate nella forma prescritta da pubblici ufficiali che ne sono depositari e sono debitamente autorizzati, fanno piena prova solo per quella parte dell’originale che riproducono letteralmente.
237	Art. 2719 Copie fotografiche di scritture	1. Quali condizioni devono essere soddisfatte affinché le copie fotografiche di scrittura abbiano la stessa efficacia delle autentiche secondo il Codice di Procedura Civile?	Le copie fotografiche di scrittura hanno la stessa efficacia delle autentiche, se la loro conformità con l’originale è attestata da pubblico ufficiale competente ovvero non è espressamente disconosciuta (Cod. Proc. Civ. 212).
238	Art. 2720 Efficacia probatoria	1. Quali condizioni devono essere soddisfatte affinché l'atto di ricognizione o di rinnovazione faccia piena prova delle dichiarazioni contenute nel documento originale?	L’atto di ricognizione o di rinnovazione fa piena prova delle dichiarazioni contenute nel documento originale, se non si dimostra, producendo quest’ultimo, che vi è stato errore (1428 e seguenti) nella ricognizione o nella rinnovazione.
239	Art. 2721 Ammissibilità: limiti di valore	1. In quali circostanze l'autorità giudiziaria può consentire la prova per testimoni dei contratti oltre il limite di L. 5.000?	La prova per testimoni dei contratti non è ammessa quando il valore dell’oggetto eccede le L. 5.000 (att. 233, Cod. Proc. Civ. 224 e seguenti). Tuttavia l’autorità giudiziaria può consentire la prova oltre il limite anzidetto, tenuto conto della qualità delle parti, della natura del contratto e di ogni altra circostanza (Cod. Proc. Civ. 439).
240	Art. 2721 Ammissibilità: limiti di valore	2. Quali fattori deve considerare l'autorità giudiziaria per consentire la prova per testimoni oltre il limite stabilito?	La prova per testimoni dei contratti non è ammessa quando il valore dell’oggetto eccede le L. 5.000 (att. 233, Cod. Proc. Civ. 224 e seguenti). Tuttavia l’autorità giudiziaria può consentire la prova oltre il limite anzidetto, tenuto conto della qualità delle parti, della natura del contratto e di ogni altra circostanza (Cod. Proc. Civ. 439).
241	Art. 2722 Patti aggiunti o contrari al contenuto di un documento	1. In quali circostanze la prova per testimoni non è ammessa in relazione a un documento?	La prova per testimoni non è ammessa se ha per oggetto patti aggiunti o contrari al contenuto di un documento, per i quali si alleghi che la stipulazione è stata anteriore o contemporanea.
242	Art. 2723 Patti posteriori alla formazione del documento	1. In quali circostanze l'autorità giudiziaria può consentire la prova per testimoni riguardo a un patto aggiunto o contrario al contenuto di un documento?	Qualora si alleghi che, dopo la formazione di un documento, è stato stipulato un patto aggiunto o contrario al contenuto di esso, l’autorità giudiziaria può consentire la prova per testimoni soltanto se, avuto riguardo alla qualità delle parti, alla natura del contratto e a ogni altra circostanza, appare verosimile che siano state fatte aggiunte o modificazioni verbali.
243	Art. 2724 Eccezioni al divieto della prova testimoniale	1. In quali circostanze è ammessa la prova per testimoni secondo il testo?	La prova per testimoni è ammessa in ogni caso: quando vi è un principio di prova per iscritto: questo è costituito da qualsiasi scritto, proveniente dalla persona contro la quale è diretta la domanda o dal suo rappresentante, che faccia apparire verosimile il fatto allegato; quando il contraente è stato nell’impossibilità morale o materiale di procurarsi una prova scritta; quando il contraente ha senza sua colpa perduto il documento che gli forniva la prova.
244	Art. 2724 Eccezioni al divieto della prova testimoniale	2. Che cosa costituisce un principio di prova per iscritto?	La prova per testimoni è ammessa in ogni caso: quando vi è un principio di prova per iscritto: questo è costituito da qualsiasi scritto, proveniente dalla persona contro la quale è diretta la domanda o dal suo rappresentante, che faccia apparire verosimile il fatto allegato; quando il contraente è stato nell’impossibilità morale o materiale di procurarsi una prova scritta; quando il contraente ha senza sua colpa perduto il documento che gli forniva la prova.
245	Art. 2724 Eccezioni al divieto della prova testimoniale	3. Da chi deve provenire lo scritto per costituire un principio di prova per iscritto?	La prova per testimoni è ammessa in ogni caso: quando vi è un principio di prova per iscritto: questo è costituito da qualsiasi scritto, proveniente dalla persona contro la quale è diretta la domanda o dal suo rappresentante, che faccia apparire verosimile il fatto allegato; quando il contraente è stato nell’impossibilità morale o materiale di procurarsi una prova scritta; quando il contraente ha senza sua colpa perduto il documento che gli forniva la prova.
246	Art. 2724 Eccezioni al divieto della prova testimoniale	4. Quali sono le condizioni che giustificano l'impossibilità di procurarsi una prova scritta?	La prova per testimoni è ammessa in ogni caso: quando vi è un principio di prova per iscritto: questo è costituito da qualsiasi scritto, proveniente dalla persona contro la quale è diretta la domanda o dal suo rappresentante, che faccia apparire verosimile il fatto allegato; quando il contraente è stato nell’impossibilità morale o materiale di procurarsi una prova scritta; quando il contraente ha senza sua colpa perduto il documento che gli forniva la prova.
247	Art. 2724 Eccezioni al divieto della prova testimoniale	5. Cosa accade se un contraente perde il documento che forniva la prova senza sua colpa?	La prova per testimoni è ammessa in ogni caso: quando vi è un principio di prova per iscritto: questo è costituito da qualsiasi scritto, proveniente dalla persona contro la quale è diretta la domanda o dal suo rappresentante, che faccia apparire verosimile il fatto allegato; quando il contraente è stato nell’impossibilità morale o materiale di procurarsi una prova scritta; quando il contraente ha senza sua colpa perduto il documento che gli forniva la prova.
248	Art. 2725 Atti per i quali è richiesta la prova per iscritto o la forma scritta	1. In quali casi la prova per testimoni è ammessa quando un contratto deve essere provato per iscritto?	Quando, secondo la legge o la volontà delle parti, un contratto deve essere provato per iscritto, la prova per testimoni è ammessa soltanto nel caso indicato dal n. 3 dell’articolo precedente. La stessa regola si applica nei casi in cui la forma scritta è richiesta sotto pena di nullità (1350 e seguenti).
249	Art. 2725 Atti per i quali è richiesta la prova per iscritto o la forma scritta	2. Qual è la conseguenza se la forma scritta di un contratto è richiesta sotto pena di nullità?	Quando, secondo la legge o la volontà delle parti, un contratto deve essere provato per iscritto, la prova per testimoni è ammessa soltanto nel caso indicato dal n. 3 dell’articolo precedente. La stessa regola si applica nei casi in cui la forma scritta è richiesta sotto pena di nullità (1350 e seguenti).
250	Art. 2726 Prova del pagamento e della remissione	1. Quali norme si applicano alla prova testimoniale del pagamento e della remissione del debito?	Le norme stabilite per la prova testimoniale dei contratti si applicano anche al pagamento (1188 e seguenti) e alla remissione del debito.
251	Art. 2727 Nozione	1. Che cosa sono le presunzioni secondo il Codice di Procedura Civile?	Le presunzioni sono le conseguenze che la legge o il giudice trae da un fatto noto per risalire a un fatto ignorato (Cod. Proc. Civ. 115).
252	Art. 2728 Prova contro le presunzioni legali	1. Quali effetti hanno le presunzioni legali sulle prove richieste in giudizio?	Le presunzioni legali dispensano da qualunque prova coloro a favore dei quali esse sono stabilite. Contro le presunzioni sul fondamento delle quali la legge dichiara nulli certi atti o non ammette l’azione in giudizio non può essere data prova contraria, salvo che questa sia consentita dalla legge stessa.
253	Art. 2728 Prova contro le presunzioni legali	2. In quali casi la prova contraria alle presunzioni legali è ammessa?	Le presunzioni legali dispensano da qualunque prova coloro a favore dei quali esse sono stabilite. Contro le presunzioni sul fondamento delle quali la legge dichiara nulli certi atti o non ammette l’azione in giudizio non può essere data prova contraria, salvo che questa sia consentita dalla legge stessa.
254	Art. 2729 Presunzioni semplici	1. Quali caratteristiche devono avere le presunzioni non stabilite dalla legge per essere ammesse dal giudice?	Le presunzioni non stabilite dalla legge sono lasciate alla prudenza del giudice, il quale non deve ammettere che presunzioni gravi, precise e concordanti. Le presunzioni non si possono ammettere nei casi in cui la legge esclude la prova per testimoni.
255	Art. 2729 Presunzioni semplici	2. In quali casi la legge esclude l'ammissione delle presunzioni?	Le presunzioni non stabilite dalla legge sono lasciate alla prudenza del giudice, il quale non deve ammettere che presunzioni gravi, precise e concordanti. Le presunzioni non si possono ammettere nei casi in cui la legge esclude la prova per testimoni.
256	Art. 2730 Nozione	1. Qual è la differenza tra confessione giudiziale e stragiudiziale?	La confessione è la dichiarazione che una parte fa della verità di fatti ad essa sfavorevoli e favorevoli all’altra parte. La confessione è giudiziale o stragiudiziale.
257	Art. 2730 Nozione	2. In che modo la confessione può essere sfavorevole a una parte e favorevole all'altra?	La confessione è la dichiarazione che una parte fa della verità di fatti ad essa sfavorevoli e favorevoli all’altra parte. La confessione è giudiziale o stragiudiziale.
258	Art. 2731 Capacità richiesta per la confessione	1. In quali circostanze una confessione resa da un rappresentante è considerata efficace?	La confessione non è efficace se non proviene da persona capace di disporre del diritto, a cui i fatti confessati si riferiscono. Qualora sia resa da un rappresentante, è efficace solo se fatta entro i limiti e nei modi in cui questi vincola il rappresentato.
259	Art. 2731 Capacità richiesta per la confessione	2. Quali sono i requisiti affinché una confessione sia considerata efficace in relazione alla capacità della persona che la rende?	La confessione non è efficace se non proviene da persona capace di disporre del diritto, a cui i fatti confessati si riferiscono. Qualora sia resa da un rappresentante, è efficace solo se fatta entro i limiti e nei modi in cui questi vincola il rappresentato.
260	Art. 2732 Revoca della confessione	1. In quali circostanze una confessione può essere revocata secondo il testo?	La confessione non può essere revocata se non si prova che è stata determinata da errore (1428 e seguenti) di fatto o da violenza.
261	Art. 2733 Confessione giudiziale	1. Quali sono le condizioni affinché una confessione resa in giudizio formi piena prova contro colui che l'ha fatta?	È giudiziale la confessione resa in giudizio (Cod. Proc. Civ. 228). Essa forma piena prova contro colui che l’ha fatta, purché non verta su fatti relativi a diritti non disponibili. In caso di litisconsorzio necessario (Cod. Proc. Civ. 102), la confessione resa da alcuni soltanto dei.litisconsorti è liberamente apprezzata dal giudice.
262	Art. 2733 Confessione giudiziale	2. Come viene trattata la confessione resa da alcuni soltanto dei litisconsorti in un caso di litisconsorzio necessario?	È giudiziale la confessione resa in giudizio (Cod. Proc. Civ. 228). Essa forma piena prova contro colui che l’ha fatta, purché non verta su fatti relativi a diritti non disponibili. In caso di litisconsorzio necessario (Cod. Proc. Civ. 102), la confessione resa da alcuni soltanto dei.litisconsorti è liberamente apprezzata dal giudice.
263	Art. 2733 Confessione giudiziale	3. In quali circostanze una confessione giudiziale non forma piena prova contro colui che l'ha fatta?	È giudiziale la confessione resa in giudizio (Cod. Proc. Civ. 228). Essa forma piena prova contro colui che l’ha fatta, purché non verta su fatti relativi a diritti non disponibili. In caso di litisconsorzio necessario (Cod. Proc. Civ. 102), la confessione resa da alcuni soltanto dei.litisconsorti è liberamente apprezzata dal giudice.
264	Art. 2734 Dichiarazioni aggiunte alla confessione	1. Cosa accade se l'altra parte non contesta la verità dei fatti o delle circostanze aggiunte alla dichiarazione indicata dall’art. 2730?	Quando alla dichiarazione indicata dall’art. 2730 si accompagna quella di altri fatti o circostanze tendenti a infirmare l’efficacia del fatto confessato ovvero a modificarne o a estinguerne gli effetti, le dichiarazioni fanno piena prova nella loro integrità se l’altra parte non contesta la verità dei fatti o delle circostanze aggiunte. In caso di contestazione, è rimesso al giudice di apprezzare, secondo le circostanze, l’efficacia probatoria delle dichiarazioni.
265	Art. 2734 Dichiarazioni aggiunte alla confessione	2. Qual è il ruolo del giudice in caso di contestazione delle dichiarazioni che accompagnano la dichiarazione indicata dall’art. 2730?	Quando alla dichiarazione indicata dall’art. 2730 si accompagna quella di altri fatti o circostanze tendenti a infirmare l’efficacia del fatto confessato ovvero a modificarne o a estinguerne gli effetti, le dichiarazioni fanno piena prova nella loro integrità se l’altra parte non contesta la verità dei fatti o delle circostanze aggiunte. In caso di contestazione, è rimesso al giudice di apprezzare, secondo le circostanze, l’efficacia probatoria delle dichiarazioni.
266	Art. 2735 Confessione stragiudiziale	1. Qual è l'efficacia probatoria della confessione stragiudiziale fatta alla parte o a chi la rappresenta?	La confessione stragiudiziale fatta alla parte o a chi la rappresenta ha la stessa efficacia probatoria di quella giudiziale. Se è fatta a un terzo o se è contenuta in un testamento, è liberamente apprezzata dal giudice. La confessione stragiudiziale non può provarsi per testimoni, se verte su un oggetto per il quale la prova testimoniale non è ammessa dalla legge.
267	Art. 2735 Confessione stragiudiziale	2. Come viene valutata dal giudice una confessione stragiudiziale fatta a un terzo o contenuta in un testamento?	La confessione stragiudiziale fatta alla parte o a chi la rappresenta ha la stessa efficacia probatoria di quella giudiziale. Se è fatta a un terzo o se è contenuta in un testamento, è liberamente apprezzata dal giudice. La confessione stragiudiziale non può provarsi per testimoni, se verte su un oggetto per il quale la prova testimoniale non è ammessa dalla legge.
268	Art. 2735 Confessione stragiudiziale	3. In quali circostanze la confessione stragiudiziale non può essere provata per testimoni?	La confessione stragiudiziale fatta alla parte o a chi la rappresenta ha la stessa efficacia probatoria di quella giudiziale. Se è fatta a un terzo o se è contenuta in un testamento, è liberamente apprezzata dal giudice. La confessione stragiudiziale non può provarsi per testimoni, se verte su un oggetto per il quale la prova testimoniale non è ammessa dalla legge.
269	Art. 2736 Specie	1. Quali sono le due specie di giuramento previste dal Codice di Procedura Civile?	Il giuramento è di due specie (Cod. Proc. Civ. 241); è decisorio (Cod. Proc. Civ. 233) quello che una parte deferisce all’altra per farne dipendere la decisione totale o parziale della causa; è suppletorio (Cod. Proc. Civ. 240) quello che è deferito d’ufficio dal giudice a una delle parti al fine di decidere la causa quando la domanda o le eccezioni non sono pienamente provate, ma non sono del tutto sfornite di prova, ovvero quello che è deferito al fine di stabilire il valore della cosa domandata, se non si può accertarlo altrimenti (Cod. Proc. Civ. 241).
270	Art. 2736 Specie	2. In quali circostanze un giudice può deferire un giuramento suppletorio a una delle parti?	Il giuramento è di due specie (Cod. Proc. Civ. 241); è decisorio (Cod. Proc. Civ. 233) quello che una parte deferisce all’altra per farne dipendere la decisione totale o parziale della causa; è suppletorio (Cod. Proc. Civ. 240) quello che è deferito d’ufficio dal giudice a una delle parti al fine di decidere la causa quando la domanda o le eccezioni non sono pienamente provate, ma non sono del tutto sfornite di prova, ovvero quello che è deferito al fine di stabilire il valore della cosa domandata, se non si può accertarlo altrimenti (Cod. Proc. Civ. 241).
271	Art. 2736 Specie	3. Qual è la funzione del giuramento decisorio nel contesto di una causa civile?	Il giuramento è di due specie (Cod. Proc. Civ. 241); è decisorio (Cod. Proc. Civ. 233) quello che una parte deferisce all’altra per farne dipendere la decisione totale o parziale della causa; è suppletorio (Cod. Proc. Civ. 240) quello che è deferito d’ufficio dal giudice a una delle parti al fine di decidere la causa quando la domanda o le eccezioni non sono pienamente provate, ma non sono del tutto sfornite di prova, ovvero quello che è deferito al fine di stabilire il valore della cosa domandata, se non si può accertarlo altrimenti (Cod. Proc. Civ. 241).
272	Art. 2737 Capacità delle parti	1. Quali sono le condizioni indicate dall'art. 2731 per deferire o riferire il giuramento?	Per deferire o riferire il giuramento si chiedono le condizioni indicate dall’art. 2731.
273	Art. 2738 Efficacia	1. Cosa accade se il giuramento deferito o riferito è stato dichiarato falso secondo il Codice di Procedura Civile?	Se è stato prestato il giuramento deferito o riferito (Cod. Proc. Civ. 233 e seguenti), l’altra parte non 6 ammessa a provare il contrario, ne può chiedere la revocazione della sentenza qualora il giuramento sia stato dichiarato falso (Cod. Proc. Civ. 395, n. 2). Può tuttavia domandare il risarcimento dei danni nel caso di condanna penale per falso giuramento. Se la condanna penale non può essere pronunziata perché il reato è estinto (Cod. Pen. 150 e seguenti), il giudice civile può conoscere del reato al solo fine del risarcimento. In caso di litisconsorzio necessario (Cod. Proc. Civ. 102), il giuramento prestato da alcuni soltanto dei litisconsorti è liberamente apprezzato dal giudice.
274	Art. 2738 Efficacia	2. Quali sono le conseguenze civili se la condanna penale per falso giuramento non può essere pronunziata a causa dell'estinzione del reato?	Se è stato prestato il giuramento deferito o riferito (Cod. Proc. Civ. 233 e seguenti), l’altra parte non 6 ammessa a provare il contrario, ne può chiedere la revocazione della sentenza qualora il giuramento sia stato dichiarato falso (Cod. Proc. Civ. 395, n. 2). Può tuttavia domandare il risarcimento dei danni nel caso di condanna penale per falso giuramento. Se la condanna penale non può essere pronunziata perché il reato è estinto (Cod. Pen. 150 e seguenti), il giudice civile può conoscere del reato al solo fine del risarcimento. In caso di litisconsorzio necessario (Cod. Proc. Civ. 102), il giuramento prestato da alcuni soltanto dei litisconsorti è liberamente apprezzato dal giudice.
275	Art. 2738 Efficacia	3. In che modo il giudice civile può intervenire quando il reato di falso giuramento è estinto?	Se è stato prestato il giuramento deferito o riferito (Cod. Proc. Civ. 233 e seguenti), l’altra parte non 6 ammessa a provare il contrario, ne può chiedere la revocazione della sentenza qualora il giuramento sia stato dichiarato falso (Cod. Proc. Civ. 395, n. 2). Può tuttavia domandare il risarcimento dei danni nel caso di condanna penale per falso giuramento. Se la condanna penale non può essere pronunziata perché il reato è estinto (Cod. Pen. 150 e seguenti), il giudice civile può conoscere del reato al solo fine del risarcimento. In caso di litisconsorzio necessario (Cod. Proc. Civ. 102), il giuramento prestato da alcuni soltanto dei litisconsorti è liberamente apprezzato dal giudice.
276	Art. 2738 Efficacia	4. Come viene valutato dal giudice il giuramento prestato da alcuni soltanto dei litisconsorti in caso di litisconsorzio necessario?	Se è stato prestato il giuramento deferito o riferito (Cod. Proc. Civ. 233 e seguenti), l’altra parte non 6 ammessa a provare il contrario, ne può chiedere la revocazione della sentenza qualora il giuramento sia stato dichiarato falso (Cod. Proc. Civ. 395, n. 2). Può tuttavia domandare il risarcimento dei danni nel caso di condanna penale per falso giuramento. Se la condanna penale non può essere pronunziata perché il reato è estinto (Cod. Pen. 150 e seguenti), il giudice civile può conoscere del reato al solo fine del risarcimento. In caso di litisconsorzio necessario (Cod. Proc. Civ. 102), il giuramento prestato da alcuni soltanto dei litisconsorti è liberamente apprezzato dal giudice.
277	Art. 2739 Oggetto	1. In quali circostanze il giuramento non può essere deferito o riferito secondo il testo?	Il giuramento non può essere deferito o riferito per la decisione di cause relative a diritti di cui le parti non possono disporre, né sopra un fatto illecito o sopra un contratto per la validità del quale sia richiesta la forma scritta, ne per negare un fatto che da un atto pubblico risulti avvenuto alla presenza del pubblico ufficiale che ha formato l’atto stesso. Il giuramento non può essere deferito che sopra un fatto proprio della parte a cui si deferisce o sulla conoscenza che essa ha di un fatto altrui e non può essere riferito qualora il fatto che ne è l’oggetto non sia comune a entrambe le parti. 
278	Art. 2739 Oggetto	2. Quali sono le condizioni in cui il giuramento può essere deferito sopra un fatto proprio della parte?	Il giuramento non può essere deferito o riferito per la decisione di cause relative a diritti di cui le parti non possono disporre, né sopra un fatto illecito o sopra un contratto per la validità del quale sia richiesta la forma scritta, ne per negare un fatto che da un atto pubblico risulti avvenuto alla presenza del pubblico ufficiale che ha formato l’atto stesso. Il giuramento non può essere deferito che sopra un fatto proprio della parte a cui si deferisce o sulla conoscenza che essa ha di un fatto altrui e non può essere riferito qualora il fatto che ne è l’oggetto non sia comune a entrambe le parti. 
279	Art. 2740 Responsabilità patrimoniale	1. In quali casi la legge ammette limitazioni della responsabilità del debitore per l'adempimento delle obbligazioni?	Il debitore risponde dell’adempimento delle obbligazioni con tutti i suoi beni presenti e futuri. Le limitazioni della responsabilità non sono ammesse se non nei casi stabiliti dalla legge.
280	Art. 2740 Responsabilità patrimoniale	2. Quali beni del debitore sono coinvolti nell'adempimento delle obbligazioni secondo il testo?	Il debitore risponde dell’adempimento delle obbligazioni con tutti i suoi beni presenti e futuri. Le limitazioni della responsabilità non sono ammesse se non nei casi stabiliti dalla legge.
281	Art. 2741 Concorso dei creditori e cause di prelazione	1. Quali sono le cause legittime di prelazione che possono influire sul diritto dei creditori di essere soddisfatti sui beni del debitore?	I creditori hanno eguale diritto di essere soddisfatti sui beni del debitore, salve le cause legittime di prelazione. Sono cause legittime di prelazione i privilegi, il pegno (2784 e seguenti) e le ipoteche (2808 e seguenti).
282	Art. 2741 Concorso dei creditori e cause di prelazione	2. In che modo i privilegi, il pegno e le ipoteche influenzano l'ordine di soddisfazione dei creditori sui beni del debitore?	I creditori hanno eguale diritto di essere soddisfatti sui beni del debitore, salve le cause legittime di prelazione. Sono cause legittime di prelazione i privilegi, il pegno (2784 e seguenti) e le ipoteche (2808 e seguenti).
283	Art. 2742 Surrogazione dell’indennità alla cosa	1. Quali sono le condizioni in cui le somme dovute dagli assicuratori per indennità della perdita o del deterioramento sono vincolate al pagamento dei crediti privilegiati, pignoratizi o ipotecari?	Se le cose soggette a privilegio, pegno (2784 e seguenti) o ipoteca (2808 e seguenti) sono perite o deteriorate, le somme dovute dagli assicuratori per indennità della perdita o del deterioramento sono vincolate al pagamento dei crediti privilegiati, pignoratizi o ipotecari, secondo il loro grado, eccetto che le medesime vengano impiegate a riparare la perdita o il deterioramento (Cod. Nav. 553, 1026). L’autorità giudiziaria può, su istanza degli interessati, disporre le opportune cautele per assicurare l’impiego delle somme nel ripristino o nella riparazione della cosa. Gli assicuratori sono liberati qualora paghino dopo trenta giorni dalla perdita o dal deterioramento, senza che sia stata fatta opposizione. Quando però si tratta di immobili su cui gravano iscrizioni, gli assicuratori non sono liberati se non dopo che è decorso senza opposizione il termine di trenta giorni dalla notificazione ai creditori iscritti del fatto che ha dato luogo alla perdita o al deterioramento. Sono del pari vincolate al pagamento dei crediti suddetti le somme dovute per causa di servitù coattive (1032 e seguenti) o di comunione forzosa (1117 e seguenti) o di espropriazione per pubblico interesse, osservate, per quest’ultima, le disposizioni della legge speciale.
284	Art. 2742 Surrogazione dell’indennità alla cosa	2. In che modo l'autorità giudiziaria può intervenire per assicurare l'impiego delle somme nel ripristino o nella riparazione della cosa?	Se le cose soggette a privilegio, pegno (2784 e seguenti) o ipoteca (2808 e seguenti) sono perite o deteriorate, le somme dovute dagli assicuratori per indennità della perdita o del deterioramento sono vincolate al pagamento dei crediti privilegiati, pignoratizi o ipotecari, secondo il loro grado, eccetto che le medesime vengano impiegate a riparare la perdita o il deterioramento (Cod. Nav. 553, 1026). L’autorità giudiziaria può, su istanza degli interessati, disporre le opportune cautele per assicurare l’impiego delle somme nel ripristino o nella riparazione della cosa. Gli assicuratori sono liberati qualora paghino dopo trenta giorni dalla perdita o dal deterioramento, senza che sia stata fatta opposizione. Quando però si tratta di immobili su cui gravano iscrizioni, gli assicuratori non sono liberati se non dopo che è decorso senza opposizione il termine di trenta giorni dalla notificazione ai creditori iscritti del fatto che ha dato luogo alla perdita o al deterioramento. Sono del pari vincolate al pagamento dei crediti suddetti le somme dovute per causa di servitù coattive (1032 e seguenti) o di comunione forzosa (1117 e seguenti) o di espropriazione per pubblico interesse, osservate, per quest’ultima, le disposizioni della legge speciale.
285	Art. 2742 Surrogazione dell’indennità alla cosa	3. Qual è il termine entro il quale gli assicuratori sono liberati dal pagamento in assenza di opposizione, e quali sono le eccezioni a questa regola?	Se le cose soggette a privilegio, pegno (2784 e seguenti) o ipoteca (2808 e seguenti) sono perite o deteriorate, le somme dovute dagli assicuratori per indennità della perdita o del deterioramento sono vincolate al pagamento dei crediti privilegiati, pignoratizi o ipotecari, secondo il loro grado, eccetto che le medesime vengano impiegate a riparare la perdita o il deterioramento (Cod. Nav. 553, 1026). L’autorità giudiziaria può, su istanza degli interessati, disporre le opportune cautele per assicurare l’impiego delle somme nel ripristino o nella riparazione della cosa. Gli assicuratori sono liberati qualora paghino dopo trenta giorni dalla perdita o dal deterioramento, senza che sia stata fatta opposizione. Quando però si tratta di immobili su cui gravano iscrizioni, gli assicuratori non sono liberati se non dopo che è decorso senza opposizione il termine di trenta giorni dalla notificazione ai creditori iscritti del fatto che ha dato luogo alla perdita o al deterioramento. Sono del pari vincolate al pagamento dei crediti suddetti le somme dovute per causa di servitù coattive (1032 e seguenti) o di comunione forzosa (1117 e seguenti) o di espropriazione per pubblico interesse, osservate, per quest’ultima, le disposizioni della legge speciale.
286	Art. 2742 Surrogazione dell’indennità alla cosa	4. Come viene gestita la liberazione degli assicuratori nel caso di immobili su cui gravano iscrizioni?	Se le cose soggette a privilegio, pegno (2784 e seguenti) o ipoteca (2808 e seguenti) sono perite o deteriorate, le somme dovute dagli assicuratori per indennità della perdita o del deterioramento sono vincolate al pagamento dei crediti privilegiati, pignoratizi o ipotecari, secondo il loro grado, eccetto che le medesime vengano impiegate a riparare la perdita o il deterioramento (Cod. Nav. 553, 1026). L’autorità giudiziaria può, su istanza degli interessati, disporre le opportune cautele per assicurare l’impiego delle somme nel ripristino o nella riparazione della cosa. Gli assicuratori sono liberati qualora paghino dopo trenta giorni dalla perdita o dal deterioramento, senza che sia stata fatta opposizione. Quando però si tratta di immobili su cui gravano iscrizioni, gli assicuratori non sono liberati se non dopo che è decorso senza opposizione il termine di trenta giorni dalla notificazione ai creditori iscritti del fatto che ha dato luogo alla perdita o al deterioramento. Sono del pari vincolate al pagamento dei crediti suddetti le somme dovute per causa di servitù coattive (1032 e seguenti) o di comunione forzosa (1117 e seguenti) o di espropriazione per pubblico interesse, osservate, per quest’ultima, le disposizioni della legge speciale.
287	Art. 2742 Surrogazione dell’indennità alla cosa	5. Quali altre somme, oltre a quelle dovute dagli assicuratori, sono vincolate al pagamento dei crediti privilegiati, pignoratizi o ipotecari?	Se le cose soggette a privilegio, pegno (2784 e seguenti) o ipoteca (2808 e seguenti) sono perite o deteriorate, le somme dovute dagli assicuratori per indennità della perdita o del deterioramento sono vincolate al pagamento dei crediti privilegiati, pignoratizi o ipotecari, secondo il loro grado, eccetto che le medesime vengano impiegate a riparare la perdita o il deterioramento (Cod. Nav. 553, 1026). L’autorità giudiziaria può, su istanza degli interessati, disporre le opportune cautele per assicurare l’impiego delle somme nel ripristino o nella riparazione della cosa. Gli assicuratori sono liberati qualora paghino dopo trenta giorni dalla perdita o dal deterioramento, senza che sia stata fatta opposizione. Quando però si tratta di immobili su cui gravano iscrizioni, gli assicuratori non sono liberati se non dopo che è decorso senza opposizione il termine di trenta giorni dalla notificazione ai creditori iscritti del fatto che ha dato luogo alla perdita o al deterioramento. Sono del pari vincolate al pagamento dei crediti suddetti le somme dovute per causa di servitù coattive (1032 e seguenti) o di comunione forzosa (1117 e seguenti) o di espropriazione per pubblico interesse, osservate, per quest’ultima, le disposizioni della legge speciale.
288	Art. 2743 Diminuzione della garanzia	1. Cosa può fare il creditore se la cosa data in pegno o ipoteca perisce o si deteriora in modo da essere insufficiente alla sua sicurezza?	Qualora la cosa data in pegno o sottoposta a ipoteca perisca o si deteriori, anche per caso fortuito, in modo da essere insufficiente alla sicurezza del creditore, questi può chiedere che gli sia prestata idonea garanzia su altri beni e, in mancanza, può chiedere l’immediato pagamento del suo credito.
289	Art. 2743 Diminuzione della garanzia	2. Quali sono le azioni che il creditore può intraprendere se non viene prestata un'idonea garanzia su altri beni?	Qualora la cosa data in pegno o sottoposta a ipoteca perisca o si deteriori, anche per caso fortuito, in modo da essere insufficiente alla sicurezza del creditore, questi può chiedere che gli sia prestata idonea garanzia su altri beni e, in mancanza, può chiedere l’immediato pagamento del suo credito.
290	Art. 2743 Diminuzione della garanzia	3. In quali circostanze il creditore può chiedere l'immediato pagamento del suo credito?	Qualora la cosa data in pegno o sottoposta a ipoteca perisca o si deteriori, anche per caso fortuito, in modo da essere insufficiente alla sicurezza del creditore, questi può chiedere che gli sia prestata idonea garanzia su altri beni e, in mancanza, può chiedere l’immediato pagamento del suo credito.
291	Art. 2744 Divieto del patto commissorio	1. Qual è la conseguenza giuridica di un patto che prevede il trasferimento della proprietà della cosa ipotecata al creditore in caso di mancato pagamento del credito?	È nullo il patto col quale si conviene che, in mancanza del pagamento del credito nel termine fissato, la proprietà della cosa ipotecata o data in pegno passi al creditore. Il patto è nullo anche se posteriore alla costituzione dell’ipoteca o del pegno (2796 e seguenti).
292	Art. 2744 Divieto del patto commissorio	2. Il patto che trasferisce la proprietà della cosa ipotecata al creditore è valido se stipulato dopo la costituzione dell'ipoteca?	È nullo il patto col quale si conviene che, in mancanza del pagamento del credito nel termine fissato, la proprietà della cosa ipotecata o data in pegno passi al creditore. Il patto è nullo anche se posteriore alla costituzione dell’ipoteca o del pegno (2796 e seguenti).
293	Art. 2745 Fondamento del privilegio	1. In base a cosa è accordato il privilegio secondo l'articolo 234?	Il privilegio (att. 234) è accordato dalla legge in considerazione della causa del credito. La costituzione del privilegio può tuttavia dalla legge essere subordinata alla convenzione delle parti; può anche essere subordinata a particolari forme di pubblicità.
294	Art. 2745 Fondamento del privilegio	2. La costituzione del privilegio può essere subordinata a quali condizioni secondo la legge?	Il privilegio (att. 234) è accordato dalla legge in considerazione della causa del credito. La costituzione del privilegio può tuttavia dalla legge essere subordinata alla convenzione delle parti; può anche essere subordinata a particolari forme di pubblicità.
295	Art. 2745 Fondamento del privilegio	3. Quali sono le due condizioni che possono influenzare la costituzione del privilegio?	Il privilegio (att. 234) è accordato dalla legge in considerazione della causa del credito. La costituzione del privilegio può tuttavia dalla legge essere subordinata alla convenzione delle parti; può anche essere subordinata a particolari forme di pubblicità.
296	Art. 2746 Distinzione dei privilegi	1. Qual è la differenza tra privilegio generale e privilegio speciale?	Il privilegio è generale o speciale. Il primo si esercita su tutti i beni mobili del debitore, il secondo su determinati beni mobili o immobili.
297	Art. 2746 Distinzione dei privilegi	2. Su quali tipi di beni si esercita il privilegio speciale?	Il privilegio è generale o speciale. Il primo si esercita su tutti i beni mobili del debitore, il secondo su determinati beni mobili o immobili.
298	Art. 2747 Efficacia del privilegio	1. Quali sono le eccezioni al principio secondo cui il privilegio generale non può esercitarsi in pregiudizio dei diritti spettanti ai terzi sui mobili?	Il privilegio generale non può esercitarsi in pregiudizio dei diritti spettanti ai terzi sui mobili che ne formano oggetto, salvo quanto è disposto dagli artt. 2913, 2914, 2915 e 2916. Se la legge non dispone diversamente, il privilegio speciale sui mobili, sempre che sussista la particolare situazione alla quale è subordinato, può esercitarsi in pre giudizio dei diritti acquistati dai terzi posteriormente al sorgere di esso (26837.
299	Art. 2747 Efficacia del privilegio	2. In quali circostanze il privilegio speciale sui mobili può essere esercitato in pregiudizio dei diritti acquistati dai terzi?	Il privilegio generale non può esercitarsi in pregiudizio dei diritti spettanti ai terzi sui mobili che ne formano oggetto, salvo quanto è disposto dagli artt. 2913, 2914, 2915 e 2916. Se la legge non dispone diversamente, il privilegio speciale sui mobili, sempre che sussista la particolare situazione alla quale è subordinato, può esercitarsi in pre giudizio dei diritti acquistati dai terzi posteriormente al sorgere di esso (26837.
300	Art. 2748 Efficacia del privilegio speciale rispetto al pegno e alle ipoteche	1. In quali circostanze il privilegio speciale sui beni mobili può essere esercitato in pregiudizio del creditore pignoratizio?	Se la legge non dispone altrimenti, il privilegio speciale sui beni mobili non può esercitarsi in pregiudizio del creditore pignoratizio (2784 e seguenti; att. 234). I creditori che hanno privilegio sui beni immobili sono preferiti ai creditori ipotecari se la legge non dispone diversamente.
301	Art. 2748 Efficacia del privilegio speciale rispetto al pegno e alle ipoteche	2. Quando i creditori ipotecari possono essere preferiti ai creditori con privilegio sui beni immobili?	Se la legge non dispone altrimenti, il privilegio speciale sui beni mobili non può esercitarsi in pregiudizio del creditore pignoratizio (2784 e seguenti; att. 234). I creditori che hanno privilegio sui beni immobili sono preferiti ai creditori ipotecari se la legge non dispone diversamente.
302	Art. 2749 Estensione del privilegio	1. A quali spese si estende il privilegio accordato al credito nel processo di esecuzione?	Il privilegio accordato al credito si estende alle spese ordinarie per l’intervento nel processo di esecuzione (Cod. Proc. Civ. 47.4 e seguenti). Si estende anche agli interessi dovuti per l’anno in corso alla data del pignoramento (Cod. Proc. Civ. 491 e seguenti) e per quelli dell’anno precedente. Gli interessi successivamente maturati hanno privilegio nei limiti della misura legale fino alla data della vendita.
303	Art. 2749 Estensione del privilegio	2. Fino a quale data gli interessi successivamente maturati hanno privilegio nei limiti della misura legale?	Il privilegio accordato al credito si estende alle spese ordinarie per l’intervento nel processo di esecuzione (Cod. Proc. Civ. 47.4 e seguenti). Si estende anche agli interessi dovuti per l’anno in corso alla data del pignoramento (Cod. Proc. Civ. 491 e seguenti) e per quelli dell’anno precedente. Gli interessi successivamente maturati hanno privilegio nei limiti della misura legale fino alla data della vendita.
304	Art. 2749 Estensione del privilegio	3. Quali interessi sono inclusi nel privilegio accordato al credito alla data del pignoramento?	Il privilegio accordato al credito si estende alle spese ordinarie per l’intervento nel processo di esecuzione (Cod. Proc. Civ. 47.4 e seguenti). Si estende anche agli interessi dovuti per l’anno in corso alla data del pignoramento (Cod. Proc. Civ. 491 e seguenti) e per quelli dell’anno precedente. Gli interessi successivamente maturati hanno privilegio nei limiti della misura legale fino alla data della vendita.
305	Art. 2750 Privilegi marittimi, aeronautici e privilegi stabiliti da leggi speciali	1. Quali articoli del codice della navigazione regolano i privilegi sulla nave e sull'aeromobile?	I privilegi sulla nave, sul nolo e sulle cose caricate e i privilegi sull’aeromobile, sul nolo e sulle cose caricate sono regolati dal codice della navigazione (Cod. Nav. 548 e seguenti, 1022 e seguenti). Ai privilegi previsti da leggi speciali si applicano le norme di questo capo, se non è diversamente disposto.
306	Art. 2750 Privilegi marittimi, aeronautici e privilegi stabiliti da leggi speciali	2. In che modo si applicano le norme di questo capo ai privilegi previsti da leggi speciali?	I privilegi sulla nave, sul nolo e sulle cose caricate e i privilegi sull’aeromobile, sul nolo e sulle cose caricate sono regolati dal codice della navigazione (Cod. Nav. 548 e seguenti, 1022 e seguenti). Ai privilegi previsti da leggi speciali si applicano le norme di questo capo, se non è diversamente disposto.
307	Art. 2751 Crediti per spese funebri d’infermità, alimenti	1. Quali tipi di spese funebri hanno privilegio generale sui mobili?	Hanno privilegio generale sui mobili, nell’ordine che segue, i crediti riguardanti: le spese funebri necessarie secondo gli usi; le spese d’infermità fatte negli ultimi sei mesi della vita del debitore; le somministrazioni di vitto, vesti e alloggio, nei limiti della stretta necessità, fatte al debitore per lui e per la sua famiglia negli ultimi sei mesi; i crediti di alimenti per gli ultimi tre mesi a favore delle persone alle quali gli alimenti sono dovuti per legge.
308	Art. 2751 Crediti per spese funebri d’infermità, alimenti	2. In quale periodo devono essere state fatte le spese d’infermità per avere privilegio generale sui mobili?	Hanno privilegio generale sui mobili, nell’ordine che segue, i crediti riguardanti: le spese funebri necessarie secondo gli usi; le spese d’infermità fatte negli ultimi sei mesi della vita del debitore; le somministrazioni di vitto, vesti e alloggio, nei limiti della stretta necessità, fatte al debitore per lui e per la sua famiglia negli ultimi sei mesi; i crediti di alimenti per gli ultimi tre mesi a favore delle persone alle quali gli alimenti sono dovuti per legge.
309	Art. 2751 Crediti per spese funebri d’infermità, alimenti	3. Quali sono i limiti per le somministrazioni di vitto, vesti e alloggio che hanno privilegio generale sui mobili?	Hanno privilegio generale sui mobili, nell’ordine che segue, i crediti riguardanti: le spese funebri necessarie secondo gli usi; le spese d’infermità fatte negli ultimi sei mesi della vita del debitore; le somministrazioni di vitto, vesti e alloggio, nei limiti della stretta necessità, fatte al debitore per lui e per la sua famiglia negli ultimi sei mesi; i crediti di alimenti per gli ultimi tre mesi a favore delle persone alle quali gli alimenti sono dovuti per legge.
310	Art. 2751 Crediti per spese funebri d’infermità, alimenti	4. Per quale periodo i crediti di alimenti hanno privilegio generale sui mobili?	Hanno privilegio generale sui mobili, nell’ordine che segue, i crediti riguardanti: le spese funebri necessarie secondo gli usi; le spese d’infermità fatte negli ultimi sei mesi della vita del debitore; le somministrazioni di vitto, vesti e alloggio, nei limiti della stretta necessità, fatte al debitore per lui e per la sua famiglia negli ultimi sei mesi; i crediti di alimenti per gli ultimi tre mesi a favore delle persone alle quali gli alimenti sono dovuti per legge.
311	Art. 2751 Crediti per spese funebri d’infermità, alimenti	5. A favore di quali persone i crediti di alimenti sono considerati con privilegio generale sui mobili?	Hanno privilegio generale sui mobili, nell’ordine che segue, i crediti riguardanti: le spese funebri necessarie secondo gli usi; le spese d’infermità fatte negli ultimi sei mesi della vita del debitore; le somministrazioni di vitto, vesti e alloggio, nei limiti della stretta necessità, fatte al debitore per lui e per la sua famiglia negli ultimi sei mesi; i crediti di alimenti per gli ultimi tre mesi a favore delle persone alle quali gli alimenti sono dovuti per legge.
312	Art. 2751 bis Crediti per retribuzioni e provvigioni, crediti dei coltivatori diretti, delle società od enti cooperativi e delle imprese artigiane	1. Quali crediti hanno privilegio generale sui mobili in relazione alle retribuzioni dei prestatori di lavoro subordinato?	Hanno privilegio generale sui mobili i crediti riguardanti: le retribuzioni dovute, sotto qualsiasi forma, ai prestatori di lavoro subordinato e tutte le indennità dovute per effetto della cessazione del rapporto di lavoro, nonché il credito del lavoratore per i danni conseguenti alla mancata corresponsione, da parte del datore di lavoro, dei contributi previdenziali ed assicurativi obbligatori ed il credito per il risarcimento del danno subito per effetto di un licenziamento inefficace, nullo o annullabile; le retribuzioni dei professionisti e di ogni altro prestatore d’opera intellettuale dovute per gli ultimi due anni di prestazione; le provvigioni derivanti dal rapporto di agenzia dovute per l’ultimo anno di prestazione e le indennità dovute per la cessazione del rapporto medesimo; i crediti del coltivatore diretto, sia proprietario che affittuario, mezzadro, colono, soccidario o comunque compartecipante, per i corrispettivi della vendita dei prodotti nonché i crediti del mezzadro o del colono indicati dall’art. 2765; i crediti dell’impresa artigiana e delle società od enti cooperativi di produzione e di lavoro, per i corrispettivi dei servizi prestati e della vendita dei manufatti; 5 bis. i crediti delle società cooperative agricole e dei loro consorzi per i corrispettivi della vendita dei prodotti.
313	Art. 2751 bis Crediti per retribuzioni e provvigioni, crediti dei coltivatori diretti, delle società od enti cooperativi e delle imprese artigiane	2. Che tipo di indennità rientrano nei crediti con privilegio generale sui mobili per i lavoratori subordinati?	Hanno privilegio generale sui mobili i crediti riguardanti: le retribuzioni dovute, sotto qualsiasi forma, ai prestatori di lavoro subordinato e tutte le indennità dovute per effetto della cessazione del rapporto di lavoro, nonché il credito del lavoratore per i danni conseguenti alla mancata corresponsione, da parte del datore di lavoro, dei contributi previdenziali ed assicurativi obbligatori ed il credito per il risarcimento del danno subito per effetto di un licenziamento inefficace, nullo o annullabile; le retribuzioni dei professionisti e di ogni altro prestatore d’opera intellettuale dovute per gli ultimi due anni di prestazione; le provvigioni derivanti dal rapporto di agenzia dovute per l’ultimo anno di prestazione e le indennità dovute per la cessazione del rapporto medesimo; i crediti del coltivatore diretto, sia proprietario che affittuario, mezzadro, colono, soccidario o comunque compartecipante, per i corrispettivi della vendita dei prodotti nonché i crediti del mezzadro o del colono indicati dall’art. 2765; i crediti dell’impresa artigiana e delle società od enti cooperativi di produzione e di lavoro, per i corrispettivi dei servizi prestati e della vendita dei manufatti; 5 bis. i crediti delle società cooperative agricole e dei loro consorzi per i corrispettivi della vendita dei prodotti.
314	Art. 2751 bis Crediti per retribuzioni e provvigioni, crediti dei coltivatori diretti, delle società od enti cooperativi e delle imprese artigiane	3. In che modo i crediti per danni conseguenti alla mancata corresponsione dei contributi previdenziali ed assicurativi obbligatori sono considerati nel contesto del privilegio generale sui mobili?	Hanno privilegio generale sui mobili i crediti riguardanti: le retribuzioni dovute, sotto qualsiasi forma, ai prestatori di lavoro subordinato e tutte le indennità dovute per effetto della cessazione del rapporto di lavoro, nonché il credito del lavoratore per i danni conseguenti alla mancata corresponsione, da parte del datore di lavoro, dei contributi previdenziali ed assicurativi obbligatori ed il credito per il risarcimento del danno subito per effetto di un licenziamento inefficace, nullo o annullabile; le retribuzioni dei professionisti e di ogni altro prestatore d’opera intellettuale dovute per gli ultimi due anni di prestazione; le provvigioni derivanti dal rapporto di agenzia dovute per l’ultimo anno di prestazione e le indennità dovute per la cessazione del rapporto medesimo; i crediti del coltivatore diretto, sia proprietario che affittuario, mezzadro, colono, soccidario o comunque compartecipante, per i corrispettivi della vendita dei prodotti nonché i crediti del mezzadro o del colono indicati dall’art. 2765; i crediti dell’impresa artigiana e delle società od enti cooperativi di produzione e di lavoro, per i corrispettivi dei servizi prestati e della vendita dei manufatti; 5 bis. i crediti delle società cooperative agricole e dei loro consorzi per i corrispettivi della vendita dei prodotti.
315	Art. 2751 bis Crediti per retribuzioni e provvigioni, crediti dei coltivatori diretti, delle società od enti cooperativi e delle imprese artigiane	4. Quali sono le condizioni per cui un credito per risarcimento danni da licenziamento può avere privilegio generale sui mobili?	Hanno privilegio generale sui mobili i crediti riguardanti: le retribuzioni dovute, sotto qualsiasi forma, ai prestatori di lavoro subordinato e tutte le indennità dovute per effetto della cessazione del rapporto di lavoro, nonché il credito del lavoratore per i danni conseguenti alla mancata corresponsione, da parte del datore di lavoro, dei contributi previdenziali ed assicurativi obbligatori ed il credito per il risarcimento del danno subito per effetto di un licenziamento inefficace, nullo o annullabile; le retribuzioni dei professionisti e di ogni altro prestatore d’opera intellettuale dovute per gli ultimi due anni di prestazione; le provvigioni derivanti dal rapporto di agenzia dovute per l’ultimo anno di prestazione e le indennità dovute per la cessazione del rapporto medesimo; i crediti del coltivatore diretto, sia proprietario che affittuario, mezzadro, colono, soccidario o comunque compartecipante, per i corrispettivi della vendita dei prodotti nonché i crediti del mezzadro o del colono indicati dall’art. 2765; i crediti dell’impresa artigiana e delle società od enti cooperativi di produzione e di lavoro, per i corrispettivi dei servizi prestati e della vendita dei manufatti; 5 bis. i crediti delle società cooperative agricole e dei loro consorzi per i corrispettivi della vendita dei prodotti.
316	Art. 2751 bis Crediti per retribuzioni e provvigioni, crediti dei coltivatori diretti, delle società od enti cooperativi e delle imprese artigiane	5. Per quale periodo di tempo le retribuzioni dei professionisti e di altri prestatori d’opera intellettuale sono considerate con privilegio generale sui mobili?	Hanno privilegio generale sui mobili i crediti riguardanti: le retribuzioni dovute, sotto qualsiasi forma, ai prestatori di lavoro subordinato e tutte le indennità dovute per effetto della cessazione del rapporto di lavoro, nonché il credito del lavoratore per i danni conseguenti alla mancata corresponsione, da parte del datore di lavoro, dei contributi previdenziali ed assicurativi obbligatori ed il credito per il risarcimento del danno subito per effetto di un licenziamento inefficace, nullo o annullabile; le retribuzioni dei professionisti e di ogni altro prestatore d’opera intellettuale dovute per gli ultimi due anni di prestazione; le provvigioni derivanti dal rapporto di agenzia dovute per l’ultimo anno di prestazione e le indennità dovute per la cessazione del rapporto medesimo; i crediti del coltivatore diretto, sia proprietario che affittuario, mezzadro, colono, soccidario o comunque compartecipante, per i corrispettivi della vendita dei prodotti nonché i crediti del mezzadro o del colono indicati dall’art. 2765; i crediti dell’impresa artigiana e delle società od enti cooperativi di produzione e di lavoro, per i corrispettivi dei servizi prestati e della vendita dei manufatti; 5 bis. i crediti delle società cooperative agricole e dei loro consorzi per i corrispettivi della vendita dei prodotti.
317	Art. 2751 bis Crediti per retribuzioni e provvigioni, crediti dei coltivatori diretti, delle società od enti cooperativi e delle imprese artigiane	6. Quali crediti derivanti dal rapporto di agenzia sono inclusi nel privilegio generale sui mobili?	Hanno privilegio generale sui mobili i crediti riguardanti: le retribuzioni dovute, sotto qualsiasi forma, ai prestatori di lavoro subordinato e tutte le indennità dovute per effetto della cessazione del rapporto di lavoro, nonché il credito del lavoratore per i danni conseguenti alla mancata corresponsione, da parte del datore di lavoro, dei contributi previdenziali ed assicurativi obbligatori ed il credito per il risarcimento del danno subito per effetto di un licenziamento inefficace, nullo o annullabile; le retribuzioni dei professionisti e di ogni altro prestatore d’opera intellettuale dovute per gli ultimi due anni di prestazione; le provvigioni derivanti dal rapporto di agenzia dovute per l’ultimo anno di prestazione e le indennità dovute per la cessazione del rapporto medesimo; i crediti del coltivatore diretto, sia proprietario che affittuario, mezzadro, colono, soccidario o comunque compartecipante, per i corrispettivi della vendita dei prodotti nonché i crediti del mezzadro o del colono indicati dall’art. 2765; i crediti dell’impresa artigiana e delle società od enti cooperativi di produzione e di lavoro, per i corrispettivi dei servizi prestati e della vendita dei manufatti; 5 bis. i crediti delle società cooperative agricole e dei loro consorzi per i corrispettivi della vendita dei prodotti.
318	Art. 2751 bis Crediti per retribuzioni e provvigioni, crediti dei coltivatori diretti, delle società od enti cooperativi e delle imprese artigiane	7. In che modo i crediti del coltivatore diretto e di altre figure simili sono trattati nel contesto del privilegio generale sui mobili?	Hanno privilegio generale sui mobili i crediti riguardanti: le retribuzioni dovute, sotto qualsiasi forma, ai prestatori di lavoro subordinato e tutte le indennità dovute per effetto della cessazione del rapporto di lavoro, nonché il credito del lavoratore per i danni conseguenti alla mancata corresponsione, da parte del datore di lavoro, dei contributi previdenziali ed assicurativi obbligatori ed il credito per il risarcimento del danno subito per effetto di un licenziamento inefficace, nullo o annullabile; le retribuzioni dei professionisti e di ogni altro prestatore d’opera intellettuale dovute per gli ultimi due anni di prestazione; le provvigioni derivanti dal rapporto di agenzia dovute per l’ultimo anno di prestazione e le indennità dovute per la cessazione del rapporto medesimo; i crediti del coltivatore diretto, sia proprietario che affittuario, mezzadro, colono, soccidario o comunque compartecipante, per i corrispettivi della vendita dei prodotti nonché i crediti del mezzadro o del colono indicati dall’art. 2765; i crediti dell’impresa artigiana e delle società od enti cooperativi di produzione e di lavoro, per i corrispettivi dei servizi prestati e della vendita dei manufatti; 5 bis. i crediti delle società cooperative agricole e dei loro consorzi per i corrispettivi della vendita dei prodotti.
319	Art. 2751 bis Crediti per retribuzioni e provvigioni, crediti dei coltivatori diretti, delle società od enti cooperativi e delle imprese artigiane	8. Quali crediti delle società cooperative agricole e dei loro consorzi sono considerati con privilegio generale sui mobili?	Hanno privilegio generale sui mobili i crediti riguardanti: le retribuzioni dovute, sotto qualsiasi forma, ai prestatori di lavoro subordinato e tutte le indennità dovute per effetto della cessazione del rapporto di lavoro, nonché il credito del lavoratore per i danni conseguenti alla mancata corresponsione, da parte del datore di lavoro, dei contributi previdenziali ed assicurativi obbligatori ed il credito per il risarcimento del danno subito per effetto di un licenziamento inefficace, nullo o annullabile; le retribuzioni dei professionisti e di ogni altro prestatore d’opera intellettuale dovute per gli ultimi due anni di prestazione; le provvigioni derivanti dal rapporto di agenzia dovute per l’ultimo anno di prestazione e le indennità dovute per la cessazione del rapporto medesimo; i crediti del coltivatore diretto, sia proprietario che affittuario, mezzadro, colono, soccidario o comunque compartecipante, per i corrispettivi della vendita dei prodotti nonché i crediti del mezzadro o del colono indicati dall’art. 2765; i crediti dell’impresa artigiana e delle società od enti cooperativi di produzione e di lavoro, per i corrispettivi dei servizi prestati e della vendita dei manufatti; 5 bis. i crediti delle società cooperative agricole e dei loro consorzi per i corrispettivi della vendita dei prodotti.
320	Art. 2752 Crediti per contributi diretti dello Stato, per imposta sul valore aggiunto e per tributi degli enti locali	1. Quali crediti dello Stato hanno privilegio generale sui mobili del debitore secondo il testo?	Hanno privilegio generale sui mobili del debitore i crediti dello Stato per l’imposta sul reddito delle persone fisiche, sul reddito delle persone giuridiche e per l’imposta locale sui redditi, limitatamente all’imposta o alla quota d’imposta non imputabile ai redditi immobiliari e a quelli di natura fondiaria non determinabili catastalmente, iscritti nei ruoli principali suppletivi, speciali o straordinari posti in riscossione nell’anno in cui si procede all’esecuzione e nell’anno precedente. Se si tratta di ruoli suppletivi, e si procede per imposte relative a periodi d’imposta anteriori agli ultimi due, il privilegio non può esercitarsi per un importo superiore a quello degli ultimi due anni, qualunque sia il periodo cui le imposte si riferiscono. Hanno altresì privilegio generale sui mobili del debitore i crediti dello Stato per le imposte, le pene pecuniarie e le soprattasse dovute secondo le norme relative all’imposta sul valore aggiunto. Hanno lo stesso privilegio, subordinatamente a quello dello Stato, i crediti per le imposte, tasse e tributi dei comuni e delle province previsti dalla legge per la finanza locale e dalle norme relative all’imposta comunale sulla pubblicità e ai diritti sulle pubbliche affissioni.
321	Art. 2752 Crediti per contributi diretti dello Stato, per imposta sul valore aggiunto e per tributi degli enti locali	2. In quali circostanze il privilegio per i ruoli suppletivi non può essere esercitato per un importo superiore a quello degli ultimi due anni?	Hanno privilegio generale sui mobili del debitore i crediti dello Stato per l’imposta sul reddito delle persone fisiche, sul reddito delle persone giuridiche e per l’imposta locale sui redditi, limitatamente all’imposta o alla quota d’imposta non imputabile ai redditi immobiliari e a quelli di natura fondiaria non determinabili catastalmente, iscritti nei ruoli principali suppletivi, speciali o straordinari posti in riscossione nell’anno in cui si procede all’esecuzione e nell’anno precedente. Se si tratta di ruoli suppletivi, e si procede per imposte relative a periodi d’imposta anteriori agli ultimi due, il privilegio non può esercitarsi per un importo superiore a quello degli ultimi due anni, qualunque sia il periodo cui le imposte si riferiscono. Hanno altresì privilegio generale sui mobili del debitore i crediti dello Stato per le imposte, le pene pecuniarie e le soprattasse dovute secondo le norme relative all’imposta sul valore aggiunto. Hanno lo stesso privilegio, subordinatamente a quello dello Stato, i crediti per le imposte, tasse e tributi dei comuni e delle province previsti dalla legge per la finanza locale e dalle norme relative all’imposta comunale sulla pubblicità e ai diritti sulle pubbliche affissioni.
322	Art. 2752 Crediti per contributi diretti dello Stato, per imposta sul valore aggiunto e per tributi degli enti locali	3. Quali altri enti, oltre allo Stato, hanno crediti con privilegio generale sui mobili del debitore?	Hanno privilegio generale sui mobili del debitore i crediti dello Stato per l’imposta sul reddito delle persone fisiche, sul reddito delle persone giuridiche e per l’imposta locale sui redditi, limitatamente all’imposta o alla quota d’imposta non imputabile ai redditi immobiliari e a quelli di natura fondiaria non determinabili catastalmente, iscritti nei ruoli principali suppletivi, speciali o straordinari posti in riscossione nell’anno in cui si procede all’esecuzione e nell’anno precedente. Se si tratta di ruoli suppletivi, e si procede per imposte relative a periodi d’imposta anteriori agli ultimi due, il privilegio non può esercitarsi per un importo superiore a quello degli ultimi due anni, qualunque sia il periodo cui le imposte si riferiscono. Hanno altresì privilegio generale sui mobili del debitore i crediti dello Stato per le imposte, le pene pecuniarie e le soprattasse dovute secondo le norme relative all’imposta sul valore aggiunto. Hanno lo stesso privilegio, subordinatamente a quello dello Stato, i crediti per le imposte, tasse e tributi dei comuni e delle province previsti dalla legge per la finanza locale e dalle norme relative all’imposta comunale sulla pubblicità e ai diritti sulle pubbliche affissioni.
323	Art. 2752 Crediti per contributi diretti dello Stato, per imposta sul valore aggiunto e per tributi degli enti locali	4. A quali imposte si applica il privilegio generale sui mobili del debitore per i crediti dello Stato?	Hanno privilegio generale sui mobili del debitore i crediti dello Stato per l’imposta sul reddito delle persone fisiche, sul reddito delle persone giuridiche e per l’imposta locale sui redditi, limitatamente all’imposta o alla quota d’imposta non imputabile ai redditi immobiliari e a quelli di natura fondiaria non determinabili catastalmente, iscritti nei ruoli principali suppletivi, speciali o straordinari posti in riscossione nell’anno in cui si procede all’esecuzione e nell’anno precedente. Se si tratta di ruoli suppletivi, e si procede per imposte relative a periodi d’imposta anteriori agli ultimi due, il privilegio non può esercitarsi per un importo superiore a quello degli ultimi due anni, qualunque sia il periodo cui le imposte si riferiscono. Hanno altresì privilegio generale sui mobili del debitore i crediti dello Stato per le imposte, le pene pecuniarie e le soprattasse dovute secondo le norme relative all’imposta sul valore aggiunto. Hanno lo stesso privilegio, subordinatamente a quello dello Stato, i crediti per le imposte, tasse e tributi dei comuni e delle province previsti dalla legge per la finanza locale e dalle norme relative all’imposta comunale sulla pubblicità e ai diritti sulle pubbliche affissioni.
324	Art. 2753 Crediti per contributi di assicurazione obbligatoria per l’invalidità, la vecchiaia e i superstiti	1. Quali crediti hanno privilegio generale sui mobili del datore di lavoro?	Hanno privilegio generale sui mobili del datore di lavoro i crediti derivanti dal mancato versamento dei contributi ad istituti, enti o fondi speciali, compresi quelli sostitutivi o integrativi, che gestiscono forme di assicurazione obbligatoria per l’invalidità, la vecchiaia ed i superstiti.
325	Art. 2753 Crediti per contributi di assicurazione obbligatoria per l’invalidità, la vecchiaia e i superstiti	2. I crediti derivanti dal mancato versamento dei contributi a quali tipi di istituti, enti o fondi hanno privilegio generale sui mobili del datore di lavoro?	Hanno privilegio generale sui mobili del datore di lavoro i crediti derivanti dal mancato versamento dei contributi ad istituti, enti o fondi speciali, compresi quelli sostitutivi o integrativi, che gestiscono forme di assicurazione obbligatoria per l’invalidità, la vecchiaia ed i superstiti.
326	Art. 2753 Crediti per contributi di assicurazione obbligatoria per l’invalidità, la vecchiaia e i superstiti	3. Quali forme di assicurazione obbligatoria sono gestite dagli istituti, enti o fondi speciali menzionati nel testo?	Hanno privilegio generale sui mobili del datore di lavoro i crediti derivanti dal mancato versamento dei contributi ad istituti, enti o fondi speciali, compresi quelli sostitutivi o integrativi, che gestiscono forme di assicurazione obbligatoria per l’invalidità, la vecchiaia ed i superstiti.
327	Art. 2754 Crediti per contributi relativi ad altre forme di assicurazione	1. Quali crediti hanno privilegio generale sui mobili del datore di lavoro secondo il testo?	Hanno pure privilegio generale sui mobili del datore di lavoro i crediti per i contributi dovuti a istituti ed enti per forme di tutela previdenziale e assistenziale diverse da quelle indicate dal precedente articolo, nonché gli accessori, limitatamente al cinquanta per cento del loro ammontare, relativi a tali crediti ed a quelli indicati dal precedente articolo.
328	Art. 2754 Crediti per contributi relativi ad altre forme di assicurazione	2. A quale percentuale sono limitati gli accessori relativi ai crediti per i contributi dovuti a istituti ed enti per forme di tutela previdenziale e assistenziale?	Hanno pure privilegio generale sui mobili del datore di lavoro i crediti per i contributi dovuti a istituti ed enti per forme di tutela previdenziale e assistenziale diverse da quelle indicate dal precedente articolo, nonché gli accessori, limitatamente al cinquanta per cento del loro ammontare, relativi a tali crediti ed a quelli indicati dal precedente articolo.
329	Art. 2754 Crediti per contributi relativi ad altre forme di assicurazione	3. I crediti per i contributi dovuti a istituti ed enti per forme di tutela previdenziale e assistenziale sono gli stessi indicati nel precedente articolo?	Hanno pure privilegio generale sui mobili del datore di lavoro i crediti per i contributi dovuti a istituti ed enti per forme di tutela previdenziale e assistenziale diverse da quelle indicate dal precedente articolo, nonché gli accessori, limitatamente al cinquanta per cento del loro ammontare, relativi a tali crediti ed a quelli indicati dal precedente articolo.
330	Art. 2755 Spese per atti conservativi o di espropriazione	1. Quali tipi di crediti hanno privilegio sui beni stessi secondo il testo?	I crediti per spese di giustizia fatte per atti conservativi (2905 e seguenti; Cod. Proc. Civ. 671) o per l’espropriazione di beni mobili (Cod. Proc. Civ. 513 e seguenti) nell’interesse comune dei creditori hanno privilegio sui beni stessi.
331	Art. 2756 Crediti per prestazioni e spese di conservazione e miglioramento	1. Quali condizioni devono essere soddisfatte affinché i crediti per le prestazioni e le spese relative alla conservazione o al miglioramento di beni mobili abbiano privilegio sui beni stessi?	I crediti per le prestazioni e le spese relative alla conservazione o al miglioramento di beni mobili hanno privilegio sui beni stessi, purché questi si trovino ancora presso chi ha fatto le prestazioni o le spese. Il privilegio ha effetto anche in pregiudizio dei terzi che hanno diritti sulla cosa, qualora chi ha fatto le prestazioni o le spese sia stato in buona fede. Il creditore può ritenere la cosa soggetta al privilegio finché non è soddisfatto del suo credito e può anche venderla secondo le norme stabilite per la vendita del pegno.
332	Art. 2756 Crediti per prestazioni e spese di conservazione e miglioramento	2. In che modo il privilegio sui beni mobili può avere effetto in pregiudizio dei terzi che hanno diritti sulla cosa?	I crediti per le prestazioni e le spese relative alla conservazione o al miglioramento di beni mobili hanno privilegio sui beni stessi, purché questi si trovino ancora presso chi ha fatto le prestazioni o le spese. Il privilegio ha effetto anche in pregiudizio dei terzi che hanno diritti sulla cosa, qualora chi ha fatto le prestazioni o le spese sia stato in buona fede. Il creditore può ritenere la cosa soggetta al privilegio finché non è soddisfatto del suo credito e può anche venderla secondo le norme stabilite per la vendita del pegno.
333	Art. 2756 Crediti per prestazioni e spese di conservazione e miglioramento	3. Quali diritti ha il creditore nei confronti della cosa soggetta al privilegio se non è soddisfatto del suo credito?	I crediti per le prestazioni e le spese relative alla conservazione o al miglioramento di beni mobili hanno privilegio sui beni stessi, purché questi si trovino ancora presso chi ha fatto le prestazioni o le spese. Il privilegio ha effetto anche in pregiudizio dei terzi che hanno diritti sulla cosa, qualora chi ha fatto le prestazioni o le spese sia stato in buona fede. Il creditore può ritenere la cosa soggetta al privilegio finché non è soddisfatto del suo credito e può anche venderla secondo le norme stabilite per la vendita del pegno.
334	Art. 2757 Crediti per somministrazioni e lavori occorrenti per la produzione agricola	1. Quali tipi di crediti hanno privilegio sui frutti alla cui produzione abbiano concorso?	I crediti per le somministrazioni di sementi, di materie fertilizzanti e antiparassitarie e di acqua per irrigazione, come pure i crediti per lavori di coltivazione e di raccolta dell’annata agricola hanno privilegio sui frutti, alla cui produzione abbiano concorso. Il privilegio si può esercitare finché i frutti si trovano nel fondo o nelle sue dipendenze. Si applica la disposizione del secondo comma dell’art. 2756.
335	Art. 2757 Crediti per somministrazioni e lavori occorrenti per la produzione agricola	2. Fino a quando si può esercitare il privilegio sui frutti?	I crediti per le somministrazioni di sementi, di materie fertilizzanti e antiparassitarie e di acqua per irrigazione, come pure i crediti per lavori di coltivazione e di raccolta dell’annata agricola hanno privilegio sui frutti, alla cui produzione abbiano concorso. Il privilegio si può esercitare finché i frutti si trovano nel fondo o nelle sue dipendenze. Si applica la disposizione del secondo comma dell’art. 2756.
336	Art. 2757 Crediti per somministrazioni e lavori occorrenti per la produzione agricola	3. A quale disposizione si applica il privilegio sui crediti per somministrazioni agricole?	I crediti per le somministrazioni di sementi, di materie fertilizzanti e antiparassitarie e di acqua per irrigazione, come pure i crediti per lavori di coltivazione e di raccolta dell’annata agricola hanno privilegio sui frutti, alla cui produzione abbiano concorso. Il privilegio si può esercitare finché i frutti si trovano nel fondo o nelle sue dipendenze. Si applica la disposizione del secondo comma dell’art. 2756.
337	Art. 2758 Crediti per tributi indiretti	1. Quali beni sono soggetti al privilegio dei crediti dello Stato per i tributi indiretti?	I crediti dello Stato per i tributi indiretti hanno privilegio sui mobili ai quali i tributi si riferiscono e sugli altri beni indicati dalle leggi relative, con l’effetto da esse stabilito. Eguale privilegio hanno i crediti di rivalsa verso il cessionario ed il committente previsti dalle norme relative all’imposta sul valore aggiunto, sui beni che hanno formato oggetto della cessione o ai quali si riferisce il servizio. Il privilegio, per quanto riguarda l’imposta di successione, non ha effetto in pregiudizio dei creditori che hanno esercitato il diritto di separazione dei beni del defunto da quelli dell’erede.
338	Art. 2758 Crediti per tributi indiretti	2. In che modo il privilegio dei crediti di rivalsa verso il cessionario ed il committente si applica ai beni oggetto della cessione o del servizio?	I crediti dello Stato per i tributi indiretti hanno privilegio sui mobili ai quali i tributi si riferiscono e sugli altri beni indicati dalle leggi relative, con l’effetto da esse stabilito. Eguale privilegio hanno i crediti di rivalsa verso il cessionario ed il committente previsti dalle norme relative all’imposta sul valore aggiunto, sui beni che hanno formato oggetto della cessione o ai quali si riferisce il servizio. Il privilegio, per quanto riguarda l’imposta di successione, non ha effetto in pregiudizio dei creditori che hanno esercitato il diritto di separazione dei beni del defunto da quelli dell’erede.
339	Art. 2758 Crediti per tributi indiretti	3. Come si limita l'effetto del privilegio per l'imposta di successione nei confronti dei creditori che hanno esercitato il diritto di separazione dei beni?	I crediti dello Stato per i tributi indiretti hanno privilegio sui mobili ai quali i tributi si riferiscono e sugli altri beni indicati dalle leggi relative, con l’effetto da esse stabilito. Eguale privilegio hanno i crediti di rivalsa verso il cessionario ed il committente previsti dalle norme relative all’imposta sul valore aggiunto, sui beni che hanno formato oggetto della cessione o ai quali si riferisce il servizio. Il privilegio, per quanto riguarda l’imposta di successione, non ha effetto in pregiudizio dei creditori che hanno esercitato il diritto di separazione dei beni del defunto da quelli dell’erede.
340	Art. 2759 Crediti per le imposte sul reddito	1. Quali beni sono soggetti al privilegio per i crediti dello Stato relativi all'imposta sul reddito d'impresa?	I crediti dello Stato per l’imposta sul reddito delle persone fisiche, sul reddito delle persone giuridiche e per l’imposta locale sui redditi, dovuta per i due anni anteriori a quello in cui si procede, hanno privilegio, limitatamente all’imposta o alla quota d’imposta imputabile al reddito d’impresa, sopra i mobili che servono all’esercizio di imprese commerciali e sopra le merci che si trovano nel locale adibito all’esercizio stesso o nell’abitazione dell’imprenditore. Il privilegio si applica sui beni indicati nel comma precedente ancorché appartenenti a persona diversa dall’imprenditore salvo che si tratti di beni rubati o smarriti, di merci affidate all’imprenditore per la lavorazione o di merci non ancora nazionalizzate munite di regolare bolletta doganale. Qualora l’accertamento del reddito iscritto a ruolo sia stato determinato sinteticamente ai fini dell’imposta sul reddito delle persone fisiche, la ripartizione proporzionale dell’imposta, prevista dal primo comma, viene effettuata sulla base dei redditi iscritti o iscrivibili ai fini dell’imposta locale sui redditi.
341	Art. 2759 Crediti per le imposte sul reddito	2. In quali circostanze il privilegio non si applica ai beni appartenenti a una persona diversa dall'imprenditore?	I crediti dello Stato per l’imposta sul reddito delle persone fisiche, sul reddito delle persone giuridiche e per l’imposta locale sui redditi, dovuta per i due anni anteriori a quello in cui si procede, hanno privilegio, limitatamente all’imposta o alla quota d’imposta imputabile al reddito d’impresa, sopra i mobili che servono all’esercizio di imprese commerciali e sopra le merci che si trovano nel locale adibito all’esercizio stesso o nell’abitazione dell’imprenditore. Il privilegio si applica sui beni indicati nel comma precedente ancorché appartenenti a persona diversa dall’imprenditore salvo che si tratti di beni rubati o smarriti, di merci affidate all’imprenditore per la lavorazione o di merci non ancora nazionalizzate munite di regolare bolletta doganale. Qualora l’accertamento del reddito iscritto a ruolo sia stato determinato sinteticamente ai fini dell’imposta sul reddito delle persone fisiche, la ripartizione proporzionale dell’imposta, prevista dal primo comma, viene effettuata sulla base dei redditi iscritti o iscrivibili ai fini dell’imposta locale sui redditi.
342	Art. 2759 Crediti per le imposte sul reddito	3. Come viene effettuata la ripartizione proporzionale dell'imposta quando l'accertamento del reddito è determinato sinteticamente ai fini dell'imposta sul reddito delle persone fisiche?	I crediti dello Stato per l’imposta sul reddito delle persone fisiche, sul reddito delle persone giuridiche e per l’imposta locale sui redditi, dovuta per i due anni anteriori a quello in cui si procede, hanno privilegio, limitatamente all’imposta o alla quota d’imposta imputabile al reddito d’impresa, sopra i mobili che servono all’esercizio di imprese commerciali e sopra le merci che si trovano nel locale adibito all’esercizio stesso o nell’abitazione dell’imprenditore. Il privilegio si applica sui beni indicati nel comma precedente ancorché appartenenti a persona diversa dall’imprenditore salvo che si tratti di beni rubati o smarriti, di merci affidate all’imprenditore per la lavorazione o di merci non ancora nazionalizzate munite di regolare bolletta doganale. Qualora l’accertamento del reddito iscritto a ruolo sia stato determinato sinteticamente ai fini dell’imposta sul reddito delle persone fisiche, la ripartizione proporzionale dell’imposta, prevista dal primo comma, viene effettuata sulla base dei redditi iscritti o iscrivibili ai fini dell’imposta locale sui redditi.
343	Art. 2760 Crediti dell’albergatore	1. Quali beni sono soggetti al privilegio dell'albergatore per i crediti di mercedi e somministrazioni?	I crediti dell’albergatore per mercedi e somministrazioni verso le persone albergate hanno privilegio sulle cose da queste portate nell’albergo e nelle dipendenze e che continuano a trovarvisi (1783 e seguenti). Il privilegio ha effetto anche in pregiudizio dei terzi che hanno diritti sulle cose stesse, a meno che l’albergatore fosse a conoscenza di tali diritti al tempo in cui le cose sono state portate nell’albergo.
344	Art. 2760 Crediti dell’albergatore	2. In quali circostanze il privilegio dell'albergatore non prevale sui diritti di terzi?	I crediti dell’albergatore per mercedi e somministrazioni verso le persone albergate hanno privilegio sulle cose da queste portate nell’albergo e nelle dipendenze e che continuano a trovarvisi (1783 e seguenti). Il privilegio ha effetto anche in pregiudizio dei terzi che hanno diritti sulle cose stesse, a meno che l’albergatore fosse a conoscenza di tali diritti al tempo in cui le cose sono state portate nell’albergo.
345	Art. 2761 Crediti del vettore, del mandatario, del depositano e del sequestratario	1. Quali crediti hanno privilegio sulle cose trasportate finché rimangono presso il vettore?	I crediti dipendenti dal contratto di trasporto (1678 e seguenti) e quelli per le spese d’imposta anticipate dal vettore hanno privilegio sulle cose trasportate finché queste rimangono presso di lui. I crediti derivanti dall’esecuzione del mandato (1703 e seguenti) hanno privilegio sulle cose del mandante che il mandatario detiene per l’esecuzione del mandato. I crediti derivanti dal deposito o dal sequestro convenzionale a favore del depositario e del sequestratario hanno parimenti privilegio sulle cose che questi detengono per effetto del deposito o del sequestro. Si applicano a questi privilegi le disposizioni del secondo e del terzo comma dell’art. 2756.
346	Art. 2761 Crediti del vettore, del mandatario, del depositano e del sequestratario	2. Su quali beni il mandatario ha privilegio per i crediti derivanti dall'esecuzione del mandato?	I crediti dipendenti dal contratto di trasporto (1678 e seguenti) e quelli per le spese d’imposta anticipate dal vettore hanno privilegio sulle cose trasportate finché queste rimangono presso di lui. I crediti derivanti dall’esecuzione del mandato (1703 e seguenti) hanno privilegio sulle cose del mandante che il mandatario detiene per l’esecuzione del mandato. I crediti derivanti dal deposito o dal sequestro convenzionale a favore del depositario e del sequestratario hanno parimenti privilegio sulle cose che questi detengono per effetto del deposito o del sequestro. Si applicano a questi privilegi le disposizioni del secondo e del terzo comma dell’art. 2756.
347	Art. 2761 Crediti del vettore, del mandatario, del depositano e del sequestratario	3. Quali crediti hanno privilegio sulle cose detenute dal depositario o dal sequestratario?	I crediti dipendenti dal contratto di trasporto (1678 e seguenti) e quelli per le spese d’imposta anticipate dal vettore hanno privilegio sulle cose trasportate finché queste rimangono presso di lui. I crediti derivanti dall’esecuzione del mandato (1703 e seguenti) hanno privilegio sulle cose del mandante che il mandatario detiene per l’esecuzione del mandato. I crediti derivanti dal deposito o dal sequestro convenzionale a favore del depositario e del sequestratario hanno parimenti privilegio sulle cose che questi detengono per effetto del deposito o del sequestro. Si applicano a questi privilegi le disposizioni del secondo e del terzo comma dell’art. 2756.
348	Art. 2761 Crediti del vettore, del mandatario, del depositano e del sequestratario	4. A quali disposizioni si applicano i privilegi menzionati nel testo?	I crediti dipendenti dal contratto di trasporto (1678 e seguenti) e quelli per le spese d’imposta anticipate dal vettore hanno privilegio sulle cose trasportate finché queste rimangono presso di lui. I crediti derivanti dall’esecuzione del mandato (1703 e seguenti) hanno privilegio sulle cose del mandante che il mandatario detiene per l’esecuzione del mandato. I crediti derivanti dal deposito o dal sequestro convenzionale a favore del depositario e del sequestratario hanno parimenti privilegio sulle cose che questi detengono per effetto del deposito o del sequestro. Si applicano a questi privilegi le disposizioni del secondo e del terzo comma dell’art. 2756.
349	Art. 2762 Privilegio del venditore di macchine	1. Quali condizioni devono essere soddisfatte affinché il privilegio per il prezzo non pagato delle macchine vendute sia valido?	Chi ha venduto macchine per un prezzo superiore a lire trentamila ha privilegio per il prezzo non pagato sulle macchine vendute e consegnate, anche se sono incorporate o congiunte all’immobile di proprietà del compratore o di un terzo. Il privilegio è subordinato alla trascrizione dei documenti, dai quali la vendita e il credito risultano, nel registro indicato dal secondo comma dell’art. 1524. La trascrizione è eseguita presso il tribunale nella giurisdizione del quale è collocata la macchina. Il privilegio dura per un triennio dalla data della vendita e ha effetto fino a quando la macchina si trova in possesso del compratore nel luogo dove è stata eseguita la trascrizione, salvo il caso di sottrazione fraudolenta. Il privilegio stabilito in questo articolo spetta anche alle banche autorizzate all’esercizio di prestiti con garanzia sul macchinario, le quali abbiano anticipato al compratore il prezzo per l’acquisto. Il privilegio sussiste a condizione che il documento rilasciato a prova della sovvenzione indichi lo scopo, l’ammontare e la scadenza del credito, contenga l’esatta designazione della macchina soggetta al privilegio e sia trascritto a norma del secondo comma di questo articolo. Se il privilegio della banca concorre con quello del venditore, è preferito il creditore che ha trascritto per primo.
350	Art. 2762 Privilegio del venditore di macchine	2. Dove deve essere eseguita la trascrizione dei documenti per il privilegio sulle macchine vendute?	Chi ha venduto macchine per un prezzo superiore a lire trentamila ha privilegio per il prezzo non pagato sulle macchine vendute e consegnate, anche se sono incorporate o congiunte all’immobile di proprietà del compratore o di un terzo. Il privilegio è subordinato alla trascrizione dei documenti, dai quali la vendita e il credito risultano, nel registro indicato dal secondo comma dell’art. 1524. La trascrizione è eseguita presso il tribunale nella giurisdizione del quale è collocata la macchina. Il privilegio dura per un triennio dalla data della vendita e ha effetto fino a quando la macchina si trova in possesso del compratore nel luogo dove è stata eseguita la trascrizione, salvo il caso di sottrazione fraudolenta. Il privilegio stabilito in questo articolo spetta anche alle banche autorizzate all’esercizio di prestiti con garanzia sul macchinario, le quali abbiano anticipato al compratore il prezzo per l’acquisto. Il privilegio sussiste a condizione che il documento rilasciato a prova della sovvenzione indichi lo scopo, l’ammontare e la scadenza del credito, contenga l’esatta designazione della macchina soggetta al privilegio e sia trascritto a norma del secondo comma di questo articolo. Se il privilegio della banca concorre con quello del venditore, è preferito il creditore che ha trascritto per primo.
351	Art. 2762 Privilegio del venditore di macchine	3. Per quanto tempo dura il privilegio dalla data della vendita delle macchine?	Chi ha venduto macchine per un prezzo superiore a lire trentamila ha privilegio per il prezzo non pagato sulle macchine vendute e consegnate, anche se sono incorporate o congiunte all’immobile di proprietà del compratore o di un terzo. Il privilegio è subordinato alla trascrizione dei documenti, dai quali la vendita e il credito risultano, nel registro indicato dal secondo comma dell’art. 1524. La trascrizione è eseguita presso il tribunale nella giurisdizione del quale è collocata la macchina. Il privilegio dura per un triennio dalla data della vendita e ha effetto fino a quando la macchina si trova in possesso del compratore nel luogo dove è stata eseguita la trascrizione, salvo il caso di sottrazione fraudolenta. Il privilegio stabilito in questo articolo spetta anche alle banche autorizzate all’esercizio di prestiti con garanzia sul macchinario, le quali abbiano anticipato al compratore il prezzo per l’acquisto. Il privilegio sussiste a condizione che il documento rilasciato a prova della sovvenzione indichi lo scopo, l’ammontare e la scadenza del credito, contenga l’esatta designazione della macchina soggetta al privilegio e sia trascritto a norma del secondo comma di questo articolo. Se il privilegio della banca concorre con quello del venditore, è preferito il creditore che ha trascritto per primo.
352	Art. 2762 Privilegio del venditore di macchine	4. In quali circostanze il privilegio sulle macchine vendute perde efficacia?	Chi ha venduto macchine per un prezzo superiore a lire trentamila ha privilegio per il prezzo non pagato sulle macchine vendute e consegnate, anche se sono incorporate o congiunte all’immobile di proprietà del compratore o di un terzo. Il privilegio è subordinato alla trascrizione dei documenti, dai quali la vendita e il credito risultano, nel registro indicato dal secondo comma dell’art. 1524. La trascrizione è eseguita presso il tribunale nella giurisdizione del quale è collocata la macchina. Il privilegio dura per un triennio dalla data della vendita e ha effetto fino a quando la macchina si trova in possesso del compratore nel luogo dove è stata eseguita la trascrizione, salvo il caso di sottrazione fraudolenta. Il privilegio stabilito in questo articolo spetta anche alle banche autorizzate all’esercizio di prestiti con garanzia sul macchinario, le quali abbiano anticipato al compratore il prezzo per l’acquisto. Il privilegio sussiste a condizione che il documento rilasciato a prova della sovvenzione indichi lo scopo, l’ammontare e la scadenza del credito, contenga l’esatta designazione della macchina soggetta al privilegio e sia trascritto a norma del secondo comma di questo articolo. Se il privilegio della banca concorre con quello del venditore, è preferito il creditore che ha trascritto per primo.
353	Art. 2762 Privilegio del venditore di macchine	5. Quali informazioni devono essere contenute nel documento rilasciato a prova della sovvenzione per il privilegio delle banche?	Chi ha venduto macchine per un prezzo superiore a lire trentamila ha privilegio per il prezzo non pagato sulle macchine vendute e consegnate, anche se sono incorporate o congiunte all’immobile di proprietà del compratore o di un terzo. Il privilegio è subordinato alla trascrizione dei documenti, dai quali la vendita e il credito risultano, nel registro indicato dal secondo comma dell’art. 1524. La trascrizione è eseguita presso il tribunale nella giurisdizione del quale è collocata la macchina. Il privilegio dura per un triennio dalla data della vendita e ha effetto fino a quando la macchina si trova in possesso del compratore nel luogo dove è stata eseguita la trascrizione, salvo il caso di sottrazione fraudolenta. Il privilegio stabilito in questo articolo spetta anche alle banche autorizzate all’esercizio di prestiti con garanzia sul macchinario, le quali abbiano anticipato al compratore il prezzo per l’acquisto. Il privilegio sussiste a condizione che il documento rilasciato a prova della sovvenzione indichi lo scopo, l’ammontare e la scadenza del credito, contenga l’esatta designazione della macchina soggetta al privilegio e sia trascritto a norma del secondo comma di questo articolo. Se il privilegio della banca concorre con quello del venditore, è preferito il creditore che ha trascritto per primo.
354	Art. 2762 Privilegio del venditore di macchine	6. Chi ha la precedenza nel privilegio se concorrono sia il venditore che la banca?	Chi ha venduto macchine per un prezzo superiore a lire trentamila ha privilegio per il prezzo non pagato sulle macchine vendute e consegnate, anche se sono incorporate o congiunte all’immobile di proprietà del compratore o di un terzo. Il privilegio è subordinato alla trascrizione dei documenti, dai quali la vendita e il credito risultano, nel registro indicato dal secondo comma dell’art. 1524. La trascrizione è eseguita presso il tribunale nella giurisdizione del quale è collocata la macchina. Il privilegio dura per un triennio dalla data della vendita e ha effetto fino a quando la macchina si trova in possesso del compratore nel luogo dove è stata eseguita la trascrizione, salvo il caso di sottrazione fraudolenta. Il privilegio stabilito in questo articolo spetta anche alle banche autorizzate all’esercizio di prestiti con garanzia sul macchinario, le quali abbiano anticipato al compratore il prezzo per l’acquisto. Il privilegio sussiste a condizione che il documento rilasciato a prova della sovvenzione indichi lo scopo, l’ammontare e la scadenza del credito, contenga l’esatta designazione della macchina soggetta al privilegio e sia trascritto a norma del secondo comma di questo articolo. Se il privilegio della banca concorre con quello del venditore, è preferito il creditore che ha trascritto per primo.
355	Art. 2762 Privilegio del venditore di macchine	7. A quali condizioni le banche possono beneficiare del privilegio stabilito per le macchine vendute?	Chi ha venduto macchine per un prezzo superiore a lire trentamila ha privilegio per il prezzo non pagato sulle macchine vendute e consegnate, anche se sono incorporate o congiunte all’immobile di proprietà del compratore o di un terzo. Il privilegio è subordinato alla trascrizione dei documenti, dai quali la vendita e il credito risultano, nel registro indicato dal secondo comma dell’art. 1524. La trascrizione è eseguita presso il tribunale nella giurisdizione del quale è collocata la macchina. Il privilegio dura per un triennio dalla data della vendita e ha effetto fino a quando la macchina si trova in possesso del compratore nel luogo dove è stata eseguita la trascrizione, salvo il caso di sottrazione fraudolenta. Il privilegio stabilito in questo articolo spetta anche alle banche autorizzate all’esercizio di prestiti con garanzia sul macchinario, le quali abbiano anticipato al compratore il prezzo per l’acquisto. Il privilegio sussiste a condizione che il documento rilasciato a prova della sovvenzione indichi lo scopo, l’ammontare e la scadenza del credito, contenga l’esatta designazione della macchina soggetta al privilegio e sia trascritto a norma del secondo comma di questo articolo. Se il privilegio della banca concorre con quello del venditore, è preferito il creditore che ha trascritto per primo.
356	Art. 2763 Crediti per canoni enfiteutici	1. Quali crediti del concedente hanno privilegio sui frutti dell'anno e su quelli raccolti anteriormente?	I crediti del concedente per il canone dovuto dall’enfiteuta per l’anno in corso e per il precedente (960, 972 n. 2) hanno privilegio sui frutti dell’anno e su quelli raccolti anteriormente, purché si trovino nel fondo o nelle sue dipendenze.
357	Art. 2764 Crediti del locatore di immobili	1. Quali beni sono soggetti al privilegio del credito delle pigioni e dei fitti degli immobili?	Il credito delle pigioni e dei fitti (1571 e seguenti, 1615 e seguenti) degli immobili ha privilegio sui frutti dell’anno e su quelli raccolti anteriormente, nonché sopra tutto ciò che serve a fornire l’immobile o a coltivare il fondo locato. Il privilegio sussiste per il credito dell’anno in corso, dell’antecedente e dei successivi, se la locazione ha data certa, e, in caso diverso, per quello dell’anno in corso e del susseguente. Lo stesso privilegio ha il credito dipendente da mancate riparazioni le quali siano a carico del conduttore, il credito per i danni arrecati all’immobile locato, per la mancata restituzione delle scorte (1640 e seguenti) e ogni altro credito dipendente da inadempimento del contratto. Il privilegio sui frutti sussiste finché si trovano nel fondo o nelle sue dipendenze. Esso si può far valere anche nei confronti del subconduttore. Il privilegio sulle cose che servono a fornire l’immobile locato o alla coltivazione del fondo sussiste pure se le cose appartengono al subconduttore, nei limiti in cui il locatore ha azione contro il medesimo. Il privilegio sulle cose che servono a fornire l’immobile locato ha luogo altresì nei confronti dei terzi, finché le cose si trovano nell’immobile, salvo che si provi che il locatore conoscesse il diritto del terzo al tempo in cui sono state introdotte (Cod. Proc. Civ. 621 e seguenti). Qualora le cose che servono a fornire la casa o il fondo locato ovvero a coltivare il medesimo vengano asportate dall’immobile senza il consenso del locatore, questi conserva su di esse il privilegio, purché ne domandi il sequestro, nei modi stabiliti dal codice di procedura civile per il sequestro conservativo (Cod. Proc. Civ. 671 e seguenti), entro il termine di trenta giorni dall’asportazione, se si tratta di mobili che servono a fornire o a coltivare il fondo rustico, e di quindici giorni, se si tratta di mobili che servono a fornire la casa. Restano salvi in ogni caso i diritti acquistati dopo l’asportazione dei terzi che ignoravano l’esistenza del privilegio.
358	Art. 2764 Crediti del locatore di immobili	2. Per quali periodi di credito sussiste il privilegio se la locazione ha data certa?	Il credito delle pigioni e dei fitti (1571 e seguenti, 1615 e seguenti) degli immobili ha privilegio sui frutti dell’anno e su quelli raccolti anteriormente, nonché sopra tutto ciò che serve a fornire l’immobile o a coltivare il fondo locato. Il privilegio sussiste per il credito dell’anno in corso, dell’antecedente e dei successivi, se la locazione ha data certa, e, in caso diverso, per quello dell’anno in corso e del susseguente. Lo stesso privilegio ha il credito dipendente da mancate riparazioni le quali siano a carico del conduttore, il credito per i danni arrecati all’immobile locato, per la mancata restituzione delle scorte (1640 e seguenti) e ogni altro credito dipendente da inadempimento del contratto. Il privilegio sui frutti sussiste finché si trovano nel fondo o nelle sue dipendenze. Esso si può far valere anche nei confronti del subconduttore. Il privilegio sulle cose che servono a fornire l’immobile locato o alla coltivazione del fondo sussiste pure se le cose appartengono al subconduttore, nei limiti in cui il locatore ha azione contro il medesimo. Il privilegio sulle cose che servono a fornire l’immobile locato ha luogo altresì nei confronti dei terzi, finché le cose si trovano nell’immobile, salvo che si provi che il locatore conoscesse il diritto del terzo al tempo in cui sono state introdotte (Cod. Proc. Civ. 621 e seguenti). Qualora le cose che servono a fornire la casa o il fondo locato ovvero a coltivare il medesimo vengano asportate dall’immobile senza il consenso del locatore, questi conserva su di esse il privilegio, purché ne domandi il sequestro, nei modi stabiliti dal codice di procedura civile per il sequestro conservativo (Cod. Proc. Civ. 671 e seguenti), entro il termine di trenta giorni dall’asportazione, se si tratta di mobili che servono a fornire o a coltivare il fondo rustico, e di quindici giorni, se si tratta di mobili che servono a fornire la casa. Restano salvi in ogni caso i diritti acquistati dopo l’asportazione dei terzi che ignoravano l’esistenza del privilegio.
359	Art. 2764 Crediti del locatore di immobili	3. In che modo il privilegio si applica ai crediti derivanti da mancate riparazioni a carico del conduttore?	Il credito delle pigioni e dei fitti (1571 e seguenti, 1615 e seguenti) degli immobili ha privilegio sui frutti dell’anno e su quelli raccolti anteriormente, nonché sopra tutto ciò che serve a fornire l’immobile o a coltivare il fondo locato. Il privilegio sussiste per il credito dell’anno in corso, dell’antecedente e dei successivi, se la locazione ha data certa, e, in caso diverso, per quello dell’anno in corso e del susseguente. Lo stesso privilegio ha il credito dipendente da mancate riparazioni le quali siano a carico del conduttore, il credito per i danni arrecati all’immobile locato, per la mancata restituzione delle scorte (1640 e seguenti) e ogni altro credito dipendente da inadempimento del contratto. Il privilegio sui frutti sussiste finché si trovano nel fondo o nelle sue dipendenze. Esso si può far valere anche nei confronti del subconduttore. Il privilegio sulle cose che servono a fornire l’immobile locato o alla coltivazione del fondo sussiste pure se le cose appartengono al subconduttore, nei limiti in cui il locatore ha azione contro il medesimo. Il privilegio sulle cose che servono a fornire l’immobile locato ha luogo altresì nei confronti dei terzi, finché le cose si trovano nell’immobile, salvo che si provi che il locatore conoscesse il diritto del terzo al tempo in cui sono state introdotte (Cod. Proc. Civ. 621 e seguenti). Qualora le cose che servono a fornire la casa o il fondo locato ovvero a coltivare il medesimo vengano asportate dall’immobile senza il consenso del locatore, questi conserva su di esse il privilegio, purché ne domandi il sequestro, nei modi stabiliti dal codice di procedura civile per il sequestro conservativo (Cod. Proc. Civ. 671 e seguenti), entro il termine di trenta giorni dall’asportazione, se si tratta di mobili che servono a fornire o a coltivare il fondo rustico, e di quindici giorni, se si tratta di mobili che servono a fornire la casa. Restano salvi in ogni caso i diritti acquistati dopo l’asportazione dei terzi che ignoravano l’esistenza del privilegio.
360	Art. 2764 Crediti del locatore di immobili	4. Fino a quando sussiste il privilegio sui frutti nel fondo o nelle sue dipendenze?	Il credito delle pigioni e dei fitti (1571 e seguenti, 1615 e seguenti) degli immobili ha privilegio sui frutti dell’anno e su quelli raccolti anteriormente, nonché sopra tutto ciò che serve a fornire l’immobile o a coltivare il fondo locato. Il privilegio sussiste per il credito dell’anno in corso, dell’antecedente e dei successivi, se la locazione ha data certa, e, in caso diverso, per quello dell’anno in corso e del susseguente. Lo stesso privilegio ha il credito dipendente da mancate riparazioni le quali siano a carico del conduttore, il credito per i danni arrecati all’immobile locato, per la mancata restituzione delle scorte (1640 e seguenti) e ogni altro credito dipendente da inadempimento del contratto. Il privilegio sui frutti sussiste finché si trovano nel fondo o nelle sue dipendenze. Esso si può far valere anche nei confronti del subconduttore. Il privilegio sulle cose che servono a fornire l’immobile locato o alla coltivazione del fondo sussiste pure se le cose appartengono al subconduttore, nei limiti in cui il locatore ha azione contro il medesimo. Il privilegio sulle cose che servono a fornire l’immobile locato ha luogo altresì nei confronti dei terzi, finché le cose si trovano nell’immobile, salvo che si provi che il locatore conoscesse il diritto del terzo al tempo in cui sono state introdotte (Cod. Proc. Civ. 621 e seguenti). Qualora le cose che servono a fornire la casa o il fondo locato ovvero a coltivare il medesimo vengano asportate dall’immobile senza il consenso del locatore, questi conserva su di esse il privilegio, purché ne domandi il sequestro, nei modi stabiliti dal codice di procedura civile per il sequestro conservativo (Cod. Proc. Civ. 671 e seguenti), entro il termine di trenta giorni dall’asportazione, se si tratta di mobili che servono a fornire o a coltivare il fondo rustico, e di quindici giorni, se si tratta di mobili che servono a fornire la casa. Restano salvi in ogni caso i diritti acquistati dopo l’asportazione dei terzi che ignoravano l’esistenza del privilegio.
361	Art. 2764 Crediti del locatore di immobili	5. Come si applica il privilegio nei confronti del subconduttore?	Il credito delle pigioni e dei fitti (1571 e seguenti, 1615 e seguenti) degli immobili ha privilegio sui frutti dell’anno e su quelli raccolti anteriormente, nonché sopra tutto ciò che serve a fornire l’immobile o a coltivare il fondo locato. Il privilegio sussiste per il credito dell’anno in corso, dell’antecedente e dei successivi, se la locazione ha data certa, e, in caso diverso, per quello dell’anno in corso e del susseguente. Lo stesso privilegio ha il credito dipendente da mancate riparazioni le quali siano a carico del conduttore, il credito per i danni arrecati all’immobile locato, per la mancata restituzione delle scorte (1640 e seguenti) e ogni altro credito dipendente da inadempimento del contratto. Il privilegio sui frutti sussiste finché si trovano nel fondo o nelle sue dipendenze. Esso si può far valere anche nei confronti del subconduttore. Il privilegio sulle cose che servono a fornire l’immobile locato o alla coltivazione del fondo sussiste pure se le cose appartengono al subconduttore, nei limiti in cui il locatore ha azione contro il medesimo. Il privilegio sulle cose che servono a fornire l’immobile locato ha luogo altresì nei confronti dei terzi, finché le cose si trovano nell’immobile, salvo che si provi che il locatore conoscesse il diritto del terzo al tempo in cui sono state introdotte (Cod. Proc. Civ. 621 e seguenti). Qualora le cose che servono a fornire la casa o il fondo locato ovvero a coltivare il medesimo vengano asportate dall’immobile senza il consenso del locatore, questi conserva su di esse il privilegio, purché ne domandi il sequestro, nei modi stabiliti dal codice di procedura civile per il sequestro conservativo (Cod. Proc. Civ. 671 e seguenti), entro il termine di trenta giorni dall’asportazione, se si tratta di mobili che servono a fornire o a coltivare il fondo rustico, e di quindici giorni, se si tratta di mobili che servono a fornire la casa. Restano salvi in ogni caso i diritti acquistati dopo l’asportazione dei terzi che ignoravano l’esistenza del privilegio.
362	Art. 2764 Crediti del locatore di immobili	6. In quali circostanze il privilegio sulle cose che servono a fornire l’immobile locato si applica nei confronti dei terzi?	Il credito delle pigioni e dei fitti (1571 e seguenti, 1615 e seguenti) degli immobili ha privilegio sui frutti dell’anno e su quelli raccolti anteriormente, nonché sopra tutto ciò che serve a fornire l’immobile o a coltivare il fondo locato. Il privilegio sussiste per il credito dell’anno in corso, dell’antecedente e dei successivi, se la locazione ha data certa, e, in caso diverso, per quello dell’anno in corso e del susseguente. Lo stesso privilegio ha il credito dipendente da mancate riparazioni le quali siano a carico del conduttore, il credito per i danni arrecati all’immobile locato, per la mancata restituzione delle scorte (1640 e seguenti) e ogni altro credito dipendente da inadempimento del contratto. Il privilegio sui frutti sussiste finché si trovano nel fondo o nelle sue dipendenze. Esso si può far valere anche nei confronti del subconduttore. Il privilegio sulle cose che servono a fornire l’immobile locato o alla coltivazione del fondo sussiste pure se le cose appartengono al subconduttore, nei limiti in cui il locatore ha azione contro il medesimo. Il privilegio sulle cose che servono a fornire l’immobile locato ha luogo altresì nei confronti dei terzi, finché le cose si trovano nell’immobile, salvo che si provi che il locatore conoscesse il diritto del terzo al tempo in cui sono state introdotte (Cod. Proc. Civ. 621 e seguenti). Qualora le cose che servono a fornire la casa o il fondo locato ovvero a coltivare il medesimo vengano asportate dall’immobile senza il consenso del locatore, questi conserva su di esse il privilegio, purché ne domandi il sequestro, nei modi stabiliti dal codice di procedura civile per il sequestro conservativo (Cod. Proc. Civ. 671 e seguenti), entro il termine di trenta giorni dall’asportazione, se si tratta di mobili che servono a fornire o a coltivare il fondo rustico, e di quindici giorni, se si tratta di mobili che servono a fornire la casa. Restano salvi in ogni caso i diritti acquistati dopo l’asportazione dei terzi che ignoravano l’esistenza del privilegio.
363	Art. 2764 Crediti del locatore di immobili	7. Cosa deve fare il locatore per conservare il privilegio su beni asportati senza consenso?	Il credito delle pigioni e dei fitti (1571 e seguenti, 1615 e seguenti) degli immobili ha privilegio sui frutti dell’anno e su quelli raccolti anteriormente, nonché sopra tutto ciò che serve a fornire l’immobile o a coltivare il fondo locato. Il privilegio sussiste per il credito dell’anno in corso, dell’antecedente e dei successivi, se la locazione ha data certa, e, in caso diverso, per quello dell’anno in corso e del susseguente. Lo stesso privilegio ha il credito dipendente da mancate riparazioni le quali siano a carico del conduttore, il credito per i danni arrecati all’immobile locato, per la mancata restituzione delle scorte (1640 e seguenti) e ogni altro credito dipendente da inadempimento del contratto. Il privilegio sui frutti sussiste finché si trovano nel fondo o nelle sue dipendenze. Esso si può far valere anche nei confronti del subconduttore. Il privilegio sulle cose che servono a fornire l’immobile locato o alla coltivazione del fondo sussiste pure se le cose appartengono al subconduttore, nei limiti in cui il locatore ha azione contro il medesimo. Il privilegio sulle cose che servono a fornire l’immobile locato ha luogo altresì nei confronti dei terzi, finché le cose si trovano nell’immobile, salvo che si provi che il locatore conoscesse il diritto del terzo al tempo in cui sono state introdotte (Cod. Proc. Civ. 621 e seguenti). Qualora le cose che servono a fornire la casa o il fondo locato ovvero a coltivare il medesimo vengano asportate dall’immobile senza il consenso del locatore, questi conserva su di esse il privilegio, purché ne domandi il sequestro, nei modi stabiliti dal codice di procedura civile per il sequestro conservativo (Cod. Proc. Civ. 671 e seguenti), entro il termine di trenta giorni dall’asportazione, se si tratta di mobili che servono a fornire o a coltivare il fondo rustico, e di quindici giorni, se si tratta di mobili che servono a fornire la casa. Restano salvi in ogni caso i diritti acquistati dopo l’asportazione dei terzi che ignoravano l’esistenza del privilegio.
364	Art. 2764 Crediti del locatore di immobili	8. Quali sono i termini per richiedere il sequestro conservativo di beni asportati dall’immobile?	Il credito delle pigioni e dei fitti (1571 e seguenti, 1615 e seguenti) degli immobili ha privilegio sui frutti dell’anno e su quelli raccolti anteriormente, nonché sopra tutto ciò che serve a fornire l’immobile o a coltivare il fondo locato. Il privilegio sussiste per il credito dell’anno in corso, dell’antecedente e dei successivi, se la locazione ha data certa, e, in caso diverso, per quello dell’anno in corso e del susseguente. Lo stesso privilegio ha il credito dipendente da mancate riparazioni le quali siano a carico del conduttore, il credito per i danni arrecati all’immobile locato, per la mancata restituzione delle scorte (1640 e seguenti) e ogni altro credito dipendente da inadempimento del contratto. Il privilegio sui frutti sussiste finché si trovano nel fondo o nelle sue dipendenze. Esso si può far valere anche nei confronti del subconduttore. Il privilegio sulle cose che servono a fornire l’immobile locato o alla coltivazione del fondo sussiste pure se le cose appartengono al subconduttore, nei limiti in cui il locatore ha azione contro il medesimo. Il privilegio sulle cose che servono a fornire l’immobile locato ha luogo altresì nei confronti dei terzi, finché le cose si trovano nell’immobile, salvo che si provi che il locatore conoscesse il diritto del terzo al tempo in cui sono state introdotte (Cod. Proc. Civ. 621 e seguenti). Qualora le cose che servono a fornire la casa o il fondo locato ovvero a coltivare il medesimo vengano asportate dall’immobile senza il consenso del locatore, questi conserva su di esse il privilegio, purché ne domandi il sequestro, nei modi stabiliti dal codice di procedura civile per il sequestro conservativo (Cod. Proc. Civ. 671 e seguenti), entro il termine di trenta giorni dall’asportazione, se si tratta di mobili che servono a fornire o a coltivare il fondo rustico, e di quindici giorni, se si tratta di mobili che servono a fornire la casa. Restano salvi in ogni caso i diritti acquistati dopo l’asportazione dei terzi che ignoravano l’esistenza del privilegio.
365	Art. 2764 Crediti del locatore di immobili	9. Quali diritti dei terzi restano salvi in caso di asportazione di beni soggetti a privilegio?	Il credito delle pigioni e dei fitti (1571 e seguenti, 1615 e seguenti) degli immobili ha privilegio sui frutti dell’anno e su quelli raccolti anteriormente, nonché sopra tutto ciò che serve a fornire l’immobile o a coltivare il fondo locato. Il privilegio sussiste per il credito dell’anno in corso, dell’antecedente e dei successivi, se la locazione ha data certa, e, in caso diverso, per quello dell’anno in corso e del susseguente. Lo stesso privilegio ha il credito dipendente da mancate riparazioni le quali siano a carico del conduttore, il credito per i danni arrecati all’immobile locato, per la mancata restituzione delle scorte (1640 e seguenti) e ogni altro credito dipendente da inadempimento del contratto. Il privilegio sui frutti sussiste finché si trovano nel fondo o nelle sue dipendenze. Esso si può far valere anche nei confronti del subconduttore. Il privilegio sulle cose che servono a fornire l’immobile locato o alla coltivazione del fondo sussiste pure se le cose appartengono al subconduttore, nei limiti in cui il locatore ha azione contro il medesimo. Il privilegio sulle cose che servono a fornire l’immobile locato ha luogo altresì nei confronti dei terzi, finché le cose si trovano nell’immobile, salvo che si provi che il locatore conoscesse il diritto del terzo al tempo in cui sono state introdotte (Cod. Proc. Civ. 621 e seguenti). Qualora le cose che servono a fornire la casa o il fondo locato ovvero a coltivare il medesimo vengano asportate dall’immobile senza il consenso del locatore, questi conserva su di esse il privilegio, purché ne domandi il sequestro, nei modi stabiliti dal codice di procedura civile per il sequestro conservativo (Cod. Proc. Civ. 671 e seguenti), entro il termine di trenta giorni dall’asportazione, se si tratta di mobili che servono a fornire o a coltivare il fondo rustico, e di quindici giorni, se si tratta di mobili che servono a fornire la casa. Restano salvi in ogni caso i diritti acquistati dopo l’asportazione dei terzi che ignoravano l’esistenza del privilegio.
366	Art. 2765 Crediti derivanti dai contratti di mezzadria e di colonia	1. Quali soggetti hanno privilegio sui frutti e sulle cose che servono a coltivare o a fornire il fondo dato a mezzadria o a colonia?	Colui che concede un fondo a mezzadria (2141 e seguenti) o a colonia (2164 e seguenti) e il mezzadro o il colono hanno, per i crediti derivanti dal contratto, privilegio sulla rispettiva parte dei frutti e sulle cose che servono a coltivare o a fornire il fondo dato a mezzadria o a colonia. Il privilegio sui frutti sussiste finché questi si trovano nel fondo o nelle sue dipendenze. Si applicano le disposizioni degli ultimi tre commi dell’art. 2764.
367	Art. 2765 Crediti derivanti dai contratti di mezzadria e di colonia	2. Fino a quando sussiste il privilegio sui frutti nel contesto di un contratto di mezzadria o colonia?	Colui che concede un fondo a mezzadria (2141 e seguenti) o a colonia (2164 e seguenti) e il mezzadro o il colono hanno, per i crediti derivanti dal contratto, privilegio sulla rispettiva parte dei frutti e sulle cose che servono a coltivare o a fornire il fondo dato a mezzadria o a colonia. Il privilegio sui frutti sussiste finché questi si trovano nel fondo o nelle sue dipendenze. Si applicano le disposizioni degli ultimi tre commi dell’art. 2764.
368	Art. 2765 Crediti derivanti dai contratti di mezzadria e di colonia	3. A quali disposizioni si fa riferimento per l'applicazione del privilegio sui frutti nel contratto di mezzadria o colonia?	Colui che concede un fondo a mezzadria (2141 e seguenti) o a colonia (2164 e seguenti) e il mezzadro o il colono hanno, per i crediti derivanti dal contratto, privilegio sulla rispettiva parte dei frutti e sulle cose che servono a coltivare o a fornire il fondo dato a mezzadria o a colonia. Il privilegio sui frutti sussiste finché questi si trovano nel fondo o nelle sue dipendenze. Si applicano le disposizioni degli ultimi tre commi dell’art. 2764.
369	Art. 2767 Crediti per risarcimento di danni contro l’assicurato	1. Quale privilegio ha il credito del danneggiato per il risarcimento nel caso di assicurazione della responsabilità civile?	Nel caso di assicurazione della responsabilità civile, il credito del danneggiato per il risarcimento ha privilegio, sull’indennità dovuta dall’assicuratore (att. 235).
370	Art. 2769 Sequestro della cosa soggetta a privilegio	1. Quali sono le condizioni che permettono a un creditore con privilegio su una cosa mobile di richiedere il sequestro conservativo?	Il creditore che ha privilegio su una cosa mobile, se ha fondati motivi di temere la rimozione della cosa dalla particolare situazione alla quale è subordinata la sussistenza del privilegio, può domandarne il sequestro conservativo (Cod. Proc. Civ. 671).
371	Art. 2771 Crediti per le imposte sui redditi immobiliari	1. Quali tipi di imposte dello Stato sono considerati privilegiati sopra gli immobili del contribuente?	I crediti dello Stato per l’imposta sul reddito delle persone fisiche, per l’imposta sul reddito delle persone giuridiche e per l’imposta locale sui redditi, limitatamente all’imposta o alla quota proporzionale di imposta imputabile ai redditi immobiliari, compresi quelli di natura fondiaria non determinabili catastalmente, sono privilegiati sopra gli immobili tutti del contribuente situati nel territorio del comune in cui il tributo si riscuote e sopra i frutti, i fitti e le pigioni degli stessi immobili, senza pregiudizio dei mezzi speciali di esecuzione autorizzati dalla legge. Il privilegio previsto nel comma precedente è limitato alle imposte iscritte nei ruoli principali, suppletivi, speciali o straordinari posti in riscossione nell’anno in cui si procede all’esecuzione e nell’anno precedente. Se si tratta di ruoli suppletivi e si procede per imposte relative a periodi d’imposta anteriori agli ultimi due, il privilegio non può esercitarsi per un importo superiore a quello degli ultimi due anni, qualunque sia il periodo cui le imposte si riferiscono. Qualora l’accertamento del reddito iscritto a ruolo sia stato determinato sinteticamente ai fini dell’imposta sul reddito delle persone fisiche, la ripartizione proporzionale dell’imposta, prevista dal primo comma, viene effettuata sulla base dei redditi iscritti o iscrivibili ai fini dell’imposta locale sui redditi.
372	Art. 2771 Crediti per le imposte sui redditi immobiliari	2. In quale territorio gli immobili devono essere situati affinché il privilegio sui crediti dello Stato si applichi?	I crediti dello Stato per l’imposta sul reddito delle persone fisiche, per l’imposta sul reddito delle persone giuridiche e per l’imposta locale sui redditi, limitatamente all’imposta o alla quota proporzionale di imposta imputabile ai redditi immobiliari, compresi quelli di natura fondiaria non determinabili catastalmente, sono privilegiati sopra gli immobili tutti del contribuente situati nel territorio del comune in cui il tributo si riscuote e sopra i frutti, i fitti e le pigioni degli stessi immobili, senza pregiudizio dei mezzi speciali di esecuzione autorizzati dalla legge. Il privilegio previsto nel comma precedente è limitato alle imposte iscritte nei ruoli principali, suppletivi, speciali o straordinari posti in riscossione nell’anno in cui si procede all’esecuzione e nell’anno precedente. Se si tratta di ruoli suppletivi e si procede per imposte relative a periodi d’imposta anteriori agli ultimi due, il privilegio non può esercitarsi per un importo superiore a quello degli ultimi due anni, qualunque sia il periodo cui le imposte si riferiscono. Qualora l’accertamento del reddito iscritto a ruolo sia stato determinato sinteticamente ai fini dell’imposta sul reddito delle persone fisiche, la ripartizione proporzionale dell’imposta, prevista dal primo comma, viene effettuata sulla base dei redditi iscritti o iscrivibili ai fini dell’imposta locale sui redditi.
373	Art. 2771 Crediti per le imposte sui redditi immobiliari	3. A quali condizioni il privilegio per le imposte iscritte nei ruoli suppletivi può essere esercitato?	I crediti dello Stato per l’imposta sul reddito delle persone fisiche, per l’imposta sul reddito delle persone giuridiche e per l’imposta locale sui redditi, limitatamente all’imposta o alla quota proporzionale di imposta imputabile ai redditi immobiliari, compresi quelli di natura fondiaria non determinabili catastalmente, sono privilegiati sopra gli immobili tutti del contribuente situati nel territorio del comune in cui il tributo si riscuote e sopra i frutti, i fitti e le pigioni degli stessi immobili, senza pregiudizio dei mezzi speciali di esecuzione autorizzati dalla legge. Il privilegio previsto nel comma precedente è limitato alle imposte iscritte nei ruoli principali, suppletivi, speciali o straordinari posti in riscossione nell’anno in cui si procede all’esecuzione e nell’anno precedente. Se si tratta di ruoli suppletivi e si procede per imposte relative a periodi d’imposta anteriori agli ultimi due, il privilegio non può esercitarsi per un importo superiore a quello degli ultimi due anni, qualunque sia il periodo cui le imposte si riferiscono. Qualora l’accertamento del reddito iscritto a ruolo sia stato determinato sinteticamente ai fini dell’imposta sul reddito delle persone fisiche, la ripartizione proporzionale dell’imposta, prevista dal primo comma, viene effettuata sulla base dei redditi iscritti o iscrivibili ai fini dell’imposta locale sui redditi.
374	Art. 2771 Crediti per le imposte sui redditi immobiliari	4. Come viene effettuata la ripartizione proporzionale dell’imposta nel caso di accertamento sintetico del reddito ai fini dell’imposta sul reddito delle persone fisiche?	I crediti dello Stato per l’imposta sul reddito delle persone fisiche, per l’imposta sul reddito delle persone giuridiche e per l’imposta locale sui redditi, limitatamente all’imposta o alla quota proporzionale di imposta imputabile ai redditi immobiliari, compresi quelli di natura fondiaria non determinabili catastalmente, sono privilegiati sopra gli immobili tutti del contribuente situati nel territorio del comune in cui il tributo si riscuote e sopra i frutti, i fitti e le pigioni degli stessi immobili, senza pregiudizio dei mezzi speciali di esecuzione autorizzati dalla legge. Il privilegio previsto nel comma precedente è limitato alle imposte iscritte nei ruoli principali, suppletivi, speciali o straordinari posti in riscossione nell’anno in cui si procede all’esecuzione e nell’anno precedente. Se si tratta di ruoli suppletivi e si procede per imposte relative a periodi d’imposta anteriori agli ultimi due, il privilegio non può esercitarsi per un importo superiore a quello degli ultimi due anni, qualunque sia il periodo cui le imposte si riferiscono. Qualora l’accertamento del reddito iscritto a ruolo sia stato determinato sinteticamente ai fini dell’imposta sul reddito delle persone fisiche, la ripartizione proporzionale dell’imposta, prevista dal primo comma, viene effettuata sulla base dei redditi iscritti o iscrivibili ai fini dell’imposta locale sui redditi.
375	Art. 2772 Crediti per tributi indiretti	1. Quali crediti dello Stato hanno privilegio sugli immobili ai quali si riferisce il tributo?	Hanno pure privilegio i crediti dello Stato per ogni tributo indiretto, nonché quelli derivanti dall’applicazione dell’imposta comunale sull’incremento di valore degli immobili, sopra gli immobili ai quali il tributo si riferisce. I crediti dello Stato, derivanti dall’applicazione dell’imposta sul valore aggiunto, hanno privilegio, in caso di responsabilità solidale del cessionario, sugli immobili che hanno formato oggetto della cessione o ai quali si riferisce il servizio prestato. Eguale privilegio hanno i crediti di rivalsa, verso il cessionario ed il committente, previsti dalle norme relative all’imposta sul valore aggiunto, sugli immobili che hanno formato oggetto della cessione o ai quali si riferisce il servizio. Il privilegio non si può esercitare in pregiudizio dei diritti che i terzi hanno anteriormente acquistato sugli immobili. Per le imposte suppletive il privilegio non si può neppure esercitare in pregiudizio dei diritti acquistati successivamente dai terzi. Lo stesso privilegio, per quanto riguarda l’imposta di successione, non ha effetto a dan no dei creditori del defunto che hanno iscritto la loro ipoteca nei tre mesi dalla morte di lui, né ha effetto a danno dei creditori che hanno esercitato il diritto di separazione dei beni del defunto da quelli dell’erede.
376	Art. 2772 Crediti per tributi indiretti	2. In quali casi i crediti derivanti dall'imposta sul valore aggiunto hanno privilegio sugli immobili?	Hanno pure privilegio i crediti dello Stato per ogni tributo indiretto, nonché quelli derivanti dall’applicazione dell’imposta comunale sull’incremento di valore degli immobili, sopra gli immobili ai quali il tributo si riferisce. I crediti dello Stato, derivanti dall’applicazione dell’imposta sul valore aggiunto, hanno privilegio, in caso di responsabilità solidale del cessionario, sugli immobili che hanno formato oggetto della cessione o ai quali si riferisce il servizio prestato. Eguale privilegio hanno i crediti di rivalsa, verso il cessionario ed il committente, previsti dalle norme relative all’imposta sul valore aggiunto, sugli immobili che hanno formato oggetto della cessione o ai quali si riferisce il servizio. Il privilegio non si può esercitare in pregiudizio dei diritti che i terzi hanno anteriormente acquistato sugli immobili. Per le imposte suppletive il privilegio non si può neppure esercitare in pregiudizio dei diritti acquistati successivamente dai terzi. Lo stesso privilegio, per quanto riguarda l’imposta di successione, non ha effetto a dan no dei creditori del defunto che hanno iscritto la loro ipoteca nei tre mesi dalla morte di lui, né ha effetto a danno dei creditori che hanno esercitato il diritto di separazione dei beni del defunto da quelli dell’erede.
377	Art. 2772 Crediti per tributi indiretti	3. Come si applica il privilegio dei crediti di rivalsa verso il cessionario e il committente?	Hanno pure privilegio i crediti dello Stato per ogni tributo indiretto, nonché quelli derivanti dall’applicazione dell’imposta comunale sull’incremento di valore degli immobili, sopra gli immobili ai quali il tributo si riferisce. I crediti dello Stato, derivanti dall’applicazione dell’imposta sul valore aggiunto, hanno privilegio, in caso di responsabilità solidale del cessionario, sugli immobili che hanno formato oggetto della cessione o ai quali si riferisce il servizio prestato. Eguale privilegio hanno i crediti di rivalsa, verso il cessionario ed il committente, previsti dalle norme relative all’imposta sul valore aggiunto, sugli immobili che hanno formato oggetto della cessione o ai quali si riferisce il servizio. Il privilegio non si può esercitare in pregiudizio dei diritti che i terzi hanno anteriormente acquistato sugli immobili. Per le imposte suppletive il privilegio non si può neppure esercitare in pregiudizio dei diritti acquistati successivamente dai terzi. Lo stesso privilegio, per quanto riguarda l’imposta di successione, non ha effetto a dan no dei creditori del defunto che hanno iscritto la loro ipoteca nei tre mesi dalla morte di lui, né ha effetto a danno dei creditori che hanno esercitato il diritto di separazione dei beni del defunto da quelli dell’erede.
378	Art. 2772 Crediti per tributi indiretti	4. In che modo il privilegio dei crediti dello Stato è limitato dai diritti dei terzi sugli immobili?	Hanno pure privilegio i crediti dello Stato per ogni tributo indiretto, nonché quelli derivanti dall’applicazione dell’imposta comunale sull’incremento di valore degli immobili, sopra gli immobili ai quali il tributo si riferisce. I crediti dello Stato, derivanti dall’applicazione dell’imposta sul valore aggiunto, hanno privilegio, in caso di responsabilità solidale del cessionario, sugli immobili che hanno formato oggetto della cessione o ai quali si riferisce il servizio prestato. Eguale privilegio hanno i crediti di rivalsa, verso il cessionario ed il committente, previsti dalle norme relative all’imposta sul valore aggiunto, sugli immobili che hanno formato oggetto della cessione o ai quali si riferisce il servizio. Il privilegio non si può esercitare in pregiudizio dei diritti che i terzi hanno anteriormente acquistato sugli immobili. Per le imposte suppletive il privilegio non si può neppure esercitare in pregiudizio dei diritti acquistati successivamente dai terzi. Lo stesso privilegio, per quanto riguarda l’imposta di successione, non ha effetto a dan no dei creditori del defunto che hanno iscritto la loro ipoteca nei tre mesi dalla morte di lui, né ha effetto a danno dei creditori che hanno esercitato il diritto di separazione dei beni del defunto da quelli dell’erede.
379	Art. 2772 Crediti per tributi indiretti	5. Quali sono le limitazioni del privilegio per le imposte suppletive rispetto ai diritti dei terzi?	Hanno pure privilegio i crediti dello Stato per ogni tributo indiretto, nonché quelli derivanti dall’applicazione dell’imposta comunale sull’incremento di valore degli immobili, sopra gli immobili ai quali il tributo si riferisce. I crediti dello Stato, derivanti dall’applicazione dell’imposta sul valore aggiunto, hanno privilegio, in caso di responsabilità solidale del cessionario, sugli immobili che hanno formato oggetto della cessione o ai quali si riferisce il servizio prestato. Eguale privilegio hanno i crediti di rivalsa, verso il cessionario ed il committente, previsti dalle norme relative all’imposta sul valore aggiunto, sugli immobili che hanno formato oggetto della cessione o ai quali si riferisce il servizio. Il privilegio non si può esercitare in pregiudizio dei diritti che i terzi hanno anteriormente acquistato sugli immobili. Per le imposte suppletive il privilegio non si può neppure esercitare in pregiudizio dei diritti acquistati successivamente dai terzi. Lo stesso privilegio, per quanto riguarda l’imposta di successione, non ha effetto a dan no dei creditori del defunto che hanno iscritto la loro ipoteca nei tre mesi dalla morte di lui, né ha effetto a danno dei creditori che hanno esercitato il diritto di separazione dei beni del defunto da quelli dell’erede.
380	Art. 2772 Crediti per tributi indiretti	6. In che modo il privilegio relativo all'imposta di successione è limitato dai diritti dei creditori del defunto?	Hanno pure privilegio i crediti dello Stato per ogni tributo indiretto, nonché quelli derivanti dall’applicazione dell’imposta comunale sull’incremento di valore degli immobili, sopra gli immobili ai quali il tributo si riferisce. I crediti dello Stato, derivanti dall’applicazione dell’imposta sul valore aggiunto, hanno privilegio, in caso di responsabilità solidale del cessionario, sugli immobili che hanno formato oggetto della cessione o ai quali si riferisce il servizio prestato. Eguale privilegio hanno i crediti di rivalsa, verso il cessionario ed il committente, previsti dalle norme relative all’imposta sul valore aggiunto, sugli immobili che hanno formato oggetto della cessione o ai quali si riferisce il servizio. Il privilegio non si può esercitare in pregiudizio dei diritti che i terzi hanno anteriormente acquistato sugli immobili. Per le imposte suppletive il privilegio non si può neppure esercitare in pregiudizio dei diritti acquistati successivamente dai terzi. Lo stesso privilegio, per quanto riguarda l’imposta di successione, non ha effetto a dan no dei creditori del defunto che hanno iscritto la loro ipoteca nei tre mesi dalla morte di lui, né ha effetto a danno dei creditori che hanno esercitato il diritto di separazione dei beni del defunto da quelli dell’erede.
381	Art. 2774 Crediti per concessione di acque	1. Quali crediti dello Stato sono privilegiati sugli impianti in conformità delle leggi speciali?	I crediti dello Stato per i canoni dovuti dai concessionari di acque pubbliche o di acque derivate da canali demaniali ovvero per i lavori eseguiti d’ufficio sono privilegiati sugli impianti, in conformità delle leggi speciali. Tale privilegio, per quanto riguarda i canoni, non è opponibile ai terzi che hanno acquistato diritti sugli immobili anteriormente all’atto di concessione o, trattandosi di crediti per lavori, anteriormente al sorgere dei crediti stessi.
382	Art. 2774 Crediti per concessione di acque	2. In quali circostanze il privilegio sui canoni non è opponibile ai terzi?	I crediti dello Stato per i canoni dovuti dai concessionari di acque pubbliche o di acque derivate da canali demaniali ovvero per i lavori eseguiti d’ufficio sono privilegiati sugli impianti, in conformità delle leggi speciali. Tale privilegio, per quanto riguarda i canoni, non è opponibile ai terzi che hanno acquistato diritti sugli immobili anteriormente all’atto di concessione o, trattandosi di crediti per lavori, anteriormente al sorgere dei crediti stessi.
383	Art. 2775 Contributi per opera di bonifica e di miglioramento	1. Quali immobili sono soggetti al privilegio dei crediti per i contributi indicati dall'art. 864?	I crediti per i contributi indicati dall’art. 864 sono privilegiati sugli immobili che traggono beneficio dalle opere di bonifica o di miglioramento. La costituzione del privilegio per le opere di miglioramento è subordinata all’osservanza delle leggi speciali.
384	Art. 2775 Contributi per opera di bonifica e di miglioramento	2. Quali condizioni devono essere rispettate per la costituzione del privilegio relativo alle opere di miglioramento?	I crediti per i contributi indicati dall’art. 864 sono privilegiati sugli immobili che traggono beneficio dalle opere di bonifica o di miglioramento. La costituzione del privilegio per le opere di miglioramento è subordinata all’osservanza delle leggi speciali.
385	Art. 2776 Collocazione sussidiaria sugli immobili	1. Qual è la posizione dei crediti relativi al trattamento di fine rapporto rispetto ai crediti chirografari in caso di infruttuosa esecuzione sui mobili?	I crediti relativi al trattamento di fine rapporto nonché all’indennità di cui all’art. 2118 sono collocati sussidiariamente, in caso di infruttuosa esecuzione sui mobili, sul prezzo degli immobili, con preferenza rispetto ai crediti chirografari. I crediti indicati dagli artt. 2751 e 2751 bis, ad eccezione di quelli indicati al precedente comma, ed i crediti per contributi dovuti a istituti, enti o fondi speciali, compresi quelli sostitutivi o integrativi, che gestiscono forme di assicurazione obbligatoria per l’invalidità, la vecchiaia ed i superstiti, di cui all’art. 2753, sono collocati sussidiariamente, in caso di infruttuosa esecuzione sui mobili, sul prezzo degli immobili, con preferenza rispetto ai crediti chirografari, ma dopo i crediti indicati al primo comma. I crediti dello Stato indicati dal 3° comma dell’art. 2752 sono collocati sussidiariamente, in caso di infruttuosa esecuzione sui mobili, sul prezzo degli immobili, con preferenza rispetto ai crediti chirografari, ma dopo i crediti indicati al comma precedente.
386	Art. 2776 Collocazione sussidiaria sugli immobili	2. In che ordine di preferenza sono collocati i crediti per contributi dovuti a istituti, enti o fondi speciali rispetto ai crediti indicati al primo comma?	I crediti relativi al trattamento di fine rapporto nonché all’indennità di cui all’art. 2118 sono collocati sussidiariamente, in caso di infruttuosa esecuzione sui mobili, sul prezzo degli immobili, con preferenza rispetto ai crediti chirografari. I crediti indicati dagli artt. 2751 e 2751 bis, ad eccezione di quelli indicati al precedente comma, ed i crediti per contributi dovuti a istituti, enti o fondi speciali, compresi quelli sostitutivi o integrativi, che gestiscono forme di assicurazione obbligatoria per l’invalidità, la vecchiaia ed i superstiti, di cui all’art. 2753, sono collocati sussidiariamente, in caso di infruttuosa esecuzione sui mobili, sul prezzo degli immobili, con preferenza rispetto ai crediti chirografari, ma dopo i crediti indicati al primo comma. I crediti dello Stato indicati dal 3° comma dell’art. 2752 sono collocati sussidiariamente, in caso di infruttuosa esecuzione sui mobili, sul prezzo degli immobili, con preferenza rispetto ai crediti chirografari, ma dopo i crediti indicati al comma precedente.
387	Art. 2776 Collocazione sussidiaria sugli immobili	3. Come sono collocati i crediti dello Stato indicati dal 3° comma dell’art. 2752 rispetto ai crediti chirografari e ai crediti indicati al comma precedente?	I crediti relativi al trattamento di fine rapporto nonché all’indennità di cui all’art. 2118 sono collocati sussidiariamente, in caso di infruttuosa esecuzione sui mobili, sul prezzo degli immobili, con preferenza rispetto ai crediti chirografari. I crediti indicati dagli artt. 2751 e 2751 bis, ad eccezione di quelli indicati al precedente comma, ed i crediti per contributi dovuti a istituti, enti o fondi speciali, compresi quelli sostitutivi o integrativi, che gestiscono forme di assicurazione obbligatoria per l’invalidità, la vecchiaia ed i superstiti, di cui all’art. 2753, sono collocati sussidiariamente, in caso di infruttuosa esecuzione sui mobili, sul prezzo degli immobili, con preferenza rispetto ai crediti chirografari, ma dopo i crediti indicati al primo comma. I crediti dello Stato indicati dal 3° comma dell’art. 2752 sono collocati sussidiariamente, in caso di infruttuosa esecuzione sui mobili, sul prezzo degli immobili, con preferenza rispetto ai crediti chirografari, ma dopo i crediti indicati al comma precedente.
388	Art. 2777 Preferenza delle spese di giustizia e di altri crediti	1. Quali crediti sono preferiti ad ogni altro credito, anche pignoratizio o ipotecario, secondo gli articoli 2755 e 2770?	I crediti per spese di giustizia enunciati dagli artt. 2755 e 2770, sono preferiti ad ogni altro credito anche pignoratizio o ipotecario. Immediatamente dopo le spese di giustizia sono collocati i crediti aventi privilegio genera le mobiliare di cui all’art. 2751 bis nell’ordine seguente: i crediti di cui all’art. 2751 bis, n. 1; i crediti di cui all’art. 2751 bis, nn. 2 e 3; i crediti di cui all’art. 2751 bis, nn. 4 e 5. I privilegi che le leggi speciali dichiarano preferiti ad ogni altro credito sono sempre posposti al privilegio per le spese di giustizia ed ai privilegi indicati nell’art. 2751 bis.
389	Art. 2777 Preferenza delle spese di giustizia e di altri crediti	2. In quale ordine sono collocati i crediti aventi privilegio generale mobiliare di cui all’art. 2751 bis?	I crediti per spese di giustizia enunciati dagli artt. 2755 e 2770, sono preferiti ad ogni altro credito anche pignoratizio o ipotecario. Immediatamente dopo le spese di giustizia sono collocati i crediti aventi privilegio genera le mobiliare di cui all’art. 2751 bis nell’ordine seguente: i crediti di cui all’art. 2751 bis, n. 1; i crediti di cui all’art. 2751 bis, nn. 2 e 3; i crediti di cui all’art. 2751 bis, nn. 4 e 5. I privilegi che le leggi speciali dichiarano preferiti ad ogni altro credito sono sempre posposti al privilegio per le spese di giustizia ed ai privilegi indicati nell’art. 2751 bis.
390	Art. 2777 Preferenza delle spese di giustizia e di altri crediti	3. Quali sono i crediti elencati nell’art. 2751 bis, n. 1?	I crediti per spese di giustizia enunciati dagli artt. 2755 e 2770, sono preferiti ad ogni altro credito anche pignoratizio o ipotecario. Immediatamente dopo le spese di giustizia sono collocati i crediti aventi privilegio genera le mobiliare di cui all’art. 2751 bis nell’ordine seguente: i crediti di cui all’art. 2751 bis, n. 1; i crediti di cui all’art. 2751 bis, nn. 2 e 3; i crediti di cui all’art. 2751 bis, nn. 4 e 5. I privilegi che le leggi speciali dichiarano preferiti ad ogni altro credito sono sempre posposti al privilegio per le spese di giustizia ed ai privilegi indicati nell’art. 2751 bis.
391	Art. 2777 Preferenza delle spese di giustizia e di altri crediti	4. Come sono posizionati i crediti di cui all’art. 2751 bis, nn. 2 e 3 rispetto agli altri crediti?	I crediti per spese di giustizia enunciati dagli artt. 2755 e 2770, sono preferiti ad ogni altro credito anche pignoratizio o ipotecario. Immediatamente dopo le spese di giustizia sono collocati i crediti aventi privilegio genera le mobiliare di cui all’art. 2751 bis nell’ordine seguente: i crediti di cui all’art. 2751 bis, n. 1; i crediti di cui all’art. 2751 bis, nn. 2 e 3; i crediti di cui all’art. 2751 bis, nn. 4 e 5. I privilegi che le leggi speciali dichiarano preferiti ad ogni altro credito sono sempre posposti al privilegio per le spese di giustizia ed ai privilegi indicati nell’art. 2751 bis.
392	Art. 2777 Preferenza delle spese di giustizia e di altri crediti	5. Qual è la posizione dei privilegi dichiarati preferiti da leggi speciali rispetto ai privilegi per le spese di giustizia?	I crediti per spese di giustizia enunciati dagli artt. 2755 e 2770, sono preferiti ad ogni altro credito anche pignoratizio o ipotecario. Immediatamente dopo le spese di giustizia sono collocati i crediti aventi privilegio genera le mobiliare di cui all’art. 2751 bis nell’ordine seguente: i crediti di cui all’art. 2751 bis, n. 1; i crediti di cui all’art. 2751 bis, nn. 2 e 3; i crediti di cui all’art. 2751 bis, nn. 4 e 5. I privilegi che le leggi speciali dichiarano preferiti ad ogni altro credito sono sempre posposti al privilegio per le spese di giustizia ed ai privilegi indicati nell’art. 2751 bis.
393	Art. 2777 Preferenza delle spese di giustizia e di altri crediti	6. Quali crediti sono posposti ai privilegi indicati nell’art. 2751 bis?	I crediti per spese di giustizia enunciati dagli artt. 2755 e 2770, sono preferiti ad ogni altro credito anche pignoratizio o ipotecario. Immediatamente dopo le spese di giustizia sono collocati i crediti aventi privilegio genera le mobiliare di cui all’art. 2751 bis nell’ordine seguente: i crediti di cui all’art. 2751 bis, n. 1; i crediti di cui all’art. 2751 bis, nn. 2 e 3; i crediti di cui all’art. 2751 bis, nn. 4 e 5. I privilegi che le leggi speciali dichiarano preferiti ad ogni altro credito sono sempre posposti al privilegio per le spese di giustizia ed ai privilegi indicati nell’art. 2751 bis.
394	Art. 2778 Ordine degli altri privilegi sui mobili	1. Quali crediti hanno la prelazione nel concorso di crediti aventi privilegio generale o speciale sulla medesima cosa?	Salvo quanto è disposto dall’art. 2777, nel concorso di crediti aventi privilegio generale o speciale sulla medesima cosa, la prelazione si esercita nell’ordine che segue: i crediti per contributi ad istituti, enti o fondi speciali compresi quelli sostitutivi o integrativi che gestiscono forme di assicurazione obbligatoria per l’invalidità, la vecchiaia ed i superstiti, indicati dall’art. 2753; i crediti per le imposte sui redditi immobiliari, indicati dall’art. 2771, quando il privilegio si esercita separatamente sopra i frutti, i fitti e le pigioni degli immobili; (i crediti degli istituti esercenti il credito agrario, indicati dai due primi commi dell’art. 2766); i crediti per prestazioni e spese di conservazione e miglioramento di beni mobili, indicati dall’art. 2756; i crediti per le mercedi dovute ai lavoratori impiegati nelle opere di coltivazione e di raccolta, indicate dall’art. 2757; i crediti per sementi e materie fertilizzanti e antiparassitarie e per somministrazione di acqua per irrigazione, nonché i crediti per i lavori di coltivazione e di raccolta indicati dall’art. 2757. Qualora tali crediti vengano in concorso tra loro, sono preferiti quelli di raccolta, seguono quelli di coltivazione e, infine, gli altri crediti indicati dallo stesso articolo; i crediti per i tributi indiretti, indicati dall’art. 2758, salvo che la legge speciale accordi un diverso grado di preferenza, e i crediti per le imposte sul reddito, indicati dall’art. 2759: i crediti per contributi dovuti a istituti ed enti per forme di tutela previdenziale e assistenziale indicati dall’art. 27 54, nonché gli accessori, limitatamente al cinquanta per cento del loro ammontare, relativi a tali crediti ed a quelli indicati dal precedente n. 1 del presente articolo; (i crediti degli istituti esercenti il credito agrario, indicati dal terzo comma dell’art. 2766); i crediti dipendenti da reato, indicati dall’art. 2768, sulle cose sequestrate, nei casi e secondo l’ordine stabiliti dal codice penale e dal codice di procedura penale; i crediti per risarcimento, indicati dall’art. 2767; i crediti dell’albergatore, indicati dall’art. 2760; i crediti del vettore, del mandatario, del depositario e del sequestratario, indicati dall’art. 2761; i crediti del venditore di macchine o della banca per le anticipazioni del prezzo, indicati dall’art. 2762: i crediti per canoni enfiteutici, indica ti dall’art. 2763; i crediti del locatore e i crediti del concedente dipendenti dai contratti di mezzadria e colonia, indicati rispettivamente dagli artt. 2764 e 2765; i crediti per spese funebri, d’infermità, per somministrazioni ed alimenti, nell’ordine indicato dall’art. 2751; i crediti dello Stato per tributi diretti, indicati dal primo comma dell’art. 2752; i crediti dello Stato indicati dal terzo comma dell’art. 2752; i crediti degli enti locali per tributi indicati dal quarto comma dell’art. 2752.
395	Art. 2778 Ordine degli altri privilegi sui mobili	2. Qual è l'ordine di prelazione per i crediti per contributi ad istituti, enti o fondi speciali?	Salvo quanto è disposto dall’art. 2777, nel concorso di crediti aventi privilegio generale o speciale sulla medesima cosa, la prelazione si esercita nell’ordine che segue: i crediti per contributi ad istituti, enti o fondi speciali compresi quelli sostitutivi o integrativi che gestiscono forme di assicurazione obbligatoria per l’invalidità, la vecchiaia ed i superstiti, indicati dall’art. 2753; i crediti per le imposte sui redditi immobiliari, indicati dall’art. 2771, quando il privilegio si esercita separatamente sopra i frutti, i fitti e le pigioni degli immobili; (i crediti degli istituti esercenti il credito agrario, indicati dai due primi commi dell’art. 2766); i crediti per prestazioni e spese di conservazione e miglioramento di beni mobili, indicati dall’art. 2756; i crediti per le mercedi dovute ai lavoratori impiegati nelle opere di coltivazione e di raccolta, indicate dall’art. 2757; i crediti per sementi e materie fertilizzanti e antiparassitarie e per somministrazione di acqua per irrigazione, nonché i crediti per i lavori di coltivazione e di raccolta indicati dall’art. 2757. Qualora tali crediti vengano in concorso tra loro, sono preferiti quelli di raccolta, seguono quelli di coltivazione e, infine, gli altri crediti indicati dallo stesso articolo; i crediti per i tributi indiretti, indicati dall’art. 2758, salvo che la legge speciale accordi un diverso grado di preferenza, e i crediti per le imposte sul reddito, indicati dall’art. 2759: i crediti per contributi dovuti a istituti ed enti per forme di tutela previdenziale e assistenziale indicati dall’art. 27 54, nonché gli accessori, limitatamente al cinquanta per cento del loro ammontare, relativi a tali crediti ed a quelli indicati dal precedente n. 1 del presente articolo; (i crediti degli istituti esercenti il credito agrario, indicati dal terzo comma dell’art. 2766); i crediti dipendenti da reato, indicati dall’art. 2768, sulle cose sequestrate, nei casi e secondo l’ordine stabiliti dal codice penale e dal codice di procedura penale; i crediti per risarcimento, indicati dall’art. 2767; i crediti dell’albergatore, indicati dall’art. 2760; i crediti del vettore, del mandatario, del depositario e del sequestratario, indicati dall’art. 2761; i crediti del venditore di macchine o della banca per le anticipazioni del prezzo, indicati dall’art. 2762: i crediti per canoni enfiteutici, indica ti dall’art. 2763; i crediti del locatore e i crediti del concedente dipendenti dai contratti di mezzadria e colonia, indicati rispettivamente dagli artt. 2764 e 2765; i crediti per spese funebri, d’infermità, per somministrazioni ed alimenti, nell’ordine indicato dall’art. 2751; i crediti dello Stato per tributi diretti, indicati dal primo comma dell’art. 2752; i crediti dello Stato indicati dal terzo comma dell’art. 2752; i crediti degli enti locali per tributi indicati dal quarto comma dell’art. 2752.
396	Art. 2778 Ordine degli altri privilegi sui mobili	3. Quali crediti sono indicati dall'art. 2753?	Salvo quanto è disposto dall’art. 2777, nel concorso di crediti aventi privilegio generale o speciale sulla medesima cosa, la prelazione si esercita nell’ordine che segue: i crediti per contributi ad istituti, enti o fondi speciali compresi quelli sostitutivi o integrativi che gestiscono forme di assicurazione obbligatoria per l’invalidità, la vecchiaia ed i superstiti, indicati dall’art. 2753; i crediti per le imposte sui redditi immobiliari, indicati dall’art. 2771, quando il privilegio si esercita separatamente sopra i frutti, i fitti e le pigioni degli immobili; (i crediti degli istituti esercenti il credito agrario, indicati dai due primi commi dell’art. 2766); i crediti per prestazioni e spese di conservazione e miglioramento di beni mobili, indicati dall’art. 2756; i crediti per le mercedi dovute ai lavoratori impiegati nelle opere di coltivazione e di raccolta, indicate dall’art. 2757; i crediti per sementi e materie fertilizzanti e antiparassitarie e per somministrazione di acqua per irrigazione, nonché i crediti per i lavori di coltivazione e di raccolta indicati dall’art. 2757. Qualora tali crediti vengano in concorso tra loro, sono preferiti quelli di raccolta, seguono quelli di coltivazione e, infine, gli altri crediti indicati dallo stesso articolo; i crediti per i tributi indiretti, indicati dall’art. 2758, salvo che la legge speciale accordi un diverso grado di preferenza, e i crediti per le imposte sul reddito, indicati dall’art. 2759: i crediti per contributi dovuti a istituti ed enti per forme di tutela previdenziale e assistenziale indicati dall’art. 27 54, nonché gli accessori, limitatamente al cinquanta per cento del loro ammontare, relativi a tali crediti ed a quelli indicati dal precedente n. 1 del presente articolo; (i crediti degli istituti esercenti il credito agrario, indicati dal terzo comma dell’art. 2766); i crediti dipendenti da reato, indicati dall’art. 2768, sulle cose sequestrate, nei casi e secondo l’ordine stabiliti dal codice penale e dal codice di procedura penale; i crediti per risarcimento, indicati dall’art. 2767; i crediti dell’albergatore, indicati dall’art. 2760; i crediti del vettore, del mandatario, del depositario e del sequestratario, indicati dall’art. 2761; i crediti del venditore di macchine o della banca per le anticipazioni del prezzo, indicati dall’art. 2762: i crediti per canoni enfiteutici, indica ti dall’art. 2763; i crediti del locatore e i crediti del concedente dipendenti dai contratti di mezzadria e colonia, indicati rispettivamente dagli artt. 2764 e 2765; i crediti per spese funebri, d’infermità, per somministrazioni ed alimenti, nell’ordine indicato dall’art. 2751; i crediti dello Stato per tributi diretti, indicati dal primo comma dell’art. 2752; i crediti dello Stato indicati dal terzo comma dell’art. 2752; i crediti degli enti locali per tributi indicati dal quarto comma dell’art. 2752.
397	Art. 2778 Ordine degli altri privilegi sui mobili	4. In quale caso il privilegio per le imposte sui redditi immobiliari si esercita separatamente?	Salvo quanto è disposto dall’art. 2777, nel concorso di crediti aventi privilegio generale o speciale sulla medesima cosa, la prelazione si esercita nell’ordine che segue: i crediti per contributi ad istituti, enti o fondi speciali compresi quelli sostitutivi o integrativi che gestiscono forme di assicurazione obbligatoria per l’invalidità, la vecchiaia ed i superstiti, indicati dall’art. 2753; i crediti per le imposte sui redditi immobiliari, indicati dall’art. 2771, quando il privilegio si esercita separatamente sopra i frutti, i fitti e le pigioni degli immobili; (i crediti degli istituti esercenti il credito agrario, indicati dai due primi commi dell’art. 2766); i crediti per prestazioni e spese di conservazione e miglioramento di beni mobili, indicati dall’art. 2756; i crediti per le mercedi dovute ai lavoratori impiegati nelle opere di coltivazione e di raccolta, indicate dall’art. 2757; i crediti per sementi e materie fertilizzanti e antiparassitarie e per somministrazione di acqua per irrigazione, nonché i crediti per i lavori di coltivazione e di raccolta indicati dall’art. 2757. Qualora tali crediti vengano in concorso tra loro, sono preferiti quelli di raccolta, seguono quelli di coltivazione e, infine, gli altri crediti indicati dallo stesso articolo; i crediti per i tributi indiretti, indicati dall’art. 2758, salvo che la legge speciale accordi un diverso grado di preferenza, e i crediti per le imposte sul reddito, indicati dall’art. 2759: i crediti per contributi dovuti a istituti ed enti per forme di tutela previdenziale e assistenziale indicati dall’art. 27 54, nonché gli accessori, limitatamente al cinquanta per cento del loro ammontare, relativi a tali crediti ed a quelli indicati dal precedente n. 1 del presente articolo; (i crediti degli istituti esercenti il credito agrario, indicati dal terzo comma dell’art. 2766); i crediti dipendenti da reato, indicati dall’art. 2768, sulle cose sequestrate, nei casi e secondo l’ordine stabiliti dal codice penale e dal codice di procedura penale; i crediti per risarcimento, indicati dall’art. 2767; i crediti dell’albergatore, indicati dall’art. 2760; i crediti del vettore, del mandatario, del depositario e del sequestratario, indicati dall’art. 2761; i crediti del venditore di macchine o della banca per le anticipazioni del prezzo, indicati dall’art. 2762: i crediti per canoni enfiteutici, indica ti dall’art. 2763; i crediti del locatore e i crediti del concedente dipendenti dai contratti di mezzadria e colonia, indicati rispettivamente dagli artt. 2764 e 2765; i crediti per spese funebri, d’infermità, per somministrazioni ed alimenti, nell’ordine indicato dall’art. 2751; i crediti dello Stato per tributi diretti, indicati dal primo comma dell’art. 2752; i crediti dello Stato indicati dal terzo comma dell’art. 2752; i crediti degli enti locali per tributi indicati dal quarto comma dell’art. 2752.
398	Art. 2778 Ordine degli altri privilegi sui mobili	5. Quali crediti sono indicati dai due primi commi dell’art. 2766?	Salvo quanto è disposto dall’art. 2777, nel concorso di crediti aventi privilegio generale o speciale sulla medesima cosa, la prelazione si esercita nell’ordine che segue: i crediti per contributi ad istituti, enti o fondi speciali compresi quelli sostitutivi o integrativi che gestiscono forme di assicurazione obbligatoria per l’invalidità, la vecchiaia ed i superstiti, indicati dall’art. 2753; i crediti per le imposte sui redditi immobiliari, indicati dall’art. 2771, quando il privilegio si esercita separatamente sopra i frutti, i fitti e le pigioni degli immobili; (i crediti degli istituti esercenti il credito agrario, indicati dai due primi commi dell’art. 2766); i crediti per prestazioni e spese di conservazione e miglioramento di beni mobili, indicati dall’art. 2756; i crediti per le mercedi dovute ai lavoratori impiegati nelle opere di coltivazione e di raccolta, indicate dall’art. 2757; i crediti per sementi e materie fertilizzanti e antiparassitarie e per somministrazione di acqua per irrigazione, nonché i crediti per i lavori di coltivazione e di raccolta indicati dall’art. 2757. Qualora tali crediti vengano in concorso tra loro, sono preferiti quelli di raccolta, seguono quelli di coltivazione e, infine, gli altri crediti indicati dallo stesso articolo; i crediti per i tributi indiretti, indicati dall’art. 2758, salvo che la legge speciale accordi un diverso grado di preferenza, e i crediti per le imposte sul reddito, indicati dall’art. 2759: i crediti per contributi dovuti a istituti ed enti per forme di tutela previdenziale e assistenziale indicati dall’art. 27 54, nonché gli accessori, limitatamente al cinquanta per cento del loro ammontare, relativi a tali crediti ed a quelli indicati dal precedente n. 1 del presente articolo; (i crediti degli istituti esercenti il credito agrario, indicati dal terzo comma dell’art. 2766); i crediti dipendenti da reato, indicati dall’art. 2768, sulle cose sequestrate, nei casi e secondo l’ordine stabiliti dal codice penale e dal codice di procedura penale; i crediti per risarcimento, indicati dall’art. 2767; i crediti dell’albergatore, indicati dall’art. 2760; i crediti del vettore, del mandatario, del depositario e del sequestratario, indicati dall’art. 2761; i crediti del venditore di macchine o della banca per le anticipazioni del prezzo, indicati dall’art. 2762: i crediti per canoni enfiteutici, indica ti dall’art. 2763; i crediti del locatore e i crediti del concedente dipendenti dai contratti di mezzadria e colonia, indicati rispettivamente dagli artt. 2764 e 2765; i crediti per spese funebri, d’infermità, per somministrazioni ed alimenti, nell’ordine indicato dall’art. 2751; i crediti dello Stato per tributi diretti, indicati dal primo comma dell’art. 2752; i crediti dello Stato indicati dal terzo comma dell’art. 2752; i crediti degli enti locali per tributi indicati dal quarto comma dell’art. 2752.
399	Art. 2778 Ordine degli altri privilegi sui mobili	6. Quali crediti sono indicati dall’art. 2756?	Salvo quanto è disposto dall’art. 2777, nel concorso di crediti aventi privilegio generale o speciale sulla medesima cosa, la prelazione si esercita nell’ordine che segue: i crediti per contributi ad istituti, enti o fondi speciali compresi quelli sostitutivi o integrativi che gestiscono forme di assicurazione obbligatoria per l’invalidità, la vecchiaia ed i superstiti, indicati dall’art. 2753; i crediti per le imposte sui redditi immobiliari, indicati dall’art. 2771, quando il privilegio si esercita separatamente sopra i frutti, i fitti e le pigioni degli immobili; (i crediti degli istituti esercenti il credito agrario, indicati dai due primi commi dell’art. 2766); i crediti per prestazioni e spese di conservazione e miglioramento di beni mobili, indicati dall’art. 2756; i crediti per le mercedi dovute ai lavoratori impiegati nelle opere di coltivazione e di raccolta, indicate dall’art. 2757; i crediti per sementi e materie fertilizzanti e antiparassitarie e per somministrazione di acqua per irrigazione, nonché i crediti per i lavori di coltivazione e di raccolta indicati dall’art. 2757. Qualora tali crediti vengano in concorso tra loro, sono preferiti quelli di raccolta, seguono quelli di coltivazione e, infine, gli altri crediti indicati dallo stesso articolo; i crediti per i tributi indiretti, indicati dall’art. 2758, salvo che la legge speciale accordi un diverso grado di preferenza, e i crediti per le imposte sul reddito, indicati dall’art. 2759: i crediti per contributi dovuti a istituti ed enti per forme di tutela previdenziale e assistenziale indicati dall’art. 27 54, nonché gli accessori, limitatamente al cinquanta per cento del loro ammontare, relativi a tali crediti ed a quelli indicati dal precedente n. 1 del presente articolo; (i crediti degli istituti esercenti il credito agrario, indicati dal terzo comma dell’art. 2766); i crediti dipendenti da reato, indicati dall’art. 2768, sulle cose sequestrate, nei casi e secondo l’ordine stabiliti dal codice penale e dal codice di procedura penale; i crediti per risarcimento, indicati dall’art. 2767; i crediti dell’albergatore, indicati dall’art. 2760; i crediti del vettore, del mandatario, del depositario e del sequestratario, indicati dall’art. 2761; i crediti del venditore di macchine o della banca per le anticipazioni del prezzo, indicati dall’art. 2762: i crediti per canoni enfiteutici, indica ti dall’art. 2763; i crediti del locatore e i crediti del concedente dipendenti dai contratti di mezzadria e colonia, indicati rispettivamente dagli artt. 2764 e 2765; i crediti per spese funebri, d’infermità, per somministrazioni ed alimenti, nell’ordine indicato dall’art. 2751; i crediti dello Stato per tributi diretti, indicati dal primo comma dell’art. 2752; i crediti dello Stato indicati dal terzo comma dell’art. 2752; i crediti degli enti locali per tributi indicati dal quarto comma dell’art. 2752.
400	Art. 2778 Ordine degli altri privilegi sui mobili	7. Quali crediti sono indicati dall’art. 2757?	Salvo quanto è disposto dall’art. 2777, nel concorso di crediti aventi privilegio generale o speciale sulla medesima cosa, la prelazione si esercita nell’ordine che segue: i crediti per contributi ad istituti, enti o fondi speciali compresi quelli sostitutivi o integrativi che gestiscono forme di assicurazione obbligatoria per l’invalidità, la vecchiaia ed i superstiti, indicati dall’art. 2753; i crediti per le imposte sui redditi immobiliari, indicati dall’art. 2771, quando il privilegio si esercita separatamente sopra i frutti, i fitti e le pigioni degli immobili; (i crediti degli istituti esercenti il credito agrario, indicati dai due primi commi dell’art. 2766); i crediti per prestazioni e spese di conservazione e miglioramento di beni mobili, indicati dall’art. 2756; i crediti per le mercedi dovute ai lavoratori impiegati nelle opere di coltivazione e di raccolta, indicate dall’art. 2757; i crediti per sementi e materie fertilizzanti e antiparassitarie e per somministrazione di acqua per irrigazione, nonché i crediti per i lavori di coltivazione e di raccolta indicati dall’art. 2757. Qualora tali crediti vengano in concorso tra loro, sono preferiti quelli di raccolta, seguono quelli di coltivazione e, infine, gli altri crediti indicati dallo stesso articolo; i crediti per i tributi indiretti, indicati dall’art. 2758, salvo che la legge speciale accordi un diverso grado di preferenza, e i crediti per le imposte sul reddito, indicati dall’art. 2759: i crediti per contributi dovuti a istituti ed enti per forme di tutela previdenziale e assistenziale indicati dall’art. 27 54, nonché gli accessori, limitatamente al cinquanta per cento del loro ammontare, relativi a tali crediti ed a quelli indicati dal precedente n. 1 del presente articolo; (i crediti degli istituti esercenti il credito agrario, indicati dal terzo comma dell’art. 2766); i crediti dipendenti da reato, indicati dall’art. 2768, sulle cose sequestrate, nei casi e secondo l’ordine stabiliti dal codice penale e dal codice di procedura penale; i crediti per risarcimento, indicati dall’art. 2767; i crediti dell’albergatore, indicati dall’art. 2760; i crediti del vettore, del mandatario, del depositario e del sequestratario, indicati dall’art. 2761; i crediti del venditore di macchine o della banca per le anticipazioni del prezzo, indicati dall’art. 2762: i crediti per canoni enfiteutici, indica ti dall’art. 2763; i crediti del locatore e i crediti del concedente dipendenti dai contratti di mezzadria e colonia, indicati rispettivamente dagli artt. 2764 e 2765; i crediti per spese funebri, d’infermità, per somministrazioni ed alimenti, nell’ordine indicato dall’art. 2751; i crediti dello Stato per tributi diretti, indicati dal primo comma dell’art. 2752; i crediti dello Stato indicati dal terzo comma dell’art. 2752; i crediti degli enti locali per tributi indicati dal quarto comma dell’art. 2752.
401	Art. 2778 Ordine degli altri privilegi sui mobili	8. Qual è l'ordine di preferenza tra i crediti di raccolta, coltivazione e altri crediti indicati dall’art. 2757?	Salvo quanto è disposto dall’art. 2777, nel concorso di crediti aventi privilegio generale o speciale sulla medesima cosa, la prelazione si esercita nell’ordine che segue: i crediti per contributi ad istituti, enti o fondi speciali compresi quelli sostitutivi o integrativi che gestiscono forme di assicurazione obbligatoria per l’invalidità, la vecchiaia ed i superstiti, indicati dall’art. 2753; i crediti per le imposte sui redditi immobiliari, indicati dall’art. 2771, quando il privilegio si esercita separatamente sopra i frutti, i fitti e le pigioni degli immobili; (i crediti degli istituti esercenti il credito agrario, indicati dai due primi commi dell’art. 2766); i crediti per prestazioni e spese di conservazione e miglioramento di beni mobili, indicati dall’art. 2756; i crediti per le mercedi dovute ai lavoratori impiegati nelle opere di coltivazione e di raccolta, indicate dall’art. 2757; i crediti per sementi e materie fertilizzanti e antiparassitarie e per somministrazione di acqua per irrigazione, nonché i crediti per i lavori di coltivazione e di raccolta indicati dall’art. 2757. Qualora tali crediti vengano in concorso tra loro, sono preferiti quelli di raccolta, seguono quelli di coltivazione e, infine, gli altri crediti indicati dallo stesso articolo; i crediti per i tributi indiretti, indicati dall’art. 2758, salvo che la legge speciale accordi un diverso grado di preferenza, e i crediti per le imposte sul reddito, indicati dall’art. 2759: i crediti per contributi dovuti a istituti ed enti per forme di tutela previdenziale e assistenziale indicati dall’art. 27 54, nonché gli accessori, limitatamente al cinquanta per cento del loro ammontare, relativi a tali crediti ed a quelli indicati dal precedente n. 1 del presente articolo; (i crediti degli istituti esercenti il credito agrario, indicati dal terzo comma dell’art. 2766); i crediti dipendenti da reato, indicati dall’art. 2768, sulle cose sequestrate, nei casi e secondo l’ordine stabiliti dal codice penale e dal codice di procedura penale; i crediti per risarcimento, indicati dall’art. 2767; i crediti dell’albergatore, indicati dall’art. 2760; i crediti del vettore, del mandatario, del depositario e del sequestratario, indicati dall’art. 2761; i crediti del venditore di macchine o della banca per le anticipazioni del prezzo, indicati dall’art. 2762: i crediti per canoni enfiteutici, indica ti dall’art. 2763; i crediti del locatore e i crediti del concedente dipendenti dai contratti di mezzadria e colonia, indicati rispettivamente dagli artt. 2764 e 2765; i crediti per spese funebri, d’infermità, per somministrazioni ed alimenti, nell’ordine indicato dall’art. 2751; i crediti dello Stato per tributi diretti, indicati dal primo comma dell’art. 2752; i crediti dello Stato indicati dal terzo comma dell’art. 2752; i crediti degli enti locali per tributi indicati dal quarto comma dell’art. 2752.
402	Art. 2778 Ordine degli altri privilegi sui mobili	9. Quali crediti sono indicati dall’art. 2758?	Salvo quanto è disposto dall’art. 2777, nel concorso di crediti aventi privilegio generale o speciale sulla medesima cosa, la prelazione si esercita nell’ordine che segue: i crediti per contributi ad istituti, enti o fondi speciali compresi quelli sostitutivi o integrativi che gestiscono forme di assicurazione obbligatoria per l’invalidità, la vecchiaia ed i superstiti, indicati dall’art. 2753; i crediti per le imposte sui redditi immobiliari, indicati dall’art. 2771, quando il privilegio si esercita separatamente sopra i frutti, i fitti e le pigioni degli immobili; (i crediti degli istituti esercenti il credito agrario, indicati dai due primi commi dell’art. 2766); i crediti per prestazioni e spese di conservazione e miglioramento di beni mobili, indicati dall’art. 2756; i crediti per le mercedi dovute ai lavoratori impiegati nelle opere di coltivazione e di raccolta, indicate dall’art. 2757; i crediti per sementi e materie fertilizzanti e antiparassitarie e per somministrazione di acqua per irrigazione, nonché i crediti per i lavori di coltivazione e di raccolta indicati dall’art. 2757. Qualora tali crediti vengano in concorso tra loro, sono preferiti quelli di raccolta, seguono quelli di coltivazione e, infine, gli altri crediti indicati dallo stesso articolo; i crediti per i tributi indiretti, indicati dall’art. 2758, salvo che la legge speciale accordi un diverso grado di preferenza, e i crediti per le imposte sul reddito, indicati dall’art. 2759: i crediti per contributi dovuti a istituti ed enti per forme di tutela previdenziale e assistenziale indicati dall’art. 27 54, nonché gli accessori, limitatamente al cinquanta per cento del loro ammontare, relativi a tali crediti ed a quelli indicati dal precedente n. 1 del presente articolo; (i crediti degli istituti esercenti il credito agrario, indicati dal terzo comma dell’art. 2766); i crediti dipendenti da reato, indicati dall’art. 2768, sulle cose sequestrate, nei casi e secondo l’ordine stabiliti dal codice penale e dal codice di procedura penale; i crediti per risarcimento, indicati dall’art. 2767; i crediti dell’albergatore, indicati dall’art. 2760; i crediti del vettore, del mandatario, del depositario e del sequestratario, indicati dall’art. 2761; i crediti del venditore di macchine o della banca per le anticipazioni del prezzo, indicati dall’art. 2762: i crediti per canoni enfiteutici, indica ti dall’art. 2763; i crediti del locatore e i crediti del concedente dipendenti dai contratti di mezzadria e colonia, indicati rispettivamente dagli artt. 2764 e 2765; i crediti per spese funebri, d’infermità, per somministrazioni ed alimenti, nell’ordine indicato dall’art. 2751; i crediti dello Stato per tributi diretti, indicati dal primo comma dell’art. 2752; i crediti dello Stato indicati dal terzo comma dell’art. 2752; i crediti degli enti locali per tributi indicati dal quarto comma dell’art. 2752.
403	Art. 2778 Ordine degli altri privilegi sui mobili	10. Quando la legge speciale può accordare un diverso grado di preferenza per i crediti per tributi indiretti?	Salvo quanto è disposto dall’art. 2777, nel concorso di crediti aventi privilegio generale o speciale sulla medesima cosa, la prelazione si esercita nell’ordine che segue: i crediti per contributi ad istituti, enti o fondi speciali compresi quelli sostitutivi o integrativi che gestiscono forme di assicurazione obbligatoria per l’invalidità, la vecchiaia ed i superstiti, indicati dall’art. 2753; i crediti per le imposte sui redditi immobiliari, indicati dall’art. 2771, quando il privilegio si esercita separatamente sopra i frutti, i fitti e le pigioni degli immobili; (i crediti degli istituti esercenti il credito agrario, indicati dai due primi commi dell’art. 2766); i crediti per prestazioni e spese di conservazione e miglioramento di beni mobili, indicati dall’art. 2756; i crediti per le mercedi dovute ai lavoratori impiegati nelle opere di coltivazione e di raccolta, indicate dall’art. 2757; i crediti per sementi e materie fertilizzanti e antiparassitarie e per somministrazione di acqua per irrigazione, nonché i crediti per i lavori di coltivazione e di raccolta indicati dall’art. 2757. Qualora tali crediti vengano in concorso tra loro, sono preferiti quelli di raccolta, seguono quelli di coltivazione e, infine, gli altri crediti indicati dallo stesso articolo; i crediti per i tributi indiretti, indicati dall’art. 2758, salvo che la legge speciale accordi un diverso grado di preferenza, e i crediti per le imposte sul reddito, indicati dall’art. 2759: i crediti per contributi dovuti a istituti ed enti per forme di tutela previdenziale e assistenziale indicati dall’art. 27 54, nonché gli accessori, limitatamente al cinquanta per cento del loro ammontare, relativi a tali crediti ed a quelli indicati dal precedente n. 1 del presente articolo; (i crediti degli istituti esercenti il credito agrario, indicati dal terzo comma dell’art. 2766); i crediti dipendenti da reato, indicati dall’art. 2768, sulle cose sequestrate, nei casi e secondo l’ordine stabiliti dal codice penale e dal codice di procedura penale; i crediti per risarcimento, indicati dall’art. 2767; i crediti dell’albergatore, indicati dall’art. 2760; i crediti del vettore, del mandatario, del depositario e del sequestratario, indicati dall’art. 2761; i crediti del venditore di macchine o della banca per le anticipazioni del prezzo, indicati dall’art. 2762: i crediti per canoni enfiteutici, indica ti dall’art. 2763; i crediti del locatore e i crediti del concedente dipendenti dai contratti di mezzadria e colonia, indicati rispettivamente dagli artt. 2764 e 2765; i crediti per spese funebri, d’infermità, per somministrazioni ed alimenti, nell’ordine indicato dall’art. 2751; i crediti dello Stato per tributi diretti, indicati dal primo comma dell’art. 2752; i crediti dello Stato indicati dal terzo comma dell’art. 2752; i crediti degli enti locali per tributi indicati dal quarto comma dell’art. 2752.
404	Art. 2778 Ordine degli altri privilegi sui mobili	11. Quali crediti sono indicati dall’art. 2759?	Salvo quanto è disposto dall’art. 2777, nel concorso di crediti aventi privilegio generale o speciale sulla medesima cosa, la prelazione si esercita nell’ordine che segue: i crediti per contributi ad istituti, enti o fondi speciali compresi quelli sostitutivi o integrativi che gestiscono forme di assicurazione obbligatoria per l’invalidità, la vecchiaia ed i superstiti, indicati dall’art. 2753; i crediti per le imposte sui redditi immobiliari, indicati dall’art. 2771, quando il privilegio si esercita separatamente sopra i frutti, i fitti e le pigioni degli immobili; (i crediti degli istituti esercenti il credito agrario, indicati dai due primi commi dell’art. 2766); i crediti per prestazioni e spese di conservazione e miglioramento di beni mobili, indicati dall’art. 2756; i crediti per le mercedi dovute ai lavoratori impiegati nelle opere di coltivazione e di raccolta, indicate dall’art. 2757; i crediti per sementi e materie fertilizzanti e antiparassitarie e per somministrazione di acqua per irrigazione, nonché i crediti per i lavori di coltivazione e di raccolta indicati dall’art. 2757. Qualora tali crediti vengano in concorso tra loro, sono preferiti quelli di raccolta, seguono quelli di coltivazione e, infine, gli altri crediti indicati dallo stesso articolo; i crediti per i tributi indiretti, indicati dall’art. 2758, salvo che la legge speciale accordi un diverso grado di preferenza, e i crediti per le imposte sul reddito, indicati dall’art. 2759: i crediti per contributi dovuti a istituti ed enti per forme di tutela previdenziale e assistenziale indicati dall’art. 27 54, nonché gli accessori, limitatamente al cinquanta per cento del loro ammontare, relativi a tali crediti ed a quelli indicati dal precedente n. 1 del presente articolo; (i crediti degli istituti esercenti il credito agrario, indicati dal terzo comma dell’art. 2766); i crediti dipendenti da reato, indicati dall’art. 2768, sulle cose sequestrate, nei casi e secondo l’ordine stabiliti dal codice penale e dal codice di procedura penale; i crediti per risarcimento, indicati dall’art. 2767; i crediti dell’albergatore, indicati dall’art. 2760; i crediti del vettore, del mandatario, del depositario e del sequestratario, indicati dall’art. 2761; i crediti del venditore di macchine o della banca per le anticipazioni del prezzo, indicati dall’art. 2762: i crediti per canoni enfiteutici, indica ti dall’art. 2763; i crediti del locatore e i crediti del concedente dipendenti dai contratti di mezzadria e colonia, indicati rispettivamente dagli artt. 2764 e 2765; i crediti per spese funebri, d’infermità, per somministrazioni ed alimenti, nell’ordine indicato dall’art. 2751; i crediti dello Stato per tributi diretti, indicati dal primo comma dell’art. 2752; i crediti dello Stato indicati dal terzo comma dell’art. 2752; i crediti degli enti locali per tributi indicati dal quarto comma dell’art. 2752.
405	Art. 2778 Ordine degli altri privilegi sui mobili	12. Quali crediti sono indicati dall’art. 2754?	Salvo quanto è disposto dall’art. 2777, nel concorso di crediti aventi privilegio generale o speciale sulla medesima cosa, la prelazione si esercita nell’ordine che segue: i crediti per contributi ad istituti, enti o fondi speciali compresi quelli sostitutivi o integrativi che gestiscono forme di assicurazione obbligatoria per l’invalidità, la vecchiaia ed i superstiti, indicati dall’art. 2753; i crediti per le imposte sui redditi immobiliari, indicati dall’art. 2771, quando il privilegio si esercita separatamente sopra i frutti, i fitti e le pigioni degli immobili; (i crediti degli istituti esercenti il credito agrario, indicati dai due primi commi dell’art. 2766); i crediti per prestazioni e spese di conservazione e miglioramento di beni mobili, indicati dall’art. 2756; i crediti per le mercedi dovute ai lavoratori impiegati nelle opere di coltivazione e di raccolta, indicate dall’art. 2757; i crediti per sementi e materie fertilizzanti e antiparassitarie e per somministrazione di acqua per irrigazione, nonché i crediti per i lavori di coltivazione e di raccolta indicati dall’art. 2757. Qualora tali crediti vengano in concorso tra loro, sono preferiti quelli di raccolta, seguono quelli di coltivazione e, infine, gli altri crediti indicati dallo stesso articolo; i crediti per i tributi indiretti, indicati dall’art. 2758, salvo che la legge speciale accordi un diverso grado di preferenza, e i crediti per le imposte sul reddito, indicati dall’art. 2759: i crediti per contributi dovuti a istituti ed enti per forme di tutela previdenziale e assistenziale indicati dall’art. 27 54, nonché gli accessori, limitatamente al cinquanta per cento del loro ammontare, relativi a tali crediti ed a quelli indicati dal precedente n. 1 del presente articolo; (i crediti degli istituti esercenti il credito agrario, indicati dal terzo comma dell’art. 2766); i crediti dipendenti da reato, indicati dall’art. 2768, sulle cose sequestrate, nei casi e secondo l’ordine stabiliti dal codice penale e dal codice di procedura penale; i crediti per risarcimento, indicati dall’art. 2767; i crediti dell’albergatore, indicati dall’art. 2760; i crediti del vettore, del mandatario, del depositario e del sequestratario, indicati dall’art. 2761; i crediti del venditore di macchine o della banca per le anticipazioni del prezzo, indicati dall’art. 2762: i crediti per canoni enfiteutici, indica ti dall’art. 2763; i crediti del locatore e i crediti del concedente dipendenti dai contratti di mezzadria e colonia, indicati rispettivamente dagli artt. 2764 e 2765; i crediti per spese funebri, d’infermità, per somministrazioni ed alimenti, nell’ordine indicato dall’art. 2751; i crediti dello Stato per tributi diretti, indicati dal primo comma dell’art. 2752; i crediti dello Stato indicati dal terzo comma dell’art. 2752; i crediti degli enti locali per tributi indicati dal quarto comma dell’art. 2752.
406	Art. 2778 Ordine degli altri privilegi sui mobili	13. Qual è la limitazione per gli accessori relativi ai crediti indicati dall’art. 2754?	Salvo quanto è disposto dall’art. 2777, nel concorso di crediti aventi privilegio generale o speciale sulla medesima cosa, la prelazione si esercita nell’ordine che segue: i crediti per contributi ad istituti, enti o fondi speciali compresi quelli sostitutivi o integrativi che gestiscono forme di assicurazione obbligatoria per l’invalidità, la vecchiaia ed i superstiti, indicati dall’art. 2753; i crediti per le imposte sui redditi immobiliari, indicati dall’art. 2771, quando il privilegio si esercita separatamente sopra i frutti, i fitti e le pigioni degli immobili; (i crediti degli istituti esercenti il credito agrario, indicati dai due primi commi dell’art. 2766); i crediti per prestazioni e spese di conservazione e miglioramento di beni mobili, indicati dall’art. 2756; i crediti per le mercedi dovute ai lavoratori impiegati nelle opere di coltivazione e di raccolta, indicate dall’art. 2757; i crediti per sementi e materie fertilizzanti e antiparassitarie e per somministrazione di acqua per irrigazione, nonché i crediti per i lavori di coltivazione e di raccolta indicati dall’art. 2757. Qualora tali crediti vengano in concorso tra loro, sono preferiti quelli di raccolta, seguono quelli di coltivazione e, infine, gli altri crediti indicati dallo stesso articolo; i crediti per i tributi indiretti, indicati dall’art. 2758, salvo che la legge speciale accordi un diverso grado di preferenza, e i crediti per le imposte sul reddito, indicati dall’art. 2759: i crediti per contributi dovuti a istituti ed enti per forme di tutela previdenziale e assistenziale indicati dall’art. 27 54, nonché gli accessori, limitatamente al cinquanta per cento del loro ammontare, relativi a tali crediti ed a quelli indicati dal precedente n. 1 del presente articolo; (i crediti degli istituti esercenti il credito agrario, indicati dal terzo comma dell’art. 2766); i crediti dipendenti da reato, indicati dall’art. 2768, sulle cose sequestrate, nei casi e secondo l’ordine stabiliti dal codice penale e dal codice di procedura penale; i crediti per risarcimento, indicati dall’art. 2767; i crediti dell’albergatore, indicati dall’art. 2760; i crediti del vettore, del mandatario, del depositario e del sequestratario, indicati dall’art. 2761; i crediti del venditore di macchine o della banca per le anticipazioni del prezzo, indicati dall’art. 2762: i crediti per canoni enfiteutici, indica ti dall’art. 2763; i crediti del locatore e i crediti del concedente dipendenti dai contratti di mezzadria e colonia, indicati rispettivamente dagli artt. 2764 e 2765; i crediti per spese funebri, d’infermità, per somministrazioni ed alimenti, nell’ordine indicato dall’art. 2751; i crediti dello Stato per tributi diretti, indicati dal primo comma dell’art. 2752; i crediti dello Stato indicati dal terzo comma dell’art. 2752; i crediti degli enti locali per tributi indicati dal quarto comma dell’art. 2752.
407	Art. 2778 Ordine degli altri privilegi sui mobili	14. Quali crediti sono indicati dal terzo comma dell’art. 2766?	Salvo quanto è disposto dall’art. 2777, nel concorso di crediti aventi privilegio generale o speciale sulla medesima cosa, la prelazione si esercita nell’ordine che segue: i crediti per contributi ad istituti, enti o fondi speciali compresi quelli sostitutivi o integrativi che gestiscono forme di assicurazione obbligatoria per l’invalidità, la vecchiaia ed i superstiti, indicati dall’art. 2753; i crediti per le imposte sui redditi immobiliari, indicati dall’art. 2771, quando il privilegio si esercita separatamente sopra i frutti, i fitti e le pigioni degli immobili; (i crediti degli istituti esercenti il credito agrario, indicati dai due primi commi dell’art. 2766); i crediti per prestazioni e spese di conservazione e miglioramento di beni mobili, indicati dall’art. 2756; i crediti per le mercedi dovute ai lavoratori impiegati nelle opere di coltivazione e di raccolta, indicate dall’art. 2757; i crediti per sementi e materie fertilizzanti e antiparassitarie e per somministrazione di acqua per irrigazione, nonché i crediti per i lavori di coltivazione e di raccolta indicati dall’art. 2757. Qualora tali crediti vengano in concorso tra loro, sono preferiti quelli di raccolta, seguono quelli di coltivazione e, infine, gli altri crediti indicati dallo stesso articolo; i crediti per i tributi indiretti, indicati dall’art. 2758, salvo che la legge speciale accordi un diverso grado di preferenza, e i crediti per le imposte sul reddito, indicati dall’art. 2759: i crediti per contributi dovuti a istituti ed enti per forme di tutela previdenziale e assistenziale indicati dall’art. 27 54, nonché gli accessori, limitatamente al cinquanta per cento del loro ammontare, relativi a tali crediti ed a quelli indicati dal precedente n. 1 del presente articolo; (i crediti degli istituti esercenti il credito agrario, indicati dal terzo comma dell’art. 2766); i crediti dipendenti da reato, indicati dall’art. 2768, sulle cose sequestrate, nei casi e secondo l’ordine stabiliti dal codice penale e dal codice di procedura penale; i crediti per risarcimento, indicati dall’art. 2767; i crediti dell’albergatore, indicati dall’art. 2760; i crediti del vettore, del mandatario, del depositario e del sequestratario, indicati dall’art. 2761; i crediti del venditore di macchine o della banca per le anticipazioni del prezzo, indicati dall’art. 2762: i crediti per canoni enfiteutici, indica ti dall’art. 2763; i crediti del locatore e i crediti del concedente dipendenti dai contratti di mezzadria e colonia, indicati rispettivamente dagli artt. 2764 e 2765; i crediti per spese funebri, d’infermità, per somministrazioni ed alimenti, nell’ordine indicato dall’art. 2751; i crediti dello Stato per tributi diretti, indicati dal primo comma dell’art. 2752; i crediti dello Stato indicati dal terzo comma dell’art. 2752; i crediti degli enti locali per tributi indicati dal quarto comma dell’art. 2752.
408	Art. 2778 Ordine degli altri privilegi sui mobili	15. Quali crediti dipendenti da reato sono indicati dall’art. 2768?	Salvo quanto è disposto dall’art. 2777, nel concorso di crediti aventi privilegio generale o speciale sulla medesima cosa, la prelazione si esercita nell’ordine che segue: i crediti per contributi ad istituti, enti o fondi speciali compresi quelli sostitutivi o integrativi che gestiscono forme di assicurazione obbligatoria per l’invalidità, la vecchiaia ed i superstiti, indicati dall’art. 2753; i crediti per le imposte sui redditi immobiliari, indicati dall’art. 2771, quando il privilegio si esercita separatamente sopra i frutti, i fitti e le pigioni degli immobili; (i crediti degli istituti esercenti il credito agrario, indicati dai due primi commi dell’art. 2766); i crediti per prestazioni e spese di conservazione e miglioramento di beni mobili, indicati dall’art. 2756; i crediti per le mercedi dovute ai lavoratori impiegati nelle opere di coltivazione e di raccolta, indicate dall’art. 2757; i crediti per sementi e materie fertilizzanti e antiparassitarie e per somministrazione di acqua per irrigazione, nonché i crediti per i lavori di coltivazione e di raccolta indicati dall’art. 2757. Qualora tali crediti vengano in concorso tra loro, sono preferiti quelli di raccolta, seguono quelli di coltivazione e, infine, gli altri crediti indicati dallo stesso articolo; i crediti per i tributi indiretti, indicati dall’art. 2758, salvo che la legge speciale accordi un diverso grado di preferenza, e i crediti per le imposte sul reddito, indicati dall’art. 2759: i crediti per contributi dovuti a istituti ed enti per forme di tutela previdenziale e assistenziale indicati dall’art. 27 54, nonché gli accessori, limitatamente al cinquanta per cento del loro ammontare, relativi a tali crediti ed a quelli indicati dal precedente n. 1 del presente articolo; (i crediti degli istituti esercenti il credito agrario, indicati dal terzo comma dell’art. 2766); i crediti dipendenti da reato, indicati dall’art. 2768, sulle cose sequestrate, nei casi e secondo l’ordine stabiliti dal codice penale e dal codice di procedura penale; i crediti per risarcimento, indicati dall’art. 2767; i crediti dell’albergatore, indicati dall’art. 2760; i crediti del vettore, del mandatario, del depositario e del sequestratario, indicati dall’art. 2761; i crediti del venditore di macchine o della banca per le anticipazioni del prezzo, indicati dall’art. 2762: i crediti per canoni enfiteutici, indica ti dall’art. 2763; i crediti del locatore e i crediti del concedente dipendenti dai contratti di mezzadria e colonia, indicati rispettivamente dagli artt. 2764 e 2765; i crediti per spese funebri, d’infermità, per somministrazioni ed alimenti, nell’ordine indicato dall’art. 2751; i crediti dello Stato per tributi diretti, indicati dal primo comma dell’art. 2752; i crediti dello Stato indicati dal terzo comma dell’art. 2752; i crediti degli enti locali per tributi indicati dal quarto comma dell’art. 2752.
409	Art. 2778 Ordine degli altri privilegi sui mobili	16. Quali crediti per risarcimento sono indicati dall’art. 2767?	Salvo quanto è disposto dall’art. 2777, nel concorso di crediti aventi privilegio generale o speciale sulla medesima cosa, la prelazione si esercita nell’ordine che segue: i crediti per contributi ad istituti, enti o fondi speciali compresi quelli sostitutivi o integrativi che gestiscono forme di assicurazione obbligatoria per l’invalidità, la vecchiaia ed i superstiti, indicati dall’art. 2753; i crediti per le imposte sui redditi immobiliari, indicati dall’art. 2771, quando il privilegio si esercita separatamente sopra i frutti, i fitti e le pigioni degli immobili; (i crediti degli istituti esercenti il credito agrario, indicati dai due primi commi dell’art. 2766); i crediti per prestazioni e spese di conservazione e miglioramento di beni mobili, indicati dall’art. 2756; i crediti per le mercedi dovute ai lavoratori impiegati nelle opere di coltivazione e di raccolta, indicate dall’art. 2757; i crediti per sementi e materie fertilizzanti e antiparassitarie e per somministrazione di acqua per irrigazione, nonché i crediti per i lavori di coltivazione e di raccolta indicati dall’art. 2757. Qualora tali crediti vengano in concorso tra loro, sono preferiti quelli di raccolta, seguono quelli di coltivazione e, infine, gli altri crediti indicati dallo stesso articolo; i crediti per i tributi indiretti, indicati dall’art. 2758, salvo che la legge speciale accordi un diverso grado di preferenza, e i crediti per le imposte sul reddito, indicati dall’art. 2759: i crediti per contributi dovuti a istituti ed enti per forme di tutela previdenziale e assistenziale indicati dall’art. 27 54, nonché gli accessori, limitatamente al cinquanta per cento del loro ammontare, relativi a tali crediti ed a quelli indicati dal precedente n. 1 del presente articolo; (i crediti degli istituti esercenti il credito agrario, indicati dal terzo comma dell’art. 2766); i crediti dipendenti da reato, indicati dall’art. 2768, sulle cose sequestrate, nei casi e secondo l’ordine stabiliti dal codice penale e dal codice di procedura penale; i crediti per risarcimento, indicati dall’art. 2767; i crediti dell’albergatore, indicati dall’art. 2760; i crediti del vettore, del mandatario, del depositario e del sequestratario, indicati dall’art. 2761; i crediti del venditore di macchine o della banca per le anticipazioni del prezzo, indicati dall’art. 2762: i crediti per canoni enfiteutici, indica ti dall’art. 2763; i crediti del locatore e i crediti del concedente dipendenti dai contratti di mezzadria e colonia, indicati rispettivamente dagli artt. 2764 e 2765; i crediti per spese funebri, d’infermità, per somministrazioni ed alimenti, nell’ordine indicato dall’art. 2751; i crediti dello Stato per tributi diretti, indicati dal primo comma dell’art. 2752; i crediti dello Stato indicati dal terzo comma dell’art. 2752; i crediti degli enti locali per tributi indicati dal quarto comma dell’art. 2752.
410	Art. 2778 Ordine degli altri privilegi sui mobili	17. Quali crediti dell’albergatore sono indicati dall’art. 2760?	Salvo quanto è disposto dall’art. 2777, nel concorso di crediti aventi privilegio generale o speciale sulla medesima cosa, la prelazione si esercita nell’ordine che segue: i crediti per contributi ad istituti, enti o fondi speciali compresi quelli sostitutivi o integrativi che gestiscono forme di assicurazione obbligatoria per l’invalidità, la vecchiaia ed i superstiti, indicati dall’art. 2753; i crediti per le imposte sui redditi immobiliari, indicati dall’art. 2771, quando il privilegio si esercita separatamente sopra i frutti, i fitti e le pigioni degli immobili; (i crediti degli istituti esercenti il credito agrario, indicati dai due primi commi dell’art. 2766); i crediti per prestazioni e spese di conservazione e miglioramento di beni mobili, indicati dall’art. 2756; i crediti per le mercedi dovute ai lavoratori impiegati nelle opere di coltivazione e di raccolta, indicate dall’art. 2757; i crediti per sementi e materie fertilizzanti e antiparassitarie e per somministrazione di acqua per irrigazione, nonché i crediti per i lavori di coltivazione e di raccolta indicati dall’art. 2757. Qualora tali crediti vengano in concorso tra loro, sono preferiti quelli di raccolta, seguono quelli di coltivazione e, infine, gli altri crediti indicati dallo stesso articolo; i crediti per i tributi indiretti, indicati dall’art. 2758, salvo che la legge speciale accordi un diverso grado di preferenza, e i crediti per le imposte sul reddito, indicati dall’art. 2759: i crediti per contributi dovuti a istituti ed enti per forme di tutela previdenziale e assistenziale indicati dall’art. 27 54, nonché gli accessori, limitatamente al cinquanta per cento del loro ammontare, relativi a tali crediti ed a quelli indicati dal precedente n. 1 del presente articolo; (i crediti degli istituti esercenti il credito agrario, indicati dal terzo comma dell’art. 2766); i crediti dipendenti da reato, indicati dall’art. 2768, sulle cose sequestrate, nei casi e secondo l’ordine stabiliti dal codice penale e dal codice di procedura penale; i crediti per risarcimento, indicati dall’art. 2767; i crediti dell’albergatore, indicati dall’art. 2760; i crediti del vettore, del mandatario, del depositario e del sequestratario, indicati dall’art. 2761; i crediti del venditore di macchine o della banca per le anticipazioni del prezzo, indicati dall’art. 2762: i crediti per canoni enfiteutici, indica ti dall’art. 2763; i crediti del locatore e i crediti del concedente dipendenti dai contratti di mezzadria e colonia, indicati rispettivamente dagli artt. 2764 e 2765; i crediti per spese funebri, d’infermità, per somministrazioni ed alimenti, nell’ordine indicato dall’art. 2751; i crediti dello Stato per tributi diretti, indicati dal primo comma dell’art. 2752; i crediti dello Stato indicati dal terzo comma dell’art. 2752; i crediti degli enti locali per tributi indicati dal quarto comma dell’art. 2752.
411	Art. 2778 Ordine degli altri privilegi sui mobili	18. Quali crediti del vettore, del mandatario, del depositario e del sequestratario sono indicati dall’art. 2761?	Salvo quanto è disposto dall’art. 2777, nel concorso di crediti aventi privilegio generale o speciale sulla medesima cosa, la prelazione si esercita nell’ordine che segue: i crediti per contributi ad istituti, enti o fondi speciali compresi quelli sostitutivi o integrativi che gestiscono forme di assicurazione obbligatoria per l’invalidità, la vecchiaia ed i superstiti, indicati dall’art. 2753; i crediti per le imposte sui redditi immobiliari, indicati dall’art. 2771, quando il privilegio si esercita separatamente sopra i frutti, i fitti e le pigioni degli immobili; (i crediti degli istituti esercenti il credito agrario, indicati dai due primi commi dell’art. 2766); i crediti per prestazioni e spese di conservazione e miglioramento di beni mobili, indicati dall’art. 2756; i crediti per le mercedi dovute ai lavoratori impiegati nelle opere di coltivazione e di raccolta, indicate dall’art. 2757; i crediti per sementi e materie fertilizzanti e antiparassitarie e per somministrazione di acqua per irrigazione, nonché i crediti per i lavori di coltivazione e di raccolta indicati dall’art. 2757. Qualora tali crediti vengano in concorso tra loro, sono preferiti quelli di raccolta, seguono quelli di coltivazione e, infine, gli altri crediti indicati dallo stesso articolo; i crediti per i tributi indiretti, indicati dall’art. 2758, salvo che la legge speciale accordi un diverso grado di preferenza, e i crediti per le imposte sul reddito, indicati dall’art. 2759: i crediti per contributi dovuti a istituti ed enti per forme di tutela previdenziale e assistenziale indicati dall’art. 27 54, nonché gli accessori, limitatamente al cinquanta per cento del loro ammontare, relativi a tali crediti ed a quelli indicati dal precedente n. 1 del presente articolo; (i crediti degli istituti esercenti il credito agrario, indicati dal terzo comma dell’art. 2766); i crediti dipendenti da reato, indicati dall’art. 2768, sulle cose sequestrate, nei casi e secondo l’ordine stabiliti dal codice penale e dal codice di procedura penale; i crediti per risarcimento, indicati dall’art. 2767; i crediti dell’albergatore, indicati dall’art. 2760; i crediti del vettore, del mandatario, del depositario e del sequestratario, indicati dall’art. 2761; i crediti del venditore di macchine o della banca per le anticipazioni del prezzo, indicati dall’art. 2762: i crediti per canoni enfiteutici, indica ti dall’art. 2763; i crediti del locatore e i crediti del concedente dipendenti dai contratti di mezzadria e colonia, indicati rispettivamente dagli artt. 2764 e 2765; i crediti per spese funebri, d’infermità, per somministrazioni ed alimenti, nell’ordine indicato dall’art. 2751; i crediti dello Stato per tributi diretti, indicati dal primo comma dell’art. 2752; i crediti dello Stato indicati dal terzo comma dell’art. 2752; i crediti degli enti locali per tributi indicati dal quarto comma dell’art. 2752.
412	Art. 2778 Ordine degli altri privilegi sui mobili	19. Quali crediti del venditore di macchine o della banca sono indicati dall’art. 2762?	Salvo quanto è disposto dall’art. 2777, nel concorso di crediti aventi privilegio generale o speciale sulla medesima cosa, la prelazione si esercita nell’ordine che segue: i crediti per contributi ad istituti, enti o fondi speciali compresi quelli sostitutivi o integrativi che gestiscono forme di assicurazione obbligatoria per l’invalidità, la vecchiaia ed i superstiti, indicati dall’art. 2753; i crediti per le imposte sui redditi immobiliari, indicati dall’art. 2771, quando il privilegio si esercita separatamente sopra i frutti, i fitti e le pigioni degli immobili; (i crediti degli istituti esercenti il credito agrario, indicati dai due primi commi dell’art. 2766); i crediti per prestazioni e spese di conservazione e miglioramento di beni mobili, indicati dall’art. 2756; i crediti per le mercedi dovute ai lavoratori impiegati nelle opere di coltivazione e di raccolta, indicate dall’art. 2757; i crediti per sementi e materie fertilizzanti e antiparassitarie e per somministrazione di acqua per irrigazione, nonché i crediti per i lavori di coltivazione e di raccolta indicati dall’art. 2757. Qualora tali crediti vengano in concorso tra loro, sono preferiti quelli di raccolta, seguono quelli di coltivazione e, infine, gli altri crediti indicati dallo stesso articolo; i crediti per i tributi indiretti, indicati dall’art. 2758, salvo che la legge speciale accordi un diverso grado di preferenza, e i crediti per le imposte sul reddito, indicati dall’art. 2759: i crediti per contributi dovuti a istituti ed enti per forme di tutela previdenziale e assistenziale indicati dall’art. 27 54, nonché gli accessori, limitatamente al cinquanta per cento del loro ammontare, relativi a tali crediti ed a quelli indicati dal precedente n. 1 del presente articolo; (i crediti degli istituti esercenti il credito agrario, indicati dal terzo comma dell’art. 2766); i crediti dipendenti da reato, indicati dall’art. 2768, sulle cose sequestrate, nei casi e secondo l’ordine stabiliti dal codice penale e dal codice di procedura penale; i crediti per risarcimento, indicati dall’art. 2767; i crediti dell’albergatore, indicati dall’art. 2760; i crediti del vettore, del mandatario, del depositario e del sequestratario, indicati dall’art. 2761; i crediti del venditore di macchine o della banca per le anticipazioni del prezzo, indicati dall’art. 2762: i crediti per canoni enfiteutici, indica ti dall’art. 2763; i crediti del locatore e i crediti del concedente dipendenti dai contratti di mezzadria e colonia, indicati rispettivamente dagli artt. 2764 e 2765; i crediti per spese funebri, d’infermità, per somministrazioni ed alimenti, nell’ordine indicato dall’art. 2751; i crediti dello Stato per tributi diretti, indicati dal primo comma dell’art. 2752; i crediti dello Stato indicati dal terzo comma dell’art. 2752; i crediti degli enti locali per tributi indicati dal quarto comma dell’art. 2752.
413	Art. 2778 Ordine degli altri privilegi sui mobili	20. Quali crediti per canoni enfiteutici sono indicati dall’art. 2763?	Salvo quanto è disposto dall’art. 2777, nel concorso di crediti aventi privilegio generale o speciale sulla medesima cosa, la prelazione si esercita nell’ordine che segue: i crediti per contributi ad istituti, enti o fondi speciali compresi quelli sostitutivi o integrativi che gestiscono forme di assicurazione obbligatoria per l’invalidità, la vecchiaia ed i superstiti, indicati dall’art. 2753; i crediti per le imposte sui redditi immobiliari, indicati dall’art. 2771, quando il privilegio si esercita separatamente sopra i frutti, i fitti e le pigioni degli immobili; (i crediti degli istituti esercenti il credito agrario, indicati dai due primi commi dell’art. 2766); i crediti per prestazioni e spese di conservazione e miglioramento di beni mobili, indicati dall’art. 2756; i crediti per le mercedi dovute ai lavoratori impiegati nelle opere di coltivazione e di raccolta, indicate dall’art. 2757; i crediti per sementi e materie fertilizzanti e antiparassitarie e per somministrazione di acqua per irrigazione, nonché i crediti per i lavori di coltivazione e di raccolta indicati dall’art. 2757. Qualora tali crediti vengano in concorso tra loro, sono preferiti quelli di raccolta, seguono quelli di coltivazione e, infine, gli altri crediti indicati dallo stesso articolo; i crediti per i tributi indiretti, indicati dall’art. 2758, salvo che la legge speciale accordi un diverso grado di preferenza, e i crediti per le imposte sul reddito, indicati dall’art. 2759: i crediti per contributi dovuti a istituti ed enti per forme di tutela previdenziale e assistenziale indicati dall’art. 27 54, nonché gli accessori, limitatamente al cinquanta per cento del loro ammontare, relativi a tali crediti ed a quelli indicati dal precedente n. 1 del presente articolo; (i crediti degli istituti esercenti il credito agrario, indicati dal terzo comma dell’art. 2766); i crediti dipendenti da reato, indicati dall’art. 2768, sulle cose sequestrate, nei casi e secondo l’ordine stabiliti dal codice penale e dal codice di procedura penale; i crediti per risarcimento, indicati dall’art. 2767; i crediti dell’albergatore, indicati dall’art. 2760; i crediti del vettore, del mandatario, del depositario e del sequestratario, indicati dall’art. 2761; i crediti del venditore di macchine o della banca per le anticipazioni del prezzo, indicati dall’art. 2762: i crediti per canoni enfiteutici, indica ti dall’art. 2763; i crediti del locatore e i crediti del concedente dipendenti dai contratti di mezzadria e colonia, indicati rispettivamente dagli artt. 2764 e 2765; i crediti per spese funebri, d’infermità, per somministrazioni ed alimenti, nell’ordine indicato dall’art. 2751; i crediti dello Stato per tributi diretti, indicati dal primo comma dell’art. 2752; i crediti dello Stato indicati dal terzo comma dell’art. 2752; i crediti degli enti locali per tributi indicati dal quarto comma dell’art. 2752.
414	Art. 2778 Ordine degli altri privilegi sui mobili	21. Quali crediti del locatore e del concedente sono indicati rispettivamente dagli artt. 2764 e 2765?	Salvo quanto è disposto dall’art. 2777, nel concorso di crediti aventi privilegio generale o speciale sulla medesima cosa, la prelazione si esercita nell’ordine che segue: i crediti per contributi ad istituti, enti o fondi speciali compresi quelli sostitutivi o integrativi che gestiscono forme di assicurazione obbligatoria per l’invalidità, la vecchiaia ed i superstiti, indicati dall’art. 2753; i crediti per le imposte sui redditi immobiliari, indicati dall’art. 2771, quando il privilegio si esercita separatamente sopra i frutti, i fitti e le pigioni degli immobili; (i crediti degli istituti esercenti il credito agrario, indicati dai due primi commi dell’art. 2766); i crediti per prestazioni e spese di conservazione e miglioramento di beni mobili, indicati dall’art. 2756; i crediti per le mercedi dovute ai lavoratori impiegati nelle opere di coltivazione e di raccolta, indicate dall’art. 2757; i crediti per sementi e materie fertilizzanti e antiparassitarie e per somministrazione di acqua per irrigazione, nonché i crediti per i lavori di coltivazione e di raccolta indicati dall’art. 2757. Qualora tali crediti vengano in concorso tra loro, sono preferiti quelli di raccolta, seguono quelli di coltivazione e, infine, gli altri crediti indicati dallo stesso articolo; i crediti per i tributi indiretti, indicati dall’art. 2758, salvo che la legge speciale accordi un diverso grado di preferenza, e i crediti per le imposte sul reddito, indicati dall’art. 2759: i crediti per contributi dovuti a istituti ed enti per forme di tutela previdenziale e assistenziale indicati dall’art. 27 54, nonché gli accessori, limitatamente al cinquanta per cento del loro ammontare, relativi a tali crediti ed a quelli indicati dal precedente n. 1 del presente articolo; (i crediti degli istituti esercenti il credito agrario, indicati dal terzo comma dell’art. 2766); i crediti dipendenti da reato, indicati dall’art. 2768, sulle cose sequestrate, nei casi e secondo l’ordine stabiliti dal codice penale e dal codice di procedura penale; i crediti per risarcimento, indicati dall’art. 2767; i crediti dell’albergatore, indicati dall’art. 2760; i crediti del vettore, del mandatario, del depositario e del sequestratario, indicati dall’art. 2761; i crediti del venditore di macchine o della banca per le anticipazioni del prezzo, indicati dall’art. 2762: i crediti per canoni enfiteutici, indica ti dall’art. 2763; i crediti del locatore e i crediti del concedente dipendenti dai contratti di mezzadria e colonia, indicati rispettivamente dagli artt. 2764 e 2765; i crediti per spese funebri, d’infermità, per somministrazioni ed alimenti, nell’ordine indicato dall’art. 2751; i crediti dello Stato per tributi diretti, indicati dal primo comma dell’art. 2752; i crediti dello Stato indicati dal terzo comma dell’art. 2752; i crediti degli enti locali per tributi indicati dal quarto comma dell’art. 2752.
415	Art. 2778 Ordine degli altri privilegi sui mobili	22. Quali crediti dello Stato e degli enti locali sono indicati dall’art. 2752?	Salvo quanto è disposto dall’art. 2777, nel concorso di crediti aventi privilegio generale o speciale sulla medesima cosa, la prelazione si esercita nell’ordine che segue: i crediti per contributi ad istituti, enti o fondi speciali compresi quelli sostitutivi o integrativi che gestiscono forme di assicurazione obbligatoria per l’invalidità, la vecchiaia ed i superstiti, indicati dall’art. 2753; i crediti per le imposte sui redditi immobiliari, indicati dall’art. 2771, quando il privilegio si esercita separatamente sopra i frutti, i fitti e le pigioni degli immobili; (i crediti degli istituti esercenti il credito agrario, indicati dai due primi commi dell’art. 2766); i crediti per prestazioni e spese di conservazione e miglioramento di beni mobili, indicati dall’art. 2756; i crediti per le mercedi dovute ai lavoratori impiegati nelle opere di coltivazione e di raccolta, indicate dall’art. 2757; i crediti per sementi e materie fertilizzanti e antiparassitarie e per somministrazione di acqua per irrigazione, nonché i crediti per i lavori di coltivazione e di raccolta indicati dall’art. 2757. Qualora tali crediti vengano in concorso tra loro, sono preferiti quelli di raccolta, seguono quelli di coltivazione e, infine, gli altri crediti indicati dallo stesso articolo; i crediti per i tributi indiretti, indicati dall’art. 2758, salvo che la legge speciale accordi un diverso grado di preferenza, e i crediti per le imposte sul reddito, indicati dall’art. 2759: i crediti per contributi dovuti a istituti ed enti per forme di tutela previdenziale e assistenziale indicati dall’art. 27 54, nonché gli accessori, limitatamente al cinquanta per cento del loro ammontare, relativi a tali crediti ed a quelli indicati dal precedente n. 1 del presente articolo; (i crediti degli istituti esercenti il credito agrario, indicati dal terzo comma dell’art. 2766); i crediti dipendenti da reato, indicati dall’art. 2768, sulle cose sequestrate, nei casi e secondo l’ordine stabiliti dal codice penale e dal codice di procedura penale; i crediti per risarcimento, indicati dall’art. 2767; i crediti dell’albergatore, indicati dall’art. 2760; i crediti del vettore, del mandatario, del depositario e del sequestratario, indicati dall’art. 2761; i crediti del venditore di macchine o della banca per le anticipazioni del prezzo, indicati dall’art. 2762: i crediti per canoni enfiteutici, indica ti dall’art. 2763; i crediti del locatore e i crediti del concedente dipendenti dai contratti di mezzadria e colonia, indicati rispettivamente dagli artt. 2764 e 2765; i crediti per spese funebri, d’infermità, per somministrazioni ed alimenti, nell’ordine indicato dall’art. 2751; i crediti dello Stato per tributi diretti, indicati dal primo comma dell’art. 2752; i crediti dello Stato indicati dal terzo comma dell’art. 2752; i crediti degli enti locali per tributi indicati dal quarto comma dell’art. 2752.
416	Art. 2779 Concorso dei privilegi con ipoteche sugli autoveicoli	1. Quali privilegi sono posposti alle ipoteche sugli autoveicoli menzionate nell'art. 2810?	Se i privilegi indicati dall’articolo precedente concorrono con le ipoteche sugli autoveicoli, menzionate nell’art. 2810, queste sono posposte ai privilegi menzionati nei primi dieci numeri dell’art. 2778 e sono preferite a tutti gli altri.
417	Art. 2780 Ordine dei privilegi sugli immobili	1. Qual è l'ordine di prelazione per i crediti privilegiati sul prezzo di un immobile?	Quando sul prezzo dello stesso immobile concorrono più crediti privilegiati, la prelazione ha luogo secondo l’ordine seguente: i crediti per le imposte sui redditi immobiliari, indicati dall’art. 2771; i crediti per i contributi, indicati dall’art. 2775; i crediti dello Stato per le concessioni di acque, indicati dall’art. 2774; i crediti per i tributi indiretti, indicati dall’art. 2772; i crediti per l’imposta comunale sul l’incremento di valore degli immobili.
418	Art. 2780 Ordine dei privilegi sugli immobili	2. Quali crediti hanno la precedenza secondo l'articolo 2771?	Quando sul prezzo dello stesso immobile concorrono più crediti privilegiati, la prelazione ha luogo secondo l’ordine seguente: i crediti per le imposte sui redditi immobiliari, indicati dall’art. 2771; i crediti per i contributi, indicati dall’art. 2775; i crediti dello Stato per le concessioni di acque, indicati dall’art. 2774; i crediti per i tributi indiretti, indicati dall’art. 2772; i crediti per l’imposta comunale sul l’incremento di valore degli immobili.
419	Art. 2780 Ordine dei privilegi sugli immobili	3. Quali crediti sono indicati dall'articolo 2775?	Quando sul prezzo dello stesso immobile concorrono più crediti privilegiati, la prelazione ha luogo secondo l’ordine seguente: i crediti per le imposte sui redditi immobiliari, indicati dall’art. 2771; i crediti per i contributi, indicati dall’art. 2775; i crediti dello Stato per le concessioni di acque, indicati dall’art. 2774; i crediti per i tributi indiretti, indicati dall’art. 2772; i crediti per l’imposta comunale sul l’incremento di valore degli immobili.
420	Art. 2780 Ordine dei privilegi sugli immobili	4. Quali crediti dello Stato sono menzionati nell'articolo 2774?	Quando sul prezzo dello stesso immobile concorrono più crediti privilegiati, la prelazione ha luogo secondo l’ordine seguente: i crediti per le imposte sui redditi immobiliari, indicati dall’art. 2771; i crediti per i contributi, indicati dall’art. 2775; i crediti dello Stato per le concessioni di acque, indicati dall’art. 2774; i crediti per i tributi indiretti, indicati dall’art. 2772; i crediti per l’imposta comunale sul l’incremento di valore degli immobili.
421	Art. 2780 Ordine dei privilegi sugli immobili	5. Quali crediti sono elencati nell'articolo 2772?	Quando sul prezzo dello stesso immobile concorrono più crediti privilegiati, la prelazione ha luogo secondo l’ordine seguente: i crediti per le imposte sui redditi immobiliari, indicati dall’art. 2771; i crediti per i contributi, indicati dall’art. 2775; i crediti dello Stato per le concessioni di acque, indicati dall’art. 2774; i crediti per i tributi indiretti, indicati dall’art. 2772; i crediti per l’imposta comunale sul l’incremento di valore degli immobili.
422	Art. 2780 Ordine dei privilegi sugli immobili	6. Quale imposta comunale è menzionata come parte dei crediti privilegiati?	Quando sul prezzo dello stesso immobile concorrono più crediti privilegiati, la prelazione ha luogo secondo l’ordine seguente: i crediti per le imposte sui redditi immobiliari, indicati dall’art. 2771; i crediti per i contributi, indicati dall’art. 2775; i crediti dello Stato per le concessioni di acque, indicati dall’art. 2774; i crediti per i tributi indiretti, indicati dall’art. 2772; i crediti per l’imposta comunale sul l’incremento di valore degli immobili.
423	Art. 2781 Concorso di privilegi speciali con crediti pignoratizi	1. In che modo un privilegio speciale può prevalere su un credito garantito con pegno?	Qualora con crediti assistiti da privilegio speciale concorra un credito garantito con pegno (2784 e seguenti) e uno dei privilegi debba essere preferito rispetto al pegno, tale privilegio prevale su quegli altri che devono essere posposti al pegno, anche se anteriori di grado (att. 234).
424	Art. 2782 Concorso di crediti egualmente privilegiati	1. Come si determina la proporzione tra crediti egualmente privilegiati quando concorrono tra loro?	I crediti egualmente privilegiati concorrono tra loro in proporzione del rispettivo importo. La stessa disposizione si osserva quando concorrono tra loro più crediti privilegiati ai quali le leggi speciali attribuiscono genericamente una prelazione su ogni altro credito.
425	Art. 2782 Concorso di crediti egualmente privilegiati	2. Cosa accade quando più crediti privilegiati, con prelazione generica su ogni altro credito, concorrono tra loro?	I crediti egualmente privilegiati concorrono tra loro in proporzione del rispettivo importo. La stessa disposizione si osserva quando concorrono tra loro più crediti privilegiati ai quali le leggi speciali attribuiscono genericamente una prelazione su ogni altro credito.
426	Art. 2783 Preferenza non determinata dalla legge	1. Cosa accade quando dalla legge non risulta il grado di preferenza di un determinato privilegio speciale?	Quando dalla legge non risulta il grado di preferenza di un determinato privilegio speciale, esso prende grado dopo ogni altro privilegio speciale regolato nel codice (att. 234).
427	Art. 2783 bis Crediti derivanti dall’applicazione dei prelievi di cui agli articoli 49 e 50 del trattato che istituisce la Comunità europea del carbone e dell’acciaio	1. In che modo i crediti derivanti dai prelievi di cui agli articoli 49 e 50 del Trattato che istituisce la Comunità europea del carbone e dell’acciaio sono equiparati ai crediti dello Stato per l’imposta sul valore aggiunto?	I crediti derivanti dall’applicazione dei prelievi di cui agli artt. 49 e 50 del Trattato che istituisce la Comunità europea del carbone e dell’acciaio, nonché dalle relative maggiorazioni di mora, sono equiparati, ai fini dell’applicazione delle disposizioni del presente capo, ai crediti dello Stato per l’imposta sul valore aggiunto.
428	Art. 2784 Nozione	1. Quali tipi di beni possono essere dati in pegno secondo il testo?	Il pegno è costituito a garanzia dell’obbligazione dal debitore o da un terzo per il debitore. Possono essere dati in pegno i beni mobili, le universalità di mobili, i crediti e altri diritti aventi per oggetto beni mobili.
429	Art. 2784 Nozione	2. Chi può costituire un pegno a garanzia dell'obbligazione?	Il pegno è costituito a garanzia dell’obbligazione dal debitore o da un terzo per il debitore. Possono essere dati in pegno i beni mobili, le universalità di mobili, i crediti e altri diritti aventi per oggetto beni mobili.
430	Art. 2785 Rinvio a leggi speciali	1. Quali leggi speciali non vengono derogate dalle disposizioni del presente capo in relazione alla costituzione di pegno?	Le disposizioni del presente capo non derogano alle leggi speciali concernenti casi e forme particolari di costituzione di pegno, né a quelle concernenti gli istituti autorizzati a fare prestiti sopra pegni.
431	Art. 2786 Costituzione	1. In che modo si costituisce il pegno secondo il testo?	Il pegno si costituisce con la consegna al creditore della cosa o del documento che conferisce l’esclusiva disponibilità della cosa. La cosa o il documento possono essere anche consegnati a un terzo designato dalle parti o possono essere posti in custodia di entrambe, in modo che il costituente sia nell’impossibilità di disporne senza la cooperazione del creditore.
432	Art. 2786 Costituzione	2. Quali sono le modalità alternative alla consegna diretta al creditore per costituire un pegno?	Il pegno si costituisce con la consegna al creditore della cosa o del documento che conferisce l’esclusiva disponibilità della cosa. La cosa o il documento possono essere anche consegnati a un terzo designato dalle parti o possono essere posti in custodia di entrambe, in modo che il costituente sia nell’impossibilità di disporne senza la cooperazione del creditore.
433	Art. 2787 Prelazione del creditore pignoratizio	1. In quali circostanze il creditore non può far valere la prelazione sulla cosa ricevuta in pegno?	Il creditore ha diritto di farsi pagare con prelazione sulla cosa ricevuta in pegno. La prelazione non si può far valere se la cosa data in pegno non è rimasta in possesso del creditore o presso il terzo designato dalle parti. Quando il credito garantito eccede la somma di lire cinquemila, la prelazione non ha luogo se il pegno non risulta da scrittura con data certa, la quale contenga sufficiente indicazione del credito e della cosa. Se però il pegno risulta da polizza o da altra scrittura di enti che, debitamente autorizzati, compiono professionalmente operazioni di credito su pegno, la data della scrittura può essere accertata con ogni mezzo di prova (att. 237).
434	Art. 2787 Prelazione del creditore pignoratizio	2. Quali sono i requisiti necessari affinché la prelazione abbia luogo quando il credito garantito eccede la somma di lire cinquemila?	Il creditore ha diritto di farsi pagare con prelazione sulla cosa ricevuta in pegno. La prelazione non si può far valere se la cosa data in pegno non è rimasta in possesso del creditore o presso il terzo designato dalle parti. Quando il credito garantito eccede la somma di lire cinquemila, la prelazione non ha luogo se il pegno non risulta da scrittura con data certa, la quale contenga sufficiente indicazione del credito e della cosa. Se però il pegno risulta da polizza o da altra scrittura di enti che, debitamente autorizzati, compiono professionalmente operazioni di credito su pegno, la data della scrittura può essere accertata con ogni mezzo di prova (att. 237).
435	Art. 2787 Prelazione del creditore pignoratizio	3. Come può essere accertata la data della scrittura se il pegno risulta da polizza o da altra scrittura di enti autorizzati a compiere operazioni di credito su pegno?	Il creditore ha diritto di farsi pagare con prelazione sulla cosa ricevuta in pegno. La prelazione non si può far valere se la cosa data in pegno non è rimasta in possesso del creditore o presso il terzo designato dalle parti. Quando il credito garantito eccede la somma di lire cinquemila, la prelazione non ha luogo se il pegno non risulta da scrittura con data certa, la quale contenga sufficiente indicazione del credito e della cosa. Se però il pegno risulta da polizza o da altra scrittura di enti che, debitamente autorizzati, compiono professionalmente operazioni di credito su pegno, la data della scrittura può essere accertata con ogni mezzo di prova (att. 237).
436	Art. 2787 Prelazione del creditore pignoratizio	4. Cosa deve contenere la scrittura con data certa affinché la prelazione sia valida per crediti superiori a lire cinquemila?	Il creditore ha diritto di farsi pagare con prelazione sulla cosa ricevuta in pegno. La prelazione non si può far valere se la cosa data in pegno non è rimasta in possesso del creditore o presso il terzo designato dalle parti. Quando il credito garantito eccede la somma di lire cinquemila, la prelazione non ha luogo se il pegno non risulta da scrittura con data certa, la quale contenga sufficiente indicazione del credito e della cosa. Se però il pegno risulta da polizza o da altra scrittura di enti che, debitamente autorizzati, compiono professionalmente operazioni di credito su pegno, la data della scrittura può essere accertata con ogni mezzo di prova (att. 237).
437	Art. 2788 Prelazione per il credito degli interessi	1. In quale momento ha luogo la prelazione per gli interessi dell'anno in corso secondo il testo?	La prelazione ha luogo anche per gli interessi dell’anno in corso alla data del pignoramento (Cod. Pen. 492, 518) o, in mancanza di questo, alla data della notificazione del precetto (Cod. Proc. Civ. 479 e seguenti). La prelazione ha luogo inoltre per gli interessi successivamente maturati, nei limiti della misura legale, fino alla data della vendita.
438	Art. 2788 Prelazione per il credito degli interessi	2. Fino a quale data la prelazione ha luogo per gli interessi successivamente maturati?	La prelazione ha luogo anche per gli interessi dell’anno in corso alla data del pignoramento (Cod. Pen. 492, 518) o, in mancanza di questo, alla data della notificazione del precetto (Cod. Proc. Civ. 479 e seguenti). La prelazione ha luogo inoltre per gli interessi successivamente maturati, nei limiti della misura legale, fino alla data della vendita.
439	Art. 2789 Rivendicazione della cosa da parte del creditore pignoratizio	1. Quali azioni può esercitare il creditore che ha perduto il possesso della cosa ricevuta in pegno?	Il creditore che ha perduto il possesso della cosa ricevuta in pegno, oltre le azioni a difesa del possesso, può anche esercitare l’azione di rivendicazione (948 e seguenti), se questa spetta al costituente.
440	Art. 2790 Conservazione della cosa e spese relative	1. Quali sono le responsabilità del creditore riguardo alla custodia della cosa ricevuta in pegno?	Il creditore è tenuto a custodire la cosa ricevuta in pegno e risponde, secondo le regole generali, della perdita e del deterioramento di essa (1218 e seguenti, 1760, 1780). Colui che ha costituito il pegno è tenuto al rimborso delle spese occorse per la conservazione della cosa (att. 237).
441	Art. 2790 Conservazione della cosa e spese relative	2. Chi è tenuto al rimborso delle spese per la conservazione della cosa data in pegno?	Il creditore è tenuto a custodire la cosa ricevuta in pegno e risponde, secondo le regole generali, della perdita e del deterioramento di essa (1218 e seguenti, 1760, 1780). Colui che ha costituito il pegno è tenuto al rimborso delle spese occorse per la conservazione della cosa (att. 237).
442	Art. 2791 Pegno di cosa fruttifera	1. Quali sono le priorità di imputazione dei frutti nel caso di pegno di una cosa fruttifera?	Se è data in pegno una cosa fruttifera, il creditore, salvo patto contrario, ha la facoltà di fare suoi i frutti (8211, imputandoli prima alle spese e agli interessi e poi al capitale.
443	Art. 2792 Divieto di uso e disposizione della cosa	1. In quali circostanze il creditore può utilizzare la cosa senza il consenso del costituente?	Il creditore non può (Cod. Pen. 646), senza il consenso del costituente, usare della cosa, salvo che l’uso sia necessario per la conservazione di essa. Egli non può darla in pegno o concederne ad altri il godimento. In ogni caso, deve imputare l’utile ricavato prima alle spese e agli interessi e poi al capitale.
444	Art. 2792 Divieto di uso e disposizione della cosa	2. Quali sono le restrizioni imposte al creditore riguardo alla concessione della cosa in pegno o al godimento da parte di terzi?	Il creditore non può (Cod. Pen. 646), senza il consenso del costituente, usare della cosa, salvo che l’uso sia necessario per la conservazione di essa. Egli non può darla in pegno o concederne ad altri il godimento. In ogni caso, deve imputare l’utile ricavato prima alle spese e agli interessi e poi al capitale.
445	Art. 2792 Divieto di uso e disposizione della cosa	3. Come deve il creditore imputare l'utile ricavato dall'uso della cosa?	Il creditore non può (Cod. Pen. 646), senza il consenso del costituente, usare della cosa, salvo che l’uso sia necessario per la conservazione di essa. Egli non può darla in pegno o concederne ad altri il godimento. In ogni caso, deve imputare l’utile ricavato prima alle spese e agli interessi e poi al capitale.
446	Art. 2793 Sequestro della cosa	1. Quali azioni legali può intraprendere il costituente se il creditore abusa della cosa data in pegno?	Se il creditore abusa della cosa data in pegno, il costituente può domandarne il sequestro (Cod. Proc. Civ. 670 e seguenti).
447	Art. 2794 Restituzione della cosa	1. Quali condizioni devono essere soddisfatte affinché colui che ha costituito il pegno possa esigerne la restituzione?	Colui che ha costituito il pegno non può esigerne la restituzione, se non sono stati interamente pagati il capitale e gli interessi e non sono state rimborsate le spese relative al debito e al pegno. Se il pegno è stato costituito dal debitore e questi ha verso lo stesso creditore un altro debito sorto dopo la costituzione del pegno e scaduto prima che sia pagato il debito anteriore, il creditore ha soltanto il diritto di ritenzione a garanzia del nuovo credito.
448	Art. 2794 Restituzione della cosa	2. In quale circostanza il creditore ha solo il diritto di ritenzione a garanzia di un nuovo credito?	Colui che ha costituito il pegno non può esigerne la restituzione, se non sono stati interamente pagati il capitale e gli interessi e non sono state rimborsate le spese relative al debito e al pegno. Se il pegno è stato costituito dal debitore e questi ha verso lo stesso creditore un altro debito sorto dopo la costituzione del pegno e scaduto prima che sia pagato il debito anteriore, il creditore ha soltanto il diritto di ritenzione a garanzia del nuovo credito.
449	Art. 2795 Vendita anticipata	1. Cosa può fare il creditore se la cosa data in pegno si deteriora al punto da diventare insufficiente alla sicurezza del credito?	Se la cosa data in pegno si deteriora in modo da far temere che essa divenga insufficiente alla sicurezza del creditore, questi, previo avviso a colui che ha costituito il pegno, può chiedere al giudice l’autorizzazione a vendere la cosa (Cod. Proc. Civ. 502). Con il provvedimento che autorizza la vendita il giudice dispone anche circa il deposito del prezzo a garanzia del credito. Il costituente può evitare la vendita e farsi restituire il pegno, offrendo altra garanzia reale che il giudice riconosca idonea. Il costituente può del pari, in caso di deterioramento o di diminuzione di valore della cosa data in pegno, domandare al giudice l’autorizzazione a venderla oppure chiedere la restituzione del pegno, offrendo altra garanzia reale che il giudice riconosca idonea. Il costituente può chiedere al giudice l’autorizzazione a vendere la cosa, qualora si presenti un’occasione favorevole. Con il provvedimento di autorizzazione il giudice dispone le condizioni della vendita e il deposito del prezzo (Cod. Proc. Civ. 530).
450	Art. 2795 Vendita anticipata	2. Quali sono le condizioni che il giudice deve disporre con il provvedimento di autorizzazione alla vendita della cosa data in pegno?	Se la cosa data in pegno si deteriora in modo da far temere che essa divenga insufficiente alla sicurezza del creditore, questi, previo avviso a colui che ha costituito il pegno, può chiedere al giudice l’autorizzazione a vendere la cosa (Cod. Proc. Civ. 502). Con il provvedimento che autorizza la vendita il giudice dispone anche circa il deposito del prezzo a garanzia del credito. Il costituente può evitare la vendita e farsi restituire il pegno, offrendo altra garanzia reale che il giudice riconosca idonea. Il costituente può del pari, in caso di deterioramento o di diminuzione di valore della cosa data in pegno, domandare al giudice l’autorizzazione a venderla oppure chiedere la restituzione del pegno, offrendo altra garanzia reale che il giudice riconosca idonea. Il costituente può chiedere al giudice l’autorizzazione a vendere la cosa, qualora si presenti un’occasione favorevole. Con il provvedimento di autorizzazione il giudice dispone le condizioni della vendita e il deposito del prezzo (Cod. Proc. Civ. 530).
451	Art. 2795 Vendita anticipata	3. In che modo il costituente può evitare la vendita della cosa data in pegno?	Se la cosa data in pegno si deteriora in modo da far temere che essa divenga insufficiente alla sicurezza del creditore, questi, previo avviso a colui che ha costituito il pegno, può chiedere al giudice l’autorizzazione a vendere la cosa (Cod. Proc. Civ. 502). Con il provvedimento che autorizza la vendita il giudice dispone anche circa il deposito del prezzo a garanzia del credito. Il costituente può evitare la vendita e farsi restituire il pegno, offrendo altra garanzia reale che il giudice riconosca idonea. Il costituente può del pari, in caso di deterioramento o di diminuzione di valore della cosa data in pegno, domandare al giudice l’autorizzazione a venderla oppure chiedere la restituzione del pegno, offrendo altra garanzia reale che il giudice riconosca idonea. Il costituente può chiedere al giudice l’autorizzazione a vendere la cosa, qualora si presenti un’occasione favorevole. Con il provvedimento di autorizzazione il giudice dispone le condizioni della vendita e il deposito del prezzo (Cod. Proc. Civ. 530).
452	Art. 2795 Vendita anticipata	4. Quali alternative ha il costituente in caso di deterioramento o diminuzione di valore della cosa data in pegno?	Se la cosa data in pegno si deteriora in modo da far temere che essa divenga insufficiente alla sicurezza del creditore, questi, previo avviso a colui che ha costituito il pegno, può chiedere al giudice l’autorizzazione a vendere la cosa (Cod. Proc. Civ. 502). Con il provvedimento che autorizza la vendita il giudice dispone anche circa il deposito del prezzo a garanzia del credito. Il costituente può evitare la vendita e farsi restituire il pegno, offrendo altra garanzia reale che il giudice riconosca idonea. Il costituente può del pari, in caso di deterioramento o di diminuzione di valore della cosa data in pegno, domandare al giudice l’autorizzazione a venderla oppure chiedere la restituzione del pegno, offrendo altra garanzia reale che il giudice riconosca idonea. Il costituente può chiedere al giudice l’autorizzazione a vendere la cosa, qualora si presenti un’occasione favorevole. Con il provvedimento di autorizzazione il giudice dispone le condizioni della vendita e il deposito del prezzo (Cod. Proc. Civ. 530).
453	Art. 2795 Vendita anticipata	5. Quando può il costituente chiedere al giudice l’autorizzazione a vendere la cosa data in pegno?	Se la cosa data in pegno si deteriora in modo da far temere che essa divenga insufficiente alla sicurezza del creditore, questi, previo avviso a colui che ha costituito il pegno, può chiedere al giudice l’autorizzazione a vendere la cosa (Cod. Proc. Civ. 502). Con il provvedimento che autorizza la vendita il giudice dispone anche circa il deposito del prezzo a garanzia del credito. Il costituente può evitare la vendita e farsi restituire il pegno, offrendo altra garanzia reale che il giudice riconosca idonea. Il costituente può del pari, in caso di deterioramento o di diminuzione di valore della cosa data in pegno, domandare al giudice l’autorizzazione a venderla oppure chiedere la restituzione del pegno, offrendo altra garanzia reale che il giudice riconosca idonea. Il costituente può chiedere al giudice l’autorizzazione a vendere la cosa, qualora si presenti un’occasione favorevole. Con il provvedimento di autorizzazione il giudice dispone le condizioni della vendita e il deposito del prezzo (Cod. Proc. Civ. 530).
454	Art. 2795 Vendita anticipata	6. Cosa deve fare il giudice con il prezzo ottenuto dalla vendita della cosa data in pegno?	Se la cosa data in pegno si deteriora in modo da far temere che essa divenga insufficiente alla sicurezza del creditore, questi, previo avviso a colui che ha costituito il pegno, può chiedere al giudice l’autorizzazione a vendere la cosa (Cod. Proc. Civ. 502). Con il provvedimento che autorizza la vendita il giudice dispone anche circa il deposito del prezzo a garanzia del credito. Il costituente può evitare la vendita e farsi restituire il pegno, offrendo altra garanzia reale che il giudice riconosca idonea. Il costituente può del pari, in caso di deterioramento o di diminuzione di valore della cosa data in pegno, domandare al giudice l’autorizzazione a venderla oppure chiedere la restituzione del pegno, offrendo altra garanzia reale che il giudice riconosca idonea. Il costituente può chiedere al giudice l’autorizzazione a vendere la cosa, qualora si presenti un’occasione favorevole. Con il provvedimento di autorizzazione il giudice dispone le condizioni della vendita e il deposito del prezzo (Cod. Proc. Civ. 530).
455	Art. 2796 Vendita della cosa	1. Quali sono le forme stabilite dall'articolo seguente per la vendita della cosa ricevuta in pegno?	Il creditore per il conseguimento di quanto gli è dovuto può far vendere la cosa ricevuta in pegno secondo le forme stabilite dall’articolo seguente (2744; Cod. Proc. Civ. 502).
456	Art. 2797 Forme della vendita	1. Quali sono i passaggi che il creditore deve seguire prima di procedere alla vendita del bene dato in pegno?	Prima di procedere alla vendita il creditore, a mezzo di ufficiale giudiziario, deve intimare al debitore di pagare il debito e gli accessori, avvertendo che, in mancanza, si procederà alla vendita. L’intimazione deve essere notificata anche al terzo che abbia costituito il pegno. Se entro cinque giorni dall’intimazione non è proposta opposizione, o se questa è rigettata, il creditore può far vendere la cosa al pubblico incanto, o, se la cosa ha un prezzo di mercato, anche a prezzo corrente, a mezzo di persona autorizzata a tali atti (1515, att. 83). Se il debitore non ha residenza o domicilio eletto nel luogo di residenza del creditore, il termine per l’opposizione è determinato a norma dell’art. 163 bis Cod. Proc. Civ. Il giudice, sull’opposizione del costituente, può limitare la vendita a quella tra più cose date in pegno, il cui valore basti a pagare il debito. Per la vendita della cosa data in pegno le parti possono convenire forme diverse.
457	Art. 2797 Forme della vendita	2. A chi deve essere notificata l'intimazione di pagamento oltre al debitore?	Prima di procedere alla vendita il creditore, a mezzo di ufficiale giudiziario, deve intimare al debitore di pagare il debito e gli accessori, avvertendo che, in mancanza, si procederà alla vendita. L’intimazione deve essere notificata anche al terzo che abbia costituito il pegno. Se entro cinque giorni dall’intimazione non è proposta opposizione, o se questa è rigettata, il creditore può far vendere la cosa al pubblico incanto, o, se la cosa ha un prezzo di mercato, anche a prezzo corrente, a mezzo di persona autorizzata a tali atti (1515, att. 83). Se il debitore non ha residenza o domicilio eletto nel luogo di residenza del creditore, il termine per l’opposizione è determinato a norma dell’art. 163 bis Cod. Proc. Civ. Il giudice, sull’opposizione del costituente, può limitare la vendita a quella tra più cose date in pegno, il cui valore basti a pagare il debito. Per la vendita della cosa data in pegno le parti possono convenire forme diverse.
458	Art. 2797 Forme della vendita	3. Quali sono le opzioni di vendita disponibili per il creditore se il debitore non paga entro cinque giorni dall'intimazione?	Prima di procedere alla vendita il creditore, a mezzo di ufficiale giudiziario, deve intimare al debitore di pagare il debito e gli accessori, avvertendo che, in mancanza, si procederà alla vendita. L’intimazione deve essere notificata anche al terzo che abbia costituito il pegno. Se entro cinque giorni dall’intimazione non è proposta opposizione, o se questa è rigettata, il creditore può far vendere la cosa al pubblico incanto, o, se la cosa ha un prezzo di mercato, anche a prezzo corrente, a mezzo di persona autorizzata a tali atti (1515, att. 83). Se il debitore non ha residenza o domicilio eletto nel luogo di residenza del creditore, il termine per l’opposizione è determinato a norma dell’art. 163 bis Cod. Proc. Civ. Il giudice, sull’opposizione del costituente, può limitare la vendita a quella tra più cose date in pegno, il cui valore basti a pagare il debito. Per la vendita della cosa data in pegno le parti possono convenire forme diverse.
459	Art. 2797 Forme della vendita	4. Come viene determinato il termine per l'opposizione se il debitore non ha residenza o domicilio eletto nel luogo di residenza del creditore?	Prima di procedere alla vendita il creditore, a mezzo di ufficiale giudiziario, deve intimare al debitore di pagare il debito e gli accessori, avvertendo che, in mancanza, si procederà alla vendita. L’intimazione deve essere notificata anche al terzo che abbia costituito il pegno. Se entro cinque giorni dall’intimazione non è proposta opposizione, o se questa è rigettata, il creditore può far vendere la cosa al pubblico incanto, o, se la cosa ha un prezzo di mercato, anche a prezzo corrente, a mezzo di persona autorizzata a tali atti (1515, att. 83). Se il debitore non ha residenza o domicilio eletto nel luogo di residenza del creditore, il termine per l’opposizione è determinato a norma dell’art. 163 bis Cod. Proc. Civ. Il giudice, sull’opposizione del costituente, può limitare la vendita a quella tra più cose date in pegno, il cui valore basti a pagare il debito. Per la vendita della cosa data in pegno le parti possono convenire forme diverse.
460	Art. 2797 Forme della vendita	5. In che modo il giudice può intervenire sull'opposizione del costituente riguardo alla vendita delle cose date in pegno?	Prima di procedere alla vendita il creditore, a mezzo di ufficiale giudiziario, deve intimare al debitore di pagare il debito e gli accessori, avvertendo che, in mancanza, si procederà alla vendita. L’intimazione deve essere notificata anche al terzo che abbia costituito il pegno. Se entro cinque giorni dall’intimazione non è proposta opposizione, o se questa è rigettata, il creditore può far vendere la cosa al pubblico incanto, o, se la cosa ha un prezzo di mercato, anche a prezzo corrente, a mezzo di persona autorizzata a tali atti (1515, att. 83). Se il debitore non ha residenza o domicilio eletto nel luogo di residenza del creditore, il termine per l’opposizione è determinato a norma dell’art. 163 bis Cod. Proc. Civ. Il giudice, sull’opposizione del costituente, può limitare la vendita a quella tra più cose date in pegno, il cui valore basti a pagare il debito. Per la vendita della cosa data in pegno le parti possono convenire forme diverse.
461	Art. 2798 Assegnazione della cosa in pagamento	1. Quali sono le modalità attraverso le quali un creditore può ottenere l'assegnazione di una cosa in pagamento del debito?	Il creditore può sempre domandare al giudice che la cosa gli venga assegnata in pagamento (2925 e seguenti; Cod. Proc. Civ. 505 e seguenti) fino alla concorrenza del debito, secondo la stima da farsi con perizia o secondo il prezzo corrente, se la cosa ha un prezzo di mercato.
462	Art. 2798 Assegnazione della cosa in pagamento	2. In che modo viene determinato il valore della cosa da assegnare al creditore in pagamento del debito?	Il creditore può sempre domandare al giudice che la cosa gli venga assegnata in pagamento (2925 e seguenti; Cod. Proc. Civ. 505 e seguenti) fino alla concorrenza del debito, secondo la stima da farsi con perizia o secondo il prezzo corrente, se la cosa ha un prezzo di mercato.
463	Art. 2799 Indivisibilità del pegno	1. In che modo il principio di indivisibilità del pegno influisce sulla garanzia del credito?	Il pegno è indivisibile e garantisce il credito finché questo non è integralmente soddisfatto, anche se il debito o la cosa data in pegno è divisibile.
464	Art. 2800 Condizioni della prelazione	1. Quali sono le condizioni necessarie affinché la prelazione nel pegno di crediti abbia luogo?	Nel pegno di crediti la prelazione non ha luogo, se non quando il pegno risulta da atto scritto e la costituzione di esso è stata notificata al debitore del credito dato in pegno ovvero è stata da questo accettata con scrittura avente data certa.
465	Art. 2801 Consegna del documento	1. Cosa è tenuto a fare il costituente se il credito costituito in pegno risulta da un documento?	Se il credito costituito in pegno risulta da un documento, il costituente è tenuto a consegnarlo al creditore.
466	Art. 2802 Riscossione di interessi e di prestazioni periodiche	1. Quali obblighi ha il creditore pignoratizio riguardo alla riscossione degli interessi del credito?	Il creditore pignoratizio è tenuto a riscuotere gli interessi del credito o le altre prestazioni periodiche, imputandone l’ammontare in primo luogo alle spese e agli interessi e poi al capitale. Egli è tenuto a compiere gli atti conservativi del credito ricevuto in pegno.
467	Art. 2802 Riscossione di interessi e di prestazioni periodiche	2. In che ordine il creditore pignoratizio deve imputare l'ammontare delle prestazioni periodiche riscosse?	Il creditore pignoratizio è tenuto a riscuotere gli interessi del credito o le altre prestazioni periodiche, imputandone l’ammontare in primo luogo alle spese e agli interessi e poi al capitale. Egli è tenuto a compiere gli atti conservativi del credito ricevuto in pegno.
468	Art. 2803 Riscossione del credito dato in pegno	1. Quali obblighi ha il creditore pignoratizio nei confronti del debitore quando il credito ricevuto in pegno ha per oggetto danaro o altre cose fungibili?	Il creditore pignoratizio è tenuto a riscuotere, alla scadenza, il credito ricevuto in pegno e, se questo ha per oggetto danaro o altre cose fungibili, deve, a richiesta del debitore, effettuarne il deposito nel luogo stabilito d’accordo o altrimenti determinato dall’autorità giudiziaria. Se il credito garantito è scaduto, il creditore può ritenere del denaro ricevuto quanto basta per il soddisfacimento delle sue ragioni e restituire il residuo al costituente o, se si tratta di cose diverse dal danaro, può farle vendere o chiederne l’assegnazione secondo le norme degli artt. 2797 e 2798.
469	Art. 2803 Riscossione del credito dato in pegno	2. Cosa può fare il creditore pignoratizio se il credito garantito è scaduto e ha ricevuto del denaro?	Il creditore pignoratizio è tenuto a riscuotere, alla scadenza, il credito ricevuto in pegno e, se questo ha per oggetto danaro o altre cose fungibili, deve, a richiesta del debitore, effettuarne il deposito nel luogo stabilito d’accordo o altrimenti determinato dall’autorità giudiziaria. Se il credito garantito è scaduto, il creditore può ritenere del denaro ricevuto quanto basta per il soddisfacimento delle sue ragioni e restituire il residuo al costituente o, se si tratta di cose diverse dal danaro, può farle vendere o chiederne l’assegnazione secondo le norme degli artt. 2797 e 2798.
470	Art. 2804 Assegnazione o vendita del credito dato in pegno	1. In quali circostanze il creditore pignoratizio può chiedere l'assegnazione in pagamento del credito ricevuto in pegno?	Il creditore pignoratizio non soddisfatto può in ogni caso chiedere che gli sia assegnato in pagamento il credito ricevuto in pegno, fino a concorrenza del suo credito. Se il credito non e ancora scaduto, egli può anche farlo vendere nelle forme stabilite dall’art. 797.
471	Art. 2804 Assegnazione o vendita del credito dato in pegno	2. Quali azioni può intraprendere il creditore pignoratizio se il credito ricevuto in pegno non è ancora scaduto?	Il creditore pignoratizio non soddisfatto può in ogni caso chiedere che gli sia assegnato in pagamento il credito ricevuto in pegno, fino a concorrenza del suo credito. Se il credito non e ancora scaduto, egli può anche farlo vendere nelle forme stabilite dall’art. 797.
472	Art. 2805 Eccezioni opponibili dal debitore del credito dato in pegno	1. Quali eccezioni può opporre il debitore del credito dato in pegno al creditore pignoratizio?	Il debitore del credito dato in pegno può opporre al creditore pignoratizio le eccezioni che gli spetterebbero contro il proprio creditore. Se il debitore medesimo ha accettato senza riserve la costituzione del pegno, non può opporre al creditore pignoratizio la compensazione verificatasi anteriormente.
473	Art. 2805 Eccezioni opponibili dal debitore del credito dato in pegno	2. In quale circostanza il debitore non può opporre la compensazione al creditore pignoratizio?	Il debitore del credito dato in pegno può opporre al creditore pignoratizio le eccezioni che gli spetterebbero contro il proprio creditore. Se il debitore medesimo ha accettato senza riserve la costituzione del pegno, non può opporre al creditore pignoratizio la compensazione verificatasi anteriormente.
474	Art. 2806 Pegno di diritti diversi dai crediti	1. Qual è la forma richiesta per la costituzione del pegno di diritti diversi dai crediti?	Il pegno di diritti diversi dai crediti si costituisce nella forma rispettivamente richiesta per il trasferimento dei diritti stessi, fermo il disposto del terzo comma dell’art. 2787. Sono salve le disposizioni delle leggi speciali.
475	Art. 2806 Pegno di diritti diversi dai crediti	2. Quali disposizioni devono essere rispettate oltre a quelle del terzo comma dell’art. 2787 nella costituzione del pegno di diritti diversi dai crediti?	Il pegno di diritti diversi dai crediti si costituisce nella forma rispettivamente richiesta per il trasferimento dei diritti stessi, fermo il disposto del terzo comma dell’art. 2787. Sono salve le disposizioni delle leggi speciali.
476	Art. 2807 Norme applicabili al pegno di crediti	1. Quali diritti attribuisce l'ipoteca al creditore nei confronti del terzo acquirente?	Per tutto ciò che non è regolato nella presente Art. 2808 Costituzione ed effetti dell’ipoteca L’ipoteca attribuisce al creditore il diritto di espropriare anche in confronto del terzo acquirente, i beni vincolati a garanzia del suo credito (Cod. Proc. Civ. 555 e seguenti) e di essere soddisfatto con preferenza sul prezzo ricavato dall’espropriazione (518; att. 54, 238; Cod. Proc. Civ. 596 e seguenti). L’ipoteca può avere per oggetto beni del debitore o di un terzo e si costituisce mediante iscrizione nei registri immobiliari. L’ipoteca è legale, giudiziale o volontaria.
477	Art. 2807 Norme applicabili al pegno di crediti	2. In che modo si costituisce un'ipoteca sui beni del debitore o di un terzo?	Per tutto ciò che non è regolato nella presente Art. 2808 Costituzione ed effetti dell’ipoteca L’ipoteca attribuisce al creditore il diritto di espropriare anche in confronto del terzo acquirente, i beni vincolati a garanzia del suo credito (Cod. Proc. Civ. 555 e seguenti) e di essere soddisfatto con preferenza sul prezzo ricavato dall’espropriazione (518; att. 54, 238; Cod. Proc. Civ. 596 e seguenti). L’ipoteca può avere per oggetto beni del debitore o di un terzo e si costituisce mediante iscrizione nei registri immobiliari. L’ipoteca è legale, giudiziale o volontaria.
478	Art. 2807 Norme applicabili al pegno di crediti	3. Quali sono le tipologie di ipoteca menzionate nel testo?	Per tutto ciò che non è regolato nella presente Art. 2808 Costituzione ed effetti dell’ipoteca L’ipoteca attribuisce al creditore il diritto di espropriare anche in confronto del terzo acquirente, i beni vincolati a garanzia del suo credito (Cod. Proc. Civ. 555 e seguenti) e di essere soddisfatto con preferenza sul prezzo ricavato dall’espropriazione (518; att. 54, 238; Cod. Proc. Civ. 596 e seguenti). L’ipoteca può avere per oggetto beni del debitore o di un terzo e si costituisce mediante iscrizione nei registri immobiliari. L’ipoteca è legale, giudiziale o volontaria.
479	Art. 2809 Specialità e indivisibilità dell’ipoteca	1. Quali sono i requisiti necessari affinché un'ipoteca possa essere iscritta su un bene?	L’ipoteca deve essere iscritta su beni specialmente indicati e per una somma determinata in danaro. Essa è indivisibile e sussiste per intero sopra tutti i beni vincolati, sopra ciascuno di essi e sopra ogni loro parte.
480	Art. 2809 Specialità e indivisibilità dell’ipoteca	2. In che modo l'indivisibilità dell'ipoteca influisce sui beni vincolati?	L’ipoteca deve essere iscritta su beni specialmente indicati e per una somma determinata in danaro. Essa è indivisibile e sussiste per intero sopra tutti i beni vincolati, sopra ciascuno di essi e sopra ogni loro parte.
481	Art. 2810 Oggetto dell’ipoteca	1. Quali beni immobili sono capaci di ipoteca secondo il testo?	Sono capaci d’ipoteca: i beni immobili che sono in commercio con le loro pertinenze (812 e seguenti); l’usufrutto dei beni stessi (326, 978 e seguenti); il diritto di superficie (952 e seguenti); il diritto dell’enfiteuta è quello del concedente sul fondo enfiteutico (957 e seguenti). Sono anche capaci d’ipoteca le rendite dello Stato nel modo determinato dalle leggi relative al debito pubblico, e inoltre le navi (Cod. Nav. 565 e seguenti), gli aeromobili (Cod. Nav. 1027 e seguenti) e gli autoveicoli, secondo le leggi che li riguardano (2742 e seguente). Sono considerati ipoteche i privilegi iscritti sugli autoveicoli a norma della legge speciale.
482	Art. 2810 Oggetto dell’ipoteca	2. L'usufrutto di quali beni è capace di ipoteca?	Sono capaci d’ipoteca: i beni immobili che sono in commercio con le loro pertinenze (812 e seguenti); l’usufrutto dei beni stessi (326, 978 e seguenti); il diritto di superficie (952 e seguenti); il diritto dell’enfiteuta è quello del concedente sul fondo enfiteutico (957 e seguenti). Sono anche capaci d’ipoteca le rendite dello Stato nel modo determinato dalle leggi relative al debito pubblico, e inoltre le navi (Cod. Nav. 565 e seguenti), gli aeromobili (Cod. Nav. 1027 e seguenti) e gli autoveicoli, secondo le leggi che li riguardano (2742 e seguente). Sono considerati ipoteche i privilegi iscritti sugli autoveicoli a norma della legge speciale.
483	Art. 2810 Oggetto dell’ipoteca	3. Quali diritti sono menzionati come capaci di ipoteca nel contesto del diritto di superficie?	Sono capaci d’ipoteca: i beni immobili che sono in commercio con le loro pertinenze (812 e seguenti); l’usufrutto dei beni stessi (326, 978 e seguenti); il diritto di superficie (952 e seguenti); il diritto dell’enfiteuta è quello del concedente sul fondo enfiteutico (957 e seguenti). Sono anche capaci d’ipoteca le rendite dello Stato nel modo determinato dalle leggi relative al debito pubblico, e inoltre le navi (Cod. Nav. 565 e seguenti), gli aeromobili (Cod. Nav. 1027 e seguenti) e gli autoveicoli, secondo le leggi che li riguardano (2742 e seguente). Sono considerati ipoteche i privilegi iscritti sugli autoveicoli a norma della legge speciale.
484	Art. 2810 Oggetto dell’ipoteca	4. In che modo le rendite dello Stato possono essere soggette a ipoteca?	Sono capaci d’ipoteca: i beni immobili che sono in commercio con le loro pertinenze (812 e seguenti); l’usufrutto dei beni stessi (326, 978 e seguenti); il diritto di superficie (952 e seguenti); il diritto dell’enfiteuta è quello del concedente sul fondo enfiteutico (957 e seguenti). Sono anche capaci d’ipoteca le rendite dello Stato nel modo determinato dalle leggi relative al debito pubblico, e inoltre le navi (Cod. Nav. 565 e seguenti), gli aeromobili (Cod. Nav. 1027 e seguenti) e gli autoveicoli, secondo le leggi che li riguardano (2742 e seguente). Sono considerati ipoteche i privilegi iscritti sugli autoveicoli a norma della legge speciale.
485	Art. 2810 Oggetto dell’ipoteca	5. Quali mezzi di trasporto sono elencati come capaci di ipoteca?	Sono capaci d’ipoteca: i beni immobili che sono in commercio con le loro pertinenze (812 e seguenti); l’usufrutto dei beni stessi (326, 978 e seguenti); il diritto di superficie (952 e seguenti); il diritto dell’enfiteuta è quello del concedente sul fondo enfiteutico (957 e seguenti). Sono anche capaci d’ipoteca le rendite dello Stato nel modo determinato dalle leggi relative al debito pubblico, e inoltre le navi (Cod. Nav. 565 e seguenti), gli aeromobili (Cod. Nav. 1027 e seguenti) e gli autoveicoli, secondo le leggi che li riguardano (2742 e seguente). Sono considerati ipoteche i privilegi iscritti sugli autoveicoli a norma della legge speciale.
486	Art. 2810 Oggetto dell’ipoteca	6. Come sono trattati gli autoveicoli in relazione alle ipoteche?	Sono capaci d’ipoteca: i beni immobili che sono in commercio con le loro pertinenze (812 e seguenti); l’usufrutto dei beni stessi (326, 978 e seguenti); il diritto di superficie (952 e seguenti); il diritto dell’enfiteuta è quello del concedente sul fondo enfiteutico (957 e seguenti). Sono anche capaci d’ipoteca le rendite dello Stato nel modo determinato dalle leggi relative al debito pubblico, e inoltre le navi (Cod. Nav. 565 e seguenti), gli aeromobili (Cod. Nav. 1027 e seguenti) e gli autoveicoli, secondo le leggi che li riguardano (2742 e seguente). Sono considerati ipoteche i privilegi iscritti sugli autoveicoli a norma della legge speciale.
487	Art. 2810 Oggetto dell’ipoteca	7. Cosa si intende per privilegi iscritti sugli autoveicoli a norma della legge speciale?	Sono capaci d’ipoteca: i beni immobili che sono in commercio con le loro pertinenze (812 e seguenti); l’usufrutto dei beni stessi (326, 978 e seguenti); il diritto di superficie (952 e seguenti); il diritto dell’enfiteuta è quello del concedente sul fondo enfiteutico (957 e seguenti). Sono anche capaci d’ipoteca le rendite dello Stato nel modo determinato dalle leggi relative al debito pubblico, e inoltre le navi (Cod. Nav. 565 e seguenti), gli aeromobili (Cod. Nav. 1027 e seguenti) e gli autoveicoli, secondo le leggi che li riguardano (2742 e seguente). Sono considerati ipoteche i privilegi iscritti sugli autoveicoli a norma della legge speciale.
488	Art. 2810 Oggetto dell’ipoteca	8. Quali articoli del Codice della Navigazione sono citati in relazione alle navi e agli aeromobili?	Sono capaci d’ipoteca: i beni immobili che sono in commercio con le loro pertinenze (812 e seguenti); l’usufrutto dei beni stessi (326, 978 e seguenti); il diritto di superficie (952 e seguenti); il diritto dell’enfiteuta è quello del concedente sul fondo enfiteutico (957 e seguenti). Sono anche capaci d’ipoteca le rendite dello Stato nel modo determinato dalle leggi relative al debito pubblico, e inoltre le navi (Cod. Nav. 565 e seguenti), gli aeromobili (Cod. Nav. 1027 e seguenti) e gli autoveicoli, secondo le leggi che li riguardano (2742 e seguente). Sono considerati ipoteche i privilegi iscritti sugli autoveicoli a norma della legge speciale.
489	Art. 2811 Miglioramenti e accessioni	1. Quali elementi si estendono all'ipoteca sull'immobile ipotecario secondo il testo?	L’ipoteca si estende ai miglioramenti, nonché alle costruzioni e alle altre accessioni (934 e seguenti) dell’immobile ipotecario, salve le eccezioni stabilite dalla legge.
490	Art. 2812 Diritti costituiti sulla cosa ipotecata	1. Quali diritti non sono opponibili al creditore ipotecario se trascritti dopo l'iscrizione dell'ipoteca?	Le servitù (1027 e seguenti) di cui sia stata trascritta la costituzione dopo l’iscrizione dell’ipoteca non sono opponibili al creditore ipotecario, il quale può far subastare la cosa come libera. La stessa disposizione si applica per i diritti di usufrutto, di uso e di abitazione (978 e seguenti, 1021 e seguenti). Tali diritti si estinguono con l’espropriazione del fondo (Cod. Proc. Civ. 555 e seguenti) e i titolari sono ammessi a far valere le loro ragioni sul ricavato, con preferenza rispetto alle ipoteche iscritte posteriormente alla trascrizione dei diritti medesimi. Per coloro che hanno acquistato il diritto di superficie (952 e seguenti) o il diritto d’enfiteusi (957 e seguenti) sui beni soggetti all’ipoteca e hanno trascritto l’acquisto posteriormente all’iscrizione dell’ipoteca, si osservano le disposizioni relative ai terzi acquirenti (2858 e seguenti). Le cessioni e le liberazioni di pigioni e di fitti non scaduti, che non siano trascritte o siano inferiori al triennio, sono opponibili ai creditori ipotecari solo se hanno data certa anteriore al pignoramento e per un termine non superiore a un anno dal giorno del pignoramento. Le cessioni e le liberazioni trascritte non sono opponibili ai creditori ipotecari anteriori alla trascrizione, se non per il termine stabilito dal comma precedente (att. 238).
491	Art. 2812 Diritti costituiti sulla cosa ipotecata	2. Cosa accade ai diritti di usufrutto, uso e abitazione in caso di espropriazione del fondo?	Le servitù (1027 e seguenti) di cui sia stata trascritta la costituzione dopo l’iscrizione dell’ipoteca non sono opponibili al creditore ipotecario, il quale può far subastare la cosa come libera. La stessa disposizione si applica per i diritti di usufrutto, di uso e di abitazione (978 e seguenti, 1021 e seguenti). Tali diritti si estinguono con l’espropriazione del fondo (Cod. Proc. Civ. 555 e seguenti) e i titolari sono ammessi a far valere le loro ragioni sul ricavato, con preferenza rispetto alle ipoteche iscritte posteriormente alla trascrizione dei diritti medesimi. Per coloro che hanno acquistato il diritto di superficie (952 e seguenti) o il diritto d’enfiteusi (957 e seguenti) sui beni soggetti all’ipoteca e hanno trascritto l’acquisto posteriormente all’iscrizione dell’ipoteca, si osservano le disposizioni relative ai terzi acquirenti (2858 e seguenti). Le cessioni e le liberazioni di pigioni e di fitti non scaduti, che non siano trascritte o siano inferiori al triennio, sono opponibili ai creditori ipotecari solo se hanno data certa anteriore al pignoramento e per un termine non superiore a un anno dal giorno del pignoramento. Le cessioni e le liberazioni trascritte non sono opponibili ai creditori ipotecari anteriori alla trascrizione, se non per il termine stabilito dal comma precedente (att. 238).
492	Art. 2812 Diritti costituiti sulla cosa ipotecata	3. In che modo i titolari di diritti di usufrutto, uso e abitazione possono far valere le loro ragioni sul ricavato dell'espropriazione?	Le servitù (1027 e seguenti) di cui sia stata trascritta la costituzione dopo l’iscrizione dell’ipoteca non sono opponibili al creditore ipotecario, il quale può far subastare la cosa come libera. La stessa disposizione si applica per i diritti di usufrutto, di uso e di abitazione (978 e seguenti, 1021 e seguenti). Tali diritti si estinguono con l’espropriazione del fondo (Cod. Proc. Civ. 555 e seguenti) e i titolari sono ammessi a far valere le loro ragioni sul ricavato, con preferenza rispetto alle ipoteche iscritte posteriormente alla trascrizione dei diritti medesimi. Per coloro che hanno acquistato il diritto di superficie (952 e seguenti) o il diritto d’enfiteusi (957 e seguenti) sui beni soggetti all’ipoteca e hanno trascritto l’acquisto posteriormente all’iscrizione dell’ipoteca, si osservano le disposizioni relative ai terzi acquirenti (2858 e seguenti). Le cessioni e le liberazioni di pigioni e di fitti non scaduti, che non siano trascritte o siano inferiori al triennio, sono opponibili ai creditori ipotecari solo se hanno data certa anteriore al pignoramento e per un termine non superiore a un anno dal giorno del pignoramento. Le cessioni e le liberazioni trascritte non sono opponibili ai creditori ipotecari anteriori alla trascrizione, se non per il termine stabilito dal comma precedente (att. 238).
493	Art. 2812 Diritti costituiti sulla cosa ipotecata	4. Quali disposizioni si applicano a coloro che hanno acquistato il diritto di superficie o il diritto d’enfiteusi sui beni ipotecati?	Le servitù (1027 e seguenti) di cui sia stata trascritta la costituzione dopo l’iscrizione dell’ipoteca non sono opponibili al creditore ipotecario, il quale può far subastare la cosa come libera. La stessa disposizione si applica per i diritti di usufrutto, di uso e di abitazione (978 e seguenti, 1021 e seguenti). Tali diritti si estinguono con l’espropriazione del fondo (Cod. Proc. Civ. 555 e seguenti) e i titolari sono ammessi a far valere le loro ragioni sul ricavato, con preferenza rispetto alle ipoteche iscritte posteriormente alla trascrizione dei diritti medesimi. Per coloro che hanno acquistato il diritto di superficie (952 e seguenti) o il diritto d’enfiteusi (957 e seguenti) sui beni soggetti all’ipoteca e hanno trascritto l’acquisto posteriormente all’iscrizione dell’ipoteca, si osservano le disposizioni relative ai terzi acquirenti (2858 e seguenti). Le cessioni e le liberazioni di pigioni e di fitti non scaduti, che non siano trascritte o siano inferiori al triennio, sono opponibili ai creditori ipotecari solo se hanno data certa anteriore al pignoramento e per un termine non superiore a un anno dal giorno del pignoramento. Le cessioni e le liberazioni trascritte non sono opponibili ai creditori ipotecari anteriori alla trascrizione, se non per il termine stabilito dal comma precedente (att. 238).
494	Art. 2812 Diritti costituiti sulla cosa ipotecata	5. In quali condizioni le cessioni e le liberazioni di pigioni e di fitti non scaduti sono opponibili ai creditori ipotecari?	Le servitù (1027 e seguenti) di cui sia stata trascritta la costituzione dopo l’iscrizione dell’ipoteca non sono opponibili al creditore ipotecario, il quale può far subastare la cosa come libera. La stessa disposizione si applica per i diritti di usufrutto, di uso e di abitazione (978 e seguenti, 1021 e seguenti). Tali diritti si estinguono con l’espropriazione del fondo (Cod. Proc. Civ. 555 e seguenti) e i titolari sono ammessi a far valere le loro ragioni sul ricavato, con preferenza rispetto alle ipoteche iscritte posteriormente alla trascrizione dei diritti medesimi. Per coloro che hanno acquistato il diritto di superficie (952 e seguenti) o il diritto d’enfiteusi (957 e seguenti) sui beni soggetti all’ipoteca e hanno trascritto l’acquisto posteriormente all’iscrizione dell’ipoteca, si osservano le disposizioni relative ai terzi acquirenti (2858 e seguenti). Le cessioni e le liberazioni di pigioni e di fitti non scaduti, che non siano trascritte o siano inferiori al triennio, sono opponibili ai creditori ipotecari solo se hanno data certa anteriore al pignoramento e per un termine non superiore a un anno dal giorno del pignoramento. Le cessioni e le liberazioni trascritte non sono opponibili ai creditori ipotecari anteriori alla trascrizione, se non per il termine stabilito dal comma precedente (att. 238).
495	Art. 2812 Diritti costituiti sulla cosa ipotecata	6. Qual è il termine massimo per cui le cessioni e le liberazioni trascritte sono opponibili ai creditori ipotecari anteriori alla trascrizione?	Le servitù (1027 e seguenti) di cui sia stata trascritta la costituzione dopo l’iscrizione dell’ipoteca non sono opponibili al creditore ipotecario, il quale può far subastare la cosa come libera. La stessa disposizione si applica per i diritti di usufrutto, di uso e di abitazione (978 e seguenti, 1021 e seguenti). Tali diritti si estinguono con l’espropriazione del fondo (Cod. Proc. Civ. 555 e seguenti) e i titolari sono ammessi a far valere le loro ragioni sul ricavato, con preferenza rispetto alle ipoteche iscritte posteriormente alla trascrizione dei diritti medesimi. Per coloro che hanno acquistato il diritto di superficie (952 e seguenti) o il diritto d’enfiteusi (957 e seguenti) sui beni soggetti all’ipoteca e hanno trascritto l’acquisto posteriormente all’iscrizione dell’ipoteca, si osservano le disposizioni relative ai terzi acquirenti (2858 e seguenti). Le cessioni e le liberazioni di pigioni e di fitti non scaduti, che non siano trascritte o siano inferiori al triennio, sono opponibili ai creditori ipotecari solo se hanno data certa anteriore al pignoramento e per un termine non superiore a un anno dal giorno del pignoramento. Le cessioni e le liberazioni trascritte non sono opponibili ai creditori ipotecari anteriori alla trascrizione, se non per il termine stabilito dal comma precedente (att. 238).
496	Art. 2813 Pericolo di danno alle cose ipotecate	1. Quali azioni può intraprendere il creditore se il debitore o un terzo compie atti che possono causare il perimento o il deterioramento dei beni ipotecati?	Qualora il debitore o un terzo compia atti da cui possa derivare il perimento o il deterioramento dei beni ipotecati, il creditore può domandare all’autorità giudiziaria che ordini la cessazione di tali atti o disponga le cautele necessarie (Cod. Proc. Civ. 670) per evitare il pregiudizio della sua garanzia.
497	Art. 2813 Pericolo di danno alle cose ipotecate	2. A quale autorità può rivolgersi il creditore per chiedere la cessazione degli atti che minacciano i beni ipotecati?	Qualora il debitore o un terzo compia atti da cui possa derivare il perimento o il deterioramento dei beni ipotecati, il creditore può domandare all’autorità giudiziaria che ordini la cessazione di tali atti o disponga le cautele necessarie (Cod. Proc. Civ. 670) per evitare il pregiudizio della sua garanzia.
498	Art. 2813 Pericolo di danno alle cose ipotecate	3. Qual è l'obiettivo delle cautele che il creditore può chiedere all'autorità giudiziaria di disporre?	Qualora il debitore o un terzo compia atti da cui possa derivare il perimento o il deterioramento dei beni ipotecati, il creditore può domandare all’autorità giudiziaria che ordini la cessazione di tali atti o disponga le cautele necessarie (Cod. Proc. Civ. 670) per evitare il pregiudizio della sua garanzia.
499	Art. 2813 Pericolo di danno alle cose ipotecate	4. Quale articolo del Codice di Procedura Civile è citato in relazione alla protezione dei beni ipotecati?	Qualora il debitore o un terzo compia atti da cui possa derivare il perimento o il deterioramento dei beni ipotecati, il creditore può domandare all’autorità giudiziaria che ordini la cessazione di tali atti o disponga le cautele necessarie (Cod. Proc. Civ. 670) per evitare il pregiudizio della sua garanzia.
500	Art. 2814 Ipoteca sull’usufrutto e sulla nuda proprietà	1. In quali circostanze le ipoteche costituite sull'usufrutto si estinguono?	Le ipoteche costituite sull’usufrutto si estinguono col cessare di questo (979, 1014 e seguenti). Tuttavia, se la cessazione si verifica per rinunzia o per abuso da parte dell’usufruttuario ovvero per acquisto della nuda proprietà da parte del medesimo, l’ipoteca perdura fino a che non si verifichi l’evento che avrebbe altrimenti prodotto l’estinzione dell’usufrutto. Se la nuda proprietà è gravata da ipoteca, questa, avvenendo l’estinzione dell’usufrutto, si estende alla piena proprietà. Ma nei casi in cui, secondo la disposizione del comma precedente, perdura l’ipoteca costituita sull’usufrutto, l’estensione non pregiudica il credito garantito con l’ipoteca stessa.
501	Art. 2814 Ipoteca sull’usufrutto e sulla nuda proprietà	2. Cosa accade all'ipoteca sull'usufrutto se l'usufruttuario rinuncia o abusa del suo diritto?	Le ipoteche costituite sull’usufrutto si estinguono col cessare di questo (979, 1014 e seguenti). Tuttavia, se la cessazione si verifica per rinunzia o per abuso da parte dell’usufruttuario ovvero per acquisto della nuda proprietà da parte del medesimo, l’ipoteca perdura fino a che non si verifichi l’evento che avrebbe altrimenti prodotto l’estinzione dell’usufrutto. Se la nuda proprietà è gravata da ipoteca, questa, avvenendo l’estinzione dell’usufrutto, si estende alla piena proprietà. Ma nei casi in cui, secondo la disposizione del comma precedente, perdura l’ipoteca costituita sull’usufrutto, l’estensione non pregiudica il credito garantito con l’ipoteca stessa.
502	Art. 2814 Ipoteca sull’usufrutto e sulla nuda proprietà	3. Come si modifica l'ipoteca sulla nuda proprietà quando l'usufrutto si estingue?	Le ipoteche costituite sull’usufrutto si estinguono col cessare di questo (979, 1014 e seguenti). Tuttavia, se la cessazione si verifica per rinunzia o per abuso da parte dell’usufruttuario ovvero per acquisto della nuda proprietà da parte del medesimo, l’ipoteca perdura fino a che non si verifichi l’evento che avrebbe altrimenti prodotto l’estinzione dell’usufrutto. Se la nuda proprietà è gravata da ipoteca, questa, avvenendo l’estinzione dell’usufrutto, si estende alla piena proprietà. Ma nei casi in cui, secondo la disposizione del comma precedente, perdura l’ipoteca costituita sull’usufrutto, l’estensione non pregiudica il credito garantito con l’ipoteca stessa.
503	Art. 2814 Ipoteca sull’usufrutto e sulla nuda proprietà	4. In che modo l'estensione dell'ipoteca sulla piena proprietà influisce sul credito garantito dall'ipoteca sull'usufrutto?	Le ipoteche costituite sull’usufrutto si estinguono col cessare di questo (979, 1014 e seguenti). Tuttavia, se la cessazione si verifica per rinunzia o per abuso da parte dell’usufruttuario ovvero per acquisto della nuda proprietà da parte del medesimo, l’ipoteca perdura fino a che non si verifichi l’evento che avrebbe altrimenti prodotto l’estinzione dell’usufrutto. Se la nuda proprietà è gravata da ipoteca, questa, avvenendo l’estinzione dell’usufrutto, si estende alla piena proprietà. Ma nei casi in cui, secondo la disposizione del comma precedente, perdura l’ipoteca costituita sull’usufrutto, l’estensione non pregiudica il credito garantito con l’ipoteca stessa.
504	Art. 2815 Ipoteca sul diritto del concedente e sul diritto dell’enfiteuta	1. Cosa accade alle ipoteche gravanti sul diritto del concedente nel caso di affrancazione?	Nel caso di affrancazione, le ipoteche gravanti sul diritto del concedente si risolvono sul prezzo dovuto per l’affrancazione; le ipoteche gravanti sul diritto dell’enfiteuta si estendono alla piena proprietà. Nel caso di devoluzione o di cessazione dell’enfiteusi (958 e seguenti) per decorso del termine, le ipoteche gravanti sul diritto dell’enfiteuta si risolvono sul prezzo dovuto per i miglioramenti, senza deduzione di quanto è dovuto al concedente per i canoni non soddisfatti. Il prezzo dei miglioramenti, se da atto scritto non risulta concordato con i creditori ipotecari, deve determinarsi giudizialmente, anche in contraddittorio dei medesimi. Le ipoteche gravanti sul diritto del concedente si estendono alla piena proprietà. Quando l’enfiteusi si estingue per prescrizione, si estinguono le ipoteche che gravano sul diritto dell’enfiteuta. Se per causa diversa da quelle sopra indicate vengono a riunirsi in una medesima persona il diritto del concedente e il diritto dell’enfiteuta, le ipoteche gravanti sull’uno e sull’altro continuano a gravarli separatamente; ma se l’ipoteca grava soltanto sull’uno o sull’altro diritto, essa si estende alla piena proprietà.
505	Art. 2815 Ipoteca sul diritto del concedente e sul diritto dell’enfiteuta	2. Come si estendono le ipoteche gravanti sul diritto dell’enfiteuta nel caso di affrancazione?	Nel caso di affrancazione, le ipoteche gravanti sul diritto del concedente si risolvono sul prezzo dovuto per l’affrancazione; le ipoteche gravanti sul diritto dell’enfiteuta si estendono alla piena proprietà. Nel caso di devoluzione o di cessazione dell’enfiteusi (958 e seguenti) per decorso del termine, le ipoteche gravanti sul diritto dell’enfiteuta si risolvono sul prezzo dovuto per i miglioramenti, senza deduzione di quanto è dovuto al concedente per i canoni non soddisfatti. Il prezzo dei miglioramenti, se da atto scritto non risulta concordato con i creditori ipotecari, deve determinarsi giudizialmente, anche in contraddittorio dei medesimi. Le ipoteche gravanti sul diritto del concedente si estendono alla piena proprietà. Quando l’enfiteusi si estingue per prescrizione, si estinguono le ipoteche che gravano sul diritto dell’enfiteuta. Se per causa diversa da quelle sopra indicate vengono a riunirsi in una medesima persona il diritto del concedente e il diritto dell’enfiteuta, le ipoteche gravanti sull’uno e sull’altro continuano a gravarli separatamente; ma se l’ipoteca grava soltanto sull’uno o sull’altro diritto, essa si estende alla piena proprietà.
506	Art. 2815 Ipoteca sul diritto del concedente e sul diritto dell’enfiteuta	3. Cosa succede alle ipoteche gravanti sul diritto dell’enfiteuta in caso di devoluzione o cessazione dell’enfiteusi per decorso del termine?	Nel caso di affrancazione, le ipoteche gravanti sul diritto del concedente si risolvono sul prezzo dovuto per l’affrancazione; le ipoteche gravanti sul diritto dell’enfiteuta si estendono alla piena proprietà. Nel caso di devoluzione o di cessazione dell’enfiteusi (958 e seguenti) per decorso del termine, le ipoteche gravanti sul diritto dell’enfiteuta si risolvono sul prezzo dovuto per i miglioramenti, senza deduzione di quanto è dovuto al concedente per i canoni non soddisfatti. Il prezzo dei miglioramenti, se da atto scritto non risulta concordato con i creditori ipotecari, deve determinarsi giudizialmente, anche in contraddittorio dei medesimi. Le ipoteche gravanti sul diritto del concedente si estendono alla piena proprietà. Quando l’enfiteusi si estingue per prescrizione, si estinguono le ipoteche che gravano sul diritto dell’enfiteuta. Se per causa diversa da quelle sopra indicate vengono a riunirsi in una medesima persona il diritto del concedente e il diritto dell’enfiteuta, le ipoteche gravanti sull’uno e sull’altro continuano a gravarli separatamente; ma se l’ipoteca grava soltanto sull’uno o sull’altro diritto, essa si estende alla piena proprietà.
507	Art. 2815 Ipoteca sul diritto del concedente e sul diritto dell’enfiteuta	4. Come si determina il prezzo dei miglioramenti se non concordato con i creditori ipotecari?	Nel caso di affrancazione, le ipoteche gravanti sul diritto del concedente si risolvono sul prezzo dovuto per l’affrancazione; le ipoteche gravanti sul diritto dell’enfiteuta si estendono alla piena proprietà. Nel caso di devoluzione o di cessazione dell’enfiteusi (958 e seguenti) per decorso del termine, le ipoteche gravanti sul diritto dell’enfiteuta si risolvono sul prezzo dovuto per i miglioramenti, senza deduzione di quanto è dovuto al concedente per i canoni non soddisfatti. Il prezzo dei miglioramenti, se da atto scritto non risulta concordato con i creditori ipotecari, deve determinarsi giudizialmente, anche in contraddittorio dei medesimi. Le ipoteche gravanti sul diritto del concedente si estendono alla piena proprietà. Quando l’enfiteusi si estingue per prescrizione, si estinguono le ipoteche che gravano sul diritto dell’enfiteuta. Se per causa diversa da quelle sopra indicate vengono a riunirsi in una medesima persona il diritto del concedente e il diritto dell’enfiteuta, le ipoteche gravanti sull’uno e sull’altro continuano a gravarli separatamente; ma se l’ipoteca grava soltanto sull’uno o sull’altro diritto, essa si estende alla piena proprietà.
508	Art. 2815 Ipoteca sul diritto del concedente e sul diritto dell’enfiteuta	5. Cosa accade alle ipoteche gravanti sul diritto del concedente in caso di devoluzione o cessazione dell’enfiteusi?	Nel caso di affrancazione, le ipoteche gravanti sul diritto del concedente si risolvono sul prezzo dovuto per l’affrancazione; le ipoteche gravanti sul diritto dell’enfiteuta si estendono alla piena proprietà. Nel caso di devoluzione o di cessazione dell’enfiteusi (958 e seguenti) per decorso del termine, le ipoteche gravanti sul diritto dell’enfiteuta si risolvono sul prezzo dovuto per i miglioramenti, senza deduzione di quanto è dovuto al concedente per i canoni non soddisfatti. Il prezzo dei miglioramenti, se da atto scritto non risulta concordato con i creditori ipotecari, deve determinarsi giudizialmente, anche in contraddittorio dei medesimi. Le ipoteche gravanti sul diritto del concedente si estendono alla piena proprietà. Quando l’enfiteusi si estingue per prescrizione, si estinguono le ipoteche che gravano sul diritto dell’enfiteuta. Se per causa diversa da quelle sopra indicate vengono a riunirsi in una medesima persona il diritto del concedente e il diritto dell’enfiteuta, le ipoteche gravanti sull’uno e sull’altro continuano a gravarli separatamente; ma se l’ipoteca grava soltanto sull’uno o sull’altro diritto, essa si estende alla piena proprietà.
509	Art. 2815 Ipoteca sul diritto del concedente e sul diritto dell’enfiteuta	6. Qual è l'effetto dell'estinzione dell’enfiteusi per prescrizione sulle ipoteche gravanti sul diritto dell’enfiteuta?	Nel caso di affrancazione, le ipoteche gravanti sul diritto del concedente si risolvono sul prezzo dovuto per l’affrancazione; le ipoteche gravanti sul diritto dell’enfiteuta si estendono alla piena proprietà. Nel caso di devoluzione o di cessazione dell’enfiteusi (958 e seguenti) per decorso del termine, le ipoteche gravanti sul diritto dell’enfiteuta si risolvono sul prezzo dovuto per i miglioramenti, senza deduzione di quanto è dovuto al concedente per i canoni non soddisfatti. Il prezzo dei miglioramenti, se da atto scritto non risulta concordato con i creditori ipotecari, deve determinarsi giudizialmente, anche in contraddittorio dei medesimi. Le ipoteche gravanti sul diritto del concedente si estendono alla piena proprietà. Quando l’enfiteusi si estingue per prescrizione, si estinguono le ipoteche che gravano sul diritto dell’enfiteuta. Se per causa diversa da quelle sopra indicate vengono a riunirsi in una medesima persona il diritto del concedente e il diritto dell’enfiteuta, le ipoteche gravanti sull’uno e sull’altro continuano a gravarli separatamente; ma se l’ipoteca grava soltanto sull’uno o sull’altro diritto, essa si estende alla piena proprietà.
510	Art. 2815 Ipoteca sul diritto del concedente e sul diritto dell’enfiteuta	7. Cosa succede alle ipoteche quando il diritto del concedente e il diritto dell’enfiteuta si riuniscono in una medesima persona per cause diverse da quelle indicate?	Nel caso di affrancazione, le ipoteche gravanti sul diritto del concedente si risolvono sul prezzo dovuto per l’affrancazione; le ipoteche gravanti sul diritto dell’enfiteuta si estendono alla piena proprietà. Nel caso di devoluzione o di cessazione dell’enfiteusi (958 e seguenti) per decorso del termine, le ipoteche gravanti sul diritto dell’enfiteuta si risolvono sul prezzo dovuto per i miglioramenti, senza deduzione di quanto è dovuto al concedente per i canoni non soddisfatti. Il prezzo dei miglioramenti, se da atto scritto non risulta concordato con i creditori ipotecari, deve determinarsi giudizialmente, anche in contraddittorio dei medesimi. Le ipoteche gravanti sul diritto del concedente si estendono alla piena proprietà. Quando l’enfiteusi si estingue per prescrizione, si estinguono le ipoteche che gravano sul diritto dell’enfiteuta. Se per causa diversa da quelle sopra indicate vengono a riunirsi in una medesima persona il diritto del concedente e il diritto dell’enfiteuta, le ipoteche gravanti sull’uno e sull’altro continuano a gravarli separatamente; ma se l’ipoteca grava soltanto sull’uno o sull’altro diritto, essa si estende alla piena proprietà.
511	Art. 2815 Ipoteca sul diritto del concedente e sul diritto dell’enfiteuta	8. In quale caso un'ipoteca si estende alla piena proprietà quando grava solo su uno dei due diritti, del concedente o dell’enfiteuta?	Nel caso di affrancazione, le ipoteche gravanti sul diritto del concedente si risolvono sul prezzo dovuto per l’affrancazione; le ipoteche gravanti sul diritto dell’enfiteuta si estendono alla piena proprietà. Nel caso di devoluzione o di cessazione dell’enfiteusi (958 e seguenti) per decorso del termine, le ipoteche gravanti sul diritto dell’enfiteuta si risolvono sul prezzo dovuto per i miglioramenti, senza deduzione di quanto è dovuto al concedente per i canoni non soddisfatti. Il prezzo dei miglioramenti, se da atto scritto non risulta concordato con i creditori ipotecari, deve determinarsi giudizialmente, anche in contraddittorio dei medesimi. Le ipoteche gravanti sul diritto del concedente si estendono alla piena proprietà. Quando l’enfiteusi si estingue per prescrizione, si estinguono le ipoteche che gravano sul diritto dell’enfiteuta. Se per causa diversa da quelle sopra indicate vengono a riunirsi in una medesima persona il diritto del concedente e il diritto dell’enfiteuta, le ipoteche gravanti sull’uno e sull’altro continuano a gravarli separatamente; ma se l’ipoteca grava soltanto sull’uno o sull’altro diritto, essa si estende alla piena proprietà.
512	Art. 2816 Ipoteca sul diritto di superficie	1. In quali circostanze le ipoteche che hanno per oggetto il diritto di superficie si estinguono?	Le ipoteche che hanno per oggetto il diritto di superficie (952 e seguenti) si estinguono nel caso di devoluzione della superficie al proprietario del suolo per decorso del termine. Se però il superficiario ha diritto a un corrispettivo, le ipoteche iscritte contro di lui si risolvono sul corrispettivo medesimo. Le ipoteche iscritte contro il proprietario del suolo non si estendono alla superficie. Se per altre cause si riuniscono nella medesima persona il diritto del proprietario del suolo e quello del superficiario, le ipoteche sull’uno e sull’altro diritto continuano a gravare separatamente i diritti stessi.
513	Art. 2816 Ipoteca sul diritto di superficie	2. Cosa accade alle ipoteche iscritte contro il superficiario se egli ha diritto a un corrispettivo?	Le ipoteche che hanno per oggetto il diritto di superficie (952 e seguenti) si estinguono nel caso di devoluzione della superficie al proprietario del suolo per decorso del termine. Se però il superficiario ha diritto a un corrispettivo, le ipoteche iscritte contro di lui si risolvono sul corrispettivo medesimo. Le ipoteche iscritte contro il proprietario del suolo non si estendono alla superficie. Se per altre cause si riuniscono nella medesima persona il diritto del proprietario del suolo e quello del superficiario, le ipoteche sull’uno e sull’altro diritto continuano a gravare separatamente i diritti stessi.
514	Art. 2816 Ipoteca sul diritto di superficie	3. Le ipoteche iscritte contro il proprietario del suolo si estendono alla superficie?	Le ipoteche che hanno per oggetto il diritto di superficie (952 e seguenti) si estinguono nel caso di devoluzione della superficie al proprietario del suolo per decorso del termine. Se però il superficiario ha diritto a un corrispettivo, le ipoteche iscritte contro di lui si risolvono sul corrispettivo medesimo. Le ipoteche iscritte contro il proprietario del suolo non si estendono alla superficie. Se per altre cause si riuniscono nella medesima persona il diritto del proprietario del suolo e quello del superficiario, le ipoteche sull’uno e sull’altro diritto continuano a gravare separatamente i diritti stessi.
515	Art. 2816 Ipoteca sul diritto di superficie	4. Cosa succede alle ipoteche se il diritto del proprietario del suolo e quello del superficiario si riuniscono nella stessa persona?	Le ipoteche che hanno per oggetto il diritto di superficie (952 e seguenti) si estinguono nel caso di devoluzione della superficie al proprietario del suolo per decorso del termine. Se però il superficiario ha diritto a un corrispettivo, le ipoteche iscritte contro di lui si risolvono sul corrispettivo medesimo. Le ipoteche iscritte contro il proprietario del suolo non si estendono alla superficie. Se per altre cause si riuniscono nella medesima persona il diritto del proprietario del suolo e quello del superficiario, le ipoteche sull’uno e sull’altro diritto continuano a gravare separatamente i diritti stessi.
516	Art. 2817 Persone a cui compete	1. Quali soggetti hanno diritto a un'ipoteca legale sugli immobili alienati per l'adempimento degli obblighi derivanti dall'atto di alienazione?	Hanno ipoteca legale: l’alienante sopra gli immobili alienati per l’adempimento degli obblighi che derivano dall’atto di alienazione; i coeredi, i soci e altri condividenti per il pagamento dei conguagli sopra gli immobili assegnati ai condividenti ai quali incombe tale obbligo; lo Stato sopra i beni dell’imputato e della persona civilmente responsabile, secondo le disposizioni del codice penale e del codice di procedura penale.
517	Art. 2817 Persone a cui compete	2. In quali circostanze i coeredi, i soci e altri condividenti possono avere un'ipoteca legale sugli immobili assegnati?	Hanno ipoteca legale: l’alienante sopra gli immobili alienati per l’adempimento degli obblighi che derivano dall’atto di alienazione; i coeredi, i soci e altri condividenti per il pagamento dei conguagli sopra gli immobili assegnati ai condividenti ai quali incombe tale obbligo; lo Stato sopra i beni dell’imputato e della persona civilmente responsabile, secondo le disposizioni del codice penale e del codice di procedura penale.
518	Art. 2817 Persone a cui compete	3. Su quali beni lo Stato può avere un'ipoteca legale secondo le disposizioni del codice penale e del codice di procedura penale?	Hanno ipoteca legale: l’alienante sopra gli immobili alienati per l’adempimento degli obblighi che derivano dall’atto di alienazione; i coeredi, i soci e altri condividenti per il pagamento dei conguagli sopra gli immobili assegnati ai condividenti ai quali incombe tale obbligo; lo Stato sopra i beni dell’imputato e della persona civilmente responsabile, secondo le disposizioni del codice penale e del codice di procedura penale.
519	Art. 2817 Persone a cui compete	4. Quali obblighi devono essere adempiuti per giustificare l'ipoteca legale dell'alienante sugli immobili alienati?	Hanno ipoteca legale: l’alienante sopra gli immobili alienati per l’adempimento degli obblighi che derivano dall’atto di alienazione; i coeredi, i soci e altri condividenti per il pagamento dei conguagli sopra gli immobili assegnati ai condividenti ai quali incombe tale obbligo; lo Stato sopra i beni dell’imputato e della persona civilmente responsabile, secondo le disposizioni del codice penale e del codice di procedura penale.
520	Art. 2818 Provvedimenti da cui deriva	1. Quali tipi di sentenze possono costituire titolo per iscrivere ipoteca sui beni del debitore secondo il Codice di Procedura Civile?	Ogni sentenza (Cod. Proc. Civ. 324), che porta condanna al pagamento di una somma o all’adempimento di altra obbligazione ovvero al risarcimento dei danni da liquidarsi successivamente è titolo per iscrivere ipoteca sui beni del debitore. Lo stesso ha luogo per gli altri provvedimenti giudiziali ai quali la legge attribuisce tale effetto (2836; Cod. Proc. Civ. 655).
521	Art. 2818 Provvedimenti da cui deriva	2. Oltre alle sentenze, quali altri provvedimenti giudiziali possono avere l'effetto di costituire titolo per iscrivere ipoteca sui beni del debitore?	Ogni sentenza (Cod. Proc. Civ. 324), che porta condanna al pagamento di una somma o all’adempimento di altra obbligazione ovvero al risarcimento dei danni da liquidarsi successivamente è titolo per iscrivere ipoteca sui beni del debitore. Lo stesso ha luogo per gli altri provvedimenti giudiziali ai quali la legge attribuisce tale effetto (2836; Cod. Proc. Civ. 655).
522	Art. 2819 Sentenze arbitrali	1. Quando è possibile iscrivere ipoteca in base al lodo degli arbitri secondo il Codice di Procedura Civile?	Si può iscrivere ipoteca in base al lodo degli arbitri, quando e stato reso esecutivo (Cod. Proc. Civ. 825).
523	Art. 2820 Sentenze straniere	1. Quali sono le condizioni necessarie affinché una sentenza pronunziata da un'autorità giudiziaria straniera possa essere utilizzata per iscrivere un'ipoteca in Italia?	Si può parimenti iscrivere ipoteca in base alle sentenze pronunziate dalle autorità giudiziarie straniere, dopo che ne è stata dichiarata l’efficacia dall’autorità giudiziaria italiana (Cod. Proc. Civ. 797) salvo che le convenzioni internazionali dispongano diversamente.
524	Art. 2821 Concessione d’ipoteca	1. Quali sono le modalità formali richieste per la concessione di un'ipoteca?	L’ipoteca può essere concessa anche mediante dichiarazione unilaterale. La concessione deve farsi per atto pubblico (2699 e seguenti) o per scrittura privata (2702 e seguenti), sotto pena di nullità. Non può essere concessa per testamento.
525	Art. 2821 Concessione d’ipoteca	2. È possibile concedere un'ipoteca attraverso un testamento?	L’ipoteca può essere concessa anche mediante dichiarazione unilaterale. La concessione deve farsi per atto pubblico (2699 e seguenti) o per scrittura privata (2702 e seguenti), sotto pena di nullità. Non può essere concessa per testamento.
526	Art. 2821 Concessione d’ipoteca	3. Quali sono le conseguenze legali se un'ipoteca viene concessa senza rispettare le modalità formali previste?	L’ipoteca può essere concessa anche mediante dichiarazione unilaterale. La concessione deve farsi per atto pubblico (2699 e seguenti) o per scrittura privata (2702 e seguenti), sotto pena di nullità. Non può essere concessa per testamento.
527	Art. 2822 Ipoteca sui beni altrui	1. In quali circostanze l'iscrizione di un'ipoteca concessa da chi non è proprietario della cosa può essere considerata valida?	Se l’ipoteca è concessa da chi non è proprietario della cosa, l’iscrizione può essere validamente presa solo quando la cosa è acquistata dal concedente. Se l’ipoteca è concessa da persona che agisce come rappresentante senza averne la qualità, l’iscrizione può essere validamente presa solo quando il proprietario ha ratificato la concessione (1398 e seguente).
528	Art. 2822 Ipoteca sui beni altrui	2. Cosa deve avvenire affinché l'iscrizione di un'ipoteca concessa da un rappresentante senza qualità sia considerata valida?	Se l’ipoteca è concessa da chi non è proprietario della cosa, l’iscrizione può essere validamente presa solo quando la cosa è acquistata dal concedente. Se l’ipoteca è concessa da persona che agisce come rappresentante senza averne la qualità, l’iscrizione può essere validamente presa solo quando il proprietario ha ratificato la concessione (1398 e seguente).
529	Art. 2823 Ipoteca su beni futuri	1. Quando può essere validamente iscritta un'ipoteca su cosa futura?	L’ipoteca su cosa futura può essere validamente iscritta solo quando la cosa è venuta a esistenza.
530	Art. 2824 Ipoteca iscritta in base a titolo annullabile	1. Cosa accade all'iscrizione d'ipoteca eseguita in virtù di un titolo annullabile se il titolo viene convalidato?	L’iscrizione d’ipoteca eseguita in virtù di un titolo annullabile (1425 e seguenti) rimane convalidata con la convalida del titolo.
531	Art. 2825 Ipoteca su beni indivisi	1. Quali effetti produce l'ipoteca costituita su una quota di comunione rispetto ai beni assegnati nella divisione?	L’ipoteca costituita sulla propria quota da uno dei partecipanti alla comunione produce effetto rispetto a quei beni o a quella porzione di beni che a lui verranno assegnati nella divisione. Se nella divisione (1111 e seguenti) sono assegnati a un partecipante beni diversi da quello da lui ipotecato, l’ipoteca si trasferisce su questi altri beni, col grado derivante dall’originaria iscrizione e nei limiti del valore del bene in precedenza ipotecato, quale risulta dalla divisione, purché l’ipoteca sia nuovamente iscritta con l’indicazione di detto valore entro novanta giorni dalla trascrizione della divisione medesima. Il trasferimento però non pregiudica le ipoteche iscritte contro tutti i partecipanti, né l’ipoteca legale spettante ai condividenti per i conguagli (2817 n. 2). I creditori ipotecari e i cessionari di un partecipante, al quale siano stati assegnati beni diversi da quelli ipotecati o ceduti, possono far valere le loro ragioni anche sulle somme a lui dovute per conguagli o, qualora sia stata attribuita una somma di danaro in luogo di beni in natura, possono far valere le loro ragioni su tale somma, con prelazione determinata dalla data di iscrizione o di trascrizione dei titoli rispettivi, nel limite però del valore dei beni precedentemente ipotecati o ceduti. I debitori delle somme sono tuttavia liberati quando le abbiano pagate al condividente dopo trenta giorni da che la divisione è stata notificata ai creditori ipotecari o ai cessionari senza che da costoro sia stata fatta opposizione (757; att. 239).
532	Art. 2825 Ipoteca su beni indivisi	2. Cosa accade all'ipoteca se nella divisione vengono assegnati beni diversi da quelli originariamente ipotecati?	L’ipoteca costituita sulla propria quota da uno dei partecipanti alla comunione produce effetto rispetto a quei beni o a quella porzione di beni che a lui verranno assegnati nella divisione. Se nella divisione (1111 e seguenti) sono assegnati a un partecipante beni diversi da quello da lui ipotecato, l’ipoteca si trasferisce su questi altri beni, col grado derivante dall’originaria iscrizione e nei limiti del valore del bene in precedenza ipotecato, quale risulta dalla divisione, purché l’ipoteca sia nuovamente iscritta con l’indicazione di detto valore entro novanta giorni dalla trascrizione della divisione medesima. Il trasferimento però non pregiudica le ipoteche iscritte contro tutti i partecipanti, né l’ipoteca legale spettante ai condividenti per i conguagli (2817 n. 2). I creditori ipotecari e i cessionari di un partecipante, al quale siano stati assegnati beni diversi da quelli ipotecati o ceduti, possono far valere le loro ragioni anche sulle somme a lui dovute per conguagli o, qualora sia stata attribuita una somma di danaro in luogo di beni in natura, possono far valere le loro ragioni su tale somma, con prelazione determinata dalla data di iscrizione o di trascrizione dei titoli rispettivi, nel limite però del valore dei beni precedentemente ipotecati o ceduti. I debitori delle somme sono tuttavia liberati quando le abbiano pagate al condividente dopo trenta giorni da che la divisione è stata notificata ai creditori ipotecari o ai cessionari senza che da costoro sia stata fatta opposizione (757; att. 239).
533	Art. 2825 Ipoteca su beni indivisi	3. Quali sono i limiti temporali per la nuova iscrizione dell'ipoteca dopo la divisione?	L’ipoteca costituita sulla propria quota da uno dei partecipanti alla comunione produce effetto rispetto a quei beni o a quella porzione di beni che a lui verranno assegnati nella divisione. Se nella divisione (1111 e seguenti) sono assegnati a un partecipante beni diversi da quello da lui ipotecato, l’ipoteca si trasferisce su questi altri beni, col grado derivante dall’originaria iscrizione e nei limiti del valore del bene in precedenza ipotecato, quale risulta dalla divisione, purché l’ipoteca sia nuovamente iscritta con l’indicazione di detto valore entro novanta giorni dalla trascrizione della divisione medesima. Il trasferimento però non pregiudica le ipoteche iscritte contro tutti i partecipanti, né l’ipoteca legale spettante ai condividenti per i conguagli (2817 n. 2). I creditori ipotecari e i cessionari di un partecipante, al quale siano stati assegnati beni diversi da quelli ipotecati o ceduti, possono far valere le loro ragioni anche sulle somme a lui dovute per conguagli o, qualora sia stata attribuita una somma di danaro in luogo di beni in natura, possono far valere le loro ragioni su tale somma, con prelazione determinata dalla data di iscrizione o di trascrizione dei titoli rispettivi, nel limite però del valore dei beni precedentemente ipotecati o ceduti. I debitori delle somme sono tuttavia liberati quando le abbiano pagate al condividente dopo trenta giorni da che la divisione è stata notificata ai creditori ipotecari o ai cessionari senza che da costoro sia stata fatta opposizione (757; att. 239).
534	Art. 2825 Ipoteca su beni indivisi	4. In che modo il trasferimento dell'ipoteca influisce sulle ipoteche iscritte contro tutti i partecipanti e sull'ipoteca legale per i conguagli?	L’ipoteca costituita sulla propria quota da uno dei partecipanti alla comunione produce effetto rispetto a quei beni o a quella porzione di beni che a lui verranno assegnati nella divisione. Se nella divisione (1111 e seguenti) sono assegnati a un partecipante beni diversi da quello da lui ipotecato, l’ipoteca si trasferisce su questi altri beni, col grado derivante dall’originaria iscrizione e nei limiti del valore del bene in precedenza ipotecato, quale risulta dalla divisione, purché l’ipoteca sia nuovamente iscritta con l’indicazione di detto valore entro novanta giorni dalla trascrizione della divisione medesima. Il trasferimento però non pregiudica le ipoteche iscritte contro tutti i partecipanti, né l’ipoteca legale spettante ai condividenti per i conguagli (2817 n. 2). I creditori ipotecari e i cessionari di un partecipante, al quale siano stati assegnati beni diversi da quelli ipotecati o ceduti, possono far valere le loro ragioni anche sulle somme a lui dovute per conguagli o, qualora sia stata attribuita una somma di danaro in luogo di beni in natura, possono far valere le loro ragioni su tale somma, con prelazione determinata dalla data di iscrizione o di trascrizione dei titoli rispettivi, nel limite però del valore dei beni precedentemente ipotecati o ceduti. I debitori delle somme sono tuttavia liberati quando le abbiano pagate al condividente dopo trenta giorni da che la divisione è stata notificata ai creditori ipotecari o ai cessionari senza che da costoro sia stata fatta opposizione (757; att. 239).
535	Art. 2825 Ipoteca su beni indivisi	5. Come possono i creditori ipotecari e i cessionari far valere le loro ragioni se al partecipante vengono assegnati beni diversi da quelli ipotecati o ceduti?	L’ipoteca costituita sulla propria quota da uno dei partecipanti alla comunione produce effetto rispetto a quei beni o a quella porzione di beni che a lui verranno assegnati nella divisione. Se nella divisione (1111 e seguenti) sono assegnati a un partecipante beni diversi da quello da lui ipotecato, l’ipoteca si trasferisce su questi altri beni, col grado derivante dall’originaria iscrizione e nei limiti del valore del bene in precedenza ipotecato, quale risulta dalla divisione, purché l’ipoteca sia nuovamente iscritta con l’indicazione di detto valore entro novanta giorni dalla trascrizione della divisione medesima. Il trasferimento però non pregiudica le ipoteche iscritte contro tutti i partecipanti, né l’ipoteca legale spettante ai condividenti per i conguagli (2817 n. 2). I creditori ipotecari e i cessionari di un partecipante, al quale siano stati assegnati beni diversi da quelli ipotecati o ceduti, possono far valere le loro ragioni anche sulle somme a lui dovute per conguagli o, qualora sia stata attribuita una somma di danaro in luogo di beni in natura, possono far valere le loro ragioni su tale somma, con prelazione determinata dalla data di iscrizione o di trascrizione dei titoli rispettivi, nel limite però del valore dei beni precedentemente ipotecati o ceduti. I debitori delle somme sono tuttavia liberati quando le abbiano pagate al condividente dopo trenta giorni da che la divisione è stata notificata ai creditori ipotecari o ai cessionari senza che da costoro sia stata fatta opposizione (757; att. 239).
536	Art. 2826 Indicazione dell’immobile ipotecato	1. Quali informazioni devono essere specificate nell'atto di concessione dell'ipoteca per un immobile?	Nell’atto di concessione dell’ipoteca l’immobile deve essere specificamente designato con l’indicazione della sua natura, del comune in cui si trova, nonché dei dati di identificazione catastale; per i fabbricati in corso di costruzione devono essere indicati i dati di identificazione catastale del terreno su cui insistono.
537	Art. 2826 Indicazione dell’immobile ipotecato	2. Quali dati devono essere indicati per i fabbricati in corso di costruzione nell'atto di concessione dell'ipoteca?	Nell’atto di concessione dell’ipoteca l’immobile deve essere specificamente designato con l’indicazione della sua natura, del comune in cui si trova, nonché dei dati di identificazione catastale; per i fabbricati in corso di costruzione devono essere indicati i dati di identificazione catastale del terreno su cui insistono.
538	Art. 2827 Luogo dell’iscrizione	1. In quale ufficio si iscrive l'ipoteca relativa a un immobile?	L’ipoteca si iscrive nell’ufficio dei registri immobiliari del luogo in cui si trova l’immobile.
539	Art. 2828 Immobili su cui può iscriversi ipoteca giudiziale	1. Su quali beni immobili si può iscrivere un'ipoteca giudiziale?	L’ipoteca giudiziale si può iscrivere su qualunque degli immobili appartenenti al debitore e su quelli che gli pervengono successivamente alla condanna, a misura che egli li acquista.
540	Art. 2829 Iscrizione sui beni del defunto	1. Quali sono le condizioni per l'iscrizione d'ipoteca sui beni di un defunto?	L’iscrizione d’ipoteca sui beni di un defunto può eseguirsi con la semplice indicazione della sua persona, osservate per il resto le regole ordinarie. Se però risulta trascritto l’acquisto dei beni da parte degli eredi, l’iscrizione deve eseguirsi contro costoro.
541	Art. 2829 Iscrizione sui beni del defunto	2. Cosa accade se l'acquisto dei beni da parte degli eredi è stato trascritto?	L’iscrizione d’ipoteca sui beni di un defunto può eseguirsi con la semplice indicazione della sua persona, osservate per il resto le regole ordinarie. Se però risulta trascritto l’acquisto dei beni da parte degli eredi, l’iscrizione deve eseguirsi contro costoro.
542	Art. 2830 Ipoteca giudiziale sui beni dell’eredità beneficiata e dell’eredità giacente	1. Cosa accade se l'eredità è accettata con beneficio d'inventario o se si tratta di eredità giacente riguardo alle ipoteche giudiziali sui beni ereditari?	Se l’eredità è accettata con beneficio d’inventario (484 e seguenti) o se si tratta di eredità giacente (528 e seguenti), non possono essere iscritte ipoteche giudiziali sui beni ereditari, neppure in base a sentenze pronunziate anteriormente alla morte del debitore.
543	Art. 2830 Ipoteca giudiziale sui beni dell’eredità beneficiata e dell’eredità giacente	2. È possibile iscrivere ipoteche giudiziali sui beni ereditari in base a sentenze pronunciate prima della morte del debitore se l'eredità è accettata con beneficio d'inventario?	Se l’eredità è accettata con beneficio d’inventario (484 e seguenti) o se si tratta di eredità giacente (528 e seguenti), non possono essere iscritte ipoteche giudiziali sui beni ereditari, neppure in base a sentenze pronunziate anteriormente alla morte del debitore.
544	Art. 2830 Ipoteca giudiziale sui beni dell’eredità beneficiata e dell’eredità giacente	3. Le ipoteche giudiziali possono essere iscritte sui beni ereditari in caso di eredità giacente?	Se l’eredità è accettata con beneficio d’inventario (484 e seguenti) o se si tratta di eredità giacente (528 e seguenti), non possono essere iscritte ipoteche giudiziali sui beni ereditari, neppure in base a sentenze pronunziate anteriormente alla morte del debitore.
545	Art. 2831 Ipoteca a garanzia di obbligazioni all’ordine o al portatore	1. Quali tipi di titoli possono essere garantiti con ipoteca secondo il testo?	Le obbligazioni e seguenti risultanti dai titoli all’ordine (2008 e seguenti) o al portatore (2003 e seguenti) possono essere garantite con ipoteca. Per i titoli all’ordine l’ipoteca è iscritta a favore dell’attuale possessore e si trasmette ai successivi possessori; questi non sono tenuti a effettuare l’annotazione prevista dall’art. 2843. Per i titoli al portatore l’ipoteca a favore degli obbligazionisti è iscritta con l’indicazione dell’emittente, della data dell’atto di emissione, della serie, del numero e del valore delle obbligazioni emesse. In margine all’iscrizione deve essere annotato il nome del rappresentante degli obbligazionisti, appena questo sia nominato. Per l’annotazione deve presentarsi copia della deliberazione o del provvedimento giudiziale di nomina.
546	Art. 2831 Ipoteca a garanzia di obbligazioni all’ordine o al portatore	2. Come viene iscritta l'ipoteca per i titoli all'ordine?	Le obbligazioni e seguenti risultanti dai titoli all’ordine (2008 e seguenti) o al portatore (2003 e seguenti) possono essere garantite con ipoteca. Per i titoli all’ordine l’ipoteca è iscritta a favore dell’attuale possessore e si trasmette ai successivi possessori; questi non sono tenuti a effettuare l’annotazione prevista dall’art. 2843. Per i titoli al portatore l’ipoteca a favore degli obbligazionisti è iscritta con l’indicazione dell’emittente, della data dell’atto di emissione, della serie, del numero e del valore delle obbligazioni emesse. In margine all’iscrizione deve essere annotato il nome del rappresentante degli obbligazionisti, appena questo sia nominato. Per l’annotazione deve presentarsi copia della deliberazione o del provvedimento giudiziale di nomina.
547	Art. 2831 Ipoteca a garanzia di obbligazioni all’ordine o al portatore	3. Quali informazioni devono essere indicate nell'iscrizione dell'ipoteca per i titoli al portatore?	Le obbligazioni e seguenti risultanti dai titoli all’ordine (2008 e seguenti) o al portatore (2003 e seguenti) possono essere garantite con ipoteca. Per i titoli all’ordine l’ipoteca è iscritta a favore dell’attuale possessore e si trasmette ai successivi possessori; questi non sono tenuti a effettuare l’annotazione prevista dall’art. 2843. Per i titoli al portatore l’ipoteca a favore degli obbligazionisti è iscritta con l’indicazione dell’emittente, della data dell’atto di emissione, della serie, del numero e del valore delle obbligazioni emesse. In margine all’iscrizione deve essere annotato il nome del rappresentante degli obbligazionisti, appena questo sia nominato. Per l’annotazione deve presentarsi copia della deliberazione o del provvedimento giudiziale di nomina.
548	Art. 2831 Ipoteca a garanzia di obbligazioni all’ordine o al portatore	4. Chi deve essere nominato per l'annotazione in margine all'iscrizione dell'ipoteca per i titoli al portatore?	Le obbligazioni e seguenti risultanti dai titoli all’ordine (2008 e seguenti) o al portatore (2003 e seguenti) possono essere garantite con ipoteca. Per i titoli all’ordine l’ipoteca è iscritta a favore dell’attuale possessore e si trasmette ai successivi possessori; questi non sono tenuti a effettuare l’annotazione prevista dall’art. 2843. Per i titoli al portatore l’ipoteca a favore degli obbligazionisti è iscritta con l’indicazione dell’emittente, della data dell’atto di emissione, della serie, del numero e del valore delle obbligazioni emesse. In margine all’iscrizione deve essere annotato il nome del rappresentante degli obbligazionisti, appena questo sia nominato. Per l’annotazione deve presentarsi copia della deliberazione o del provvedimento giudiziale di nomina.
549	Art. 2831 Ipoteca a garanzia di obbligazioni all’ordine o al portatore	5. Quali documenti devono essere presentati per l'annotazione del nome del rappresentante degli obbligazionisti?	Le obbligazioni e seguenti risultanti dai titoli all’ordine (2008 e seguenti) o al portatore (2003 e seguenti) possono essere garantite con ipoteca. Per i titoli all’ordine l’ipoteca è iscritta a favore dell’attuale possessore e si trasmette ai successivi possessori; questi non sono tenuti a effettuare l’annotazione prevista dall’art. 2843. Per i titoli al portatore l’ipoteca a favore degli obbligazionisti è iscritta con l’indicazione dell’emittente, della data dell’atto di emissione, della serie, del numero e del valore delle obbligazioni emesse. In margine all’iscrizione deve essere annotato il nome del rappresentante degli obbligazionisti, appena questo sia nominato. Per l’annotazione deve presentarsi copia della deliberazione o del provvedimento giudiziale di nomina.
550	Art. 2831 Ipoteca a garanzia di obbligazioni all’ordine o al portatore	6. Gli attuali possessori di titoli all'ordine sono tenuti a effettuare l'annotazione prevista dall'art. 2843?	Le obbligazioni e seguenti risultanti dai titoli all’ordine (2008 e seguenti) o al portatore (2003 e seguenti) possono essere garantite con ipoteca. Per i titoli all’ordine l’ipoteca è iscritta a favore dell’attuale possessore e si trasmette ai successivi possessori; questi non sono tenuti a effettuare l’annotazione prevista dall’art. 2843. Per i titoli al portatore l’ipoteca a favore degli obbligazionisti è iscritta con l’indicazione dell’emittente, della data dell’atto di emissione, della serie, del numero e del valore delle obbligazioni emesse. In margine all’iscrizione deve essere annotato il nome del rappresentante degli obbligazionisti, appena questo sia nominato. Per l’annotazione deve presentarsi copia della deliberazione o del provvedimento giudiziale di nomina.
551	Art. 2834 Iscrizione dell’ipoteca legale dell’alienante e del condividente	1. Quali sono le condizioni in cui il conservatore dei registri immobiliari non deve iscrivere d'ufficio l'ipoteca legale durante la trascrizione di un atto di alienazione o di divisione?	Il conservatore dei registri immobiliari, nel trascrivere un atto di alienazione o di divisione, deve iscrivere d’ufficio l’ipoteca legale che spetta all’alienante o al condividente a norma dei nn. 1 e 2 dell’art. 2817, a meno che gli sia presentato un atto pubblico o una scrittura privata con sottoscrizione autenticata o accertata giudizialmente, da cui risulti che gli obblighi sono stati adempiuti o che vi è stata rinunzia all’ipoteca da parte dell’alienante o del condividente.
552	Art. 2834 Iscrizione dell’ipoteca legale dell’alienante e del condividente	2. A quali articoli del codice civile si fa riferimento per l'iscrizione d'ufficio dell'ipoteca legale da parte del conservatore dei registri immobiliari?	Il conservatore dei registri immobiliari, nel trascrivere un atto di alienazione o di divisione, deve iscrivere d’ufficio l’ipoteca legale che spetta all’alienante o al condividente a norma dei nn. 1 e 2 dell’art. 2817, a meno che gli sia presentato un atto pubblico o una scrittura privata con sottoscrizione autenticata o accertata giudizialmente, da cui risulti che gli obblighi sono stati adempiuti o che vi è stata rinunzia all’ipoteca da parte dell’alienante o del condividente.
553	Art. 2834 Iscrizione dell’ipoteca legale dell’alienante e del condividente	3. Quali documenti devono essere presentati per dimostrare che gli obblighi sono stati adempiuti o che vi è stata rinunzia all'ipoteca da parte dell'alienante o del condividente?	Il conservatore dei registri immobiliari, nel trascrivere un atto di alienazione o di divisione, deve iscrivere d’ufficio l’ipoteca legale che spetta all’alienante o al condividente a norma dei nn. 1 e 2 dell’art. 2817, a meno che gli sia presentato un atto pubblico o una scrittura privata con sottoscrizione autenticata o accertata giudizialmente, da cui risulti che gli obblighi sono stati adempiuti o che vi è stata rinunzia all’ipoteca da parte dell’alienante o del condividente.
554	Art. 2835 Iscrizione in base a scrittura privata	1. Quali sono i requisiti necessari per l'autenticazione della sottoscrizione di chi ha concesso l'ipoteca?	Se il titolo per l’iscrizione risulta da scrittura privata (2702 e seguenti), la sottoscrizione di chi ha concesso l’ipoteca deve essere autenticata o accertata giudizialmente (Cod. Proc. Civ. 214 e seguenti). Il richiedente deve presentare la scrittura originale o, se questa è depositata in pubblico archivio o negli atti d’un notaio, una copia autenticata, con la certificazione che ricorrono i requisiti innanzi indicati. L’originale o la copia rimane in deposito nell’ufficio dei registri immobiliari.
555	Art. 2835 Iscrizione in base a scrittura privata	2. Cosa deve presentare il richiedente se la scrittura privata è depositata in un pubblico archivio o negli atti di un notaio?	Se il titolo per l’iscrizione risulta da scrittura privata (2702 e seguenti), la sottoscrizione di chi ha concesso l’ipoteca deve essere autenticata o accertata giudizialmente (Cod. Proc. Civ. 214 e seguenti). Il richiedente deve presentare la scrittura originale o, se questa è depositata in pubblico archivio o negli atti d’un notaio, una copia autenticata, con la certificazione che ricorrono i requisiti innanzi indicati. L’originale o la copia rimane in deposito nell’ufficio dei registri immobiliari.
556	Art. 2835 Iscrizione in base a scrittura privata	3. Dove rimane in deposito l'originale o la copia autenticata della scrittura privata?	Se il titolo per l’iscrizione risulta da scrittura privata (2702 e seguenti), la sottoscrizione di chi ha concesso l’ipoteca deve essere autenticata o accertata giudizialmente (Cod. Proc. Civ. 214 e seguenti). Il richiedente deve presentare la scrittura originale o, se questa è depositata in pubblico archivio o negli atti d’un notaio, una copia autenticata, con la certificazione che ricorrono i requisiti innanzi indicati. L’originale o la copia rimane in deposito nell’ufficio dei registri immobiliari.
557	Art. 2835 Iscrizione in base a scrittura privata	4. Quali articoli del Codice di Procedura Civile si applicano per l'accertamento giudiziale della sottoscrizione?	Se il titolo per l’iscrizione risulta da scrittura privata (2702 e seguenti), la sottoscrizione di chi ha concesso l’ipoteca deve essere autenticata o accertata giudizialmente (Cod. Proc. Civ. 214 e seguenti). Il richiedente deve presentare la scrittura originale o, se questa è depositata in pubblico archivio o negli atti d’un notaio, una copia autenticata, con la certificazione che ricorrono i requisiti innanzi indicati. L’originale o la copia rimane in deposito nell’ufficio dei registri immobiliari.
558	Art. 2835 Iscrizione in base a scrittura privata	5. Qual è la funzione della certificazione allegata alla copia autenticata della scrittura privata?	Se il titolo per l’iscrizione risulta da scrittura privata (2702 e seguenti), la sottoscrizione di chi ha concesso l’ipoteca deve essere autenticata o accertata giudizialmente (Cod. Proc. Civ. 214 e seguenti). Il richiedente deve presentare la scrittura originale o, se questa è depositata in pubblico archivio o negli atti d’un notaio, una copia autenticata, con la certificazione che ricorrono i requisiti innanzi indicati. L’originale o la copia rimane in deposito nell’ufficio dei registri immobiliari.
559	Art. 2836 Iscrizione in base ad atto pubblico o a sentenza	1. Quali documenti devono essere presentati se il titolo per l'iscrizione risulta da un atto pubblico ricevuto nello Stato?	Se il titolo per l’iscrizione risulta da un atto pubblico ricevuto nello Stato o dia una sentenza (Cod. Proc. Civ.131 e seguenti) o da altro provvedimento giudiziale ad essa parificato (Cod. Proc. Civ. 655), si deve presentare copia del titolo. (Se non è stata ancora pagata l’imposta di registro, si osservano le disposizioni dell’art. 2669).
560	Art. 2836 Iscrizione in base ad atto pubblico o a sentenza	2. Cosa si deve osservare se l'imposta di registro non è stata ancora pagata?	Se il titolo per l’iscrizione risulta da un atto pubblico ricevuto nello Stato o dia una sentenza (Cod. Proc. Civ.131 e seguenti) o da altro provvedimento giudiziale ad essa parificato (Cod. Proc. Civ. 655), si deve presentare copia del titolo. (Se non è stata ancora pagata l’imposta di registro, si osservano le disposizioni dell’art. 2669).
561	Art. 2837 Atti formati all’estero	1. Qual è la procedura richiesta per gli atti formati in paese estero che si presentano per l'iscrizione secondo il Codice di Procedura Civile 804?	Gli atti formati in paese estero (Cod. Proc. Civ. 804) che si presentano per l’iscrizione devono essere legalizzati.
562	Art. 2838 Somma per cui l’iscrizione è eseguita	1. Cosa accade se vi è una divergenza tra la somma enunciata nell'atto e quella enunciata nella nota per l'iscrizione?	Se la somma di danaro non è altrimenti determinata negli atti in base ai quali è eseguita l’iscrizione o in atto successivo, essa è determinata dal creditore nella nota per l’iscrizione. Qualora tra la somma enunciata nell’atto e quella enunciata nella nota vi sia divergenza, l’iscrizione ha efficacia per la somma minore.
563	Art. 2838 Somma per cui l’iscrizione è eseguita	2. Chi determina la somma di danaro nella nota per l'iscrizione se non è altrimenti specificata negli atti?	Se la somma di danaro non è altrimenti determinata negli atti in base ai quali è eseguita l’iscrizione o in atto successivo, essa è determinata dal creditore nella nota per l’iscrizione. Qualora tra la somma enunciata nell’atto e quella enunciata nella nota vi sia divergenza, l’iscrizione ha efficacia per la somma minore.
564	Art. 2839 Formalità per l’iscrizione dell’ipoteca	1. Quali documenti devono essere presentati per eseguire l'iscrizione?	Per eseguire l’iscrizione deve presentarsi il titolo costitutivo insieme con una nota sottoscritta dal richiedente in doppio originale. La nota deve indicare: il cognome, il nome, il luogo e la data di nascita e il numero di codice fiscale del creditore, del debitore e dell’eventuale terzo datore di ipoteca; la denominazione o la ragione sociale, la sede e il numero di codice fiscale delle persone giuridiche, delle società previste dai Capi II, III e IV del
565	Art. 2839 Formalità per l’iscrizione dell’ipoteca	2. Quali informazioni devono essere incluse nella nota sottoscritta dal richiedente?	Per eseguire l’iscrizione deve presentarsi il titolo costitutivo insieme con una nota sottoscritta dal richiedente in doppio originale. La nota deve indicare: il cognome, il nome, il luogo e la data di nascita e il numero di codice fiscale del creditore, del debitore e dell’eventuale terzo datore di ipoteca; la denominazione o la ragione sociale, la sede e il numero di codice fiscale delle persone giuridiche, delle società previste dai Capi II, III e IV del
566	Art. 2839 Formalità per l’iscrizione dell’ipoteca	3. Chi deve sottoscrivere la nota in doppio originale per l'iscrizione?	Per eseguire l’iscrizione deve presentarsi il titolo costitutivo insieme con una nota sottoscritta dal richiedente in doppio originale. La nota deve indicare: il cognome, il nome, il luogo e la data di nascita e il numero di codice fiscale del creditore, del debitore e dell’eventuale terzo datore di ipoteca; la denominazione o la ragione sociale, la sede e il numero di codice fiscale delle persone giuridiche, delle società previste dai Capi II, III e IV del
567	Art. 2839 Formalità per l’iscrizione dell’ipoteca	4. Quali dati personali devono essere indicati per il creditore, il debitore e l'eventuale terzo datore di ipoteca?	Per eseguire l’iscrizione deve presentarsi il titolo costitutivo insieme con una nota sottoscritta dal richiedente in doppio originale. La nota deve indicare: il cognome, il nome, il luogo e la data di nascita e il numero di codice fiscale del creditore, del debitore e dell’eventuale terzo datore di ipoteca; la denominazione o la ragione sociale, la sede e il numero di codice fiscale delle persone giuridiche, delle società previste dai Capi II, III e IV del
568	Art. 2839 Formalità per l’iscrizione dell’ipoteca	5. Quali informazioni devono essere fornite per le persone giuridiche e le società previste dai Capi II, III e IV?	Per eseguire l’iscrizione deve presentarsi il titolo costitutivo insieme con una nota sottoscritta dal richiedente in doppio originale. La nota deve indicare: il cognome, il nome, il luogo e la data di nascita e il numero di codice fiscale del creditore, del debitore e dell’eventuale terzo datore di ipoteca; la denominazione o la ragione sociale, la sede e il numero di codice fiscale delle persone giuridiche, delle società previste dai Capi II, III e IV del
569	Art. 2840 Certificato dell’iscrizione	1. Quali informazioni certifica il conservatore sulla nota restituita al richiedente dopo l'iscrizione?	Eseguita l’iscrizione, il conservatore restituisce al richiedente uno degli originali della nota, certificando, in calce al medesimo, la data e il numero d’ordine dell’iscrizione. I titoli consegnati al conservatore sono custoditi secondo quanto è disposto dall’art. 2664.
570	Art. 2840 Certificato dell’iscrizione	2. In base a quale articolo vengono custoditi i titoli consegnati al conservatore?	Eseguita l’iscrizione, il conservatore restituisce al richiedente uno degli originali della nota, certificando, in calce al medesimo, la data e il numero d’ordine dell’iscrizione. I titoli consegnati al conservatore sono custoditi secondo quanto è disposto dall’art. 2664.
571	Art. 2841 Omissioni e inesattezze nei titoli o nelle note	1. In quali circostanze l'omissione o l'inesattezza delle indicazioni nel titolo o nella nota può nuocere alla validità dell'iscrizione?	L’omissione o l’inesattezza di alcune delle indicazioni nel titolo, in base al quale è presa l’iscrizione, o nella nota non nuoce alla validità dell’iscrizione, salvo che induca incertezza sulla persona del creditore o del debitore o sull’ammontare del credito ovvero sulla persona del proprietario del bene gravato, quando l’indicazione ne è necessaria, o sull’identità dei singoli beni gravati. Nel caso di altre omissioni o inesattezze, si può ordinare la rettificazione a istanza e a spese della parte interessata.
572	Art. 2841 Omissioni e inesattezze nei titoli o nelle note	2. Chi può richiedere la rettificazione delle omissioni o inesattezze e a chi spetta sostenere le spese per tale rettificazione?	L’omissione o l’inesattezza di alcune delle indicazioni nel titolo, in base al quale è presa l’iscrizione, o nella nota non nuoce alla validità dell’iscrizione, salvo che induca incertezza sulla persona del creditore o del debitore o sull’ammontare del credito ovvero sulla persona del proprietario del bene gravato, quando l’indicazione ne è necessaria, o sull’identità dei singoli beni gravati. Nel caso di altre omissioni o inesattezze, si può ordinare la rettificazione a istanza e a spese della parte interessata.
573	Art. 2842 Variazione del domicilio eletto	1. Chi ha la facoltà di variare il domicilio eletto nell'iscrizione?	E in facoltà del creditore, del suo mandatario o del suo erede o avente causa di variare il domicilio eletto nell’iscrizione, sostituendone un altro nella stessa circoscrizione. Il cambiamento deve essere annotato dal conservatore in margine o in calce all’iscrizione. La dichiarazione circa il cambiamento del domicilio deve risultare da atto ricevuto o autenticato da notaio e deve rimanere depositata nell’ufficio del conservatore.
574	Art. 2842 Variazione del domicilio eletto	2. Dove deve essere annotato il cambiamento del domicilio eletto?	E in facoltà del creditore, del suo mandatario o del suo erede o avente causa di variare il domicilio eletto nell’iscrizione, sostituendone un altro nella stessa circoscrizione. Il cambiamento deve essere annotato dal conservatore in margine o in calce all’iscrizione. La dichiarazione circa il cambiamento del domicilio deve risultare da atto ricevuto o autenticato da notaio e deve rimanere depositata nell’ufficio del conservatore.
575	Art. 2842 Variazione del domicilio eletto	3. Quali sono i requisiti formali per la dichiarazione di cambiamento del domicilio?	E in facoltà del creditore, del suo mandatario o del suo erede o avente causa di variare il domicilio eletto nell’iscrizione, sostituendone un altro nella stessa circoscrizione. Il cambiamento deve essere annotato dal conservatore in margine o in calce all’iscrizione. La dichiarazione circa il cambiamento del domicilio deve risultare da atto ricevuto o autenticato da notaio e deve rimanere depositata nell’ufficio del conservatore.
576	Art. 2843 Annotazione di cessione, di surrogazione e di altri atti dispositivi del credito	1. Quali sono le modalità di trasmissione o vincolo dell'ipoteca menzionate nel testo?	"La trasmissione o il vincolo dell’ipoteca per cessione (1260 e seguenti), surrogazione (2856, 1201 e seguenti), pegno (2800 e seguenti), postergazione di grado o costituzione in dote (l’inciso ""o costituzione in dote"" è stato abrogato) del credito ipotecario, nonché per sequestro (2905 e seguente; Cod. Proc. Civ. 671 e seguenti), pignoramento (Cod. Proc. Civ. 492 e seguenti) o assegnazione (2925 e seguenti; Cod. Proc. Civ. 505 e seguenti) del credito medesimo si deve annotare in margine all’iscrizione dell’ipoteca. La trasmissione o il vincolo dell’ipoteca non ha effetto finché l’annotazione non sia stata eseguita. Dopo l’annotazione l’iscrizione non si può cancellare senza il consenso dei titolari dei diritti indicati nell’annotazione medesima 2879) e le intimazioni o notificazioni che occorrono in dipendenza dell’iscrizione devono essere loro fatte nel domicilio eletto. Per l’annotazione deve essere consegnata al conservatore copia del titolo e, qualora questo sia una scrittura privata o un atto formato in paese estero, si applicano le disposizioni degli artt. 2835 e 2837."
577	Art. 2843 Annotazione di cessione, di surrogazione e di altri atti dispositivi del credito	2. Qual è la condizione necessaria affinché la trasmissione o il vincolo dell'ipoteca abbia effetto?	"La trasmissione o il vincolo dell’ipoteca per cessione (1260 e seguenti), surrogazione (2856, 1201 e seguenti), pegno (2800 e seguenti), postergazione di grado o costituzione in dote (l’inciso ""o costituzione in dote"" è stato abrogato) del credito ipotecario, nonché per sequestro (2905 e seguente; Cod. Proc. Civ. 671 e seguenti), pignoramento (Cod. Proc. Civ. 492 e seguenti) o assegnazione (2925 e seguenti; Cod. Proc. Civ. 505 e seguenti) del credito medesimo si deve annotare in margine all’iscrizione dell’ipoteca. La trasmissione o il vincolo dell’ipoteca non ha effetto finché l’annotazione non sia stata eseguita. Dopo l’annotazione l’iscrizione non si può cancellare senza il consenso dei titolari dei diritti indicati nell’annotazione medesima 2879) e le intimazioni o notificazioni che occorrono in dipendenza dell’iscrizione devono essere loro fatte nel domicilio eletto. Per l’annotazione deve essere consegnata al conservatore copia del titolo e, qualora questo sia una scrittura privata o un atto formato in paese estero, si applicano le disposizioni degli artt. 2835 e 2837."
578	Art. 2843 Annotazione di cessione, di surrogazione e di altri atti dispositivi del credito	3. Cosa è necessario per cancellare l'iscrizione dell'ipoteca dopo l'annotazione?	"La trasmissione o il vincolo dell’ipoteca per cessione (1260 e seguenti), surrogazione (2856, 1201 e seguenti), pegno (2800 e seguenti), postergazione di grado o costituzione in dote (l’inciso ""o costituzione in dote"" è stato abrogato) del credito ipotecario, nonché per sequestro (2905 e seguente; Cod. Proc. Civ. 671 e seguenti), pignoramento (Cod. Proc. Civ. 492 e seguenti) o assegnazione (2925 e seguenti; Cod. Proc. Civ. 505 e seguenti) del credito medesimo si deve annotare in margine all’iscrizione dell’ipoteca. La trasmissione o il vincolo dell’ipoteca non ha effetto finché l’annotazione non sia stata eseguita. Dopo l’annotazione l’iscrizione non si può cancellare senza il consenso dei titolari dei diritti indicati nell’annotazione medesima 2879) e le intimazioni o notificazioni che occorrono in dipendenza dell’iscrizione devono essere loro fatte nel domicilio eletto. Per l’annotazione deve essere consegnata al conservatore copia del titolo e, qualora questo sia una scrittura privata o un atto formato in paese estero, si applicano le disposizioni degli artt. 2835 e 2837."
579	Art. 2843 Annotazione di cessione, di surrogazione e di altri atti dispositivi del credito	4. Dove devono essere fatte le intimazioni o notificazioni relative all'iscrizione dell'ipoteca?	"La trasmissione o il vincolo dell’ipoteca per cessione (1260 e seguenti), surrogazione (2856, 1201 e seguenti), pegno (2800 e seguenti), postergazione di grado o costituzione in dote (l’inciso ""o costituzione in dote"" è stato abrogato) del credito ipotecario, nonché per sequestro (2905 e seguente; Cod. Proc. Civ. 671 e seguenti), pignoramento (Cod. Proc. Civ. 492 e seguenti) o assegnazione (2925 e seguenti; Cod. Proc. Civ. 505 e seguenti) del credito medesimo si deve annotare in margine all’iscrizione dell’ipoteca. La trasmissione o il vincolo dell’ipoteca non ha effetto finché l’annotazione non sia stata eseguita. Dopo l’annotazione l’iscrizione non si può cancellare senza il consenso dei titolari dei diritti indicati nell’annotazione medesima 2879) e le intimazioni o notificazioni che occorrono in dipendenza dell’iscrizione devono essere loro fatte nel domicilio eletto. Per l’annotazione deve essere consegnata al conservatore copia del titolo e, qualora questo sia una scrittura privata o un atto formato in paese estero, si applicano le disposizioni degli artt. 2835 e 2837."
580	Art. 2843 Annotazione di cessione, di surrogazione e di altri atti dispositivi del credito	5. Quali documenti devono essere consegnati al conservatore per l'annotazione dell'ipoteca?	"La trasmissione o il vincolo dell’ipoteca per cessione (1260 e seguenti), surrogazione (2856, 1201 e seguenti), pegno (2800 e seguenti), postergazione di grado o costituzione in dote (l’inciso ""o costituzione in dote"" è stato abrogato) del credito ipotecario, nonché per sequestro (2905 e seguente; Cod. Proc. Civ. 671 e seguenti), pignoramento (Cod. Proc. Civ. 492 e seguenti) o assegnazione (2925 e seguenti; Cod. Proc. Civ. 505 e seguenti) del credito medesimo si deve annotare in margine all’iscrizione dell’ipoteca. La trasmissione o il vincolo dell’ipoteca non ha effetto finché l’annotazione non sia stata eseguita. Dopo l’annotazione l’iscrizione non si può cancellare senza il consenso dei titolari dei diritti indicati nell’annotazione medesima 2879) e le intimazioni o notificazioni che occorrono in dipendenza dell’iscrizione devono essere loro fatte nel domicilio eletto. Per l’annotazione deve essere consegnata al conservatore copia del titolo e, qualora questo sia una scrittura privata o un atto formato in paese estero, si applicano le disposizioni degli artt. 2835 e 2837."
581	Art. 2843 Annotazione di cessione, di surrogazione e di altri atti dispositivi del credito	6. Quali disposizioni si applicano se il titolo per l'annotazione è una scrittura privata o un atto formato in paese estero?	"La trasmissione o il vincolo dell’ipoteca per cessione (1260 e seguenti), surrogazione (2856, 1201 e seguenti), pegno (2800 e seguenti), postergazione di grado o costituzione in dote (l’inciso ""o costituzione in dote"" è stato abrogato) del credito ipotecario, nonché per sequestro (2905 e seguente; Cod. Proc. Civ. 671 e seguenti), pignoramento (Cod. Proc. Civ. 492 e seguenti) o assegnazione (2925 e seguenti; Cod. Proc. Civ. 505 e seguenti) del credito medesimo si deve annotare in margine all’iscrizione dell’ipoteca. La trasmissione o il vincolo dell’ipoteca non ha effetto finché l’annotazione non sia stata eseguita. Dopo l’annotazione l’iscrizione non si può cancellare senza il consenso dei titolari dei diritti indicati nell’annotazione medesima 2879) e le intimazioni o notificazioni che occorrono in dipendenza dell’iscrizione devono essere loro fatte nel domicilio eletto. Per l’annotazione deve essere consegnata al conservatore copia del titolo e, qualora questo sia una scrittura privata o un atto formato in paese estero, si applicano le disposizioni degli artt. 2835 e 2837."
582	Art. 2844 Azioni e notificazioni	1. Quali sono le modalità di citazione previste per le azioni contro i creditori relative alle iscrizioni?	Le azioni cui le iscrizioni possono dar luogo contro i creditori sono promosse davanti all’autorità giudiziaria competente, per mezzo di citazione (Cod. Proc. Civ. 163) da farsi alla persona in mani proprie (Cod. Proc. Civ. 138) o all’ultimo domicilio da essi eletto. La stessa disposizione si applica per ogni altra notificazione relativa alle dette iscrizioni. Se non è stata fatta elezione di domicilio o se è morta la persona ovvero e cessato l’ufficio presso cui si era eletto il domicilio, le citazioni e le notificazioni possono essere fatte all’ufficio presso il quale l’iscrizione e stata presa. Se si tratta di giudizio promosso dal debitore contro il suo creditore per la riduzione dell’ipoteca o per la cancellazione totale o parziale dell’iscrizione, il creditore deve essere citato nei modi ordinari stabiliti dal codice di procedura civile.
583	Art. 2844 Azioni e notificazioni	2. Cosa accade se non è stata fatta elezione di domicilio per le notificazioni relative alle iscrizioni?	Le azioni cui le iscrizioni possono dar luogo contro i creditori sono promosse davanti all’autorità giudiziaria competente, per mezzo di citazione (Cod. Proc. Civ. 163) da farsi alla persona in mani proprie (Cod. Proc. Civ. 138) o all’ultimo domicilio da essi eletto. La stessa disposizione si applica per ogni altra notificazione relativa alle dette iscrizioni. Se non è stata fatta elezione di domicilio o se è morta la persona ovvero e cessato l’ufficio presso cui si era eletto il domicilio, le citazioni e le notificazioni possono essere fatte all’ufficio presso il quale l’iscrizione e stata presa. Se si tratta di giudizio promosso dal debitore contro il suo creditore per la riduzione dell’ipoteca o per la cancellazione totale o parziale dell’iscrizione, il creditore deve essere citato nei modi ordinari stabiliti dal codice di procedura civile.
584	Art. 2844 Azioni e notificazioni	3. In che modo deve essere citato il creditore in un giudizio promosso dal debitore per la riduzione dell'ipoteca?	Le azioni cui le iscrizioni possono dar luogo contro i creditori sono promosse davanti all’autorità giudiziaria competente, per mezzo di citazione (Cod. Proc. Civ. 163) da farsi alla persona in mani proprie (Cod. Proc. Civ. 138) o all’ultimo domicilio da essi eletto. La stessa disposizione si applica per ogni altra notificazione relativa alle dette iscrizioni. Se non è stata fatta elezione di domicilio o se è morta la persona ovvero e cessato l’ufficio presso cui si era eletto il domicilio, le citazioni e le notificazioni possono essere fatte all’ufficio presso il quale l’iscrizione e stata presa. Se si tratta di giudizio promosso dal debitore contro il suo creditore per la riduzione dell’ipoteca o per la cancellazione totale o parziale dell’iscrizione, il creditore deve essere citato nei modi ordinari stabiliti dal codice di procedura civile.
585	Art. 2844 Azioni e notificazioni	4. Quali sono le conseguenze se la persona è morta o l'ufficio presso cui si era eletto il domicilio è cessato?	Le azioni cui le iscrizioni possono dar luogo contro i creditori sono promosse davanti all’autorità giudiziaria competente, per mezzo di citazione (Cod. Proc. Civ. 163) da farsi alla persona in mani proprie (Cod. Proc. Civ. 138) o all’ultimo domicilio da essi eletto. La stessa disposizione si applica per ogni altra notificazione relativa alle dette iscrizioni. Se non è stata fatta elezione di domicilio o se è morta la persona ovvero e cessato l’ufficio presso cui si era eletto il domicilio, le citazioni e le notificazioni possono essere fatte all’ufficio presso il quale l’iscrizione e stata presa. Se si tratta di giudizio promosso dal debitore contro il suo creditore per la riduzione dell’ipoteca o per la cancellazione totale o parziale dell’iscrizione, il creditore deve essere citato nei modi ordinari stabiliti dal codice di procedura civile.
586	Art. 2845 Notificazioni relative a iscrizioni per obbligazioni all’ordine e al portatore	1. Quali sono le modalità di citazione e notificazione per obbligazioni risultanti da titoli all'ordine secondo il testo?	Se l’iscrizione è presa per obbligazioni risultanti da titoli all’ordine (2008 e seguenti), le citazioni e notificazioni previste dall’articolo precedente devono farsi nei confronti di chi ha preso l’iscrizione a norma degli artt. 2831 e 2839, salvo che dai registri risulti l’annotazione a favore di un possessore successivo. Se si tratta di obbligazioni al portatore (2003 e seguenti, 2413 e seguenti), le citazioni e le notificazioni devono essere fatte al rappresentante degli obbligazionisti il cui nome è annotato in margine all’iscrizione. Le citazioni e le notificazioni devono essere iscritte nel registro delle imprese (2188 e seguenti) e pubblicate per estratto in un giornale quotidiano designato dall’autorità giudiziaria. Se manca per qualsiasi causa il rappresentante o il nome di lui non è stato annotato in margine all’iscrizione dell’ipoteca, le citazioni e le notificazioni sono fatte nei confronti di un curatore da nominarsi dall’autorità giudiziaria. Il decreto di nomina del curatore deve essere pubblicato con le modalità prescritte nel comma precedente.
587	Art. 2845 Notificazioni relative a iscrizioni per obbligazioni all’ordine e al portatore	2. In che modo devono essere effettuate le citazioni e notificazioni per obbligazioni al portatore?	Se l’iscrizione è presa per obbligazioni risultanti da titoli all’ordine (2008 e seguenti), le citazioni e notificazioni previste dall’articolo precedente devono farsi nei confronti di chi ha preso l’iscrizione a norma degli artt. 2831 e 2839, salvo che dai registri risulti l’annotazione a favore di un possessore successivo. Se si tratta di obbligazioni al portatore (2003 e seguenti, 2413 e seguenti), le citazioni e le notificazioni devono essere fatte al rappresentante degli obbligazionisti il cui nome è annotato in margine all’iscrizione. Le citazioni e le notificazioni devono essere iscritte nel registro delle imprese (2188 e seguenti) e pubblicate per estratto in un giornale quotidiano designato dall’autorità giudiziaria. Se manca per qualsiasi causa il rappresentante o il nome di lui non è stato annotato in margine all’iscrizione dell’ipoteca, le citazioni e le notificazioni sono fatte nei confronti di un curatore da nominarsi dall’autorità giudiziaria. Il decreto di nomina del curatore deve essere pubblicato con le modalità prescritte nel comma precedente.
588	Art. 2845 Notificazioni relative a iscrizioni per obbligazioni all’ordine e al portatore	3. Dove devono essere iscritte le citazioni e notificazioni secondo il testo?	Se l’iscrizione è presa per obbligazioni risultanti da titoli all’ordine (2008 e seguenti), le citazioni e notificazioni previste dall’articolo precedente devono farsi nei confronti di chi ha preso l’iscrizione a norma degli artt. 2831 e 2839, salvo che dai registri risulti l’annotazione a favore di un possessore successivo. Se si tratta di obbligazioni al portatore (2003 e seguenti, 2413 e seguenti), le citazioni e le notificazioni devono essere fatte al rappresentante degli obbligazionisti il cui nome è annotato in margine all’iscrizione. Le citazioni e le notificazioni devono essere iscritte nel registro delle imprese (2188 e seguenti) e pubblicate per estratto in un giornale quotidiano designato dall’autorità giudiziaria. Se manca per qualsiasi causa il rappresentante o il nome di lui non è stato annotato in margine all’iscrizione dell’ipoteca, le citazioni e le notificazioni sono fatte nei confronti di un curatore da nominarsi dall’autorità giudiziaria. Il decreto di nomina del curatore deve essere pubblicato con le modalità prescritte nel comma precedente.
589	Art. 2845 Notificazioni relative a iscrizioni per obbligazioni all’ordine e al portatore	4. Cosa accade se manca il rappresentante degli obbligazionisti o il suo nome non è annotato in margine all'iscrizione dell'ipoteca?	Se l’iscrizione è presa per obbligazioni risultanti da titoli all’ordine (2008 e seguenti), le citazioni e notificazioni previste dall’articolo precedente devono farsi nei confronti di chi ha preso l’iscrizione a norma degli artt. 2831 e 2839, salvo che dai registri risulti l’annotazione a favore di un possessore successivo. Se si tratta di obbligazioni al portatore (2003 e seguenti, 2413 e seguenti), le citazioni e le notificazioni devono essere fatte al rappresentante degli obbligazionisti il cui nome è annotato in margine all’iscrizione. Le citazioni e le notificazioni devono essere iscritte nel registro delle imprese (2188 e seguenti) e pubblicate per estratto in un giornale quotidiano designato dall’autorità giudiziaria. Se manca per qualsiasi causa il rappresentante o il nome di lui non è stato annotato in margine all’iscrizione dell’ipoteca, le citazioni e le notificazioni sono fatte nei confronti di un curatore da nominarsi dall’autorità giudiziaria. Il decreto di nomina del curatore deve essere pubblicato con le modalità prescritte nel comma precedente.
590	Art. 2845 Notificazioni relative a iscrizioni per obbligazioni all’ordine e al portatore	5. Come deve essere pubblicato il decreto di nomina del curatore secondo il testo?	Se l’iscrizione è presa per obbligazioni risultanti da titoli all’ordine (2008 e seguenti), le citazioni e notificazioni previste dall’articolo precedente devono farsi nei confronti di chi ha preso l’iscrizione a norma degli artt. 2831 e 2839, salvo che dai registri risulti l’annotazione a favore di un possessore successivo. Se si tratta di obbligazioni al portatore (2003 e seguenti, 2413 e seguenti), le citazioni e le notificazioni devono essere fatte al rappresentante degli obbligazionisti il cui nome è annotato in margine all’iscrizione. Le citazioni e le notificazioni devono essere iscritte nel registro delle imprese (2188 e seguenti) e pubblicate per estratto in un giornale quotidiano designato dall’autorità giudiziaria. Se manca per qualsiasi causa il rappresentante o il nome di lui non è stato annotato in margine all’iscrizione dell’ipoteca, le citazioni e le notificazioni sono fatte nei confronti di un curatore da nominarsi dall’autorità giudiziaria. Il decreto di nomina del curatore deve essere pubblicato con le modalità prescritte nel comma precedente.
591	Art. 2846 Spese d’iscrizione	1. Chi è responsabile delle spese d'iscrizione dell'ipoteca in assenza di un patto contrario?	Le spese d’iscrizione dell’ipoteca sono a carico del debitore, se non vi è patto contrario, ma devono essere anticipate dal richiedente.
592	Art. 2847 Durata dell’efficacia dell’iscrizione	1. Qual è la durata dell'effetto dell'iscrizione secondo il testo?	L’iscrizione conserva il suo effetto per venti anni dalla sua data. L’effetto cessa se l’iscrizione non è rinnovata prima che scada detto termine (att. 240).
593	Art. 2847 Durata dell’efficacia dell’iscrizione	2. Cosa accade se l'iscrizione non viene rinnovata prima della scadenza del termine di venti anni?	L’iscrizione conserva il suo effetto per venti anni dalla sua data. L’effetto cessa se l’iscrizione non è rinnovata prima che scada detto termine (att. 240).
594	Art. 2848 Nuova iscrizione dell’ipoteca	1. Cosa accade al grado dell'ipoteca se il creditore procede a una nuova iscrizione dopo il decorso del termine indicato dall'articolo precedente?	Nonostante il decorso del termine indicato dall’articolo precedente, il creditore può procedere a nuova iscrizione; in tal caso l’ipoteca prende grado dalla data della nuova iscrizione. La nuova iscrizione non può essere presa contro i terzi acquirenti dell’immobile ipotecato che hanno trascritto il loro titolo.
595	Art. 2848 Nuova iscrizione dell’ipoteca	2. In quali circostanze la nuova iscrizione dell'ipoteca non può essere presa contro i terzi acquirenti dell'immobile ipotecato?	Nonostante il decorso del termine indicato dall’articolo precedente, il creditore può procedere a nuova iscrizione; in tal caso l’ipoteca prende grado dalla data della nuova iscrizione. La nuova iscrizione non può essere presa contro i terzi acquirenti dell’immobile ipotecato che hanno trascritto il loro titolo.
596	Art. 2848 Nuova iscrizione dell’ipoteca	3. Qual è l'effetto della trascrizione del titolo da parte dei terzi acquirenti sull'iscrizione di una nuova ipoteca?	Nonostante il decorso del termine indicato dall’articolo precedente, il creditore può procedere a nuova iscrizione; in tal caso l’ipoteca prende grado dalla data della nuova iscrizione. La nuova iscrizione non può essere presa contro i terzi acquirenti dell’immobile ipotecato che hanno trascritto il loro titolo.
597	Art. 2850 Formalità per la rinnovazione	1. Quali documenti devono essere presentati al conservatore per ottenere la rinnovazione di un'iscrizione?	Per ottenere la rinnovazione si presenta al conservatore una nota in doppio originale conforme a quella della precedente iscrizione, in cui si dichiari che s’intende rinnovare l’iscrizione originaria. In luogo del titolo si può presentare la nota precedente. Il conservatore deve osservare le disposizioni dell’art. 2840.
598	Art. 2850 Formalità per la rinnovazione	2. È possibile presentare la nota precedente al posto del titolo per la rinnovazione dell'iscrizione?	Per ottenere la rinnovazione si presenta al conservatore una nota in doppio originale conforme a quella della precedente iscrizione, in cui si dichiari che s’intende rinnovare l’iscrizione originaria. In luogo del titolo si può presentare la nota precedente. Il conservatore deve osservare le disposizioni dell’art. 2840.
599	Art. 2850 Formalità per la rinnovazione	3. Quali disposizioni deve osservare il conservatore durante il processo di rinnovazione dell'iscrizione?	Per ottenere la rinnovazione si presenta al conservatore una nota in doppio originale conforme a quella della precedente iscrizione, in cui si dichiari che s’intende rinnovare l’iscrizione originaria. In luogo del titolo si può presentare la nota precedente. Il conservatore deve osservare le disposizioni dell’art. 2840.
600	Art. 2851 Rinnovazione rispetto a beni trasferiti agli eredi o aventi causa	1. Quali informazioni deve contenere la nota di rinnovazione se gli immobili ipotecati sono passati agli eredi del debitore o ai suoi aventi causa?	Se al tempo della rinnovazione gli immobili ipotecati risultano dai registri delle trascrizioni passati agli eredi del debitore o ai suoi aventi causa, la rinnovazione deve essere fatta anche nei confronti degli eredi o aventi causa e la nota deve contenere le indicazioni stabilite dall’art. 2839, se queste risultano dai registri medesimi.
601	Art. 2852 Grado dell’ipoteca	1. In che modo l'ipoteca prende grado nel momento della sua iscrizione, anche se si tratta di un credito condizionale?	L’ipoteca prende grado dal momento della sua iscrizione, anche se è iscritta per un credito condizionale. La stessa norma si applica per i crediti che possano eventualmente nascere in dipendenza di un rapporto già esistente.
602	Art. 2852 Grado dell’ipoteca	2. La norma sull'iscrizione dell'ipoteca si applica anche ai crediti che potrebbero nascere in futuro da un rapporto già esistente?	L’ipoteca prende grado dal momento della sua iscrizione, anche se è iscritta per un credito condizionale. La stessa norma si applica per i crediti che possano eventualmente nascere in dipendenza di un rapporto già esistente.
603	Art. 2853 Richieste contemporanee d’iscrizione	1. Cosa determina il grado delle iscrizioni secondo il testo?	Il numero d’ordine delle iscrizioni determina il loro grado. Nondimeno, se più persone presentano contemporaneamente la nota per ottenere iscrizione contro la stessa persona o sugli stessi immobili, iscrizioni sono eseguite sotto lo stesso numero, e di ciò si fa menzione nella ricevuta spedita dal conservatore a ciascuno dei richiedenti.
604	Art. 2853 Richieste contemporanee d’iscrizione	2. Cosa accade se più persone presentano contemporaneamente la nota per ottenere iscrizione contro la stessa persona o sugli stessi immobili?	Il numero d’ordine delle iscrizioni determina il loro grado. Nondimeno, se più persone presentano contemporaneamente la nota per ottenere iscrizione contro la stessa persona o sugli stessi immobili, iscrizioni sono eseguite sotto lo stesso numero, e di ciò si fa menzione nella ricevuta spedita dal conservatore a ciascuno dei richiedenti.
605	Art. 2854 Ipoteche iscritte nello stesso grado	1. Come si determina la proporzione tra crediti con iscrizione ipotecaria dello stesso grado sugli stessi beni?	I crediti con iscrizione ipotecaria dello stesso grado sugli stessi beni concorrono tra loro in proporzione dell’importo relativo.
606	Art. 2855 Estensione degli effetti dell’iscrizione	1. Quali spese vengono collocate nello stesso grado dell'iscrizione del credito in un'ipoteca?	L’iscrizione del credito fa collocare nello stesso grado le spese dell’atto di costituzione d’ipoteca, quelle dell’iscrizione e rinnovazione e quelle ordinarie occorrenti per l’intervento nel processo di esecuzione. Per il credito di maggiori spese giudiziali le parti possono estendere l’ipoteca con patto espresso, purché sia presa la corrispondente iscrizione. Qualunque sia la specie d’ipoteca, l’iscrizione di un capitale che produce interessi fa collocare nello stesso grado gli interessi dovuti, purché ne sia enunciata la misura nell’iscrizione. La collocazione degli interessi è limitata alle due annate anteriori e a quella in corso al giorno del pignoramento (Cod. Proc. Civ. 491 e seguenti), ancorché sia stata pattuita l’estensione a un maggior numero di annualità; le iscrizioni particolari prese per altri arretrati hanno effetto dalla loro data. L’iscrizione del capitale fa pure collocare nello stesso grado gli interessi maturati dopo il compimento dell’annata in corso alla data del pignoramento, però soltanto nella misura legale e fino alla data della vendita att. 2411.
607	Art. 2855 Estensione degli effetti dell’iscrizione	2. In che modo le parti possono estendere l'ipoteca per includere maggiori spese giudiziali?	L’iscrizione del credito fa collocare nello stesso grado le spese dell’atto di costituzione d’ipoteca, quelle dell’iscrizione e rinnovazione e quelle ordinarie occorrenti per l’intervento nel processo di esecuzione. Per il credito di maggiori spese giudiziali le parti possono estendere l’ipoteca con patto espresso, purché sia presa la corrispondente iscrizione. Qualunque sia la specie d’ipoteca, l’iscrizione di un capitale che produce interessi fa collocare nello stesso grado gli interessi dovuti, purché ne sia enunciata la misura nell’iscrizione. La collocazione degli interessi è limitata alle due annate anteriori e a quella in corso al giorno del pignoramento (Cod. Proc. Civ. 491 e seguenti), ancorché sia stata pattuita l’estensione a un maggior numero di annualità; le iscrizioni particolari prese per altri arretrati hanno effetto dalla loro data. L’iscrizione del capitale fa pure collocare nello stesso grado gli interessi maturati dopo il compimento dell’annata in corso alla data del pignoramento, però soltanto nella misura legale e fino alla data della vendita att. 2411.
608	Art. 2855 Estensione degli effetti dell’iscrizione	3. Quali condizioni devono essere soddisfatte affinché gli interessi di un capitale iscritto siano collocati nello stesso grado?	L’iscrizione del credito fa collocare nello stesso grado le spese dell’atto di costituzione d’ipoteca, quelle dell’iscrizione e rinnovazione e quelle ordinarie occorrenti per l’intervento nel processo di esecuzione. Per il credito di maggiori spese giudiziali le parti possono estendere l’ipoteca con patto espresso, purché sia presa la corrispondente iscrizione. Qualunque sia la specie d’ipoteca, l’iscrizione di un capitale che produce interessi fa collocare nello stesso grado gli interessi dovuti, purché ne sia enunciata la misura nell’iscrizione. La collocazione degli interessi è limitata alle due annate anteriori e a quella in corso al giorno del pignoramento (Cod. Proc. Civ. 491 e seguenti), ancorché sia stata pattuita l’estensione a un maggior numero di annualità; le iscrizioni particolari prese per altri arretrati hanno effetto dalla loro data. L’iscrizione del capitale fa pure collocare nello stesso grado gli interessi maturati dopo il compimento dell’annata in corso alla data del pignoramento, però soltanto nella misura legale e fino alla data della vendita att. 2411.
609	Art. 2855 Estensione degli effetti dell’iscrizione	4. A quali annualità è limitata la collocazione degli interessi in caso di pignoramento?	L’iscrizione del credito fa collocare nello stesso grado le spese dell’atto di costituzione d’ipoteca, quelle dell’iscrizione e rinnovazione e quelle ordinarie occorrenti per l’intervento nel processo di esecuzione. Per il credito di maggiori spese giudiziali le parti possono estendere l’ipoteca con patto espresso, purché sia presa la corrispondente iscrizione. Qualunque sia la specie d’ipoteca, l’iscrizione di un capitale che produce interessi fa collocare nello stesso grado gli interessi dovuti, purché ne sia enunciata la misura nell’iscrizione. La collocazione degli interessi è limitata alle due annate anteriori e a quella in corso al giorno del pignoramento (Cod. Proc. Civ. 491 e seguenti), ancorché sia stata pattuita l’estensione a un maggior numero di annualità; le iscrizioni particolari prese per altri arretrati hanno effetto dalla loro data. L’iscrizione del capitale fa pure collocare nello stesso grado gli interessi maturati dopo il compimento dell’annata in corso alla data del pignoramento, però soltanto nella misura legale e fino alla data della vendita att. 2411.
610	Art. 2855 Estensione degli effetti dell’iscrizione	5. Come vengono trattate le iscrizioni particolari prese per altri arretrati rispetto alla loro data?	L’iscrizione del credito fa collocare nello stesso grado le spese dell’atto di costituzione d’ipoteca, quelle dell’iscrizione e rinnovazione e quelle ordinarie occorrenti per l’intervento nel processo di esecuzione. Per il credito di maggiori spese giudiziali le parti possono estendere l’ipoteca con patto espresso, purché sia presa la corrispondente iscrizione. Qualunque sia la specie d’ipoteca, l’iscrizione di un capitale che produce interessi fa collocare nello stesso grado gli interessi dovuti, purché ne sia enunciata la misura nell’iscrizione. La collocazione degli interessi è limitata alle due annate anteriori e a quella in corso al giorno del pignoramento (Cod. Proc. Civ. 491 e seguenti), ancorché sia stata pattuita l’estensione a un maggior numero di annualità; le iscrizioni particolari prese per altri arretrati hanno effetto dalla loro data. L’iscrizione del capitale fa pure collocare nello stesso grado gli interessi maturati dopo il compimento dell’annata in corso alla data del pignoramento, però soltanto nella misura legale e fino alla data della vendita att. 2411.
611	Art. 2855 Estensione degli effetti dell’iscrizione	6. Fino a quando gli interessi maturati dopo il compimento dell'annata in corso alla data del pignoramento possono essere collocati nello stesso grado?	L’iscrizione del credito fa collocare nello stesso grado le spese dell’atto di costituzione d’ipoteca, quelle dell’iscrizione e rinnovazione e quelle ordinarie occorrenti per l’intervento nel processo di esecuzione. Per il credito di maggiori spese giudiziali le parti possono estendere l’ipoteca con patto espresso, purché sia presa la corrispondente iscrizione. Qualunque sia la specie d’ipoteca, l’iscrizione di un capitale che produce interessi fa collocare nello stesso grado gli interessi dovuti, purché ne sia enunciata la misura nell’iscrizione. La collocazione degli interessi è limitata alle due annate anteriori e a quella in corso al giorno del pignoramento (Cod. Proc. Civ. 491 e seguenti), ancorché sia stata pattuita l’estensione a un maggior numero di annualità; le iscrizioni particolari prese per altri arretrati hanno effetto dalla loro data. L’iscrizione del capitale fa pure collocare nello stesso grado gli interessi maturati dopo il compimento dell’annata in corso alla data del pignoramento, però soltanto nella misura legale e fino alla data della vendita att. 2411.
612	Art. 2856 Surrogazione del creditore perdente	1. In quali circostanze un creditore con ipoteca può surrogarsi nell'ipoteca di un creditore anteriore?	Il creditore che ha ipoteca sopra uno o più immobili, qualora si trovi perdente perché sul loro prezzo si è in tutto o in parte soddisfatto un creditore anteriore, la cui ipoteca si estendeva ad altri beni dello stesso debitore, può surrogarsi nell’ipoteca iscritta a favore del creditore soddisfatto, al fine di esercitare l’azione ipotecaria su questi altri beni con preferenza rispetto ai creditori posteriori alla propria iscrizione. Lo stesso diritto spetta ai creditori perdenti in seguito alla detta surrogazione. Questa disposizione si applica anche ai creditori perdenti per causa di privilegi immobiliari (2770 e seguenti).
613	Art. 2856 Surrogazione del creditore perdente	2. Quali diritti ha un creditore perdente in seguito alla surrogazione di un'ipoteca?	Il creditore che ha ipoteca sopra uno o più immobili, qualora si trovi perdente perché sul loro prezzo si è in tutto o in parte soddisfatto un creditore anteriore, la cui ipoteca si estendeva ad altri beni dello stesso debitore, può surrogarsi nell’ipoteca iscritta a favore del creditore soddisfatto, al fine di esercitare l’azione ipotecaria su questi altri beni con preferenza rispetto ai creditori posteriori alla propria iscrizione. Lo stesso diritto spetta ai creditori perdenti in seguito alla detta surrogazione. Questa disposizione si applica anche ai creditori perdenti per causa di privilegi immobiliari (2770 e seguenti).
614	Art. 2856 Surrogazione del creditore perdente	3. La disposizione sulla surrogazione si applica anche ai creditori perdenti per quali altri motivi?	Il creditore che ha ipoteca sopra uno o più immobili, qualora si trovi perdente perché sul loro prezzo si è in tutto o in parte soddisfatto un creditore anteriore, la cui ipoteca si estendeva ad altri beni dello stesso debitore, può surrogarsi nell’ipoteca iscritta a favore del creditore soddisfatto, al fine di esercitare l’azione ipotecaria su questi altri beni con preferenza rispetto ai creditori posteriori alla propria iscrizione. Lo stesso diritto spetta ai creditori perdenti in seguito alla detta surrogazione. Questa disposizione si applica anche ai creditori perdenti per causa di privilegi immobiliari (2770 e seguenti).
615	Art. 2857 Limiti della surrogazione	1. In quali casi la surrogazione non può essere esercitata sui beni ipotecati?	La surrogazione non si può esercitare sui beni dati in ipoteca da un terzo, ne sui beni alienati dal debitore, quando l’alienazione è stata trascritta anteriormente all’iscrizione del creditore perdente. Trattandosi di beni acquistati dal debitore posteriormente a detta iscrizione, se il creditore soddisfatto aveva esteso a essi la sua ipoteca giudiziale, il creditore perdente può esercitare la surrogazione anche su tali beni. Per far valere il diritto alla surrogazione deve essere eseguita annotazione in margine all’ipoteca del creditore soddisfatto; per l’annotazione deve presentarsi al conservatore copia dello stato di graduazione dal quale risulta l’incapienza.
616	Art. 2857 Limiti della surrogazione	2. Cosa deve fare il creditore perdente per esercitare il diritto alla surrogazione su beni acquistati dal debitore dopo l'iscrizione dell'ipoteca?	La surrogazione non si può esercitare sui beni dati in ipoteca da un terzo, ne sui beni alienati dal debitore, quando l’alienazione è stata trascritta anteriormente all’iscrizione del creditore perdente. Trattandosi di beni acquistati dal debitore posteriormente a detta iscrizione, se il creditore soddisfatto aveva esteso a essi la sua ipoteca giudiziale, il creditore perdente può esercitare la surrogazione anche su tali beni. Per far valere il diritto alla surrogazione deve essere eseguita annotazione in margine all’ipoteca del creditore soddisfatto; per l’annotazione deve presentarsi al conservatore copia dello stato di graduazione dal quale risulta l’incapienza.
617	Art. 2857 Limiti della surrogazione	3. Qual è il requisito necessario per l'annotazione in margine all'ipoteca del creditore soddisfatto?	La surrogazione non si può esercitare sui beni dati in ipoteca da un terzo, ne sui beni alienati dal debitore, quando l’alienazione è stata trascritta anteriormente all’iscrizione del creditore perdente. Trattandosi di beni acquistati dal debitore posteriormente a detta iscrizione, se il creditore soddisfatto aveva esteso a essi la sua ipoteca giudiziale, il creditore perdente può esercitare la surrogazione anche su tali beni. Per far valere il diritto alla surrogazione deve essere eseguita annotazione in margine all’ipoteca del creditore soddisfatto; per l’annotazione deve presentarsi al conservatore copia dello stato di graduazione dal quale risulta l’incapienza.
618	Art. 2857 Limiti della surrogazione	4. Quale documento deve essere presentato al conservatore per eseguire l'annotazione relativa alla surrogazione?	La surrogazione non si può esercitare sui beni dati in ipoteca da un terzo, ne sui beni alienati dal debitore, quando l’alienazione è stata trascritta anteriormente all’iscrizione del creditore perdente. Trattandosi di beni acquistati dal debitore posteriormente a detta iscrizione, se il creditore soddisfatto aveva esteso a essi la sua ipoteca giudiziale, il creditore perdente può esercitare la surrogazione anche su tali beni. Per far valere il diritto alla surrogazione deve essere eseguita annotazione in margine all’ipoteca del creditore soddisfatto; per l’annotazione deve presentarsi al conservatore copia dello stato di graduazione dal quale risulta l’incapienza.
619	Art. 2858 Facoltà del terzo acquirente	1. Quali opzioni ha il terzo acquirente dei beni ipotecati che ha trascritto il suo titolo di acquisto e non è personalmente obbligato?	Il terzo acquirente dei beni ipotecati, che ha trascritto (2643; att. 242) il suo titolo di acquisto e non è personalmente obbligato, se non preferisce pagare i creditori iscritti (2827 e seguenti), può rilasciare i beni stessi ovvero liberarli dalle ipoteche, osservando le norme contenute nella
620	Art. 2858 Facoltà del terzo acquirente	2. Cosa può fare il terzo acquirente per liberare i beni dalle ipoteche?	Il terzo acquirente dei beni ipotecati, che ha trascritto (2643; att. 242) il suo titolo di acquisto e non è personalmente obbligato, se non preferisce pagare i creditori iscritti (2827 e seguenti), può rilasciare i beni stessi ovvero liberarli dalle ipoteche, osservando le norme contenute nella
621	Art. 2859 Eccezioni opponibili dal terzo acquirente	1. Quali eccezioni può opporre il terzo acquirente al creditore procedente se non ha preso parte al giudizio?	Se la domanda diretta a ottenere la condanna del debitore è posteriore alla trascrizione del titolo del terzo acquirente, questi, ove non abbia preso parte al giudizio, può opporre al creditore procedente tutte le eccezioni non opposte dal debitore e quelle altresì che spetterebbero a questo dopo la condanna. Le eccezioni suddette però non sospendono il corso dei termini stabiliti per la liberazione del bene dalle ipoteche.
622	Art. 2859 Eccezioni opponibili dal terzo acquirente	2. Le eccezioni opposte dal terzo acquirente sospendono il corso dei termini per la liberazione del bene dalle ipoteche?	Se la domanda diretta a ottenere la condanna del debitore è posteriore alla trascrizione del titolo del terzo acquirente, questi, ove non abbia preso parte al giudizio, può opporre al creditore procedente tutte le eccezioni non opposte dal debitore e quelle altresì che spetterebbero a questo dopo la condanna. Le eccezioni suddette però non sospendono il corso dei termini stabiliti per la liberazione del bene dalle ipoteche.
623	Art. 2860 Capacità per il rilascio	1. Chi può procedere al rilascio secondo l'articolo 2861 e seguenti?	Può procedere al rilascio (2861 e seguenti) soltanto chi ha la capacità di alienare.
624	Art. 2861 Termine ed esecuzione del rilascio	1. Qual è il termine entro cui deve essere fatta la dichiarazione di rilascio dei beni ipotecati alla cancelleria del tribunale competente?	Il rilascio dei beni ipotecati si esegue con dichiarazione alla cancelleria del tribunale competente per l’espropriazione (Cod. Proc. Civ. 26). La dichiarazione deve essere fatta non oltre i dieci giorni dalla data del pignoramento (Cod. Proc. Civ. 555 e seguenti, 604). Il certificato della cancelleria attestante la dichiarazione deve, a cura del terzo, essere annotato in margine alla trascrizione del l’atto di pignoramento e deve essere notificato, entro cinque giorni dalla sua data, al creditore procedente. Sull’istanza di questo o di qualunque altro interessato, il tribunale provvede alla nomina di un amministratore, in confronto del quale prosegue il processo di espropriazione. Il terzo rimane responsabile della custodia dell’immobile fino alla consegna all’amministratore.
625	Art. 2861 Termine ed esecuzione del rilascio	2. Quali sono i documenti che devono essere annotati in margine alla trascrizione dell'atto di pignoramento?	Il rilascio dei beni ipotecati si esegue con dichiarazione alla cancelleria del tribunale competente per l’espropriazione (Cod. Proc. Civ. 26). La dichiarazione deve essere fatta non oltre i dieci giorni dalla data del pignoramento (Cod. Proc. Civ. 555 e seguenti, 604). Il certificato della cancelleria attestante la dichiarazione deve, a cura del terzo, essere annotato in margine alla trascrizione del l’atto di pignoramento e deve essere notificato, entro cinque giorni dalla sua data, al creditore procedente. Sull’istanza di questo o di qualunque altro interessato, il tribunale provvede alla nomina di un amministratore, in confronto del quale prosegue il processo di espropriazione. Il terzo rimane responsabile della custodia dell’immobile fino alla consegna all’amministratore.
626	Art. 2861 Termine ed esecuzione del rilascio	3. Chi è responsabile della custodia dell'immobile fino alla consegna all'amministratore nominato dal tribunale?	Il rilascio dei beni ipotecati si esegue con dichiarazione alla cancelleria del tribunale competente per l’espropriazione (Cod. Proc. Civ. 26). La dichiarazione deve essere fatta non oltre i dieci giorni dalla data del pignoramento (Cod. Proc. Civ. 555 e seguenti, 604). Il certificato della cancelleria attestante la dichiarazione deve, a cura del terzo, essere annotato in margine alla trascrizione del l’atto di pignoramento e deve essere notificato, entro cinque giorni dalla sua data, al creditore procedente. Sull’istanza di questo o di qualunque altro interessato, il tribunale provvede alla nomina di un amministratore, in confronto del quale prosegue il processo di espropriazione. Il terzo rimane responsabile della custodia dell’immobile fino alla consegna all’amministratore.
627	Art. 2861 Termine ed esecuzione del rilascio	4. Entro quanti giorni deve essere notificato al creditore procedente il certificato della cancelleria attestante la dichiarazione di rilascio dei beni ipotecati?	Il rilascio dei beni ipotecati si esegue con dichiarazione alla cancelleria del tribunale competente per l’espropriazione (Cod. Proc. Civ. 26). La dichiarazione deve essere fatta non oltre i dieci giorni dalla data del pignoramento (Cod. Proc. Civ. 555 e seguenti, 604). Il certificato della cancelleria attestante la dichiarazione deve, a cura del terzo, essere annotato in margine alla trascrizione del l’atto di pignoramento e deve essere notificato, entro cinque giorni dalla sua data, al creditore procedente. Sull’istanza di questo o di qualunque altro interessato, il tribunale provvede alla nomina di un amministratore, in confronto del quale prosegue il processo di espropriazione. Il terzo rimane responsabile della custodia dell’immobile fino alla consegna all’amministratore.
628	Art. 2861 Termine ed esecuzione del rilascio	5. Chi può richiedere al tribunale la nomina di un amministratore per proseguire il processo di espropriazione?	Il rilascio dei beni ipotecati si esegue con dichiarazione alla cancelleria del tribunale competente per l’espropriazione (Cod. Proc. Civ. 26). La dichiarazione deve essere fatta non oltre i dieci giorni dalla data del pignoramento (Cod. Proc. Civ. 555 e seguenti, 604). Il certificato della cancelleria attestante la dichiarazione deve, a cura del terzo, essere annotato in margine alla trascrizione del l’atto di pignoramento e deve essere notificato, entro cinque giorni dalla sua data, al creditore procedente. Sull’istanza di questo o di qualunque altro interessato, il tribunale provvede alla nomina di un amministratore, in confronto del quale prosegue il processo di espropriazione. Il terzo rimane responsabile della custodia dell’immobile fino alla consegna all’amministratore.
629	Art. 2862 Ipoteche e altri diritti reali a carico e a favore del terzo	1. In che modo il rilascio influisce sulle ipoteche e sui diritti reali resi pubblici contro il terzo?	Il rilascio non pregiudica le ipoteche, le servitù e gli altri diritti reali resi pubblici contro il terzo prima dell’annotazione del rilascio. Le ipoteche, le servitù e gli altri diritti reali che già spettavano al terzo prima dell’acquisto riprendono efficacia dopo il rilascio o dopo la vendita all’incanto eseguita contro di lui (Cod. Proc. Civ. 576 e seguenti). Del pari riprendono efficacia le servitù che al momento dell’iscrizione dell’ipoteca esistevano a favore del fondo ipotecato e a carico di altro fondo del terzo. Esse sono comprese nell’espropriazione del fondo ipotecato.
630	Art. 2862 Ipoteche e altri diritti reali a carico e a favore del terzo	2. Cosa accade alle ipoteche e ai diritti reali del terzo dopo il rilascio o la vendita all'incanto?	Il rilascio non pregiudica le ipoteche, le servitù e gli altri diritti reali resi pubblici contro il terzo prima dell’annotazione del rilascio. Le ipoteche, le servitù e gli altri diritti reali che già spettavano al terzo prima dell’acquisto riprendono efficacia dopo il rilascio o dopo la vendita all’incanto eseguita contro di lui (Cod. Proc. Civ. 576 e seguenti). Del pari riprendono efficacia le servitù che al momento dell’iscrizione dell’ipoteca esistevano a favore del fondo ipotecato e a carico di altro fondo del terzo. Esse sono comprese nell’espropriazione del fondo ipotecato.
631	Art. 2862 Ipoteche e altri diritti reali a carico e a favore del terzo	3. Qual è l'effetto del rilascio sulle servitù esistenti al momento dell'iscrizione dell'ipoteca?	Il rilascio non pregiudica le ipoteche, le servitù e gli altri diritti reali resi pubblici contro il terzo prima dell’annotazione del rilascio. Le ipoteche, le servitù e gli altri diritti reali che già spettavano al terzo prima dell’acquisto riprendono efficacia dopo il rilascio o dopo la vendita all’incanto eseguita contro di lui (Cod. Proc. Civ. 576 e seguenti). Del pari riprendono efficacia le servitù che al momento dell’iscrizione dell’ipoteca esistevano a favore del fondo ipotecato e a carico di altro fondo del terzo. Esse sono comprese nell’espropriazione del fondo ipotecato.
632	Art. 2862 Ipoteche e altri diritti reali a carico e a favore del terzo	4. Le servitù a favore del fondo ipotecato sono comprese in quale procedura legale?	Il rilascio non pregiudica le ipoteche, le servitù e gli altri diritti reali resi pubblici contro il terzo prima dell’annotazione del rilascio. Le ipoteche, le servitù e gli altri diritti reali che già spettavano al terzo prima dell’acquisto riprendono efficacia dopo il rilascio o dopo la vendita all’incanto eseguita contro di lui (Cod. Proc. Civ. 576 e seguenti). Del pari riprendono efficacia le servitù che al momento dell’iscrizione dell’ipoteca esistevano a favore del fondo ipotecato e a carico di altro fondo del terzo. Esse sono comprese nell’espropriazione del fondo ipotecato.
633	Art. 2863 Ricupero dell’immobile rilasciato e abbandono dell’esecuzione	1. In quali circostanze il terzo può ricuperare l'immobile rilasciato prima della vendita?	Finché non sia avvenuta la vendita, il terzo può ricuperare l’immobile rilasciato, pagando i crediti iscritti e i loro accessori, oltre le spese. Qualora la vendita sia avvenuta e, dopo pagati i creditori iscritti, vi sia un residuo del prezzo, questo spetta al terzo acquirente. Il rilascio non ha effetto se il processo di esecuzione si estingue per rinunzia o per inattività delle parti (Cod. Proc. Civ. 629 e seguenti).
634	Art. 2863 Ricupero dell’immobile rilasciato e abbandono dell’esecuzione	2. Cosa accade al residuo del prezzo di vendita dopo che i creditori iscritti sono stati pagati?	Finché non sia avvenuta la vendita, il terzo può ricuperare l’immobile rilasciato, pagando i crediti iscritti e i loro accessori, oltre le spese. Qualora la vendita sia avvenuta e, dopo pagati i creditori iscritti, vi sia un residuo del prezzo, questo spetta al terzo acquirente. Il rilascio non ha effetto se il processo di esecuzione si estingue per rinunzia o per inattività delle parti (Cod. Proc. Civ. 629 e seguenti).
635	Art. 2863 Ricupero dell’immobile rilasciato e abbandono dell’esecuzione	3. Quali sono le condizioni in cui il rilascio dell'immobile non ha effetto?	Finché non sia avvenuta la vendita, il terzo può ricuperare l’immobile rilasciato, pagando i crediti iscritti e i loro accessori, oltre le spese. Qualora la vendita sia avvenuta e, dopo pagati i creditori iscritti, vi sia un residuo del prezzo, questo spetta al terzo acquirente. Il rilascio non ha effetto se il processo di esecuzione si estingue per rinunzia o per inattività delle parti (Cod. Proc. Civ. 629 e seguenti).
636	Art. 2864 Danni causati dal terzo e miglioramenti	1. Quali sono le conseguenze per un terzo che causa danni a un immobile in pregiudizio dei creditori iscritti?	Il terzo è tenuto a risarcire i danni (2043 e seguenti) che da sua colpa grave sono derivati all’immobile in pregiudizio dei creditori iscritti (2827 e seguenti). Egli non può ritenere l’immobile per causa di miglioramenti; ma ha il diritto di far separare dal prezzo di vendita la parte corrispondente ai miglioramenti eseguiti dopo la trascrizione del suo titolo, fino a concorrenza del valore dei medesimi al tempo della vendita. Se il prezzo non copre il valore dell’immobile nello stato in cui era prima dei miglioramenti e insieme quello dei miglioramenti, esso deve dividersi in due parti proporzionali ai detti valori.
637	Art. 2864 Danni causati dal terzo e miglioramenti	2. In che modo un terzo può ottenere il riconoscimento del valore dei miglioramenti apportati a un immobile?	Il terzo è tenuto a risarcire i danni (2043 e seguenti) che da sua colpa grave sono derivati all’immobile in pregiudizio dei creditori iscritti (2827 e seguenti). Egli non può ritenere l’immobile per causa di miglioramenti; ma ha il diritto di far separare dal prezzo di vendita la parte corrispondente ai miglioramenti eseguiti dopo la trascrizione del suo titolo, fino a concorrenza del valore dei medesimi al tempo della vendita. Se il prezzo non copre il valore dell’immobile nello stato in cui era prima dei miglioramenti e insieme quello dei miglioramenti, esso deve dividersi in due parti proporzionali ai detti valori.
638	Art. 2864 Danni causati dal terzo e miglioramenti	3. Come viene suddiviso il prezzo di vendita di un immobile se non copre il valore dell'immobile e dei miglioramenti?	Il terzo è tenuto a risarcire i danni (2043 e seguenti) che da sua colpa grave sono derivati all’immobile in pregiudizio dei creditori iscritti (2827 e seguenti). Egli non può ritenere l’immobile per causa di miglioramenti; ma ha il diritto di far separare dal prezzo di vendita la parte corrispondente ai miglioramenti eseguiti dopo la trascrizione del suo titolo, fino a concorrenza del valore dei medesimi al tempo della vendita. Se il prezzo non copre il valore dell’immobile nello stato in cui era prima dei miglioramenti e insieme quello dei miglioramenti, esso deve dividersi in due parti proporzionali ai detti valori.
639	Art. 2864 Danni causati dal terzo e miglioramenti	4. Quali diritti ha un terzo riguardo ai miglioramenti eseguiti su un immobile dopo la trascrizione del suo titolo?	Il terzo è tenuto a risarcire i danni (2043 e seguenti) che da sua colpa grave sono derivati all’immobile in pregiudizio dei creditori iscritti (2827 e seguenti). Egli non può ritenere l’immobile per causa di miglioramenti; ma ha il diritto di far separare dal prezzo di vendita la parte corrispondente ai miglioramenti eseguiti dopo la trascrizione del suo titolo, fino a concorrenza del valore dei medesimi al tempo della vendita. Se il prezzo non copre il valore dell’immobile nello stato in cui era prima dei miglioramenti e insieme quello dei miglioramenti, esso deve dividersi in due parti proporzionali ai detti valori.
640	Art. 2865 Frutti dovuti dal terzo	1. A partire da quale giorno i frutti dell'immobile ipotecato sono dovuti dal terzo in caso di pignoramento?	I frutti dell’immobile ipotecato sono dovuti dal terzo a decorrere dal giorno in cui è stato eseguito il pignoramento (Cod. Proc. Civ. 555 e seguenti). Nel caso di liberazione dell’immobile dalle ipoteche i frutti sono del pari dovuti dal giorno del pignoramento o, in mancanza di pignoramento, dal giorno della notificazione eseguita in conformità dell’art. 2890.
641	Art. 2865 Frutti dovuti dal terzo	2. In assenza di pignoramento, da quale giorno i frutti sono dovuti nel caso di liberazione dell'immobile dalle ipoteche?	I frutti dell’immobile ipotecato sono dovuti dal terzo a decorrere dal giorno in cui è stato eseguito il pignoramento (Cod. Proc. Civ. 555 e seguenti). Nel caso di liberazione dell’immobile dalle ipoteche i frutti sono del pari dovuti dal giorno del pignoramento o, in mancanza di pignoramento, dal giorno della notificazione eseguita in conformità dell’art. 2890.
642	Art. 2866 Diritti del terzo nei confronti del debitore e di altri terzi acquirenti	1. Quali diritti ha il terzo che ha pagato i creditori iscritti o ha rilasciato l'immobile?	Il terzo che ha pagato i creditori iscritti ovvero ha rilasciato l’immobile o sofferto l’espropriazione ha ragione d’indennità verso il suo autore, anche se si tratta di acquisto a titolo gratuito (1483 e seguenti). Ha pure diritto di subingresso nelle ipoteche costituite a favore del creditore soddisfatto sugli altri beni del debitore; se questi sono stati acquistati da terzi, non ha azione che contro coloro i quali hanno trascritto il loro acquisto in data posteriore alla trascrizione del suo titolo. Per esercitare il subingresso deve fare eseguire la relativa annotazione in conformità dell’art. 2843. Il subingresso non pregiudica l’esercizio del diritto di surrogazione stabilito dall’art. 2856 a favore dei creditori che hanno un’iscrizione anteriore alla trascrizione del
643	Art. 2866 Diritti del terzo nei confronti del debitore e di altri terzi acquirenti	2. In quali circostanze il terzo ha diritto di subingresso nelle ipoteche costituite a favore del creditore soddisfatto?	Il terzo che ha pagato i creditori iscritti ovvero ha rilasciato l’immobile o sofferto l’espropriazione ha ragione d’indennità verso il suo autore, anche se si tratta di acquisto a titolo gratuito (1483 e seguenti). Ha pure diritto di subingresso nelle ipoteche costituite a favore del creditore soddisfatto sugli altri beni del debitore; se questi sono stati acquistati da terzi, non ha azione che contro coloro i quali hanno trascritto il loro acquisto in data posteriore alla trascrizione del suo titolo. Per esercitare il subingresso deve fare eseguire la relativa annotazione in conformità dell’art. 2843. Il subingresso non pregiudica l’esercizio del diritto di surrogazione stabilito dall’art. 2856 a favore dei creditori che hanno un’iscrizione anteriore alla trascrizione del
644	Art. 2866 Diritti del terzo nei confronti del debitore e di altri terzi acquirenti	3. Cosa deve fare il terzo per esercitare il diritto di subingresso?	Il terzo che ha pagato i creditori iscritti ovvero ha rilasciato l’immobile o sofferto l’espropriazione ha ragione d’indennità verso il suo autore, anche se si tratta di acquisto a titolo gratuito (1483 e seguenti). Ha pure diritto di subingresso nelle ipoteche costituite a favore del creditore soddisfatto sugli altri beni del debitore; se questi sono stati acquistati da terzi, non ha azione che contro coloro i quali hanno trascritto il loro acquisto in data posteriore alla trascrizione del suo titolo. Per esercitare il subingresso deve fare eseguire la relativa annotazione in conformità dell’art. 2843. Il subingresso non pregiudica l’esercizio del diritto di surrogazione stabilito dall’art. 2856 a favore dei creditori che hanno un’iscrizione anteriore alla trascrizione del
645	Art. 2866 Diritti del terzo nei confronti del debitore e di altri terzi acquirenti	4. Quali limitazioni esistono per il terzo nel caso in cui i beni del debitore siano stati acquistati da terzi?	Il terzo che ha pagato i creditori iscritti ovvero ha rilasciato l’immobile o sofferto l’espropriazione ha ragione d’indennità verso il suo autore, anche se si tratta di acquisto a titolo gratuito (1483 e seguenti). Ha pure diritto di subingresso nelle ipoteche costituite a favore del creditore soddisfatto sugli altri beni del debitore; se questi sono stati acquistati da terzi, non ha azione che contro coloro i quali hanno trascritto il loro acquisto in data posteriore alla trascrizione del suo titolo. Per esercitare il subingresso deve fare eseguire la relativa annotazione in conformità dell’art. 2843. Il subingresso non pregiudica l’esercizio del diritto di surrogazione stabilito dall’art. 2856 a favore dei creditori che hanno un’iscrizione anteriore alla trascrizione del
646	Art. 2866 Diritti del terzo nei confronti del debitore e di altri terzi acquirenti	5. Come il subingresso del terzo si relaziona con il diritto di surrogazione stabilito dall'art. 2856?	Il terzo che ha pagato i creditori iscritti ovvero ha rilasciato l’immobile o sofferto l’espropriazione ha ragione d’indennità verso il suo autore, anche se si tratta di acquisto a titolo gratuito (1483 e seguenti). Ha pure diritto di subingresso nelle ipoteche costituite a favore del creditore soddisfatto sugli altri beni del debitore; se questi sono stati acquistati da terzi, non ha azione che contro coloro i quali hanno trascritto il loro acquisto in data posteriore alla trascrizione del suo titolo. Per esercitare il subingresso deve fare eseguire la relativa annotazione in conformità dell’art. 2843. Il subingresso non pregiudica l’esercizio del diritto di surrogazione stabilito dall’art. 2856 a favore dei creditori che hanno un’iscrizione anteriore alla trascrizione del
647	Art. 2866 Diritti del terzo nei confronti del debitore e di altri terzi acquirenti	6. Quali sono le condizioni per cui il terzo non ha azione contro coloro che hanno trascritto il loro acquisto?	Il terzo che ha pagato i creditori iscritti ovvero ha rilasciato l’immobile o sofferto l’espropriazione ha ragione d’indennità verso il suo autore, anche se si tratta di acquisto a titolo gratuito (1483 e seguenti). Ha pure diritto di subingresso nelle ipoteche costituite a favore del creditore soddisfatto sugli altri beni del debitore; se questi sono stati acquistati da terzi, non ha azione che contro coloro i quali hanno trascritto il loro acquisto in data posteriore alla trascrizione del suo titolo. Per esercitare il subingresso deve fare eseguire la relativa annotazione in conformità dell’art. 2843. Il subingresso non pregiudica l’esercizio del diritto di surrogazione stabilito dall’art. 2856 a favore dei creditori che hanno un’iscrizione anteriore alla trascrizione del
648	Art. 2867 Terzo debitore di somma in dipendenza dell’acquisto	1. In quali circostanze i creditori iscritti contro il precedente proprietario possono obbligare il terzo acquirente al pagamento di una somma esigibile?	Se il terzo acquirente, che ha trascritto il suo titolo, è debitore, in dipendenza dell’acquisto, di una somma attualmente esigibile, la quale basti a soddisfare tutti i creditori iscritti contro il precedente proprietario, ciascuno di questi può obbligarlo al pagamento. Se il debito del terzo non è attualmente esigibile, o e minore o diverso da ciò che è dovuto ai detti creditori, questi, purché di comune accordo, possono egualmente richiedere che venga loro pagato, fino alla rispettiva concorrenza, ciò che il terzo deve nei modi e termini della sua obbligazione. Nell’uno e nell’altro caso l’acquirente non può evitare di pagare, offrendo il rilascio dell’immobile, ma, eseguito il pagamento, l’immobile è liberato da ogni ipoteca, non esclusa quella che spetta all’alienante (2817 n. 1), e il terzo ha diritto di ottenere che si cancellino le relative iscrizioni (2882 e seguenti).
649	Art. 2867 Terzo debitore di somma in dipendenza dell’acquisto	2. Cosa possono fare i creditori se il debito del terzo acquirente non è attualmente esigibile o è minore rispetto a quanto dovuto?	Se il terzo acquirente, che ha trascritto il suo titolo, è debitore, in dipendenza dell’acquisto, di una somma attualmente esigibile, la quale basti a soddisfare tutti i creditori iscritti contro il precedente proprietario, ciascuno di questi può obbligarlo al pagamento. Se il debito del terzo non è attualmente esigibile, o e minore o diverso da ciò che è dovuto ai detti creditori, questi, purché di comune accordo, possono egualmente richiedere che venga loro pagato, fino alla rispettiva concorrenza, ciò che il terzo deve nei modi e termini della sua obbligazione. Nell’uno e nell’altro caso l’acquirente non può evitare di pagare, offrendo il rilascio dell’immobile, ma, eseguito il pagamento, l’immobile è liberato da ogni ipoteca, non esclusa quella che spetta all’alienante (2817 n. 1), e il terzo ha diritto di ottenere che si cancellino le relative iscrizioni (2882 e seguenti).
650	Art. 2867 Terzo debitore di somma in dipendenza dell’acquisto	3. Quali sono le conseguenze per l'immobile e per il terzo acquirente una volta che il pagamento è stato eseguito?	Se il terzo acquirente, che ha trascritto il suo titolo, è debitore, in dipendenza dell’acquisto, di una somma attualmente esigibile, la quale basti a soddisfare tutti i creditori iscritti contro il precedente proprietario, ciascuno di questi può obbligarlo al pagamento. Se il debito del terzo non è attualmente esigibile, o e minore o diverso da ciò che è dovuto ai detti creditori, questi, purché di comune accordo, possono egualmente richiedere che venga loro pagato, fino alla rispettiva concorrenza, ciò che il terzo deve nei modi e termini della sua obbligazione. Nell’uno e nell’altro caso l’acquirente non può evitare di pagare, offrendo il rilascio dell’immobile, ma, eseguito il pagamento, l’immobile è liberato da ogni ipoteca, non esclusa quella che spetta all’alienante (2817 n. 1), e il terzo ha diritto di ottenere che si cancellino le relative iscrizioni (2882 e seguenti).
651	Art. 2868 Beneficio di escussione	1. Quali sono le condizioni in cui una persona che ha costituito un'ipoteca a garanzia del debito altrui può invocare il beneficio della preventiva escussione del debitore?	Chi ha costituito un’ipoteca a garanzia del debito altrui non può invocare il beneficio della preventiva escussione del debitore, se il beneficio non è stato convenuto.
652	Art. 2869 Estinzione dell’ipoteca per fatto del creditore	1. In quali circostanze l'ipoteca costituita dal terzo si estingue a causa del comportamento del creditore?	L’ipoteca costituita dal terzo si estingue se, per fatto del creditore, non può avere effetto la surrogazione del terzo nei diritti, nel pegno, nelle ipoteche e nei privilegi del creditore.
653	Art. 2870 Eccezioni opponibili dal terzo datore	1. Quali eccezioni può opporre al creditore il terzo datore che non ha partecipato al giudizio diretto alla condanna del debitore, secondo l'articolo 2859?	Il terzo datore che non ha preso parte al giudizio diretto alla condanna del debitore può opporre al creditore le eccezioni indicate dall’art. 2859.
654	Art. 2871 Diritti del terzo datore che ha pagato i creditori iscritti o ha sofferto l’espropriazione	1. Quali diritti ha il terzo datore che ha pagato i creditori iscritti o ha subito l’espropriazione nei confronti del debitore principale?	Il terzo datore che ha pagato i creditori iscritti o ha sofferto l’espropriazione ha regresso contro il debitore. Se vi sono più debitori obbligati in solido il terzo che ha costituito l’ipoteca a garanzia di tutti ha regresso contro ciascuno per l’intero (1292 e seguenti). Il terzo datore ha regresso contro i fideiussori (1936 e seguenti) del debitore. Ha inoltre regresso contro gli altri terzi datori per la loro rispettiva porzione e può esercitare, anche nei confronti dei terzi acquirenti, il subingresso previsto dal secondo comma dell’art. 2866.
655	Art. 2871 Diritti del terzo datore che ha pagato i creditori iscritti o ha sofferto l’espropriazione	2. In che modo il terzo datore può esercitare il regresso se vi sono più debitori obbligati in solido?	Il terzo datore che ha pagato i creditori iscritti o ha sofferto l’espropriazione ha regresso contro il debitore. Se vi sono più debitori obbligati in solido il terzo che ha costituito l’ipoteca a garanzia di tutti ha regresso contro ciascuno per l’intero (1292 e seguenti). Il terzo datore ha regresso contro i fideiussori (1936 e seguenti) del debitore. Ha inoltre regresso contro gli altri terzi datori per la loro rispettiva porzione e può esercitare, anche nei confronti dei terzi acquirenti, il subingresso previsto dal secondo comma dell’art. 2866.
656	Art. 2871 Diritti del terzo datore che ha pagato i creditori iscritti o ha sofferto l’espropriazione	3. Quali sono le possibilità di regresso del terzo datore nei confronti dei fideiussori del debitore?	Il terzo datore che ha pagato i creditori iscritti o ha sofferto l’espropriazione ha regresso contro il debitore. Se vi sono più debitori obbligati in solido il terzo che ha costituito l’ipoteca a garanzia di tutti ha regresso contro ciascuno per l’intero (1292 e seguenti). Il terzo datore ha regresso contro i fideiussori (1936 e seguenti) del debitore. Ha inoltre regresso contro gli altri terzi datori per la loro rispettiva porzione e può esercitare, anche nei confronti dei terzi acquirenti, il subingresso previsto dal secondo comma dell’art. 2866.
657	Art. 2871 Diritti del terzo datore che ha pagato i creditori iscritti o ha sofferto l’espropriazione	4. Come può il terzo datore esercitare il subingresso nei confronti dei terzi acquirenti secondo l’art. 2866?	Il terzo datore che ha pagato i creditori iscritti o ha sofferto l’espropriazione ha regresso contro il debitore. Se vi sono più debitori obbligati in solido il terzo che ha costituito l’ipoteca a garanzia di tutti ha regresso contro ciascuno per l’intero (1292 e seguenti). Il terzo datore ha regresso contro i fideiussori (1936 e seguenti) del debitore. Ha inoltre regresso contro gli altri terzi datori per la loro rispettiva porzione e può esercitare, anche nei confronti dei terzi acquirenti, il subingresso previsto dal secondo comma dell’art. 2866.
658	Art. 2872 Modalità della riduzione	1. In che modo si può operare la riduzione delle ipoteche secondo il Codice di Procedura Civile?	La riduzione delle ipoteche si opera riducendo la somma per la quale è stata presa l’iscrizione o restringendo l’iscrizione a una parte soltanto dei beni (Cod. Proc. Civ. 652). Questa restrizione può aver luogo anche se l’ipoteca ha per oggetto un solo bene, qualora questo abbia parti distinte o tali che si possano comodamente distinguere (att. 243).
659	Art. 2872 Modalità della riduzione	2. È possibile restringere l'iscrizione ipotecaria a una parte soltanto di un bene, e in quali circostanze?	La riduzione delle ipoteche si opera riducendo la somma per la quale è stata presa l’iscrizione o restringendo l’iscrizione a una parte soltanto dei beni (Cod. Proc. Civ. 652). Questa restrizione può aver luogo anche se l’ipoteca ha per oggetto un solo bene, qualora questo abbia parti distinte o tali che si possano comodamente distinguere (att. 243).
660	Art. 2873 Esclusione della riduzione	1. In quali circostanze è possibile chiedere una riduzione proporzionale della somma di un debito?	Non è ammessa domanda di riduzione riguardo alla quantità dei beni né riguardo alla somma, se la quantità dei beni o la somma è stata determinata per convenzione o per sentenza. Tuttavia, se sono stati eseguiti pagamenti parziali così da estinguere almeno il quinto del debito originario, si può chiedere una riduzione proporzionale per quanto riguarda la somma. Nel caso d’ipoteca iscritta su un edificio, il costituente che dopo l’iscrizione ha eseguito sopraelevazioni può chiedere che l’ipoteca sia ridotta, per modo che le sopraelevazioni ne restino esenti in tutto o in parte, osservato il limite stabilito dall’art. 2876 per il valore della cautela (att. 243).
661	Art. 2873 Esclusione della riduzione	2. Quali condizioni devono essere soddisfatte affinché un costituente possa chiedere la riduzione di un'ipoteca su un edificio con sopraelevazioni?	Non è ammessa domanda di riduzione riguardo alla quantità dei beni né riguardo alla somma, se la quantità dei beni o la somma è stata determinata per convenzione o per sentenza. Tuttavia, se sono stati eseguiti pagamenti parziali così da estinguere almeno il quinto del debito originario, si può chiedere una riduzione proporzionale per quanto riguarda la somma. Nel caso d’ipoteca iscritta su un edificio, il costituente che dopo l’iscrizione ha eseguito sopraelevazioni può chiedere che l’ipoteca sia ridotta, per modo che le sopraelevazioni ne restino esenti in tutto o in parte, osservato il limite stabilito dall’art. 2876 per il valore della cautela (att. 243).
662	Art. 2873 Esclusione della riduzione	3. È possibile chiedere una riduzione della quantità dei beni o della somma se queste sono state determinate per convenzione o sentenza?	Non è ammessa domanda di riduzione riguardo alla quantità dei beni né riguardo alla somma, se la quantità dei beni o la somma è stata determinata per convenzione o per sentenza. Tuttavia, se sono stati eseguiti pagamenti parziali così da estinguere almeno il quinto del debito originario, si può chiedere una riduzione proporzionale per quanto riguarda la somma. Nel caso d’ipoteca iscritta su un edificio, il costituente che dopo l’iscrizione ha eseguito sopraelevazioni può chiedere che l’ipoteca sia ridotta, per modo che le sopraelevazioni ne restino esenti in tutto o in parte, osservato il limite stabilito dall’art. 2876 per il valore della cautela (att. 243).
663	Art. 2874 Riduzione dell’ipoteca legale e dell’ipoteca giudiziale	1. Quali sono le condizioni per la riduzione delle ipoteche legali e giudiziali secondo il testo?	Le ipoteche legali, eccettuate quelle indicate dai nn. 1 e 2 dell’art. 2817, e le ipoteche giudiziali (2818 e seguenti) devono ridursi su domanda degli interessati, se i beni compresi nell’iscrizione hanno un valore che eccede la cautela da somministrarsi o se la somma determinata dal creditore nell’iscrizione eccede di un quinto quella che l’autorità giudiziaria dichiara dovuta.
664	Art. 2875 Eccesso nel valore dei beni	1. In che modo si determina se il valore dei beni eccede la cautela da somministrarsi in relazione all'iscrizione dell'ipoteca?	Si reputa che il valore dei beni ecceda la cautela da somministrarsi, se tanto alla data dell’iscrizione dell’ipoteca, quanto posteriormente, supera di un terzo l’importo dei crediti iscritti, accresciuto degli accessori a norma dell’art. 2855.
665	Art. 2876 Limiti della riduzione	1. Quali sono le percentuali di eccedenza rispettate nella riduzione per la somma del credito e per il valore della cautela?	La riduzione si opera rispettando l’eccedenza del quinto per ciò che riguarda la somma del credito e l’eccedenza del terzo per ciò che riguarda il valore della cautela.
666	Art. 2877 Spese della riduzione	1. In quali circostanze le spese necessarie per eseguire la riduzione sono a carico del creditore?	Le spese necessarie per eseguire la riduzione anche se consentita dal creditore, sono sempre a carico del richiedente, a meno che la riduzione abbia luogo per eccesso nella determinazione del credito fatta dal creditore, nel qual caso sono a carico di quest’ultimo. Se la riduzione è stata ordinata con sentenza, le spese del giudizio sono a carico del soccombente, salvo che siano compensate tra le parti (Cod. Proc. Civ. 91 e seguenti).
667	Art. 2877 Spese della riduzione	2. Cosa accade alle spese del giudizio se la riduzione è stata ordinata con sentenza?	Le spese necessarie per eseguire la riduzione anche se consentita dal creditore, sono sempre a carico del richiedente, a meno che la riduzione abbia luogo per eccesso nella determinazione del credito fatta dal creditore, nel qual caso sono a carico di quest’ultimo. Se la riduzione è stata ordinata con sentenza, le spese del giudizio sono a carico del soccombente, salvo che siano compensate tra le parti (Cod. Proc. Civ. 91 e seguenti).
668	Art. 2878 Cause di estinzione	1. In quali modi si estingue un'ipoteca secondo il testo?	L’ipoteca si estingue: con la cancellazione dell’iscrizione; con la mancata rinnovazione dell’iscrizione entro il termine indicato dall’art. 2847; con l’estinguersi dell’obbligazione (1176 e seguenti, 1230 e seguenti, 2930); col perimento del bene ipotecato, salvo quanto è stabilito dall’art. 2742; con la rinunzia del creditore; con lo spirare del termine a cui l’ipoteca è stata limitata o col verificarsi della condizione risolutiva; con la pronunzia del provvedimento che trasferisce all’acquirente il diritto espropriato e ordina la cancellazione delle ipoteche (Cod. Proc. Civ. 586).
669	Art. 2878 Cause di estinzione	2. Cosa accade se l'iscrizione dell'ipoteca non viene rinnovata entro il termine indicato dall'art. 2847?	L’ipoteca si estingue: con la cancellazione dell’iscrizione; con la mancata rinnovazione dell’iscrizione entro il termine indicato dall’art. 2847; con l’estinguersi dell’obbligazione (1176 e seguenti, 1230 e seguenti, 2930); col perimento del bene ipotecato, salvo quanto è stabilito dall’art. 2742; con la rinunzia del creditore; con lo spirare del termine a cui l’ipoteca è stata limitata o col verificarsi della condizione risolutiva; con la pronunzia del provvedimento che trasferisce all’acquirente il diritto espropriato e ordina la cancellazione delle ipoteche (Cod. Proc. Civ. 586).
670	Art. 2878 Cause di estinzione	3. Qual è l'effetto dell'estinguersi dell'obbligazione sull'ipoteca?	L’ipoteca si estingue: con la cancellazione dell’iscrizione; con la mancata rinnovazione dell’iscrizione entro il termine indicato dall’art. 2847; con l’estinguersi dell’obbligazione (1176 e seguenti, 1230 e seguenti, 2930); col perimento del bene ipotecato, salvo quanto è stabilito dall’art. 2742; con la rinunzia del creditore; con lo spirare del termine a cui l’ipoteca è stata limitata o col verificarsi della condizione risolutiva; con la pronunzia del provvedimento che trasferisce all’acquirente il diritto espropriato e ordina la cancellazione delle ipoteche (Cod. Proc. Civ. 586).
671	Art. 2878 Cause di estinzione	4. Come influisce il perimento del bene ipotecato sull'estinzione dell'ipoteca?	L’ipoteca si estingue: con la cancellazione dell’iscrizione; con la mancata rinnovazione dell’iscrizione entro il termine indicato dall’art. 2847; con l’estinguersi dell’obbligazione (1176 e seguenti, 1230 e seguenti, 2930); col perimento del bene ipotecato, salvo quanto è stabilito dall’art. 2742; con la rinunzia del creditore; con lo spirare del termine a cui l’ipoteca è stata limitata o col verificarsi della condizione risolutiva; con la pronunzia del provvedimento che trasferisce all’acquirente il diritto espropriato e ordina la cancellazione delle ipoteche (Cod. Proc. Civ. 586).
672	Art. 2878 Cause di estinzione	5. Qual è il ruolo della rinunzia del creditore nell'estinzione dell'ipoteca?	L’ipoteca si estingue: con la cancellazione dell’iscrizione; con la mancata rinnovazione dell’iscrizione entro il termine indicato dall’art. 2847; con l’estinguersi dell’obbligazione (1176 e seguenti, 1230 e seguenti, 2930); col perimento del bene ipotecato, salvo quanto è stabilito dall’art. 2742; con la rinunzia del creditore; con lo spirare del termine a cui l’ipoteca è stata limitata o col verificarsi della condizione risolutiva; con la pronunzia del provvedimento che trasferisce all’acquirente il diritto espropriato e ordina la cancellazione delle ipoteche (Cod. Proc. Civ. 586).
673	Art. 2878 Cause di estinzione	6. Cosa succede all'ipoteca quando il termine a cui è stata limitata giunge a scadenza?	L’ipoteca si estingue: con la cancellazione dell’iscrizione; con la mancata rinnovazione dell’iscrizione entro il termine indicato dall’art. 2847; con l’estinguersi dell’obbligazione (1176 e seguenti, 1230 e seguenti, 2930); col perimento del bene ipotecato, salvo quanto è stabilito dall’art. 2742; con la rinunzia del creditore; con lo spirare del termine a cui l’ipoteca è stata limitata o col verificarsi della condizione risolutiva; con la pronunzia del provvedimento che trasferisce all’acquirente il diritto espropriato e ordina la cancellazione delle ipoteche (Cod. Proc. Civ. 586).
674	Art. 2878 Cause di estinzione	7. In che modo una condizione risolutiva può portare all'estinzione dell'ipoteca?	L’ipoteca si estingue: con la cancellazione dell’iscrizione; con la mancata rinnovazione dell’iscrizione entro il termine indicato dall’art. 2847; con l’estinguersi dell’obbligazione (1176 e seguenti, 1230 e seguenti, 2930); col perimento del bene ipotecato, salvo quanto è stabilito dall’art. 2742; con la rinunzia del creditore; con lo spirare del termine a cui l’ipoteca è stata limitata o col verificarsi della condizione risolutiva; con la pronunzia del provvedimento che trasferisce all’acquirente il diritto espropriato e ordina la cancellazione delle ipoteche (Cod. Proc. Civ. 586).
675	Art. 2878 Cause di estinzione	8. Qual è l'effetto di un provvedimento che trasferisce all'acquirente il diritto espropriato sull'ipoteca?	L’ipoteca si estingue: con la cancellazione dell’iscrizione; con la mancata rinnovazione dell’iscrizione entro il termine indicato dall’art. 2847; con l’estinguersi dell’obbligazione (1176 e seguenti, 1230 e seguenti, 2930); col perimento del bene ipotecato, salvo quanto è stabilito dall’art. 2742; con la rinunzia del creditore; con lo spirare del termine a cui l’ipoteca è stata limitata o col verificarsi della condizione risolutiva; con la pronunzia del provvedimento che trasferisce all’acquirente il diritto espropriato e ordina la cancellazione delle ipoteche (Cod. Proc. Civ. 586).
676	Art. 2879 Rinunzia all’ipoteca	1. Quali sono i requisiti formali necessari affinché la rinunzia del creditore all'ipoteca sia valida?	La rinunzia del creditore all’ipoteca deve essere espressa e deve risultare da atto scritto, sotto pena di nullità. La rinunzia non ha effetto di fronte ai terzi che anteriormente alla cancellazione dell’ipoteca abbiano acquistato il diritto all’ipoteca medesima ed eseguito la relativa annotazione a termini dell’art. 2843.
677	Art. 2879 Rinunzia all’ipoteca	2. In quali circostanze la rinunzia all'ipoteca non ha effetto nei confronti dei terzi?	La rinunzia del creditore all’ipoteca deve essere espressa e deve risultare da atto scritto, sotto pena di nullità. La rinunzia non ha effetto di fronte ai terzi che anteriormente alla cancellazione dell’ipoteca abbiano acquistato il diritto all’ipoteca medesima ed eseguito la relativa annotazione a termini dell’art. 2843.
678	Art. 2880 Prescrizione rispetto a beni acquistati da terzi	1. Quali sono le condizioni per l'estinzione dell'ipoteca per prescrizione sui beni acquistati da terzi?	Riguardo ai beni acquistati da terzi, l’ipoteca si estingue per prescrizione indipendentemente dal credito, col decorso di venti anni dalla data della trascrizione del titolo di acquisto, salve le cause di sospensione e d’interruzione (2934 e seguenti).
679	Art. 2881 Nuova iscrizione dell’ipoteca	1. Cosa accade se la causa estintiva dell'obbligazione è dichiarata nulla e l'iscrizione non è stata conservata?	Salvo diversa disposizione di legge, se la causa estintiva dell’obbligazione è dichiarata nulla o altrimenti non sussiste ovvero è dichiarata nulla la rinunzia fatta dal creditore all’ipoteca, e l’iscrizione non è stata conservata, si può procedere a nuova iscrizione e questa prende grado dalla sua data.
680	Art. 2881 Nuova iscrizione dell’ipoteca	2. Qual è la conseguenza della dichiarazione di nullità della rinunzia fatta dal creditore all'ipoteca se l'iscrizione non è stata conservata?	Salvo diversa disposizione di legge, se la causa estintiva dell’obbligazione è dichiarata nulla o altrimenti non sussiste ovvero è dichiarata nulla la rinunzia fatta dal creditore all’ipoteca, e l’iscrizione non è stata conservata, si può procedere a nuova iscrizione e questa prende grado dalla sua data.
681	Art. 2881 Nuova iscrizione dell’ipoteca	3. Da quale data prende grado una nuova iscrizione se la precedente non è stata conservata a causa della nullità della causa estintiva dell'obbligazione?	Salvo diversa disposizione di legge, se la causa estintiva dell’obbligazione è dichiarata nulla o altrimenti non sussiste ovvero è dichiarata nulla la rinunzia fatta dal creditore all’ipoteca, e l’iscrizione non è stata conservata, si può procedere a nuova iscrizione e questa prende grado dalla sua data.
682	Art. 2882 Formalità per la cancellazione	1. Quali sono le condizioni necessarie affinché il conservatore possa eseguire la cancellazione consentita dalle parti interessate?	La cancellazione consentita dalle parti interessate deve essere eseguita dal conservatore in seguito a presentazione dell’atto contenente il consenso del creditore. Per quest’atto devono essere osservate le forme prescritte dagli artt. 2821, 2835 e 2837.
683	Art. 2882 Formalità per la cancellazione	2. Quali articoli del codice civile devono essere osservati per l'atto contenente il consenso del creditore per la cancellazione?	La cancellazione consentita dalle parti interessate deve essere eseguita dal conservatore in seguito a presentazione dell’atto contenente il consenso del creditore. Per quest’atto devono essere osservate le forme prescritte dagli artt. 2821, 2835 e 2837.
684	Art. 2883 Capacità per consentire la cancellazione	1. Quali condizioni devono essere soddisfatte affinché una persona incapace possa consentire la cancellazione dell'iscrizione?	Chi non ha capacità richiesta per liberare il debitore non può consentire la cancellazione dell’iscrizione, se non è assistito dalle persone il cui intervento è necessario per la liberazione. Il rappresentante legale dell’incapace e ogni altro amministratore, anche se autorizzati a esigere il credito e a liberare il debitore, non possono consentire la cancellazione dell’iscrizione, ove il credito non sia soddisfatto.
685	Art. 2883 Capacità per consentire la cancellazione	2. In quali circostanze il rappresentante legale dell'incapace può consentire la cancellazione dell'iscrizione?	Chi non ha capacità richiesta per liberare il debitore non può consentire la cancellazione dell’iscrizione, se non è assistito dalle persone il cui intervento è necessario per la liberazione. Il rappresentante legale dell’incapace e ogni altro amministratore, anche se autorizzati a esigere il credito e a liberare il debitore, non possono consentire la cancellazione dell’iscrizione, ove il credito non sia soddisfatto.
686	Art. 2884 Cancellazione ordinata con sentenza	1. Quali sono le condizioni necessarie affinché il conservatore esegua la cancellazione?	La cancellazione deve essere eseguita dal conservatore quando è ordinata con sentenza passata in giudicato (Cod. Proc. Civ. 324) o con altro provvedimento definitivo emesso dalle autorità competenti (Cod. Proc. Civ. 586).
687	Art. 2885 Cancellazione sotto conduzione	1. Quali sono le condizioni che devono essere adempiute affinché la cancellazione possa essere eseguita?	Se è stato convenuto od ordinato che la cancellazione non debba aver luogo che sotto la condizione di nuova ipoteca, di nuovo impiego o sotto altra condizione, la cancellazione non può esser eseguita se non si fa constare al conservatore che la condizione è stata adempiuta.
688	Art. 2886 Formalità per la cancellazione	1. Quali documenti devono essere presentati al conservatore per richiedere la cancellazione totale o parziale di un'iscrizione?	Chi richiede la cancellazione totale o parziale deve presentare al conservatore l’atto su cui la richiesta è fondata. La cancellazione di un’iscrizione o la rettifica deve essere eseguita in margine all’iscrizione medesima, con l’indicazione del titolo dal quale è stata consentita od ordinata e della data in cui si esegue, e deve portare la sottoscrizione del conservatore.
689	Art. 2886 Formalità per la cancellazione	2. Dove deve essere eseguita la cancellazione o la rettifica di un'iscrizione?	Chi richiede la cancellazione totale o parziale deve presentare al conservatore l’atto su cui la richiesta è fondata. La cancellazione di un’iscrizione o la rettifica deve essere eseguita in margine all’iscrizione medesima, con l’indicazione del titolo dal quale è stata consentita od ordinata e della data in cui si esegue, e deve portare la sottoscrizione del conservatore.
690	Art. 2886 Formalità per la cancellazione	3. Quali informazioni devono essere indicate al momento della cancellazione o rettifica di un'iscrizione?	Chi richiede la cancellazione totale o parziale deve presentare al conservatore l’atto su cui la richiesta è fondata. La cancellazione di un’iscrizione o la rettifica deve essere eseguita in margine all’iscrizione medesima, con l’indicazione del titolo dal quale è stata consentita od ordinata e della data in cui si esegue, e deve portare la sottoscrizione del conservatore.
691	Art. 2887 Cancellazione delle ipoteche a garanzia dei titoli all’ordine	1. Chi è autorizzato a consentire la cancellazione dell'ipoteca costituita a garanzia di un'obbligazione risultante da un titolo all'ordine?	La cancellazione della ipoteca costituita a garanzia dell’obbligazione risultante da un titolo all’ordine è consentita dal creditore risultante nei registri immobiliari e l’atto di consenso deve essere presentato al conservatore insieme con il titolo, il quale è restituito dopo che il conservatore vi ha eseguito l’annotazione della cancellazione. La cancellazione dell’ipoteca importa la perdita del diritto di regresso contro i giranti anteriori alla cancellazione medesima.
692	Art. 2887 Cancellazione delle ipoteche a garanzia dei titoli all’ordine	2. Quali sono le conseguenze della cancellazione dell'ipoteca in relazione al diritto di regresso contro i giranti?	La cancellazione della ipoteca costituita a garanzia dell’obbligazione risultante da un titolo all’ordine è consentita dal creditore risultante nei registri immobiliari e l’atto di consenso deve essere presentato al conservatore insieme con il titolo, il quale è restituito dopo che il conservatore vi ha eseguito l’annotazione della cancellazione. La cancellazione dell’ipoteca importa la perdita del diritto di regresso contro i giranti anteriori alla cancellazione medesima.
693	Art. 2888 Rifiuto di cancellazione	1. Quali azioni può intraprendere il richiedente se il conservatore rifiuta di procedere alla cancellazione di un'iscrizione?	Qualora il conservatore rifiuti di procedere alla cancellazione di un’iscrizione, il richiedente può proporre reclamo all’autorità giudiziaria (att. 113; Cod. Proc. Civ. 737).
694	Art. 2889 Facoltà di liberare i beni dalle ipoteche	1. Quali condizioni deve soddisfare il terzo acquirente per liberare i beni ipotecati da ipoteche iscritte anteriormente alla trascrizione del suo titolo di acquisto?	Il terzo acquirente dei beni ipotecati, che ha trascritto il suo titolo e non è personalmente obbligato a pagare i creditori ipotecari, ha facoltà di liberare i beni da ogni ipoteca iscritta anteriormente alla trascrizione del suo titolo di acquisto (att. 244). Tale facoltà spetta all’acquirente anche dopo il pignoramento (Cod. Proc. Civ. 555 e seguenti), purché nel termine di trenta giorni proceda in conformità dell’articolo che segue (Cod. Proc. Civ. 792).
695	Art. 2889 Facoltà di liberare i beni dalle ipoteche	2. Entro quale termine il terzo acquirente deve agire per liberare i beni ipotecati dopo il pignoramento?	Il terzo acquirente dei beni ipotecati, che ha trascritto il suo titolo e non è personalmente obbligato a pagare i creditori ipotecari, ha facoltà di liberare i beni da ogni ipoteca iscritta anteriormente alla trascrizione del suo titolo di acquisto (att. 244). Tale facoltà spetta all’acquirente anche dopo il pignoramento (Cod. Proc. Civ. 555 e seguenti), purché nel termine di trenta giorni proceda in conformità dell’articolo che segue (Cod. Proc. Civ. 792).
696	Art. 2890 Notificazione	1. Chi deve notificare l'atto ai creditori iscritti e al precedente proprietario?	L’acquirente deve far notificare, per mezzo di ufficiale giudiziario (Cod. Proc. Civ. 131), ai creditori iscritti (2827 e seguenti), nel domicilio da essi eletto, e al precedente proprietario un atto nel quale siano indicati: il titolo, la data del medesimo e la data della sua trascrizione; la qualità e la situazione dei beni col numero del catasto o altra loro designazione, quale risulta dallo stesso titolo; il prezzo stipulato o il valore da lui stesso dichiarato, se si tratta di beni pervenutigli a titolo lucrativo o di cui non sia stato determinato il prezzo. In ogni caso, il prezzo o il valore dichiarato non può essere inferiore a quello stabilito come base degli incanti dal codice di procedura civile in caso di espropriazione (Cod. Proc. Civ. 568). Nell’atto della notificazione il terzo acquirente deve eleggere domicilio nel comune dove ha sede il tribunale competente per l’espropriazione (Cod. Proc. Civ. 26) e deve offrire di pagare il prezzo o il valore dichiarato. Un estratto sommario della notificazione è inserito nel giornale degli annunzi giudiziari.
697	Art. 2890 Notificazione	2. Quali informazioni devono essere incluse nell'atto notificato ai creditori iscritti?	L’acquirente deve far notificare, per mezzo di ufficiale giudiziario (Cod. Proc. Civ. 131), ai creditori iscritti (2827 e seguenti), nel domicilio da essi eletto, e al precedente proprietario un atto nel quale siano indicati: il titolo, la data del medesimo e la data della sua trascrizione; la qualità e la situazione dei beni col numero del catasto o altra loro designazione, quale risulta dallo stesso titolo; il prezzo stipulato o il valore da lui stesso dichiarato, se si tratta di beni pervenutigli a titolo lucrativo o di cui non sia stato determinato il prezzo. In ogni caso, il prezzo o il valore dichiarato non può essere inferiore a quello stabilito come base degli incanti dal codice di procedura civile in caso di espropriazione (Cod. Proc. Civ. 568). Nell’atto della notificazione il terzo acquirente deve eleggere domicilio nel comune dove ha sede il tribunale competente per l’espropriazione (Cod. Proc. Civ. 26) e deve offrire di pagare il prezzo o il valore dichiarato. Un estratto sommario della notificazione è inserito nel giornale degli annunzi giudiziari.
698	Art. 2890 Notificazione	3. Dove deve essere eletto il domicilio dal terzo acquirente nell'atto di notificazione?	L’acquirente deve far notificare, per mezzo di ufficiale giudiziario (Cod. Proc. Civ. 131), ai creditori iscritti (2827 e seguenti), nel domicilio da essi eletto, e al precedente proprietario un atto nel quale siano indicati: il titolo, la data del medesimo e la data della sua trascrizione; la qualità e la situazione dei beni col numero del catasto o altra loro designazione, quale risulta dallo stesso titolo; il prezzo stipulato o il valore da lui stesso dichiarato, se si tratta di beni pervenutigli a titolo lucrativo o di cui non sia stato determinato il prezzo. In ogni caso, il prezzo o il valore dichiarato non può essere inferiore a quello stabilito come base degli incanti dal codice di procedura civile in caso di espropriazione (Cod. Proc. Civ. 568). Nell’atto della notificazione il terzo acquirente deve eleggere domicilio nel comune dove ha sede il tribunale competente per l’espropriazione (Cod. Proc. Civ. 26) e deve offrire di pagare il prezzo o il valore dichiarato. Un estratto sommario della notificazione è inserito nel giornale degli annunzi giudiziari.
699	Art. 2890 Notificazione	4. Qual è il riferimento normativo per la notifica tramite ufficiale giudiziario?	L’acquirente deve far notificare, per mezzo di ufficiale giudiziario (Cod. Proc. Civ. 131), ai creditori iscritti (2827 e seguenti), nel domicilio da essi eletto, e al precedente proprietario un atto nel quale siano indicati: il titolo, la data del medesimo e la data della sua trascrizione; la qualità e la situazione dei beni col numero del catasto o altra loro designazione, quale risulta dallo stesso titolo; il prezzo stipulato o il valore da lui stesso dichiarato, se si tratta di beni pervenutigli a titolo lucrativo o di cui non sia stato determinato il prezzo. In ogni caso, il prezzo o il valore dichiarato non può essere inferiore a quello stabilito come base degli incanti dal codice di procedura civile in caso di espropriazione (Cod. Proc. Civ. 568). Nell’atto della notificazione il terzo acquirente deve eleggere domicilio nel comune dove ha sede il tribunale competente per l’espropriazione (Cod. Proc. Civ. 26) e deve offrire di pagare il prezzo o il valore dichiarato. Un estratto sommario della notificazione è inserito nel giornale degli annunzi giudiziari.
700	Art. 2890 Notificazione	5. Qual è il requisito minimo per il prezzo o il valore dichiarato nell'atto di notificazione?	L’acquirente deve far notificare, per mezzo di ufficiale giudiziario (Cod. Proc. Civ. 131), ai creditori iscritti (2827 e seguenti), nel domicilio da essi eletto, e al precedente proprietario un atto nel quale siano indicati: il titolo, la data del medesimo e la data della sua trascrizione; la qualità e la situazione dei beni col numero del catasto o altra loro designazione, quale risulta dallo stesso titolo; il prezzo stipulato o il valore da lui stesso dichiarato, se si tratta di beni pervenutigli a titolo lucrativo o di cui non sia stato determinato il prezzo. In ogni caso, il prezzo o il valore dichiarato non può essere inferiore a quello stabilito come base degli incanti dal codice di procedura civile in caso di espropriazione (Cod. Proc. Civ. 568). Nell’atto della notificazione il terzo acquirente deve eleggere domicilio nel comune dove ha sede il tribunale competente per l’espropriazione (Cod. Proc. Civ. 26) e deve offrire di pagare il prezzo o il valore dichiarato. Un estratto sommario della notificazione è inserito nel giornale degli annunzi giudiziari.
701	Art. 2890 Notificazione	6. Dove viene inserito un estratto sommario della notificazione?	L’acquirente deve far notificare, per mezzo di ufficiale giudiziario (Cod. Proc. Civ. 131), ai creditori iscritti (2827 e seguenti), nel domicilio da essi eletto, e al precedente proprietario un atto nel quale siano indicati: il titolo, la data del medesimo e la data della sua trascrizione; la qualità e la situazione dei beni col numero del catasto o altra loro designazione, quale risulta dallo stesso titolo; il prezzo stipulato o il valore da lui stesso dichiarato, se si tratta di beni pervenutigli a titolo lucrativo o di cui non sia stato determinato il prezzo. In ogni caso, il prezzo o il valore dichiarato non può essere inferiore a quello stabilito come base degli incanti dal codice di procedura civile in caso di espropriazione (Cod. Proc. Civ. 568). Nell’atto della notificazione il terzo acquirente deve eleggere domicilio nel comune dove ha sede il tribunale competente per l’espropriazione (Cod. Proc. Civ. 26) e deve offrire di pagare il prezzo o il valore dichiarato. Un estratto sommario della notificazione è inserito nel giornale degli annunzi giudiziari.
702	Art. 2890 Notificazione	7. Qual è la procedura da seguire se il prezzo dei beni non è stato determinato?	L’acquirente deve far notificare, per mezzo di ufficiale giudiziario (Cod. Proc. Civ. 131), ai creditori iscritti (2827 e seguenti), nel domicilio da essi eletto, e al precedente proprietario un atto nel quale siano indicati: il titolo, la data del medesimo e la data della sua trascrizione; la qualità e la situazione dei beni col numero del catasto o altra loro designazione, quale risulta dallo stesso titolo; il prezzo stipulato o il valore da lui stesso dichiarato, se si tratta di beni pervenutigli a titolo lucrativo o di cui non sia stato determinato il prezzo. In ogni caso, il prezzo o il valore dichiarato non può essere inferiore a quello stabilito come base degli incanti dal codice di procedura civile in caso di espropriazione (Cod. Proc. Civ. 568). Nell’atto della notificazione il terzo acquirente deve eleggere domicilio nel comune dove ha sede il tribunale competente per l’espropriazione (Cod. Proc. Civ. 26) e deve offrire di pagare il prezzo o il valore dichiarato. Un estratto sommario della notificazione è inserito nel giornale degli annunzi giudiziari.
703	Art. 2891 Diritto dei creditori di far vendere i beni	1. Quali soggetti hanno diritto di richiedere l'espropriazione dei beni entro il termine di quaranta giorni dalla notificazione?	Entro il termine di quaranta giorni dalla notificazione indicata dall’articolo precedente, qualunque dei creditori iscritti (2827 e seguenti) o dei relativi fideiussori (1936 e seguenti) ha diritto di richiedere l’espropriazione dei beni con ricorso al presidente del tribunale competente a norma del codice di procedura civile (Cod. Proc. Civ. 792 e seguenti), purché adempia le condizioni che seguono: che la richiesta sia notificata al terzo acquirente nel domicilio da lui eletto a norma dell’articolo precedente e al proprietario anteriore; che contenga la dichiarazione del richiedente di aumentare di un decimo il prezzo stipulato o il valore dichiarato; che contenga l’offerta di una cauzione per una somma eguale al quinto del prezzo aumentato come sopra; che l’originale e le copie della richiesta siano sottoscritti dal richiedente o da un suo procuratore munito di mandato speciale. L’omissione di alcuna di queste condizioni produce nullità della richiesta.
704	Art. 2891 Diritto dei creditori di far vendere i beni	2. A chi deve essere notificata la richiesta di espropriazione per essere valida?	Entro il termine di quaranta giorni dalla notificazione indicata dall’articolo precedente, qualunque dei creditori iscritti (2827 e seguenti) o dei relativi fideiussori (1936 e seguenti) ha diritto di richiedere l’espropriazione dei beni con ricorso al presidente del tribunale competente a norma del codice di procedura civile (Cod. Proc. Civ. 792 e seguenti), purché adempia le condizioni che seguono: che la richiesta sia notificata al terzo acquirente nel domicilio da lui eletto a norma dell’articolo precedente e al proprietario anteriore; che contenga la dichiarazione del richiedente di aumentare di un decimo il prezzo stipulato o il valore dichiarato; che contenga l’offerta di una cauzione per una somma eguale al quinto del prezzo aumentato come sopra; che l’originale e le copie della richiesta siano sottoscritti dal richiedente o da un suo procuratore munito di mandato speciale. L’omissione di alcuna di queste condizioni produce nullità della richiesta.
705	Art. 2891 Diritto dei creditori di far vendere i beni	3. Qual è l'incremento minimo del prezzo stipulato o del valore dichiarato che il richiedente deve dichiarare nella richiesta di espropriazione?	Entro il termine di quaranta giorni dalla notificazione indicata dall’articolo precedente, qualunque dei creditori iscritti (2827 e seguenti) o dei relativi fideiussori (1936 e seguenti) ha diritto di richiedere l’espropriazione dei beni con ricorso al presidente del tribunale competente a norma del codice di procedura civile (Cod. Proc. Civ. 792 e seguenti), purché adempia le condizioni che seguono: che la richiesta sia notificata al terzo acquirente nel domicilio da lui eletto a norma dell’articolo precedente e al proprietario anteriore; che contenga la dichiarazione del richiedente di aumentare di un decimo il prezzo stipulato o il valore dichiarato; che contenga l’offerta di una cauzione per una somma eguale al quinto del prezzo aumentato come sopra; che l’originale e le copie della richiesta siano sottoscritti dal richiedente o da un suo procuratore munito di mandato speciale. L’omissione di alcuna di queste condizioni produce nullità della richiesta.
706	Art. 2891 Diritto dei creditori di far vendere i beni	4. Qual è la somma minima della cauzione che deve essere offerta dal richiedente nella richiesta di espropriazione?	Entro il termine di quaranta giorni dalla notificazione indicata dall’articolo precedente, qualunque dei creditori iscritti (2827 e seguenti) o dei relativi fideiussori (1936 e seguenti) ha diritto di richiedere l’espropriazione dei beni con ricorso al presidente del tribunale competente a norma del codice di procedura civile (Cod. Proc. Civ. 792 e seguenti), purché adempia le condizioni che seguono: che la richiesta sia notificata al terzo acquirente nel domicilio da lui eletto a norma dell’articolo precedente e al proprietario anteriore; che contenga la dichiarazione del richiedente di aumentare di un decimo il prezzo stipulato o il valore dichiarato; che contenga l’offerta di una cauzione per una somma eguale al quinto del prezzo aumentato come sopra; che l’originale e le copie della richiesta siano sottoscritti dal richiedente o da un suo procuratore munito di mandato speciale. L’omissione di alcuna di queste condizioni produce nullità della richiesta.
707	Art. 2891 Diritto dei creditori di far vendere i beni	5. Chi deve sottoscrivere l'originale e le copie della richiesta di espropriazione per evitare la nullità della stessa?	Entro il termine di quaranta giorni dalla notificazione indicata dall’articolo precedente, qualunque dei creditori iscritti (2827 e seguenti) o dei relativi fideiussori (1936 e seguenti) ha diritto di richiedere l’espropriazione dei beni con ricorso al presidente del tribunale competente a norma del codice di procedura civile (Cod. Proc. Civ. 792 e seguenti), purché adempia le condizioni che seguono: che la richiesta sia notificata al terzo acquirente nel domicilio da lui eletto a norma dell’articolo precedente e al proprietario anteriore; che contenga la dichiarazione del richiedente di aumentare di un decimo il prezzo stipulato o il valore dichiarato; che contenga l’offerta di una cauzione per una somma eguale al quinto del prezzo aumentato come sopra; che l’originale e le copie della richiesta siano sottoscritti dal richiedente o da un suo procuratore munito di mandato speciale. L’omissione di alcuna di queste condizioni produce nullità della richiesta.
708	Art. 2891 Diritto dei creditori di far vendere i beni	6. Quali sono le conseguenze dell'omissione di una delle condizioni richieste per la validità della richiesta di espropriazione?	Entro il termine di quaranta giorni dalla notificazione indicata dall’articolo precedente, qualunque dei creditori iscritti (2827 e seguenti) o dei relativi fideiussori (1936 e seguenti) ha diritto di richiedere l’espropriazione dei beni con ricorso al presidente del tribunale competente a norma del codice di procedura civile (Cod. Proc. Civ. 792 e seguenti), purché adempia le condizioni che seguono: che la richiesta sia notificata al terzo acquirente nel domicilio da lui eletto a norma dell’articolo precedente e al proprietario anteriore; che contenga la dichiarazione del richiedente di aumentare di un decimo il prezzo stipulato o il valore dichiarato; che contenga l’offerta di una cauzione per una somma eguale al quinto del prezzo aumentato come sopra; che l’originale e le copie della richiesta siano sottoscritti dal richiedente o da un suo procuratore munito di mandato speciale. L’omissione di alcuna di queste condizioni produce nullità della richiesta.
709	Art. 2892 Divieto di proroga dei termini	1. Quali articoli del codice civile stabiliscono termini che non possono essere prorogati?	I termini fissati dal secondo comma dell’art. 2889 e dal primo comma dell’art. 2891 non possono essere prorogati.
710	Art. 2893 Mancata richiesta dell’incanto	1. Cosa accade se l'incanto non è domandato nel tempo e nel modo prescritti dall’art. 2891?	Se l’incanto non è domandato nel tempo e nel modo prescritti dall’art. 2891, il valore del bene rimane definitivamente stabilito nel prezzo, che l’acquirente ha posto a disposizione dei creditori a norma dell’art. 2890, n. 3. La liberazione del bene dalle ipoteche avviene dopo che è stato depositato il prezzo e si è provveduto nei modi indicati dal codice di procedura civile (Cod. Proc. Civ. 792 e seguenti).
711	Art. 2893 Mancata richiesta dell’incanto	2. Quando avviene la liberazione del bene dalle ipoteche secondo il testo?	Se l’incanto non è domandato nel tempo e nel modo prescritti dall’art. 2891, il valore del bene rimane definitivamente stabilito nel prezzo, che l’acquirente ha posto a disposizione dei creditori a norma dell’art. 2890, n. 3. La liberazione del bene dalle ipoteche avviene dopo che è stato depositato il prezzo e si è provveduto nei modi indicati dal codice di procedura civile (Cod. Proc. Civ. 792 e seguenti).
712	Art. 2894 Effetti del mancato deposito del prezzo	1. Cosa accade se il terzo acquirente non deposita il prezzo entro il termine stabilito dall’art. 792 Cod. Proc. Civ.?	Se il terzo acquirente non deposita il prezzo entro il termine stabilito dall’art. 792 Cod. Proc. Civ., la richiesta di liberazione del bene dalle ipoteche rimane senza effetto, salva la responsabilità del richiedente per i danni verso i creditori iscritti.
713	Art. 2894 Effetti del mancato deposito del prezzo	2. Quali sono le conseguenze per il richiedente se la richiesta di liberazione del bene dalle ipoteche rimane senza effetto?	Se il terzo acquirente non deposita il prezzo entro il termine stabilito dall’art. 792 Cod. Proc. Civ., la richiesta di liberazione del bene dalle ipoteche rimane senza effetto, salva la responsabilità del richiedente per i danni verso i creditori iscritti.
714	Art. 2895 Desistenza del creditore	1. In quali circostanze la desistenza del creditore che ha richiesto l'incanto può impedire l'espropriazione?	La desistenza del creditore che ha richiesto l’incanto non può impedire l’espropriazione a meno che vi consentano espressamente gli altri creditori iscritti.
715	Art. 2896 Aggiudicazione al terzo acquirente	1. Cosa deve essere fatto se l'aggiudicazione segue a favore del terzo acquirente secondo il Codice di Procedura Civile 604?	Se l’aggiudicazione segue a favore del terzo acquirente (Cod. Proc. Civ. 604), il decreto di trasferimento deve essere annotato in margine alla trascrizione dell’atto di acquisto.
716	Art. 2896 Aggiudicazione al terzo acquirente	2. Dove deve essere annotato il decreto di trasferimento in caso di aggiudicazione a favore del terzo acquirente?	Se l’aggiudicazione segue a favore del terzo acquirente (Cod. Proc. Civ. 604), il decreto di trasferimento deve essere annotato in margine alla trascrizione dell’atto di acquisto.
717	Art. 2897 Regresso dell’acquirente divenuto compratore all’incanto	1. Quali sono le condizioni che permettono al terzo acquirente di esercitare il diritto di regresso contro il venditore per il rimborso dell'eccedenza rispetto al prezzo stipulato nel contratto di vendita?	Il terzo acquirente al quale è stato aggiudicato l’immobile ha regresso contro il venditore per il rimborso di ciò che eccede il prezzo stipulato nel contratto di vendita.
718	Art. 2898 Beni non ipotecati per il credito per il quale si procede	1. Quali sono le condizioni in cui il prezzo di ciascun immobile deve essere dichiarato nella notificazione?	Nel caso in cui il titolo d’acquisto del terzo acquirente comprende mobili e immobili (812 e seguenti), o comprende più immobili, gli uni ipotecati e gli altri libe, ovvero non tutti gravati dalle stesse iscrizioni, situati nella giurisdizione dello stesso tribunale o in diverse giurisdizioni di tribunali, alienati per un unico prezzo ovvero per prezzi distinti, il prezzo di ciascun immobile assoggettato a particolari e separate iscrizioni deve dichiararsi nella notificazione, ragguagliato al prezzo totale espresso nel titolo. Il creditore che richiede l’espropriazione non può in nessun caso essere costretto a estendere la sua domanda ai mobili, o ad altri immobili, fuori di quelli che sono ipotecati per il suo credito, salvo il regresso del terzo acquirente contro il suo autore per il risarcimento del danno che venga a soffrire.a causa della separazione dei beni compresi nell’acquisto e delle relative coltivazioni.
719	Art. 2898 Beni non ipotecati per il credito per il quale si procede	2. In che modo il creditore può limitare la sua domanda di espropriazione rispetto ai beni ipotecati?	Nel caso in cui il titolo d’acquisto del terzo acquirente comprende mobili e immobili (812 e seguenti), o comprende più immobili, gli uni ipotecati e gli altri libe, ovvero non tutti gravati dalle stesse iscrizioni, situati nella giurisdizione dello stesso tribunale o in diverse giurisdizioni di tribunali, alienati per un unico prezzo ovvero per prezzi distinti, il prezzo di ciascun immobile assoggettato a particolari e separate iscrizioni deve dichiararsi nella notificazione, ragguagliato al prezzo totale espresso nel titolo. Il creditore che richiede l’espropriazione non può in nessun caso essere costretto a estendere la sua domanda ai mobili, o ad altri immobili, fuori di quelli che sono ipotecati per il suo credito, salvo il regresso del terzo acquirente contro il suo autore per il risarcimento del danno che venga a soffrire.a causa della separazione dei beni compresi nell’acquisto e delle relative coltivazioni.
720	Art. 2899 Divieto di rinunzia a una ipoteca a danno di altro creditore	1. Quali sono le conseguenze per un creditore che rinuncia alla sua ipoteca su uno degli immobili ipotecati se ciò favorisce un altro creditore a danno di un creditore anteriormente iscritto?	Il creditore, che ha ipoteca su vari immobili, dopo che gli è stata atta la notificazione indicata dall’art. 2890 si tratta del processo di liberazione dalle ipoteche, o dopo la notificazione del provvedimento che dispone la vendita, in caso di espropriazione, non può rinunziare alla sua ipoteca sopra uno di quegli immobili né astenersi dall’intervenire nel giudizio di espropriazione (Cod. Proc. Civ. 563 e seguenti), qualora sia con ciò favorito un creditore a danno di altro creditore anteriormente iscritto (2852.), se egli rinunzia o si astiene, è responsabile dei danni, a meno che vi siano giusti motivi. La stessa disposizione si applica nel caso in cui la rinunzia o l’astensione favorisca un terzo acquirente a danno di un creditore con ipoteca anteriore o di un altro terzo acquirente che abbia un titolo anteriormente trascritto.
721	Art. 2899 Divieto di rinunzia a una ipoteca a danno di altro creditore	2. In quali circostanze un creditore può essere esonerato dalla responsabilità per danni se rinuncia alla sua ipoteca o si astiene dall'intervenire nel giudizio di espropriazione?	Il creditore, che ha ipoteca su vari immobili, dopo che gli è stata atta la notificazione indicata dall’art. 2890 si tratta del processo di liberazione dalle ipoteche, o dopo la notificazione del provvedimento che dispone la vendita, in caso di espropriazione, non può rinunziare alla sua ipoteca sopra uno di quegli immobili né astenersi dall’intervenire nel giudizio di espropriazione (Cod. Proc. Civ. 563 e seguenti), qualora sia con ciò favorito un creditore a danno di altro creditore anteriormente iscritto (2852.), se egli rinunzia o si astiene, è responsabile dei danni, a meno che vi siano giusti motivi. La stessa disposizione si applica nel caso in cui la rinunzia o l’astensione favorisca un terzo acquirente a danno di un creditore con ipoteca anteriore o di un altro terzo acquirente che abbia un titolo anteriormente trascritto.
722	Art. 2900 Condizioni, modalità ed effetti	1. Quali condizioni devono essere soddisfatte affinché un creditore possa esercitare i diritti e le azioni del proprio debitore verso terzi?	Il creditore, per assicurare che siano soddisfatte o conservate le sue ragioni, può esercitare i diritti e le azioni che spettano verso i terzi al proprio debitore e che questi trascura di esercitare, purché i diritti e le azioni abbiano contenuto patrimoniale e non si tratti di diritti o di azioni che, per loro natura o per disposizione di legge, non possono essere esercitati se non dal loro titolare. Il creditore, qualora agisca giudizialmente, deve citare anche il debitore al quale intende surrogarsi (Cod. Proc. Civ. 102, 163).
723	Art. 2900 Condizioni, modalità ed effetti	2. Cosa deve fare il creditore se decide di agire giudizialmente per esercitare i diritti e le azioni del debitore?	Il creditore, per assicurare che siano soddisfatte o conservate le sue ragioni, può esercitare i diritti e le azioni che spettano verso i terzi al proprio debitore e che questi trascura di esercitare, purché i diritti e le azioni abbiano contenuto patrimoniale e non si tratti di diritti o di azioni che, per loro natura o per disposizione di legge, non possono essere esercitati se non dal loro titolare. Il creditore, qualora agisca giudizialmente, deve citare anche il debitore al quale intende surrogarsi (Cod. Proc. Civ. 102, 163).
724	Art. 2901 Condizioni	1. Quali sono le condizioni necessarie affinché un creditore possa chiedere che un atto di disposizione del patrimonio del debitore sia dichiarato inefficace nei suoi confronti?	Il creditore, anche se il credito è soggetto a condizione o a termine, può domandare che siano dichiarati inefficaci nei suoi confronti gli atti di disposizione del patrimonio coi quali il debitore rechi pregiudizio alle sue ragioni quando concorrono le seguenti condizioni: che il debitore conoscesse il pregiudizio che l’atto arrecava alle ragioni del creditore o, trattandosi di atto anteriore al sorgere del credito, l’atto fosse dolosamente preordinato al fine di pregiudicarne il soddisfacimento; che, inoltre, trattandosi di atto a titolo oneroso, il terzo fosse consapevole del pregiudizio, e, nel caso di atto anteriore al sorgere del credito, fosse partecipe della dolosa preordinazione. Agli effetti della presente norma, le prestazioni di garanzia, anche per debiti altrui, sono considerate atti a titolo oneroso, quando sono contestuali al credito garantito. Non è soggetto a revoca l’adempimento di un debito scaduto. L’inefficacia dell’atto non pregiudica i diritti acquistati a titolo oneroso dai terzi di buona fede, salvi gli effetti della trascrizione della domanda di revocazione.
725	Art. 2901 Condizioni	2. In che modo la consapevolezza del debitore riguardo al pregiudizio arrecato alle ragioni del creditore influisce sulla possibilità di dichiarare inefficace un atto di disposizione del patrimonio?	Il creditore, anche se il credito è soggetto a condizione o a termine, può domandare che siano dichiarati inefficaci nei suoi confronti gli atti di disposizione del patrimonio coi quali il debitore rechi pregiudizio alle sue ragioni quando concorrono le seguenti condizioni: che il debitore conoscesse il pregiudizio che l’atto arrecava alle ragioni del creditore o, trattandosi di atto anteriore al sorgere del credito, l’atto fosse dolosamente preordinato al fine di pregiudicarne il soddisfacimento; che, inoltre, trattandosi di atto a titolo oneroso, il terzo fosse consapevole del pregiudizio, e, nel caso di atto anteriore al sorgere del credito, fosse partecipe della dolosa preordinazione. Agli effetti della presente norma, le prestazioni di garanzia, anche per debiti altrui, sono considerate atti a titolo oneroso, quando sono contestuali al credito garantito. Non è soggetto a revoca l’adempimento di un debito scaduto. L’inefficacia dell’atto non pregiudica i diritti acquistati a titolo oneroso dai terzi di buona fede, salvi gli effetti della trascrizione della domanda di revocazione.
726	Art. 2901 Condizioni	3. Come viene considerato un atto di disposizione del patrimonio se è stato compiuto prima del sorgere del credito e con dolo?	Il creditore, anche se il credito è soggetto a condizione o a termine, può domandare che siano dichiarati inefficaci nei suoi confronti gli atti di disposizione del patrimonio coi quali il debitore rechi pregiudizio alle sue ragioni quando concorrono le seguenti condizioni: che il debitore conoscesse il pregiudizio che l’atto arrecava alle ragioni del creditore o, trattandosi di atto anteriore al sorgere del credito, l’atto fosse dolosamente preordinato al fine di pregiudicarne il soddisfacimento; che, inoltre, trattandosi di atto a titolo oneroso, il terzo fosse consapevole del pregiudizio, e, nel caso di atto anteriore al sorgere del credito, fosse partecipe della dolosa preordinazione. Agli effetti della presente norma, le prestazioni di garanzia, anche per debiti altrui, sono considerate atti a titolo oneroso, quando sono contestuali al credito garantito. Non è soggetto a revoca l’adempimento di un debito scaduto. L’inefficacia dell’atto non pregiudica i diritti acquistati a titolo oneroso dai terzi di buona fede, salvi gli effetti della trascrizione della domanda di revocazione.
727	Art. 2901 Condizioni	4. Qual è il ruolo del terzo in un atto a titolo oneroso per quanto riguarda la consapevolezza del pregiudizio arrecato al creditore?	Il creditore, anche se il credito è soggetto a condizione o a termine, può domandare che siano dichiarati inefficaci nei suoi confronti gli atti di disposizione del patrimonio coi quali il debitore rechi pregiudizio alle sue ragioni quando concorrono le seguenti condizioni: che il debitore conoscesse il pregiudizio che l’atto arrecava alle ragioni del creditore o, trattandosi di atto anteriore al sorgere del credito, l’atto fosse dolosamente preordinato al fine di pregiudicarne il soddisfacimento; che, inoltre, trattandosi di atto a titolo oneroso, il terzo fosse consapevole del pregiudizio, e, nel caso di atto anteriore al sorgere del credito, fosse partecipe della dolosa preordinazione. Agli effetti della presente norma, le prestazioni di garanzia, anche per debiti altrui, sono considerate atti a titolo oneroso, quando sono contestuali al credito garantito. Non è soggetto a revoca l’adempimento di un debito scaduto. L’inefficacia dell’atto non pregiudica i diritti acquistati a titolo oneroso dai terzi di buona fede, salvi gli effetti della trascrizione della domanda di revocazione.
728	Art. 2901 Condizioni	5. In che circostanze le prestazioni di garanzia sono considerate atti a titolo oneroso secondo la norma descritta?	Il creditore, anche se il credito è soggetto a condizione o a termine, può domandare che siano dichiarati inefficaci nei suoi confronti gli atti di disposizione del patrimonio coi quali il debitore rechi pregiudizio alle sue ragioni quando concorrono le seguenti condizioni: che il debitore conoscesse il pregiudizio che l’atto arrecava alle ragioni del creditore o, trattandosi di atto anteriore al sorgere del credito, l’atto fosse dolosamente preordinato al fine di pregiudicarne il soddisfacimento; che, inoltre, trattandosi di atto a titolo oneroso, il terzo fosse consapevole del pregiudizio, e, nel caso di atto anteriore al sorgere del credito, fosse partecipe della dolosa preordinazione. Agli effetti della presente norma, le prestazioni di garanzia, anche per debiti altrui, sono considerate atti a titolo oneroso, quando sono contestuali al credito garantito. Non è soggetto a revoca l’adempimento di un debito scaduto. L’inefficacia dell’atto non pregiudica i diritti acquistati a titolo oneroso dai terzi di buona fede, salvi gli effetti della trascrizione della domanda di revocazione.
729	Art. 2901 Condizioni	6. Quali sono le eccezioni alla revocabilità degli atti di disposizione del patrimonio secondo il testo?	Il creditore, anche se il credito è soggetto a condizione o a termine, può domandare che siano dichiarati inefficaci nei suoi confronti gli atti di disposizione del patrimonio coi quali il debitore rechi pregiudizio alle sue ragioni quando concorrono le seguenti condizioni: che il debitore conoscesse il pregiudizio che l’atto arrecava alle ragioni del creditore o, trattandosi di atto anteriore al sorgere del credito, l’atto fosse dolosamente preordinato al fine di pregiudicarne il soddisfacimento; che, inoltre, trattandosi di atto a titolo oneroso, il terzo fosse consapevole del pregiudizio, e, nel caso di atto anteriore al sorgere del credito, fosse partecipe della dolosa preordinazione. Agli effetti della presente norma, le prestazioni di garanzia, anche per debiti altrui, sono considerate atti a titolo oneroso, quando sono contestuali al credito garantito. Non è soggetto a revoca l’adempimento di un debito scaduto. L’inefficacia dell’atto non pregiudica i diritti acquistati a titolo oneroso dai terzi di buona fede, salvi gli effetti della trascrizione della domanda di revocazione.
730	Art. 2902 Effetti	1. Quali azioni può promuovere il creditore nei confronti dei terzi acquirenti dopo aver ottenuto la dichiarazione di inefficacia?	Il creditore, ottenuta la dichiarazione di inefficacia, può promuovere nei confronti dei terzi acquirenti le azioni esecutive o conservative sui beni che formano oggetto dell’atto impugnato. Il terzo contraente, che abbia verso il debitore ragioni di credito dipendenti dall’esercizio dell’azione revocatoria, non può concorrere sul ricavato dei beni che sono stati oggetto dell’atto dichiarato inefficace, se non dopo che il creditore è stato soddisfatto.
731	Art. 2902 Effetti	2. In quale condizione il terzo contraente può concorrere sul ricavato dei beni oggetto dell'atto dichiarato inefficace?	Il creditore, ottenuta la dichiarazione di inefficacia, può promuovere nei confronti dei terzi acquirenti le azioni esecutive o conservative sui beni che formano oggetto dell’atto impugnato. Il terzo contraente, che abbia verso il debitore ragioni di credito dipendenti dall’esercizio dell’azione revocatoria, non può concorrere sul ricavato dei beni che sono stati oggetto dell’atto dichiarato inefficace, se non dopo che il creditore è stato soddisfatto.
732	Art. 2903 Prescrizione dell’azione	1. Qual è il termine di prescrizione per l'azione revocatoria secondo il testo?	L’azione revocatoria si prescrive in cinque anni dalla data dell’atto (2934 e seguenti).
733	Art. 2904 Rinvio	1. Quali sono le disposizioni che rimangono in vigore riguardo all'azione revocatoria in materia fallimentare e penale?	Sono salve le disposizioni sull’azione revocatoria in materia fallimentare e in materia penale (c.p. 192 e seguenti).
734	Art. 2905 Sequestro nei confronti del debitore o del terzo	1. In quali circostanze il creditore può chiedere il sequestro conservativo dei beni del debitore?	Il creditore può chiedere il sequestro conservativo dei beni del debitore, secondo le regole stabilite dal codice di procedura civile (Cod. Proc. Civ. 671 e seguenti). Il sequestro può essere chiesto anche nei confronti del terzo acquirente dei beni del debitore, qualora sia stata proposta l’azione per far dichiarare l’inefficacia dell’alienazione.
735	Art. 2905 Sequestro nei confronti del debitore o del terzo	2. È possibile chiedere il sequestro conservativo nei confronti del terzo acquirente dei beni del debitore?	Il creditore può chiedere il sequestro conservativo dei beni del debitore, secondo le regole stabilite dal codice di procedura civile (Cod. Proc. Civ. 671 e seguenti). Il sequestro può essere chiesto anche nei confronti del terzo acquirente dei beni del debitore, qualora sia stata proposta l’azione per far dichiarare l’inefficacia dell’alienazione.
736	Art. 2906 Effetti	1. Quali effetti hanno le alienazioni e gli altri atti che riguardano la cosa sequestrata nei confronti del creditore sequestrante?	Non hanno effetto il pregiudizio del creditore sequestrante le alienazioni e gli altri atti che hanno per oggetto la cosa sequestrata, in conformità delle regole stabilite per il pignoramento. Non ha parimenti effetto in pregiudizio del creditore opponente il pagamento eseguito dal debitore, qualora l’opposizione sia stata proposta nei casi e con le forme stabilite dalla legge.  Capo I Disposizioni generali
737	Art. 2906 Effetti	2. In quali circostanze il pagamento eseguito dal debitore non ha effetto in pregiudizio del creditore opponente?	Non hanno effetto il pregiudizio del creditore sequestrante le alienazioni e gli altri atti che hanno per oggetto la cosa sequestrata, in conformità delle regole stabilite per il pignoramento. Non ha parimenti effetto in pregiudizio del creditore opponente il pagamento eseguito dal debitore, qualora l’opposizione sia stata proposta nei casi e con le forme stabilite dalla legge.  Capo I Disposizioni generali
738	Art. 2906 Effetti	3. Quali sono le condizioni necessarie affinché l'opposizione del creditore abbia effetto secondo la legge?	Non hanno effetto il pregiudizio del creditore sequestrante le alienazioni e gli altri atti che hanno per oggetto la cosa sequestrata, in conformità delle regole stabilite per il pignoramento. Non ha parimenti effetto in pregiudizio del creditore opponente il pagamento eseguito dal debitore, qualora l’opposizione sia stata proposta nei casi e con le forme stabilite dalla legge.  Capo I Disposizioni generali
739	Art. 2906 Effetti	4. Come si applicano le regole del pignoramento alle alienazioni di beni sequestrati?	Non hanno effetto il pregiudizio del creditore sequestrante le alienazioni e gli altri atti che hanno per oggetto la cosa sequestrata, in conformità delle regole stabilite per il pignoramento. Non ha parimenti effetto in pregiudizio del creditore opponente il pagamento eseguito dal debitore, qualora l’opposizione sia stata proposta nei casi e con le forme stabilite dalla legge.  Capo I Disposizioni generali
740	Art. 2907 Attività giurisdizionale	1. In quali casi la tutela giurisdizionale dei diritti può essere attuata su istanza del pubblico ministero o d'ufficio?	Alla tutela giurisdizionale dei diritti provvede l’autorità giudiziaria su domanda di parte (Cod. Proc. Civ. 99 e seguenti) e, quando la legge lo dispone, anche su istanza del pubblico ministero o d’ufficio (Cod. Proc. Civ. 69). La tutela giurisdizionale dei diritti, nell’interesse delle categorie professionali, è attuata su domanda delle associazioni legalmente riconosciute, nei casi determinati dalla legge e con le forme da questa stabilite (Cod. Proc. Civ. 409 e seguenti).
741	Art. 2907 Attività giurisdizionale	2. Quali associazioni possono richiedere la tutela giurisdizionale dei diritti nell'interesse delle categorie professionali?	Alla tutela giurisdizionale dei diritti provvede l’autorità giudiziaria su domanda di parte (Cod. Proc. Civ. 99 e seguenti) e, quando la legge lo dispone, anche su istanza del pubblico ministero o d’ufficio (Cod. Proc. Civ. 69). La tutela giurisdizionale dei diritti, nell’interesse delle categorie professionali, è attuata su domanda delle associazioni legalmente riconosciute, nei casi determinati dalla legge e con le forme da questa stabilite (Cod. Proc. Civ. 409 e seguenti).
742	Art. 2908 Effetti costitutivi delle sentenze	1. In quali casi l'autorità giudiziaria può costituire, modificare o estinguere rapporti giuridici con effetto tra le parti, i loro eredi o aventi causa?	Nei casi previsti dalla legge, l’autorità giudiziaria può costituire, modificare o estinguere rapporti giuridici, con effetto tra le parti, i loro eredi o aventi causa.
743	Art. 2909 Cosa giudicata	1. Quali soggetti sono vincolati dall'accertamento contenuto in una sentenza passata in giudicato?	L’accertamento contenuto nella sentenza passata in giudicato fa stato a ogni effetto tra le parti, i loro eredi o aventi causa (1306, 1595; Cod. Proc. Civ. 324).
744	Art. 2910 Oggetto dell’esproprazione	1. In quali circostanze possono essere espropriati i beni di un terzo per soddisfare il credito di un creditore?	Il creditore, per conseguire quanto gli é dovuto, può fare espropriare i beni del debitore, secondo le regole stabilite dal codice di procedura civile (Cod. Proc. Civ. 483 e seguenti). Possono essere espropriati anche i beni di un terzo quando sono vincolati a garanzia del credito o quando sono oggetto di un atto che è stato revocato perché compiuto in pregiudizio del creditore.
745	Art. 2910 Oggetto dell’esproprazione	2. Quali sono le regole che il creditore deve seguire per espropriare i beni del debitore secondo il codice di procedura civile?	Il creditore, per conseguire quanto gli é dovuto, può fare espropriare i beni del debitore, secondo le regole stabilite dal codice di procedura civile (Cod. Proc. Civ. 483 e seguenti). Possono essere espropriati anche i beni di un terzo quando sono vincolati a garanzia del credito o quando sono oggetto di un atto che è stato revocato perché compiuto in pregiudizio del creditore.
746	Art. 2911 Beni gravati da pegno o ipoteca	1. Quali beni deve sottoporre a esecuzione un creditore che ha un pegno su beni del debitore per poter pignorare altri beni del debitore?	Il creditore che ha pegno su beni del debitore non può pignorare altri beni del debitore medesimo, se non sottopone a esecuzione anche i beni gravati da pegno. Non può parimenti, quando ha ipoteca, pignorare altri immobili, se non sottopone a pignoramento anche gli immobili gravati dall’ipoteca (Cod. Proc. Civ. 502, 544). La stessa disposizione si applica se il creditore ha privilegio speciale su determinati beni.
747	Art. 2911 Beni gravati da pegno o ipoteca	2. Cosa deve fare un creditore con ipoteca per poter pignorare altri immobili del debitore?	Il creditore che ha pegno su beni del debitore non può pignorare altri beni del debitore medesimo, se non sottopone a esecuzione anche i beni gravati da pegno. Non può parimenti, quando ha ipoteca, pignorare altri immobili, se non sottopone a pignoramento anche gli immobili gravati dall’ipoteca (Cod. Proc. Civ. 502, 544). La stessa disposizione si applica se il creditore ha privilegio speciale su determinati beni.
748	Art. 2911 Beni gravati da pegno o ipoteca	3. La disposizione relativa al pegno e all'ipoteca si applica anche nel caso in cui il creditore abbia quale tipo di privilegio?	Il creditore che ha pegno su beni del debitore non può pignorare altri beni del debitore medesimo, se non sottopone a esecuzione anche i beni gravati da pegno. Non può parimenti, quando ha ipoteca, pignorare altri immobili, se non sottopone a pignoramento anche gli immobili gravati dall’ipoteca (Cod. Proc. Civ. 502, 544). La stessa disposizione si applica se il creditore ha privilegio speciale su determinati beni.
749	Art. 2912 Estensione del pignoramento	1. Quali articoli del Codice di Procedura Civile regolano il pignoramento?	Il pignoramento (Cod. Proc. Civ. 491 e seguenti, 513 e seguenti, 555 e seguenti) comprende gli accessori, le pertinenze e i frutti della cosa pignorata.
750	Art. 2913 Inefficacia delle alienazioni del bene pignorato	1. Quali effetti hanno gli atti di alienazione dei beni sottoposti a pignoramento nei confronti del creditore pignorante e dei creditori che intervengono nell'esecuzione?	Non hanno effetto in pregiudizio del creditore pignorante e dei creditori che intervengono nell’esecuzione (Cod. Proc. Civ. 498 e seguenti) gli atti di alienazione dei beni sottoposti a pignoramento, salvi gli effetti del possesso di buona fede per i mobili (1153 e seguenti) non iscritti in pubblici registri.
751	Art. 2914 Alienazioni anteriori al pignoramento	1. Quali alienazioni di beni immobili non hanno effetto in pregiudizio del creditore pignorante se trascritte successivamente al pignoramento?	Non hanno effetto in pregiudizio del creditore pignorante e dei creditori che intervengono nell’esecuzione (Cod. Proc. Civ. 498 e seguenti), sebbene anteriori al pignoramento:  le alienazioni di beni immobili o di beni mobili iscritti in pubblici registri (812 e seguenti), che siano state trascritte successivamente al pignoramento; le cessioni di crediti (1260 e seguenti) che siano state notificate al debitore ceduto o accettate dal medesimo successivamente al pignoramento; le alienazioni di universalità di mobili che non abbiano data certa; le alienazioni di beni mobili di cui non sia stato trasmesso il possesso anteriormente al pignoramento, salvo che risultino da atto avente data certa.
752	Art. 2914 Alienazioni anteriori al pignoramento	2. In che modo le cessioni di crediti devono essere notificate per non avere effetto in pregiudizio del creditore pignorante?	Non hanno effetto in pregiudizio del creditore pignorante e dei creditori che intervengono nell’esecuzione (Cod. Proc. Civ. 498 e seguenti), sebbene anteriori al pignoramento:  le alienazioni di beni immobili o di beni mobili iscritti in pubblici registri (812 e seguenti), che siano state trascritte successivamente al pignoramento; le cessioni di crediti (1260 e seguenti) che siano state notificate al debitore ceduto o accettate dal medesimo successivamente al pignoramento; le alienazioni di universalità di mobili che non abbiano data certa; le alienazioni di beni mobili di cui non sia stato trasmesso il possesso anteriormente al pignoramento, salvo che risultino da atto avente data certa.
753	Art. 2914 Alienazioni anteriori al pignoramento	3. Quali condizioni devono essere soddisfatte affinché le alienazioni di universalità di mobili abbiano effetto in pregiudizio del creditore pignorante?	Non hanno effetto in pregiudizio del creditore pignorante e dei creditori che intervengono nell’esecuzione (Cod. Proc. Civ. 498 e seguenti), sebbene anteriori al pignoramento:  le alienazioni di beni immobili o di beni mobili iscritti in pubblici registri (812 e seguenti), che siano state trascritte successivamente al pignoramento; le cessioni di crediti (1260 e seguenti) che siano state notificate al debitore ceduto o accettate dal medesimo successivamente al pignoramento; le alienazioni di universalità di mobili che non abbiano data certa; le alienazioni di beni mobili di cui non sia stato trasmesso il possesso anteriormente al pignoramento, salvo che risultino da atto avente data certa.
754	Art. 2914 Alienazioni anteriori al pignoramento	4. Quando le alienazioni di beni mobili non trasmesse anteriormente al pignoramento possono avere effetto in pregiudizio del creditore pignorante?	Non hanno effetto in pregiudizio del creditore pignorante e dei creditori che intervengono nell’esecuzione (Cod. Proc. Civ. 498 e seguenti), sebbene anteriori al pignoramento:  le alienazioni di beni immobili o di beni mobili iscritti in pubblici registri (812 e seguenti), che siano state trascritte successivamente al pignoramento; le cessioni di crediti (1260 e seguenti) che siano state notificate al debitore ceduto o accettate dal medesimo successivamente al pignoramento; le alienazioni di universalità di mobili che non abbiano data certa; le alienazioni di beni mobili di cui non sia stato trasmesso il possesso anteriormente al pignoramento, salvo che risultino da atto avente data certa.
755	Art. 2915 Atti che limitano la disponibilità dei beni pignorati	1. Quali atti non hanno effetto in pregiudizio del creditore pignorante se non sono stati trascritti prima del pignoramento?	Non hanno effetto in pregiudizio del creditore pignorante e dei creditori che intervengono nell’esecuzione (Cod. Proc. Civ. 498) gli atti che importano vincoli di indisponibilità, se non sono stati trascritti prima del pignoramento, quando hanno per oggetto beni immobili o beni mobili iscritti in pubblici registri (2647 e seguenti, 2685 e seguenti, 2693), e, negli altri casi, se non hanno data certa anteriore al pignoramento. Non hanno del pari effetto in pregiudizio del creditore pignorante e dei creditori che intervengono nell’esecuzione (Cod. Proc. Civ. 498) gli atti e le domande per la cui efficacia rispetto ai terzi acquirenti la legge richiede la trascrizione (2643 e seguenti), se sono trascritti successivamente al pignoramento.
756	Art. 2915 Atti che limitano la disponibilità dei beni pignorati	2. In quali casi gli atti e le domande non hanno effetto rispetto ai creditori se trascritti successivamente al pignoramento?	Non hanno effetto in pregiudizio del creditore pignorante e dei creditori che intervengono nell’esecuzione (Cod. Proc. Civ. 498) gli atti che importano vincoli di indisponibilità, se non sono stati trascritti prima del pignoramento, quando hanno per oggetto beni immobili o beni mobili iscritti in pubblici registri (2647 e seguenti, 2685 e seguenti, 2693), e, negli altri casi, se non hanno data certa anteriore al pignoramento. Non hanno del pari effetto in pregiudizio del creditore pignorante e dei creditori che intervengono nell’esecuzione (Cod. Proc. Civ. 498) gli atti e le domande per la cui efficacia rispetto ai terzi acquirenti la legge richiede la trascrizione (2643 e seguenti), se sono trascritti successivamente al pignoramento.
757	Art. 2916 Ipoteche e privilegi	1. Quali ipoteche non vengono considerate nella distribuzione della somma ricavata dall'esecuzione?	Nella distribuzione della somma ricavata dall’esecuzione (Cod. Proc. Civ. 509 e seguenti) non si tiene conto:  delle ipoteche (2808 e seguenti), anche se giudiziali, iscritte dopo il pignoramento; dei privilegi per la cui efficacia e necessaria l’iscrizione, se questa ha luogo dopo il pignoramento; dei privilegi per crediti sorti dopo il pignoramento. Art. 2917 Estinzione del credito pignorato Se oggetto del pignoramento è un credito, l’estinzione di esso per cause verificatesi in epoca successiva al pignoramento non ha effetto in pregiudizio del creditore pignorante e dei creditori che intervengono nell’esecuzione (Cod. Proc. Civ. 498 e seguenti).
758	Art. 2916 Ipoteche e privilegi	2. In che modo l'iscrizione dei privilegi influisce sulla loro efficacia nella distribuzione della somma ricavata dall'esecuzione?	Nella distribuzione della somma ricavata dall’esecuzione (Cod. Proc. Civ. 509 e seguenti) non si tiene conto:  delle ipoteche (2808 e seguenti), anche se giudiziali, iscritte dopo il pignoramento; dei privilegi per la cui efficacia e necessaria l’iscrizione, se questa ha luogo dopo il pignoramento; dei privilegi per crediti sorti dopo il pignoramento. Art. 2917 Estinzione del credito pignorato Se oggetto del pignoramento è un credito, l’estinzione di esso per cause verificatesi in epoca successiva al pignoramento non ha effetto in pregiudizio del creditore pignorante e dei creditori che intervengono nell’esecuzione (Cod. Proc. Civ. 498 e seguenti).
759	Art. 2916 Ipoteche e privilegi	3. Cosa accade ai privilegi per crediti sorti dopo il pignoramento nella distribuzione della somma ricavata dall'esecuzione?	Nella distribuzione della somma ricavata dall’esecuzione (Cod. Proc. Civ. 509 e seguenti) non si tiene conto:  delle ipoteche (2808 e seguenti), anche se giudiziali, iscritte dopo il pignoramento; dei privilegi per la cui efficacia e necessaria l’iscrizione, se questa ha luogo dopo il pignoramento; dei privilegi per crediti sorti dopo il pignoramento. Art. 2917 Estinzione del credito pignorato Se oggetto del pignoramento è un credito, l’estinzione di esso per cause verificatesi in epoca successiva al pignoramento non ha effetto in pregiudizio del creditore pignorante e dei creditori che intervengono nell’esecuzione (Cod. Proc. Civ. 498 e seguenti).
760	Art. 2916 Ipoteche e privilegi	4. Qual è l'effetto dell'estinzione di un credito pignorato per cause verificatesi dopo il pignoramento sui creditori pignoranti e intervenienti?	Nella distribuzione della somma ricavata dall’esecuzione (Cod. Proc. Civ. 509 e seguenti) non si tiene conto:  delle ipoteche (2808 e seguenti), anche se giudiziali, iscritte dopo il pignoramento; dei privilegi per la cui efficacia e necessaria l’iscrizione, se questa ha luogo dopo il pignoramento; dei privilegi per crediti sorti dopo il pignoramento. Art. 2917 Estinzione del credito pignorato Se oggetto del pignoramento è un credito, l’estinzione di esso per cause verificatesi in epoca successiva al pignoramento non ha effetto in pregiudizio del creditore pignorante e dei creditori che intervengono nell’esecuzione (Cod. Proc. Civ. 498 e seguenti).
761	Art. 2918 Cessioni e liberazioni di pigioni e di fitti	1. Quali sono le condizioni affinché le cessioni e le liberazioni di pigioni e di fitti per un periodo eccedente i tre anni abbiano effetto nei confronti del creditore pignorante?	Le cessioni e le liberazioni di pigioni e di fitti non ancora scaduti per un periodo eccedente i tre anni non hanno effetto in pregiudizio del creditore pignorante e dei creditori che intervengono nell’esecuzione (Cod. Proc. Civ. 498 e seguenti), se non sono trascritte anteriormente al pignoramento (2643 n. 9). Le cessioni e le liberazioni per un tempo inferiore ai tre anni e le cessioni e le liberazioni superiori ai tre anni non trascritte non hanno effetto, se non hanno data certa anteriore al pignoramento e, in ogni caso, non oltre il termine di un anno dalla data del pignoramento.
762	Art. 2918 Cessioni e liberazioni di pigioni e di fitti	2. Qual è il limite temporale entro il quale le cessioni e le liberazioni di pigioni e di fitti non trascritte devono avere data certa per avere effetto?	Le cessioni e le liberazioni di pigioni e di fitti non ancora scaduti per un periodo eccedente i tre anni non hanno effetto in pregiudizio del creditore pignorante e dei creditori che intervengono nell’esecuzione (Cod. Proc. Civ. 498 e seguenti), se non sono trascritte anteriormente al pignoramento (2643 n. 9). Le cessioni e le liberazioni per un tempo inferiore ai tre anni e le cessioni e le liberazioni superiori ai tre anni non trascritte non hanno effetto, se non hanno data certa anteriore al pignoramento e, in ogni caso, non oltre il termine di un anno dalla data del pignoramento.
763	Art. 2919 Effetto traslativo della vendita forzata	1. Quali diritti vengono trasferiti all'acquirente nella vendita forzata secondo il Codice di Procedura Civile?	La vendita forzata (Cod. Proc. Civ. 503 e seguenti) trasferisce all’acquirente i diritti che sulla cosa spettavano a colui che ha subito l’espropriazione, salvi gli effetti del possesso di buona fede. Non sono però opponibili all’acquirente diritti acquistati da terzi sulla cosa, se i diritti stessi non hanno effetto in pregiudizio del creditore pignorante e dei creditori intervenuti nell’esecuzione (Cod. Proc. Civ. 498 e seguenti).
764	Art. 2919 Effetto traslativo della vendita forzata	2. In quali circostanze i diritti acquistati da terzi sulla cosa non sono opponibili all'acquirente nella vendita forzata?	La vendita forzata (Cod. Proc. Civ. 503 e seguenti) trasferisce all’acquirente i diritti che sulla cosa spettavano a colui che ha subito l’espropriazione, salvi gli effetti del possesso di buona fede. Non sono però opponibili all’acquirente diritti acquistati da terzi sulla cosa, se i diritti stessi non hanno effetto in pregiudizio del creditore pignorante e dei creditori intervenuti nell’esecuzione (Cod. Proc. Civ. 498 e seguenti).
765	Art. 2920 Diritti di terzi sulla cosa mobile venduta	1. Quali diritti non possono essere fatti valere nei confronti dell'acquirente di buona fede se non sono stati fatti valere sulla somma ricavata dall'esecuzione?	Se oggetto della vendita è una cosa mobile, coloro che avevano la proprietà o altri diritti reali su di essa, ma non hanno fatto valere le loro ragioni sulla somma ricavata dall’esecuzione (Cod. Proc. Civ. 541 e seguenti), non possono farle valere nei confronti dell’acquirente di buona fede, né possono ripetere dai creditori la somma distribuita. Resta ferma la responsabilità del creditore procedente di mala fede per i danni e per le spese.
766	Art. 2920 Diritti di terzi sulla cosa mobile venduta	2. Qual è la responsabilità del creditore procedente di mala fede secondo il testo?	Se oggetto della vendita è una cosa mobile, coloro che avevano la proprietà o altri diritti reali su di essa, ma non hanno fatto valere le loro ragioni sulla somma ricavata dall’esecuzione (Cod. Proc. Civ. 541 e seguenti), non possono farle valere nei confronti dell’acquirente di buona fede, né possono ripetere dai creditori la somma distribuita. Resta ferma la responsabilità del creditore procedente di mala fede per i danni e per le spese.
767	Art. 2921 Evizione	1. Quali sono i diritti dell'acquirente della cosa espropriata in caso di evizione totale?	L’acquirente della cosa espropriata, se ne subisce l’evizione, può ripetere il prezzo non ancora distribuito, dedotte le spese, e, se la distribuzione è già avvenuta, può ripeterne da ciascun creditore la parte che ha riscossa e dal debitore l’eventuale residuo, salva la responsabilità del creditore procedente per i danni e per le spese. Se l’evizione è soltanto parziale, l’acquirente ha diritto di ripetere una parte proporzionale del prezzo. La ripetizione ha luogo anche se l’aggiudicatario, per evitare l’evizione, ha pagato una somma di danaro. In ogni caso l’acquirente non può ripetere il prezzo nei confronti dei creditori privilegiati o ipotecari ai quali la causa di evizione non era opponibile.
768	Art. 2921 Evizione	2. Cosa può fare l'acquirente se la distribuzione del prezzo è già avvenuta e subisce l'evizione?	L’acquirente della cosa espropriata, se ne subisce l’evizione, può ripetere il prezzo non ancora distribuito, dedotte le spese, e, se la distribuzione è già avvenuta, può ripeterne da ciascun creditore la parte che ha riscossa e dal debitore l’eventuale residuo, salva la responsabilità del creditore procedente per i danni e per le spese. Se l’evizione è soltanto parziale, l’acquirente ha diritto di ripetere una parte proporzionale del prezzo. La ripetizione ha luogo anche se l’aggiudicatario, per evitare l’evizione, ha pagato una somma di danaro. In ogni caso l’acquirente non può ripetere il prezzo nei confronti dei creditori privilegiati o ipotecari ai quali la causa di evizione non era opponibile.
769	Art. 2921 Evizione	3. In che modo l'acquirente può agire in caso di evizione parziale della cosa espropriata?	L’acquirente della cosa espropriata, se ne subisce l’evizione, può ripetere il prezzo non ancora distribuito, dedotte le spese, e, se la distribuzione è già avvenuta, può ripeterne da ciascun creditore la parte che ha riscossa e dal debitore l’eventuale residuo, salva la responsabilità del creditore procedente per i danni e per le spese. Se l’evizione è soltanto parziale, l’acquirente ha diritto di ripetere una parte proporzionale del prezzo. La ripetizione ha luogo anche se l’aggiudicatario, per evitare l’evizione, ha pagato una somma di danaro. In ogni caso l’acquirente non può ripetere il prezzo nei confronti dei creditori privilegiati o ipotecari ai quali la causa di evizione non era opponibile.
770	Art. 2921 Evizione	4. Quali sono le limitazioni per l'acquirente nel ripetere il prezzo nei confronti dei creditori privilegiati o ipotecari?	L’acquirente della cosa espropriata, se ne subisce l’evizione, può ripetere il prezzo non ancora distribuito, dedotte le spese, e, se la distribuzione è già avvenuta, può ripeterne da ciascun creditore la parte che ha riscossa e dal debitore l’eventuale residuo, salva la responsabilità del creditore procedente per i danni e per le spese. Se l’evizione è soltanto parziale, l’acquirente ha diritto di ripetere una parte proporzionale del prezzo. La ripetizione ha luogo anche se l’aggiudicatario, per evitare l’evizione, ha pagato una somma di danaro. In ogni caso l’acquirente non può ripetere il prezzo nei confronti dei creditori privilegiati o ipotecari ai quali la causa di evizione non era opponibile.
771	Art. 2922 Vizi della cosa. Lesione	1. Per quale motivo la vendita forzata non può essere impugnata per causa di lesione?	Nella vendita forzata non ha luogo la garanzia per i vizi della cosa. Essa non può essere impugnata per causa di lesione.
772	Art. 2922 Vizi della cosa. Lesione	2. Quali sono le implicazioni della mancanza di garanzia per i vizi della cosa nella vendita forzata?	Nella vendita forzata non ha luogo la garanzia per i vizi della cosa. Essa non può essere impugnata per causa di lesione.
773	Art. 2923 Locazioni	1. Quali sono le condizioni affinché le locazioni siano opponibili all'acquirente in caso di espropriazione?	Le locazioni (1571 e seguenti) consentite da chi ha subito l’espropriazione sono opponibili all’acquirente se hanno data certa anteriore al pignoramento, salvo che, trattandosi di beni mobili, l’acquirente ne abbia conseguito il possesso in buona fede. Le locazioni immobiliari eccedenti i nove anni che non sono state trascritte anteriormente al pignoramento (2643 n. 8) non sono opponibili all’acquirente, se non nei limiti di un novennio dall’inizio della locazione. In ogni caso l’acquirente non è tenuto a rispettare la locazione qualora il prezzo convenuto sia inferiore di un terzo al giusto prezzo o a quello risultante da precedenti locazioni. Se la locazione non ha data certa, ma la detenzione del conduttore è anteriore al pignoramento della cosa locata, l’acquirente non è tenuto a rispettare la locazione che per la durata corrispondente a quella stabilita per le locazioni a tempo indeterminato. Se nel contratto di locazione è convenuto che esso possa risolversi in caso di alienazione, l’acquirente può intimare licenza al conduttore secondo le disposizioni dell’art. 1603.
774	Art. 2923 Locazioni	2. Cosa accade alle locazioni immobiliari eccedenti i nove anni che non sono state trascritte anteriormente al pignoramento?	Le locazioni (1571 e seguenti) consentite da chi ha subito l’espropriazione sono opponibili all’acquirente se hanno data certa anteriore al pignoramento, salvo che, trattandosi di beni mobili, l’acquirente ne abbia conseguito il possesso in buona fede. Le locazioni immobiliari eccedenti i nove anni che non sono state trascritte anteriormente al pignoramento (2643 n. 8) non sono opponibili all’acquirente, se non nei limiti di un novennio dall’inizio della locazione. In ogni caso l’acquirente non è tenuto a rispettare la locazione qualora il prezzo convenuto sia inferiore di un terzo al giusto prezzo o a quello risultante da precedenti locazioni. Se la locazione non ha data certa, ma la detenzione del conduttore è anteriore al pignoramento della cosa locata, l’acquirente non è tenuto a rispettare la locazione che per la durata corrispondente a quella stabilita per le locazioni a tempo indeterminato. Se nel contratto di locazione è convenuto che esso possa risolversi in caso di alienazione, l’acquirente può intimare licenza al conduttore secondo le disposizioni dell’art. 1603.
775	Art. 2923 Locazioni	3. In quali circostanze l'acquirente non è tenuto a rispettare la locazione in termini di prezzo?	Le locazioni (1571 e seguenti) consentite da chi ha subito l’espropriazione sono opponibili all’acquirente se hanno data certa anteriore al pignoramento, salvo che, trattandosi di beni mobili, l’acquirente ne abbia conseguito il possesso in buona fede. Le locazioni immobiliari eccedenti i nove anni che non sono state trascritte anteriormente al pignoramento (2643 n. 8) non sono opponibili all’acquirente, se non nei limiti di un novennio dall’inizio della locazione. In ogni caso l’acquirente non è tenuto a rispettare la locazione qualora il prezzo convenuto sia inferiore di un terzo al giusto prezzo o a quello risultante da precedenti locazioni. Se la locazione non ha data certa, ma la detenzione del conduttore è anteriore al pignoramento della cosa locata, l’acquirente non è tenuto a rispettare la locazione che per la durata corrispondente a quella stabilita per le locazioni a tempo indeterminato. Se nel contratto di locazione è convenuto che esso possa risolversi in caso di alienazione, l’acquirente può intimare licenza al conduttore secondo le disposizioni dell’art. 1603.
776	Art. 2923 Locazioni	4. Come viene trattata una locazione che non ha data certa ma la detenzione del conduttore è anteriore al pignoramento?	Le locazioni (1571 e seguenti) consentite da chi ha subito l’espropriazione sono opponibili all’acquirente se hanno data certa anteriore al pignoramento, salvo che, trattandosi di beni mobili, l’acquirente ne abbia conseguito il possesso in buona fede. Le locazioni immobiliari eccedenti i nove anni che non sono state trascritte anteriormente al pignoramento (2643 n. 8) non sono opponibili all’acquirente, se non nei limiti di un novennio dall’inizio della locazione. In ogni caso l’acquirente non è tenuto a rispettare la locazione qualora il prezzo convenuto sia inferiore di un terzo al giusto prezzo o a quello risultante da precedenti locazioni. Se la locazione non ha data certa, ma la detenzione del conduttore è anteriore al pignoramento della cosa locata, l’acquirente non è tenuto a rispettare la locazione che per la durata corrispondente a quella stabilita per le locazioni a tempo indeterminato. Se nel contratto di locazione è convenuto che esso possa risolversi in caso di alienazione, l’acquirente può intimare licenza al conduttore secondo le disposizioni dell’art. 1603.
777	Art. 2923 Locazioni	5. Cosa può fare l'acquirente se nel contratto di locazione è previsto che esso possa risolversi in caso di alienazione?	Le locazioni (1571 e seguenti) consentite da chi ha subito l’espropriazione sono opponibili all’acquirente se hanno data certa anteriore al pignoramento, salvo che, trattandosi di beni mobili, l’acquirente ne abbia conseguito il possesso in buona fede. Le locazioni immobiliari eccedenti i nove anni che non sono state trascritte anteriormente al pignoramento (2643 n. 8) non sono opponibili all’acquirente, se non nei limiti di un novennio dall’inizio della locazione. In ogni caso l’acquirente non è tenuto a rispettare la locazione qualora il prezzo convenuto sia inferiore di un terzo al giusto prezzo o a quello risultante da precedenti locazioni. Se la locazione non ha data certa, ma la detenzione del conduttore è anteriore al pignoramento della cosa locata, l’acquirente non è tenuto a rispettare la locazione che per la durata corrispondente a quella stabilita per le locazioni a tempo indeterminato. Se nel contratto di locazione è convenuto che esso possa risolversi in caso di alienazione, l’acquirente può intimare licenza al conduttore secondo le disposizioni dell’art. 1603.
778	Art. 2923 Locazioni	6. Qual è la rilevanza del possesso in buona fede dell'acquirente di beni mobili in relazione alla opponibilità delle locazioni?	Le locazioni (1571 e seguenti) consentite da chi ha subito l’espropriazione sono opponibili all’acquirente se hanno data certa anteriore al pignoramento, salvo che, trattandosi di beni mobili, l’acquirente ne abbia conseguito il possesso in buona fede. Le locazioni immobiliari eccedenti i nove anni che non sono state trascritte anteriormente al pignoramento (2643 n. 8) non sono opponibili all’acquirente, se non nei limiti di un novennio dall’inizio della locazione. In ogni caso l’acquirente non è tenuto a rispettare la locazione qualora il prezzo convenuto sia inferiore di un terzo al giusto prezzo o a quello risultante da precedenti locazioni. Se la locazione non ha data certa, ma la detenzione del conduttore è anteriore al pignoramento della cosa locata, l’acquirente non è tenuto a rispettare la locazione che per la durata corrispondente a quella stabilita per le locazioni a tempo indeterminato. Se nel contratto di locazione è convenuto che esso possa risolversi in caso di alienazione, l’acquirente può intimare licenza al conduttore secondo le disposizioni dell’art. 1603.
779	Art. 2924 Cessioni e liberazioni di pigioni e di fitti	1. In quali casi le cessioni e le liberazioni di pigioni e di fitti non ancora scaduti sono opponibili all'acquirente?	Le cessioni e le liberazioni di pigioni e di fitti non ancora scaduti non sono opponibili all’acquirente, salvo che si tratti di cessioni o di liberazioni eccedenti il triennio e trascritte anteriormente al pignoramento (2643 n. 9) o si tratti di anticipazioni fatte in conformità degli usi locali.
780	Art. 2924 Cessioni e liberazioni di pigioni e di fitti	2. Quali condizioni devono essere soddisfatte affinché le cessioni eccedenti il triennio siano opponibili all'acquirente?	Le cessioni e le liberazioni di pigioni e di fitti non ancora scaduti non sono opponibili all’acquirente, salvo che si tratti di cessioni o di liberazioni eccedenti il triennio e trascritte anteriormente al pignoramento (2643 n. 9) o si tratti di anticipazioni fatte in conformità degli usi locali.
781	Art. 2924 Cessioni e liberazioni di pigioni e di fitti	3. Cosa si intende per anticipazioni fatte in conformità degli usi locali nel contesto delle cessioni di pigioni e fitti?	Le cessioni e le liberazioni di pigioni e di fitti non ancora scaduti non sono opponibili all’acquirente, salvo che si tratti di cessioni o di liberazioni eccedenti il triennio e trascritte anteriormente al pignoramento (2643 n. 9) o si tratti di anticipazioni fatte in conformità degli usi locali.
782	Art. 2924 Cessioni e liberazioni di pigioni e di fitti	4. Qual è il riferimento normativo che disciplina la trascrizione delle cessioni eccedenti il triennio?	Le cessioni e le liberazioni di pigioni e di fitti non ancora scaduti non sono opponibili all’acquirente, salvo che si tratti di cessioni o di liberazioni eccedenti il triennio e trascritte anteriormente al pignoramento (2643 n. 9) o si tratti di anticipazioni fatte in conformità degli usi locali.
783	Art. 2925 Norme applicabili all’assegnazione forzata	1. Quali sono le norme del Codice di Procedura Civile che si applicano all'assegnazione forzata?	Le norme concernenti la vendita forzata si applicano anche all’assegnazione forzata (Cod. Proc. Civ. 505 e seguenti), salvo quanto è disposto negli articoli seguenti.
784	Art. 2926 Diritti dei terzi sulla cosa assegnata	1. Entro quale termine i terzi che avevano la proprietà dei beni mobili assegnati possono rivolgersi contro l'assegnatario?	Se l’assegnazione ha per oggetto beni mobili, i terzi che ne avevano la proprietà possono, entro il termine di sessanta giorni dall’assegnazione, rivolgersi contro l’assegnatario che ha ricevuto in buona fede il possesso, al solo scopo di ripetere la somma corrispondente al suo credito soddisfatto con l’assegnazione. La stessa facoltà spetta ai terzi che avevano sulla cosa altri diritti reali, nei limiti del valore del loro diritto. L’assegnatario conserva le sue ragioni nei confronti del debitore, ma si estinguono le garanzie prestate da terzi.
785	Art. 2926 Diritti dei terzi sulla cosa assegnata	2. Quali diritti possono esercitare i terzi che avevano sulla cosa altri diritti reali nei confronti dell'assegnatario?	Se l’assegnazione ha per oggetto beni mobili, i terzi che ne avevano la proprietà possono, entro il termine di sessanta giorni dall’assegnazione, rivolgersi contro l’assegnatario che ha ricevuto in buona fede il possesso, al solo scopo di ripetere la somma corrispondente al suo credito soddisfatto con l’assegnazione. La stessa facoltà spetta ai terzi che avevano sulla cosa altri diritti reali, nei limiti del valore del loro diritto. L’assegnatario conserva le sue ragioni nei confronti del debitore, ma si estinguono le garanzie prestate da terzi.
786	Art. 2926 Diritti dei terzi sulla cosa assegnata	3. Cosa accade alle garanzie prestate da terzi una volta che l'assegnatario riceve i beni mobili in buona fede?	Se l’assegnazione ha per oggetto beni mobili, i terzi che ne avevano la proprietà possono, entro il termine di sessanta giorni dall’assegnazione, rivolgersi contro l’assegnatario che ha ricevuto in buona fede il possesso, al solo scopo di ripetere la somma corrispondente al suo credito soddisfatto con l’assegnazione. La stessa facoltà spetta ai terzi che avevano sulla cosa altri diritti reali, nei limiti del valore del loro diritto. L’assegnatario conserva le sue ragioni nei confronti del debitore, ma si estinguono le garanzie prestate da terzi.
787	Art. 2927 Evizione della cosa assegnata	1. Quali diritti ha l'assegnatario in caso di evizione della cosa?	L’assegnatario, se subisce l’evizione della cosa, ha diritto di ripetere quanto ha pagato agli altri creditori, salva la responsabilità del creditore procedente per i danni e per le spese. L’assegnatario conserva le sue ragioni nei confronti del debitore espropriato, ma non le garanzie prestate da terzi.
788	Art. 2927 Evizione della cosa assegnata	2. L'assegnatario mantiene le garanzie prestate da terzi nei confronti del debitore espropriato?	L’assegnatario, se subisce l’evizione della cosa, ha diritto di ripetere quanto ha pagato agli altri creditori, salva la responsabilità del creditore procedente per i danni e per le spese. L’assegnatario conserva le sue ragioni nei confronti del debitore espropriato, ma non le garanzie prestate da terzi.
789	Art. 2928 Assegnazione di crediti	1. In che modo si estingue il diritto dell'assegnatario verso il debitore in caso di assegnazione di un credito?	Se oggetto dell’assegnazione è un credito, il diritto dell’assegnatario verso il debitore che ha subito l’espropriazione non si estingue che con la riscossione del credito assegnato.
790	Art. 2929 Nullità del processo esecutivo	1. In quali circostanze la nullità degli atti esecutivi precedenti la vendita o l'assegnazione ha effetto sull'acquirente o sull'assegnatario?	La nullità degli atti esecutivi che hanno preceduto la vendita o l’assegnazione non ha effetto riguardo all’acquirente o all’assegnatario, salvo il caso di collusione con il creditore procedente. Gli altri creditori non sono in nessun caso tenuti a restituire quanto hanno ricevuto per effetto dell’esecuzione.
791	Art. 2929 Nullità del processo esecutivo	2. Gli altri creditori sono obbligati a restituire quanto ricevuto per effetto dell'esecuzione in caso di nullità degli atti esecutivi?	La nullità degli atti esecutivi che hanno preceduto la vendita o l’assegnazione non ha effetto riguardo all’acquirente o all’assegnatario, salvo il caso di collusione con il creditore procedente. Gli altri creditori non sono in nessun caso tenuti a restituire quanto hanno ricevuto per effetto dell’esecuzione.
792	Art. 2930 Esecuzione forzata per consegna o rilascio	1. Quali sono le disposizioni del codice di procedura civile che regolano la consegna o il rilascio forzati di una cosa determinata, mobile o immobile, quando l'obbligo non è adempiuto?	Se non e adempiuto l’obbligo di consegnare una cosa determinata, mobile o immobile, l’avente diritto può ottenere la consegna o il rilascio forzati a norma delle disposizioni del codice di procedura civile (Cod. Proc. Civ. 605 e seguenti).
793	Art. 2931 Esecuzione forzata degli obblighi di fare	1. Quali sono le conseguenze per l'obbligato se non adempie a un obbligo di fare secondo il codice di procedura civile?	Se non è adempiuto un obbligo di fare, l’avente diritto può ottenere che esso sia eseguito a spese dell’obbligato nelle forme stabilite dal codice di procedura civile (Cod. Proc. Civ. 612 e seguenti).
794	Art. 2932 Esecuzione specifica dell’obbligo di concludere un contratto	1. Quali sono le condizioni necessarie affinché una parte possa ottenere una sentenza che produca gli effetti di un contratto non concluso?	Se colui che è obbligato a concludere un contratto non adempie l’obbligazione, l’altra parte, qualora sia possibile e non sia escluso dal titolo, può ottenere una sentenza che produca gli effetti del contratto non concluso. Se si tratta di contratti che hanno per oggetto il trasferimento della proprietà di una cosa determinata o la costituzione o il trasferimento di un altro diritto, la domanda non può essere accolta, se la parte che l’ha proposta non esegue la sua prestazione (1208 e seguenti) o non ne fa offerta nei modi di legge, a meno che la prestazione non sia ancora esigibile (att. 246).
795	Art. 2932 Esecuzione specifica dell’obbligo di concludere un contratto	2. In quali circostanze la domanda per ottenere una sentenza che produca gli effetti di un contratto non concluso non può essere accolta?	Se colui che è obbligato a concludere un contratto non adempie l’obbligazione, l’altra parte, qualora sia possibile e non sia escluso dal titolo, può ottenere una sentenza che produca gli effetti del contratto non concluso. Se si tratta di contratti che hanno per oggetto il trasferimento della proprietà di una cosa determinata o la costituzione o il trasferimento di un altro diritto, la domanda non può essere accolta, se la parte che l’ha proposta non esegue la sua prestazione (1208 e seguenti) o non ne fa offerta nei modi di legge, a meno che la prestazione non sia ancora esigibile (att. 246).
796	Art. 2933 Esecuzione forzata degli obblighi di non fare	1. Cosa può ottenere l'avente diritto se un obbligo di non fare non è adempiuto?	Se non è adempiuto un obbligo di non fare, l’avente diritto può ottenere che sia distrutto, a spese dell’obbligato, ciò che è stato fatto in violazione dell’obbligo (Cod. Proc. Civ. 612 e seguenti). Non può essere ordinata la distruzione della cosa e l’avente diritto può conseguire solo il risarcimento dei danni, se la distruzione della cosa e di pregiudizio all’economia nazionale.  Capo I Della prescrizione
797	Art. 2933 Esecuzione forzata degli obblighi di non fare	2. In quali circostanze non può essere ordinata la distruzione della cosa fatta in violazione di un obbligo di non fare?	Se non è adempiuto un obbligo di non fare, l’avente diritto può ottenere che sia distrutto, a spese dell’obbligato, ciò che è stato fatto in violazione dell’obbligo (Cod. Proc. Civ. 612 e seguenti). Non può essere ordinata la distruzione della cosa e l’avente diritto può conseguire solo il risarcimento dei danni, se la distruzione della cosa e di pregiudizio all’economia nazionale.  Capo I Della prescrizione
798	Art. 2933 Esecuzione forzata degli obblighi di non fare	3. Quale alternativa ha l'avente diritto se la distruzione della cosa è di pregiudizio all'economia nazionale?	Se non è adempiuto un obbligo di non fare, l’avente diritto può ottenere che sia distrutto, a spese dell’obbligato, ciò che è stato fatto in violazione dell’obbligo (Cod. Proc. Civ. 612 e seguenti). Non può essere ordinata la distruzione della cosa e l’avente diritto può conseguire solo il risarcimento dei danni, se la distruzione della cosa e di pregiudizio all’economia nazionale.  Capo I Della prescrizione
799	Art. 2934 Estinzione dei diritti	1. Quali diritti non sono soggetti alla prescrizione secondo il testo?	Ogni diritto si estingue per prescrizione, quando il titolare non lo esercita per il tempo determinato dalla legge. Non sono soggetti alla prescrizione i diritti indisponibili e gli altri diritti indicati dalla legge (248 e seguente, 263, 272, 533, 715, 948,1422).
800	Art. 2934 Estinzione dei diritti	2. Cosa accade a un diritto se il titolare non lo esercita per il tempo determinato dalla legge?	Ogni diritto si estingue per prescrizione, quando il titolare non lo esercita per il tempo determinato dalla legge. Non sono soggetti alla prescrizione i diritti indisponibili e gli altri diritti indicati dalla legge (248 e seguente, 263, 272, 533, 715, 948,1422).
801	Art. 2935 Decorrenza della prescrizione	1. Da quale momento inizia a decorrere la prescrizione di un diritto?	La prescrizione comincia a decorrere dal giorno in cui il diritto può essere fatto valere.
802	Art. 2936 Inderogabilità delle norme sulla prescrizione	1. Quali sono le conseguenze legali di un patto che tenta di modificare la disciplina legale della prescrizione?	È nullo ogni patto diretto a modificare la disciplina legale della prescrizione (1418 e seguenti).
803	Art. 2937 Rinunzia alla prescrizione	1. Chi non può rinunziare alla prescrizione secondo il testo?	Non può rinunziare alla prescrizione chi non può disporre validamente del diritto. Si può rinunziare alla prescrizione solo quando questa è compiuta. La rinunzia può risultare da un fatto incompatibile con la volontà di valersi della prescrizione.
804	Art. 2937 Rinunzia alla prescrizione	2. Quando è possibile rinunziare alla prescrizione?	Non può rinunziare alla prescrizione chi non può disporre validamente del diritto. Si può rinunziare alla prescrizione solo quando questa è compiuta. La rinunzia può risultare da un fatto incompatibile con la volontà di valersi della prescrizione.
805	Art. 2937 Rinunzia alla prescrizione	3. Come può risultare la rinunzia alla prescrizione?	Non può rinunziare alla prescrizione chi non può disporre validamente del diritto. Si può rinunziare alla prescrizione solo quando questa è compiuta. La rinunzia può risultare da un fatto incompatibile con la volontà di valersi della prescrizione.
806	Art. 2938 Non rilevabilità d’ufficio	1. Cosa significa che il giudice non può rilevare d’ufficio la prescrizione non opposta?	Il giudice non può rilevare d’ufficio la prescrizione non opposta.
807	Art. 2939 Opponibilità della prescrizione da parte dei terzi	1. Chi può opporre la prescrizione se la parte non la fa valere?	La prescrizione può essere opposta dai creditori e da chiunque vi ha interesse, qualora la parte non la faccia valere. Può essere opposta anche se la parte vi ha rinunziato.
808	Art. 2939 Opponibilità della prescrizione da parte dei terzi	2. È possibile opporre la prescrizione anche se la parte vi ha rinunciato?	La prescrizione può essere opposta dai creditori e da chiunque vi ha interesse, qualora la parte non la faccia valere. Può essere opposta anche se la parte vi ha rinunziato.
809	Art. 2940 Pagamento del debito prescritto	1. Quali sono le conseguenze legali del pagamento spontaneo di un debito prescritto?	Non è ammessa la ripetizione di ciò che è stato spontaneamente pagato in adempimento di un debito prescritto.
810	Art. 2941 Sospensione per rapporti tra le parti	1. In quali situazioni la prescrizione rimane sospesa tra i coniugi?	La prescrizione rimane sospesa:  tra i coniugi; tra chi esercita la potestà di cui all’art. 316 o i poteri a essa inerenti e le persone che vi sono sottoposte; tra il tutore e il minore (346 e seguenti) o l’interdetto soggetti alla tutela, finché non sia stato reso e approvato il conto finale, salvo quanto e disposto dall’art. 387 per le azioni relative alla tutela; tra il curatore e il minore emancipato (390 e seguenti) o l’inabilitato; tra l’erede e l’eredità accettata con beneficio d’inventario (484 e seguenti); tra le persone i cui beni sono sottoposti per legge o per provvedimento del giudice all’amministrazione altrui e quelle da cui l’amministrazione è esercitata, finché non sia stato reso e approvato definitivamente il conto; tra le persone giuridiche e i loro amministratori, finché sono in carica, per le azioni di responsabilità contro di essi ; tra il debitore che ha dolosamente occultato l’esistenza del debito e il creditore, finché il dolo non sia stato scoperto (att. 247 e seguente).
811	Art. 2941 Sospensione per rapporti tra le parti	2. Come si applica la sospensione della prescrizione tra chi esercita la potestà di cui all’art. 316 e le persone sottoposte a tale potestà?	La prescrizione rimane sospesa:  tra i coniugi; tra chi esercita la potestà di cui all’art. 316 o i poteri a essa inerenti e le persone che vi sono sottoposte; tra il tutore e il minore (346 e seguenti) o l’interdetto soggetti alla tutela, finché non sia stato reso e approvato il conto finale, salvo quanto e disposto dall’art. 387 per le azioni relative alla tutela; tra il curatore e il minore emancipato (390 e seguenti) o l’inabilitato; tra l’erede e l’eredità accettata con beneficio d’inventario (484 e seguenti); tra le persone i cui beni sono sottoposti per legge o per provvedimento del giudice all’amministrazione altrui e quelle da cui l’amministrazione è esercitata, finché non sia stato reso e approvato definitivamente il conto; tra le persone giuridiche e i loro amministratori, finché sono in carica, per le azioni di responsabilità contro di essi ; tra il debitore che ha dolosamente occultato l’esistenza del debito e il creditore, finché il dolo non sia stato scoperto (att. 247 e seguente).
812	Art. 2941 Sospensione per rapporti tra le parti	3. Quando termina la sospensione della prescrizione tra il tutore e il minore o l’interdetto soggetti alla tutela?	La prescrizione rimane sospesa:  tra i coniugi; tra chi esercita la potestà di cui all’art. 316 o i poteri a essa inerenti e le persone che vi sono sottoposte; tra il tutore e il minore (346 e seguenti) o l’interdetto soggetti alla tutela, finché non sia stato reso e approvato il conto finale, salvo quanto e disposto dall’art. 387 per le azioni relative alla tutela; tra il curatore e il minore emancipato (390 e seguenti) o l’inabilitato; tra l’erede e l’eredità accettata con beneficio d’inventario (484 e seguenti); tra le persone i cui beni sono sottoposti per legge o per provvedimento del giudice all’amministrazione altrui e quelle da cui l’amministrazione è esercitata, finché non sia stato reso e approvato definitivamente il conto; tra le persone giuridiche e i loro amministratori, finché sono in carica, per le azioni di responsabilità contro di essi ; tra il debitore che ha dolosamente occultato l’esistenza del debito e il creditore, finché il dolo non sia stato scoperto (att. 247 e seguente).
813	Art. 2941 Sospensione per rapporti tra le parti	4. Quali sono le condizioni per la sospensione della prescrizione tra il curatore e il minore emancipato o l’inabilitato?	La prescrizione rimane sospesa:  tra i coniugi; tra chi esercita la potestà di cui all’art. 316 o i poteri a essa inerenti e le persone che vi sono sottoposte; tra il tutore e il minore (346 e seguenti) o l’interdetto soggetti alla tutela, finché non sia stato reso e approvato il conto finale, salvo quanto e disposto dall’art. 387 per le azioni relative alla tutela; tra il curatore e il minore emancipato (390 e seguenti) o l’inabilitato; tra l’erede e l’eredità accettata con beneficio d’inventario (484 e seguenti); tra le persone i cui beni sono sottoposti per legge o per provvedimento del giudice all’amministrazione altrui e quelle da cui l’amministrazione è esercitata, finché non sia stato reso e approvato definitivamente il conto; tra le persone giuridiche e i loro amministratori, finché sono in carica, per le azioni di responsabilità contro di essi ; tra il debitore che ha dolosamente occultato l’esistenza del debito e il creditore, finché il dolo non sia stato scoperto (att. 247 e seguente).
814	Art. 2941 Sospensione per rapporti tra le parti	5. In che modo la prescrizione è sospesa tra l’erede e l’eredità accettata con beneficio d’inventario?	La prescrizione rimane sospesa:  tra i coniugi; tra chi esercita la potestà di cui all’art. 316 o i poteri a essa inerenti e le persone che vi sono sottoposte; tra il tutore e il minore (346 e seguenti) o l’interdetto soggetti alla tutela, finché non sia stato reso e approvato il conto finale, salvo quanto e disposto dall’art. 387 per le azioni relative alla tutela; tra il curatore e il minore emancipato (390 e seguenti) o l’inabilitato; tra l’erede e l’eredità accettata con beneficio d’inventario (484 e seguenti); tra le persone i cui beni sono sottoposti per legge o per provvedimento del giudice all’amministrazione altrui e quelle da cui l’amministrazione è esercitata, finché non sia stato reso e approvato definitivamente il conto; tra le persone giuridiche e i loro amministratori, finché sono in carica, per le azioni di responsabilità contro di essi ; tra il debitore che ha dolosamente occultato l’esistenza del debito e il creditore, finché il dolo non sia stato scoperto (att. 247 e seguente).
815	Art. 2941 Sospensione per rapporti tra le parti	6. Quando si verifica la sospensione della prescrizione tra le persone i cui beni sono sottoposti all’amministrazione altrui e quelle che esercitano tale amministrazione?	La prescrizione rimane sospesa:  tra i coniugi; tra chi esercita la potestà di cui all’art. 316 o i poteri a essa inerenti e le persone che vi sono sottoposte; tra il tutore e il minore (346 e seguenti) o l’interdetto soggetti alla tutela, finché non sia stato reso e approvato il conto finale, salvo quanto e disposto dall’art. 387 per le azioni relative alla tutela; tra il curatore e il minore emancipato (390 e seguenti) o l’inabilitato; tra l’erede e l’eredità accettata con beneficio d’inventario (484 e seguenti); tra le persone i cui beni sono sottoposti per legge o per provvedimento del giudice all’amministrazione altrui e quelle da cui l’amministrazione è esercitata, finché non sia stato reso e approvato definitivamente il conto; tra le persone giuridiche e i loro amministratori, finché sono in carica, per le azioni di responsabilità contro di essi ; tra il debitore che ha dolosamente occultato l’esistenza del debito e il creditore, finché il dolo non sia stato scoperto (att. 247 e seguente).
816	Art. 2941 Sospensione per rapporti tra le parti	7. Qual è l’effetto della sospensione della prescrizione tra le persone giuridiche e i loro amministratori per le azioni di responsabilità?	La prescrizione rimane sospesa:  tra i coniugi; tra chi esercita la potestà di cui all’art. 316 o i poteri a essa inerenti e le persone che vi sono sottoposte; tra il tutore e il minore (346 e seguenti) o l’interdetto soggetti alla tutela, finché non sia stato reso e approvato il conto finale, salvo quanto e disposto dall’art. 387 per le azioni relative alla tutela; tra il curatore e il minore emancipato (390 e seguenti) o l’inabilitato; tra l’erede e l’eredità accettata con beneficio d’inventario (484 e seguenti); tra le persone i cui beni sono sottoposti per legge o per provvedimento del giudice all’amministrazione altrui e quelle da cui l’amministrazione è esercitata, finché non sia stato reso e approvato definitivamente il conto; tra le persone giuridiche e i loro amministratori, finché sono in carica, per le azioni di responsabilità contro di essi ; tra il debitore che ha dolosamente occultato l’esistenza del debito e il creditore, finché il dolo non sia stato scoperto (att. 247 e seguente).
817	Art. 2941 Sospensione per rapporti tra le parti	8. In quali circostanze la prescrizione è sospesa tra il debitore che ha dolosamente occultato l’esistenza del debito e il creditore?	La prescrizione rimane sospesa:  tra i coniugi; tra chi esercita la potestà di cui all’art. 316 o i poteri a essa inerenti e le persone che vi sono sottoposte; tra il tutore e il minore (346 e seguenti) o l’interdetto soggetti alla tutela, finché non sia stato reso e approvato il conto finale, salvo quanto e disposto dall’art. 387 per le azioni relative alla tutela; tra il curatore e il minore emancipato (390 e seguenti) o l’inabilitato; tra l’erede e l’eredità accettata con beneficio d’inventario (484 e seguenti); tra le persone i cui beni sono sottoposti per legge o per provvedimento del giudice all’amministrazione altrui e quelle da cui l’amministrazione è esercitata, finché non sia stato reso e approvato definitivamente il conto; tra le persone giuridiche e i loro amministratori, finché sono in carica, per le azioni di responsabilità contro di essi ; tra il debitore che ha dolosamente occultato l’esistenza del debito e il creditore, finché il dolo non sia stato scoperto (att. 247 e seguente).
818	Art. 2942 Sospensione per la condizione del titolare	1. In quali circostanze la prescrizione rimane sospesa per i minori non emancipati?	La prescrizione rimane sospesa:  contro i minori non emancipati e gli interdetti per infermità di mente (414 e seguenti), per il tempo in cui non hanno rappresentante legale e per sei mesi successivi alla nomina del medesimo o alla cessazione dell’incapacità; in tempo di guerra, contro i militari in servizio e gli appartenenti alle forze armate dello Stato e contro coloro che si trovano per ragioni di servizio al seguito delle forze stesse, per il tempo indicato dalle disposizioni delle leggi di guerra.
819	Art. 2942 Sospensione per la condizione del titolare	2. Come viene influenzata la prescrizione in tempo di guerra per i militari in servizio?	La prescrizione rimane sospesa:  contro i minori non emancipati e gli interdetti per infermità di mente (414 e seguenti), per il tempo in cui non hanno rappresentante legale e per sei mesi successivi alla nomina del medesimo o alla cessazione dell’incapacità; in tempo di guerra, contro i militari in servizio e gli appartenenti alle forze armate dello Stato e contro coloro che si trovano per ragioni di servizio al seguito delle forze stesse, per il tempo indicato dalle disposizioni delle leggi di guerra.
820	Art. 2943 Interruzione da parte del titolare	1. Quali tipi di giudizio possono interrompere la prescrizione secondo il testo?	La prescrizione è interrotta dalla notificazione dell’atto con il quale si inizia un giudizio, sia questo di cognizione (Cod. Proc. Civ. 163, 638) ovvero conservativo (Cod. Proc. Civ. 670 e seguente, 688, 700, 703) o esecutivo (Cod. Proc. Civ. 474 e seguenti). È pure interrotta dalla domanda proposta nel corso di un giudizio. L’interruzione si verifica anche se il giudice adito è incompetente. La prescrizione è inoltre interrotta da ogni altro atto che valga a costituire in mora il debitore e dall’atto notificato con il quale una parte, in presenza di compromesso o clausola compromissoria, dichiara la propria intenzione di promuovere il procedimento arbitrale, propone la domanda e procede per quanto le spetta alla nomina degli arbitri.
821	Art. 2943 Interruzione da parte del titolare	2. L'interruzione della prescrizione si verifica anche se il giudice adito è incompetente?	La prescrizione è interrotta dalla notificazione dell’atto con il quale si inizia un giudizio, sia questo di cognizione (Cod. Proc. Civ. 163, 638) ovvero conservativo (Cod. Proc. Civ. 670 e seguente, 688, 700, 703) o esecutivo (Cod. Proc. Civ. 474 e seguenti). È pure interrotta dalla domanda proposta nel corso di un giudizio. L’interruzione si verifica anche se il giudice adito è incompetente. La prescrizione è inoltre interrotta da ogni altro atto che valga a costituire in mora il debitore e dall’atto notificato con il quale una parte, in presenza di compromesso o clausola compromissoria, dichiara la propria intenzione di promuovere il procedimento arbitrale, propone la domanda e procede per quanto le spetta alla nomina degli arbitri.
822	Art. 2943 Interruzione da parte del titolare	3. Quali atti, oltre alla notificazione dell'atto di inizio giudizio, possono interrompere la prescrizione?	La prescrizione è interrotta dalla notificazione dell’atto con il quale si inizia un giudizio, sia questo di cognizione (Cod. Proc. Civ. 163, 638) ovvero conservativo (Cod. Proc. Civ. 670 e seguente, 688, 700, 703) o esecutivo (Cod. Proc. Civ. 474 e seguenti). È pure interrotta dalla domanda proposta nel corso di un giudizio. L’interruzione si verifica anche se il giudice adito è incompetente. La prescrizione è inoltre interrotta da ogni altro atto che valga a costituire in mora il debitore e dall’atto notificato con il quale una parte, in presenza di compromesso o clausola compromissoria, dichiara la propria intenzione di promuovere il procedimento arbitrale, propone la domanda e procede per quanto le spetta alla nomina degli arbitri.
823	Art. 2943 Interruzione da parte del titolare	4. In che modo la clausola compromissoria può influire sull'interruzione della prescrizione?	La prescrizione è interrotta dalla notificazione dell’atto con il quale si inizia un giudizio, sia questo di cognizione (Cod. Proc. Civ. 163, 638) ovvero conservativo (Cod. Proc. Civ. 670 e seguente, 688, 700, 703) o esecutivo (Cod. Proc. Civ. 474 e seguenti). È pure interrotta dalla domanda proposta nel corso di un giudizio. L’interruzione si verifica anche se il giudice adito è incompetente. La prescrizione è inoltre interrotta da ogni altro atto che valga a costituire in mora il debitore e dall’atto notificato con il quale una parte, in presenza di compromesso o clausola compromissoria, dichiara la propria intenzione di promuovere il procedimento arbitrale, propone la domanda e procede per quanto le spetta alla nomina degli arbitri.
824	Art. 2944 Interruzione per effetto di riconoscimento	1. In che modo il riconoscimento del diritto da parte di colui contro il quale può essere fatto valere influisce sulla prescrizione?	La prescrizione è interrotta dal riconoscimento del diritto da parte di colui contro il quale il diritto stesso può essere fatto valere.
825	Art. 2945 Effetti e durata dell’interruzione	1. Quali sono gli effetti dell'interruzione della prescrizione secondo l'articolo 2943?	Per effetto dell’interruzione s’inizia un nuovo periodo di prescrizione. Se l’interruzione è avvenuta mediante uno degli atti indicati dai primi due commi dell’art. 2943, la prescrizione non corre fino al momento in cui passa in giudicato la sentenza che definisce il giudizio (Cod. Proc. Civ. 324). Se il processo si estingue (Cod. Proc. Civ. 306), rimane fermo l’effetto interruttivo e il nuovo periodo di prescrizione comincia dalla data dell’atto interruttivo. Nel caso di arbitrato la prescrizione non corre dal momento della notificazione dell’atto contenente la domanda di arbitrato sino al momento in cui il lodo che definisce il giudizio non è più impugnabile o passa in giudicato la sentenza resa sull’impugnazione.
826	Art. 2945 Effetti e durata dell’interruzione	2. Cosa accade alla prescrizione se il processo si estingue secondo il Codice di Procedura Civile?	Per effetto dell’interruzione s’inizia un nuovo periodo di prescrizione. Se l’interruzione è avvenuta mediante uno degli atti indicati dai primi due commi dell’art. 2943, la prescrizione non corre fino al momento in cui passa in giudicato la sentenza che definisce il giudizio (Cod. Proc. Civ. 324). Se il processo si estingue (Cod. Proc. Civ. 306), rimane fermo l’effetto interruttivo e il nuovo periodo di prescrizione comincia dalla data dell’atto interruttivo. Nel caso di arbitrato la prescrizione non corre dal momento della notificazione dell’atto contenente la domanda di arbitrato sino al momento in cui il lodo che definisce il giudizio non è più impugnabile o passa in giudicato la sentenza resa sull’impugnazione.
827	Art. 2945 Effetti e durata dell’interruzione	3. In che modo l'arbitrato influisce sul decorso della prescrizione?	Per effetto dell’interruzione s’inizia un nuovo periodo di prescrizione. Se l’interruzione è avvenuta mediante uno degli atti indicati dai primi due commi dell’art. 2943, la prescrizione non corre fino al momento in cui passa in giudicato la sentenza che definisce il giudizio (Cod. Proc. Civ. 324). Se il processo si estingue (Cod. Proc. Civ. 306), rimane fermo l’effetto interruttivo e il nuovo periodo di prescrizione comincia dalla data dell’atto interruttivo. Nel caso di arbitrato la prescrizione non corre dal momento della notificazione dell’atto contenente la domanda di arbitrato sino al momento in cui il lodo che definisce il giudizio non è più impugnabile o passa in giudicato la sentenza resa sull’impugnazione.
828	Art. 2945 Effetti e durata dell’interruzione	4. Quando inizia il nuovo periodo di prescrizione se l'interruzione è avvenuta mediante un atto indicato dai primi due commi dell'articolo 2943?	Per effetto dell’interruzione s’inizia un nuovo periodo di prescrizione. Se l’interruzione è avvenuta mediante uno degli atti indicati dai primi due commi dell’art. 2943, la prescrizione non corre fino al momento in cui passa in giudicato la sentenza che definisce il giudizio (Cod. Proc. Civ. 324). Se il processo si estingue (Cod. Proc. Civ. 306), rimane fermo l’effetto interruttivo e il nuovo periodo di prescrizione comincia dalla data dell’atto interruttivo. Nel caso di arbitrato la prescrizione non corre dal momento della notificazione dell’atto contenente la domanda di arbitrato sino al momento in cui il lodo che definisce il giudizio non è più impugnabile o passa in giudicato la sentenza resa sull’impugnazione.
829	Art. 2946 Prescrizione ordinaria	1. In quali casi i diritti non si estinguono per prescrizione con il decorso di dieci anni?	Salvi i casi in cui la legge dispone diversamente, i diritti si estinguono per prescrizioni con il decorso di dieci anni (att. 248 e seguenti).
830	Art. 2947 Prescrizione del diritto al risarcimento del danno	1. Qual è il termine di prescrizione per il diritto al risarcimento del danno derivante da fatto illecito secondo l'articolo 2043?	Il diritto al risarcimento del danno derivante da fatto illecito (2043 e seguenti) si prescrive in cinque anni dal giorno in cui il il fatto si è verificato. Per il risarcimento del danno prodotto a circolazione dei veicoli di ogni specie il diritto si prescrive in due anni. In ogni caso, se il fatto è considerato dalla legge come reato e per il reato è stabilita una prescrizione più lunga, questa si applica anche all’azione civile. Tuttavia, se il reato è estinto per causa diversa dalla prescrizione (Cod. Pen. 150 e seguenti) o e intervenuta sentenza irrevocabile nel giudizio penale (Cod. Proc. Pen. 576), il diritto al risarcimento del danno si prescrive nei termini indicati dai primi due commi con decorrenza dalla data di estinzione del reato o dalla data in cui la sentenza è divenuta irrevocabile.
831	Art. 2947 Prescrizione del diritto al risarcimento del danno	2. In quanto tempo si prescrive il diritto al risarcimento del danno prodotto dalla circolazione dei veicoli?	Il diritto al risarcimento del danno derivante da fatto illecito (2043 e seguenti) si prescrive in cinque anni dal giorno in cui il il fatto si è verificato. Per il risarcimento del danno prodotto a circolazione dei veicoli di ogni specie il diritto si prescrive in due anni. In ogni caso, se il fatto è considerato dalla legge come reato e per il reato è stabilita una prescrizione più lunga, questa si applica anche all’azione civile. Tuttavia, se il reato è estinto per causa diversa dalla prescrizione (Cod. Pen. 150 e seguenti) o e intervenuta sentenza irrevocabile nel giudizio penale (Cod. Proc. Pen. 576), il diritto al risarcimento del danno si prescrive nei termini indicati dai primi due commi con decorrenza dalla data di estinzione del reato o dalla data in cui la sentenza è divenuta irrevocabile.
832	Art. 2947 Prescrizione del diritto al risarcimento del danno	3. Cosa accade al termine di prescrizione del diritto al risarcimento se il fatto illecito è considerato un reato con una prescrizione più lunga?	Il diritto al risarcimento del danno derivante da fatto illecito (2043 e seguenti) si prescrive in cinque anni dal giorno in cui il il fatto si è verificato. Per il risarcimento del danno prodotto a circolazione dei veicoli di ogni specie il diritto si prescrive in due anni. In ogni caso, se il fatto è considerato dalla legge come reato e per il reato è stabilita una prescrizione più lunga, questa si applica anche all’azione civile. Tuttavia, se il reato è estinto per causa diversa dalla prescrizione (Cod. Pen. 150 e seguenti) o e intervenuta sentenza irrevocabile nel giudizio penale (Cod. Proc. Pen. 576), il diritto al risarcimento del danno si prescrive nei termini indicati dai primi due commi con decorrenza dalla data di estinzione del reato o dalla data in cui la sentenza è divenuta irrevocabile.
833	Art. 2947 Prescrizione del diritto al risarcimento del danno	4. Come si calcola il termine di prescrizione del diritto al risarcimento se il reato è estinto per una causa diversa dalla prescrizione o se è intervenuta una sentenza irrevocabile nel giudizio penale?	Il diritto al risarcimento del danno derivante da fatto illecito (2043 e seguenti) si prescrive in cinque anni dal giorno in cui il il fatto si è verificato. Per il risarcimento del danno prodotto a circolazione dei veicoli di ogni specie il diritto si prescrive in due anni. In ogni caso, se il fatto è considerato dalla legge come reato e per il reato è stabilita una prescrizione più lunga, questa si applica anche all’azione civile. Tuttavia, se il reato è estinto per causa diversa dalla prescrizione (Cod. Pen. 150 e seguenti) o e intervenuta sentenza irrevocabile nel giudizio penale (Cod. Proc. Pen. 576), il diritto al risarcimento del danno si prescrive nei termini indicati dai primi due commi con decorrenza dalla data di estinzione del reato o dalla data in cui la sentenza è divenuta irrevocabile.
834	Art. 2948 Prescrizione di cinque anni	1. Qual è il termine di prescrizione per le annualità delle rendite perpetue o vitalizie?	Si prescrivono in cinque anni:  le annualità delle rendite perpetue o vitalizie; 1 bis. il capitale nominale dei titoli del debito pubblico emessi al portatore; le annualità delle pensioni alimentari, le pigioni delle case, i fitti dei beni rustici e ogni altro corrispettivo di locazioni gli interessi e, in generale, tutto ciò che deve pagarsi periodicamente ad anno o in termini più brevi; le indennità spettanti per la cessazione del rapporto di lavoro (dichiarato illegittimo dalla Corte Costituzionale); (1751, 2118 e seguenti).
835	Art. 2948 Prescrizione di cinque anni	2. In quanto tempo si prescrive il capitale nominale dei titoli del debito pubblico emessi al portatore?	Si prescrivono in cinque anni:  le annualità delle rendite perpetue o vitalizie; 1 bis. il capitale nominale dei titoli del debito pubblico emessi al portatore; le annualità delle pensioni alimentari, le pigioni delle case, i fitti dei beni rustici e ogni altro corrispettivo di locazioni gli interessi e, in generale, tutto ciò che deve pagarsi periodicamente ad anno o in termini più brevi; le indennità spettanti per la cessazione del rapporto di lavoro (dichiarato illegittimo dalla Corte Costituzionale); (1751, 2118 e seguenti).
836	Art. 2948 Prescrizione di cinque anni	3. Qual è il periodo di prescrizione per le annualità delle pensioni alimentari?	Si prescrivono in cinque anni:  le annualità delle rendite perpetue o vitalizie; 1 bis. il capitale nominale dei titoli del debito pubblico emessi al portatore; le annualità delle pensioni alimentari, le pigioni delle case, i fitti dei beni rustici e ogni altro corrispettivo di locazioni gli interessi e, in generale, tutto ciò che deve pagarsi periodicamente ad anno o in termini più brevi; le indennità spettanti per la cessazione del rapporto di lavoro (dichiarato illegittimo dalla Corte Costituzionale); (1751, 2118 e seguenti).
837	Art. 2948 Prescrizione di cinque anni	4. Entro quale termine si prescrivono le pigioni delle case e i fitti dei beni rustici?	Si prescrivono in cinque anni:  le annualità delle rendite perpetue o vitalizie; 1 bis. il capitale nominale dei titoli del debito pubblico emessi al portatore; le annualità delle pensioni alimentari, le pigioni delle case, i fitti dei beni rustici e ogni altro corrispettivo di locazioni gli interessi e, in generale, tutto ciò che deve pagarsi periodicamente ad anno o in termini più brevi; le indennità spettanti per la cessazione del rapporto di lavoro (dichiarato illegittimo dalla Corte Costituzionale); (1751, 2118 e seguenti).
838	Art. 2948 Prescrizione di cinque anni	5. Qual è il termine di prescrizione per gli interessi e tutto ciò che deve pagarsi periodicamente ad anno o in termini più brevi?	Si prescrivono in cinque anni:  le annualità delle rendite perpetue o vitalizie; 1 bis. il capitale nominale dei titoli del debito pubblico emessi al portatore; le annualità delle pensioni alimentari, le pigioni delle case, i fitti dei beni rustici e ogni altro corrispettivo di locazioni gli interessi e, in generale, tutto ciò che deve pagarsi periodicamente ad anno o in termini più brevi; le indennità spettanti per la cessazione del rapporto di lavoro (dichiarato illegittimo dalla Corte Costituzionale); (1751, 2118 e seguenti).
839	Art. 2948 Prescrizione di cinque anni	6. In quanto tempo si prescrivono le indennità spettanti per la cessazione del rapporto di lavoro dichiarato illegittimo dalla Corte Costituzionale?	Si prescrivono in cinque anni:  le annualità delle rendite perpetue o vitalizie; 1 bis. il capitale nominale dei titoli del debito pubblico emessi al portatore; le annualità delle pensioni alimentari, le pigioni delle case, i fitti dei beni rustici e ogni altro corrispettivo di locazioni gli interessi e, in generale, tutto ciò che deve pagarsi periodicamente ad anno o in termini più brevi; le indennità spettanti per la cessazione del rapporto di lavoro (dichiarato illegittimo dalla Corte Costituzionale); (1751, 2118 e seguenti).
840	Art. 2949 Prescrizione in materia di società	1. Qual è il termine di prescrizione per i diritti derivanti dai rapporti sociali di una società iscritta nel registro delle imprese?	Si prescrivono in cinque anni i diritti che derivano dai rapporti sociali, se la società è iscritta nel registro delle imprese (2188 e seguenti). Nello stesso termine si prescrive l’azione di responsabilità che spetta ai creditori sociali verso gli amministratori nei casi stabiliti dalla legge.
841	Art. 2949 Prescrizione in materia di società	2. In quanto tempo si prescrive l'azione di responsabilità dei creditori sociali verso gli amministratori?	Si prescrivono in cinque anni i diritti che derivano dai rapporti sociali, se la società è iscritta nel registro delle imprese (2188 e seguenti). Nello stesso termine si prescrive l’azione di responsabilità che spetta ai creditori sociali verso gli amministratori nei casi stabiliti dalla legge.
842	Art. 2950 Prescrizione del diritto del mediatori	1. Qual è il termine di prescrizione per il diritto del mediatore al pagamento della provvigione?	Si prescrive in un anno il diritto del mediatore al pagamento della provvigione.
843	Art. 2951 Prescrizione in materia di spedizione e di trasporto	1. Qual è il termine di prescrizione per i diritti derivanti dal contratto di spedizione e dal contratto di trasporto?	Si prescrivono in un anno i diritti derivanti dal contratto di spedizione e dal contratto di trasporto. La prescrizione si compie con il decorso di diciotto mesi se il trasporto ha inizio o termine fuori d’Europa. Il termine decorre dall’arrivo a destinazione della persona o, in caso di sinistro, dal giorno di questo, ovvero dal giorno in cui è avvenuta o sarebbe dovuta avvenire la riconsegna della cosa al luogo di destinazione. Si prescrivono parimenti in un anno dalla richiesta del trasporto i diritti verso gli esercenti pubblici servizi di linea indicati dall’art. 1679.
844	Art. 2951 Prescrizione in materia di spedizione e di trasporto	2. In quali circostanze il termine di prescrizione si estende a diciotto mesi?	Si prescrivono in un anno i diritti derivanti dal contratto di spedizione e dal contratto di trasporto. La prescrizione si compie con il decorso di diciotto mesi se il trasporto ha inizio o termine fuori d’Europa. Il termine decorre dall’arrivo a destinazione della persona o, in caso di sinistro, dal giorno di questo, ovvero dal giorno in cui è avvenuta o sarebbe dovuta avvenire la riconsegna della cosa al luogo di destinazione. Si prescrivono parimenti in un anno dalla richiesta del trasporto i diritti verso gli esercenti pubblici servizi di linea indicati dall’art. 1679.
845	Art. 2951 Prescrizione in materia di spedizione e di trasporto	3. Da quale momento decorre il termine di prescrizione per i diritti derivanti dal contratto di trasporto?	Si prescrivono in un anno i diritti derivanti dal contratto di spedizione e dal contratto di trasporto. La prescrizione si compie con il decorso di diciotto mesi se il trasporto ha inizio o termine fuori d’Europa. Il termine decorre dall’arrivo a destinazione della persona o, in caso di sinistro, dal giorno di questo, ovvero dal giorno in cui è avvenuta o sarebbe dovuta avvenire la riconsegna della cosa al luogo di destinazione. Si prescrivono parimenti in un anno dalla richiesta del trasporto i diritti verso gli esercenti pubblici servizi di linea indicati dall’art. 1679.
846	Art. 2951 Prescrizione in materia di spedizione e di trasporto	4. Qual è il termine di prescrizione per i diritti verso gli esercenti pubblici servizi di linea indicati dall’art. 1679?	Si prescrivono in un anno i diritti derivanti dal contratto di spedizione e dal contratto di trasporto. La prescrizione si compie con il decorso di diciotto mesi se il trasporto ha inizio o termine fuori d’Europa. Il termine decorre dall’arrivo a destinazione della persona o, in caso di sinistro, dal giorno di questo, ovvero dal giorno in cui è avvenuta o sarebbe dovuta avvenire la riconsegna della cosa al luogo di destinazione. Si prescrivono parimenti in un anno dalla richiesta del trasporto i diritti verso gli esercenti pubblici servizi di linea indicati dall’art. 1679.
847	Art. 2952 Prescrizione in materia di assicurazione	1. Qual è il termine di prescrizione per il diritto al pagamento delle rate di premio?	"Il diritto al pagamento delle rate di premio si prescrive in un anno dalle singole scadenze (1882 e seguenti). Gli altri diritti e i diritti derivanti dal contratto di riassicurazione si prescrivono in due anni dal giorno in cui si è verificato il fatto su cui il diritto si fonda. Nell’assicurazione della responsabilità civile il termine decorre dal giorno in cui il terzo ha richiesto il risarcimento all’assicurato o ha promosso contro di questo l’azione. La comunicazione all’assicuratore della richiesta del terzo danneggiato o dell’azione da questo proposta sospende il corso della prescrizione finchè il credito del danneggiato non sia divenuto liquido ed esigibile, oppure il diritto del terzo danneggiato non sia prescritto. La disposizione del comma precedente si applica all’azione del riassicurato verso il riassicuratore per il pagamento dell’indennità""."
848	Art. 2952 Prescrizione in materia di assicurazione	2. Da quando decorre il termine di prescrizione per i diritti derivanti dal contratto di riassicurazione?	"Il diritto al pagamento delle rate di premio si prescrive in un anno dalle singole scadenze (1882 e seguenti). Gli altri diritti e i diritti derivanti dal contratto di riassicurazione si prescrivono in due anni dal giorno in cui si è verificato il fatto su cui il diritto si fonda. Nell’assicurazione della responsabilità civile il termine decorre dal giorno in cui il terzo ha richiesto il risarcimento all’assicurato o ha promosso contro di questo l’azione. La comunicazione all’assicuratore della richiesta del terzo danneggiato o dell’azione da questo proposta sospende il corso della prescrizione finchè il credito del danneggiato non sia divenuto liquido ed esigibile, oppure il diritto del terzo danneggiato non sia prescritto. La disposizione del comma precedente si applica all’azione del riassicurato verso il riassicuratore per il pagamento dell’indennità""."
849	Art. 2952 Prescrizione in materia di assicurazione	3. In che modo la comunicazione all’assicuratore della richiesta del terzo danneggiato influisce sul corso della prescrizione?	"Il diritto al pagamento delle rate di premio si prescrive in un anno dalle singole scadenze (1882 e seguenti). Gli altri diritti e i diritti derivanti dal contratto di riassicurazione si prescrivono in due anni dal giorno in cui si è verificato il fatto su cui il diritto si fonda. Nell’assicurazione della responsabilità civile il termine decorre dal giorno in cui il terzo ha richiesto il risarcimento all’assicurato o ha promosso contro di questo l’azione. La comunicazione all’assicuratore della richiesta del terzo danneggiato o dell’azione da questo proposta sospende il corso della prescrizione finchè il credito del danneggiato non sia divenuto liquido ed esigibile, oppure il diritto del terzo danneggiato non sia prescritto. La disposizione del comma precedente si applica all’azione del riassicurato verso il riassicuratore per il pagamento dell’indennità""."
850	Art. 2952 Prescrizione in materia di assicurazione	4. Quando inizia a decorrere il termine di prescrizione nell’assicurazione della responsabilità civile?	"Il diritto al pagamento delle rate di premio si prescrive in un anno dalle singole scadenze (1882 e seguenti). Gli altri diritti e i diritti derivanti dal contratto di riassicurazione si prescrivono in due anni dal giorno in cui si è verificato il fatto su cui il diritto si fonda. Nell’assicurazione della responsabilità civile il termine decorre dal giorno in cui il terzo ha richiesto il risarcimento all’assicurato o ha promosso contro di questo l’azione. La comunicazione all’assicuratore della richiesta del terzo danneggiato o dell’azione da questo proposta sospende il corso della prescrizione finchè il credito del danneggiato non sia divenuto liquido ed esigibile, oppure il diritto del terzo danneggiato non sia prescritto. La disposizione del comma precedente si applica all’azione del riassicurato verso il riassicuratore per il pagamento dell’indennità""."
851	Art. 2952 Prescrizione in materia di assicurazione	5. A quale azione si applica la disposizione relativa alla sospensione del corso della prescrizione?	"Il diritto al pagamento delle rate di premio si prescrive in un anno dalle singole scadenze (1882 e seguenti). Gli altri diritti e i diritti derivanti dal contratto di riassicurazione si prescrivono in due anni dal giorno in cui si è verificato il fatto su cui il diritto si fonda. Nell’assicurazione della responsabilità civile il termine decorre dal giorno in cui il terzo ha richiesto il risarcimento all’assicurato o ha promosso contro di questo l’azione. La comunicazione all’assicuratore della richiesta del terzo danneggiato o dell’azione da questo proposta sospende il corso della prescrizione finchè il credito del danneggiato non sia divenuto liquido ed esigibile, oppure il diritto del terzo danneggiato non sia prescritto. La disposizione del comma precedente si applica all’azione del riassicurato verso il riassicuratore per il pagamento dell’indennità""."
852	Art. 2953 Effetti del giudicato sulle prescrizioni brevi	1. Qual è il termine di prescrizione per i diritti per i quali la legge stabilisce una prescrizione più breve di dieci anni, se è intervenuta una sentenza di condanna passata in giudicato?	I diritti per i quali la legge stabilisce una prescrizione più breve di dieci anni, quando riguardo ad essi è intervenuta sentenza di condanna passata in giudicato (Cod. Proc. Civ. 324), si prescrivono con il decorso di dieci anni.
853	Art. 2954 Prescrizione di sei mesi	1. Qual è il termine di prescrizione per il diritto degli albergatori e degli osti per l'alloggio e il vitto che somministrano?	Si prescrive in sei mesi il diritto degli albergatori e degli osti per l’alloggio e il vitto che somministrano, e si prescrive nello stesso termine il diritto di tutti coloro che danno alloggio con o senza pensione.
854	Art. 2955 Prescrizione di un anno	1. Qual è il termine di prescrizione per il diritto degli insegnanti alla retribuzione delle lezioni impartite a mesi, giorni o ore?	Si prescrive in un anno il diritto: degli insegnanti, per la retribuzione delle lezioni che impartiscono a mesi o a giorni o a ore; dei prestatori di lavoro, per le retribuzioni corrisposte a periodi non superiori al mese (dichiarato illegittimo dalla Corte Cost.); di coloro che tengono convitto o casa di educazione e di istruzione per il prezzo della pensione e dell’istruzione; degli ufficiali giudiziari, per il compenso degli atti compiuti nella loro qualità; dei commercianti, per il prezzo delle merci vendute a chi non ne fa commercio; dei farmacisti, per il prezzo dei medicinali.
855	Art. 2955 Prescrizione di un anno	2. Quale diritto dei prestatori di lavoro è stato dichiarato illegittimo dalla Corte Costituzionale in relazione alla prescrizione?	Si prescrive in un anno il diritto: degli insegnanti, per la retribuzione delle lezioni che impartiscono a mesi o a giorni o a ore; dei prestatori di lavoro, per le retribuzioni corrisposte a periodi non superiori al mese (dichiarato illegittimo dalla Corte Cost.); di coloro che tengono convitto o casa di educazione e di istruzione per il prezzo della pensione e dell’istruzione; degli ufficiali giudiziari, per il compenso degli atti compiuti nella loro qualità; dei commercianti, per il prezzo delle merci vendute a chi non ne fa commercio; dei farmacisti, per il prezzo dei medicinali.
856	Art. 2955 Prescrizione di un anno	3. In quanto tempo si prescrive il diritto di coloro che gestiscono convitti o case di educazione per il prezzo della pensione e dell'istruzione?	Si prescrive in un anno il diritto: degli insegnanti, per la retribuzione delle lezioni che impartiscono a mesi o a giorni o a ore; dei prestatori di lavoro, per le retribuzioni corrisposte a periodi non superiori al mese (dichiarato illegittimo dalla Corte Cost.); di coloro che tengono convitto o casa di educazione e di istruzione per il prezzo della pensione e dell’istruzione; degli ufficiali giudiziari, per il compenso degli atti compiuti nella loro qualità; dei commercianti, per il prezzo delle merci vendute a chi non ne fa commercio; dei farmacisti, per il prezzo dei medicinali.
857	Art. 2955 Prescrizione di un anno	4. Qual è il termine di prescrizione per il compenso degli ufficiali giudiziari per gli atti compiuti nella loro qualità?	Si prescrive in un anno il diritto: degli insegnanti, per la retribuzione delle lezioni che impartiscono a mesi o a giorni o a ore; dei prestatori di lavoro, per le retribuzioni corrisposte a periodi non superiori al mese (dichiarato illegittimo dalla Corte Cost.); di coloro che tengono convitto o casa di educazione e di istruzione per il prezzo della pensione e dell’istruzione; degli ufficiali giudiziari, per il compenso degli atti compiuti nella loro qualità; dei commercianti, per il prezzo delle merci vendute a chi non ne fa commercio; dei farmacisti, per il prezzo dei medicinali.
858	Art. 2955 Prescrizione di un anno	5. In quale periodo si prescrive il diritto dei commercianti per il prezzo delle merci vendute a chi non ne fa commercio?	Si prescrive in un anno il diritto: degli insegnanti, per la retribuzione delle lezioni che impartiscono a mesi o a giorni o a ore; dei prestatori di lavoro, per le retribuzioni corrisposte a periodi non superiori al mese (dichiarato illegittimo dalla Corte Cost.); di coloro che tengono convitto o casa di educazione e di istruzione per il prezzo della pensione e dell’istruzione; degli ufficiali giudiziari, per il compenso degli atti compiuti nella loro qualità; dei commercianti, per il prezzo delle merci vendute a chi non ne fa commercio; dei farmacisti, per il prezzo dei medicinali.
859	Art. 2955 Prescrizione di un anno	6. Qual è il termine di prescrizione per il diritto dei farmacisti al prezzo dei medicinali?	Si prescrive in un anno il diritto: degli insegnanti, per la retribuzione delle lezioni che impartiscono a mesi o a giorni o a ore; dei prestatori di lavoro, per le retribuzioni corrisposte a periodi non superiori al mese (dichiarato illegittimo dalla Corte Cost.); di coloro che tengono convitto o casa di educazione e di istruzione per il prezzo della pensione e dell’istruzione; degli ufficiali giudiziari, per il compenso degli atti compiuti nella loro qualità; dei commercianti, per il prezzo delle merci vendute a chi non ne fa commercio; dei farmacisti, per il prezzo dei medicinali.
860	Art. 2956 Prescrizione di tre anni	1. Qual è il termine di prescrizione per il diritto dei prestatori di lavoro riguardo alle retribuzioni corrisposte a periodi superiori al mese?	Si prescrive in tre anni il diritto: dei prestatori di lavoro, per le retribuzioni corrisposte a periodi superiori al mese; dei professionisti, per il compenso dell’opera prestata e per il rimborso delle spese correlative (2233 e seguenti); dei notai, per gli atti del loro ministero; degli insegnanti, per la retribuzione delle lezioni impartite a tempo più lungo di un mese.
861	Art. 2956 Prescrizione di tre anni	2. In quanto tempo si prescrive il diritto dei professionisti per il compenso dell’opera prestata e per il rimborso delle spese correlative?	Si prescrive in tre anni il diritto: dei prestatori di lavoro, per le retribuzioni corrisposte a periodi superiori al mese; dei professionisti, per il compenso dell’opera prestata e per il rimborso delle spese correlative (2233 e seguenti); dei notai, per gli atti del loro ministero; degli insegnanti, per la retribuzione delle lezioni impartite a tempo più lungo di un mese.
862	Art. 2956 Prescrizione di tre anni	3. Qual è il termine di prescrizione per il diritto dei notai relativamente agli atti del loro ministero?	Si prescrive in tre anni il diritto: dei prestatori di lavoro, per le retribuzioni corrisposte a periodi superiori al mese; dei professionisti, per il compenso dell’opera prestata e per il rimborso delle spese correlative (2233 e seguenti); dei notai, per gli atti del loro ministero; degli insegnanti, per la retribuzione delle lezioni impartite a tempo più lungo di un mese.
863	Art. 2956 Prescrizione di tre anni	4. Entro quale periodo si prescrive il diritto degli insegnanti per la retribuzione delle lezioni impartite a tempo più lungo di un mese?	Si prescrive in tre anni il diritto: dei prestatori di lavoro, per le retribuzioni corrisposte a periodi superiori al mese; dei professionisti, per il compenso dell’opera prestata e per il rimborso delle spese correlative (2233 e seguenti); dei notai, per gli atti del loro ministero; degli insegnanti, per la retribuzione delle lezioni impartite a tempo più lungo di un mese.
864	Art. 2956 Prescrizione di tre anni	5. Quali categorie professionali sono menzionate nel testo in relazione alla prescrizione del diritto in tre anni?	Si prescrive in tre anni il diritto: dei prestatori di lavoro, per le retribuzioni corrisposte a periodi superiori al mese; dei professionisti, per il compenso dell’opera prestata e per il rimborso delle spese correlative (2233 e seguenti); dei notai, per gli atti del loro ministero; degli insegnanti, per la retribuzione delle lezioni impartite a tempo più lungo di un mese.
865	Art. 2957 Decorrenza delle prescrizioni presuntive	1. Da quando decorre il termine della prescrizione per le competenze dovute agli avvocati in caso di decisione della lite?	Il termine della prescrizione decorre dalla scadenza della retribuzione periodica o compimento della prestazione. Per le competenze dovute agli avvocati, ai procuratori e ai patrocinatori legali il termine e decorre dalla decisione della lite (Cod. Proc. Civ. 324), dalla conciliazione delle parti o dalla revoca del mandato (Cod. Proc. Civ. 85); per gli affari non terminati, la prescrizione decorre dalla l’ultima prestazione.
866	Art. 2957 Decorrenza delle prescrizioni presuntive	2. Qual è il momento di decorrenza della prescrizione per le competenze legali in caso di revoca del mandato?	Il termine della prescrizione decorre dalla scadenza della retribuzione periodica o compimento della prestazione. Per le competenze dovute agli avvocati, ai procuratori e ai patrocinatori legali il termine e decorre dalla decisione della lite (Cod. Proc. Civ. 324), dalla conciliazione delle parti o dalla revoca del mandato (Cod. Proc. Civ. 85); per gli affari non terminati, la prescrizione decorre dalla l’ultima prestazione.
867	Art. 2957 Decorrenza delle prescrizioni presuntive	3. Quando inizia a decorrere la prescrizione per gli affari legali non terminati?	Il termine della prescrizione decorre dalla scadenza della retribuzione periodica o compimento della prestazione. Per le competenze dovute agli avvocati, ai procuratori e ai patrocinatori legali il termine e decorre dalla decisione della lite (Cod. Proc. Civ. 324), dalla conciliazione delle parti o dalla revoca del mandato (Cod. Proc. Civ. 85); per gli affari non terminati, la prescrizione decorre dalla l’ultima prestazione.
868	Art. 2958 Corso della prescrizione	1. In che modo la continuazione di somministrazioni o di prestazioni influisce sulla decorrenza della prescrizione?	La prescrizione decorre anche se vi è stata continuazione di somministrazioni o di prestazioni.
869	Art. 2959 Ammissioni di colui che oppone la prescrizione	1. In quali circostanze l'eccezione di prescrizione viene rigettata secondo il testo?	L’eccezione è rigettata, se chi oppone la prescrizione nei casi indicati dagli artt. 2954, 2955 e 2956 ha comunque ammesso in giudizio che l’obbligazione non è stata estinta.
870	Art. 2960 Delazione di giuramento	1. In quali casi specifici il giuramento può essere deferito per accertare l'estinzione del debito secondo il testo?	Nei casi indicati dagli artt. 2954, 2955 e 2956, colui al quale la prescrizione è stata opposta può deferire all’altra parte il giuramento per accertare se si è verificata l’estinzione del debito (2736 e seguenti; Cod. Proc. Civ. 233). Il giuramento può essere deferito al coniuge superstite e agli eredi o ai loro rappresentanti legali per dichiarare se hanno notizia dell’estinzione del debito.
871	Art. 2960 Delazione di giuramento	2. Chi può essere chiamato a prestare giuramento per dichiarare se hanno notizia dell'estinzione del debito?	Nei casi indicati dagli artt. 2954, 2955 e 2956, colui al quale la prescrizione è stata opposta può deferire all’altra parte il giuramento per accertare se si è verificata l’estinzione del debito (2736 e seguenti; Cod. Proc. Civ. 233). Il giuramento può essere deferito al coniuge superstite e agli eredi o ai loro rappresentanti legali per dichiarare se hanno notizia dell’estinzione del debito.
872	Art. 2961 Restituzione di documenti	1. Dopo quanti anni i cancellieri, gli arbitri, gli avvocati, i procuratori e i patrocinatori legali sono esonerati dal rendere conto degli incartamenti relativi alle liti?	I cancellieri, gli arbitri, gli avvocati, i procuratori e i patrocinatori legali sono esonerati dal rendere conto degli incartamenti relativi alle liti dopo tre anni da che queste sono state decise o sono altrimenti terminate. Tale esonero si verifica, per gli ufficiali giudiziari, dopo due anni dal compimento degli atti ad essi affidati. Anche alle persone designate in questo articolo può essere deferito il giuramento perché dichiarino se ritengono o sanno dove si trovano gli atti o le carte. Si applica in questo caso il disposto dell’art. 2959.
873	Art. 2961 Restituzione di documenti	2. Qual è il periodo di esonero per gli ufficiali giudiziari riguardo agli atti a loro affidati?	I cancellieri, gli arbitri, gli avvocati, i procuratori e i patrocinatori legali sono esonerati dal rendere conto degli incartamenti relativi alle liti dopo tre anni da che queste sono state decise o sono altrimenti terminate. Tale esonero si verifica, per gli ufficiali giudiziari, dopo due anni dal compimento degli atti ad essi affidati. Anche alle persone designate in questo articolo può essere deferito il giuramento perché dichiarino se ritengono o sanno dove si trovano gli atti o le carte. Si applica in questo caso il disposto dell’art. 2959.
874	Art. 2961 Restituzione di documenti	3. A chi può essere deferito il giuramento per dichiarare se sanno dove si trovano gli atti o le carte?	I cancellieri, gli arbitri, gli avvocati, i procuratori e i patrocinatori legali sono esonerati dal rendere conto degli incartamenti relativi alle liti dopo tre anni da che queste sono state decise o sono altrimenti terminate. Tale esonero si verifica, per gli ufficiali giudiziari, dopo due anni dal compimento degli atti ad essi affidati. Anche alle persone designate in questo articolo può essere deferito il giuramento perché dichiarino se ritengono o sanno dove si trovano gli atti o le carte. Si applica in questo caso il disposto dell’art. 2959.
875	Art. 2961 Restituzione di documenti	4. Quale articolo si applica nel caso in cui alle persone designate venga deferito il giuramento?	I cancellieri, gli arbitri, gli avvocati, i procuratori e i patrocinatori legali sono esonerati dal rendere conto degli incartamenti relativi alle liti dopo tre anni da che queste sono state decise o sono altrimenti terminate. Tale esonero si verifica, per gli ufficiali giudiziari, dopo due anni dal compimento degli atti ad essi affidati. Anche alle persone designate in questo articolo può essere deferito il giuramento perché dichiarino se ritengono o sanno dove si trovano gli atti o le carte. Si applica in questo caso il disposto dell’art. 2959.
876	Art. 2962 Compimento della prescrizione	1. Quando si verifica la prescrizione secondo il presente codice e le altre leggi?	In tutti i casi contemplati dal presente codice e dalle altre leggi, la prescrizione si verifica quando è compiuto l’ultimo giorno del termine.
877	Art. 2963 Computo dei termini di prescrizione	1. Come si calcolano i termini di prescrizione secondo il codice e le altre leggi?	I termini di prescrizioni contemplati dal presente codice e dalle altre leggi si computano secondo il calendario comune (Cod. Proc. Civ. 155). Non si computa il giorno nel corso del quale cade il momento iniziale del termine e la prescrizione si verifica con lo spirare dell’ultimo istante del giorno finale. Se il termine scade in giorno festivo, è prorogato di diritto al giorno seguente non festivo. La prescrizione a mesi si verifica nel mese di scadenza e nel giorno di questo corrispondente al giorno del mese iniziale. Se nel mese di scadenza manca tale giorno, il termine si compie con l’ultimo giorno dello stesso mese.
878	Art. 2963 Computo dei termini di prescrizione	2. Cosa accade se il termine di prescrizione scade in un giorno festivo?	I termini di prescrizioni contemplati dal presente codice e dalle altre leggi si computano secondo il calendario comune (Cod. Proc. Civ. 155). Non si computa il giorno nel corso del quale cade il momento iniziale del termine e la prescrizione si verifica con lo spirare dell’ultimo istante del giorno finale. Se il termine scade in giorno festivo, è prorogato di diritto al giorno seguente non festivo. La prescrizione a mesi si verifica nel mese di scadenza e nel giorno di questo corrispondente al giorno del mese iniziale. Se nel mese di scadenza manca tale giorno, il termine si compie con l’ultimo giorno dello stesso mese.
879	Art. 2963 Computo dei termini di prescrizione	3. In che modo si verifica la prescrizione a mesi?	I termini di prescrizioni contemplati dal presente codice e dalle altre leggi si computano secondo il calendario comune (Cod. Proc. Civ. 155). Non si computa il giorno nel corso del quale cade il momento iniziale del termine e la prescrizione si verifica con lo spirare dell’ultimo istante del giorno finale. Se il termine scade in giorno festivo, è prorogato di diritto al giorno seguente non festivo. La prescrizione a mesi si verifica nel mese di scadenza e nel giorno di questo corrispondente al giorno del mese iniziale. Se nel mese di scadenza manca tale giorno, il termine si compie con l’ultimo giorno dello stesso mese.
880	Art. 2963 Computo dei termini di prescrizione	4. Cosa succede se nel mese di scadenza manca il giorno corrispondente al giorno del mese iniziale?	I termini di prescrizioni contemplati dal presente codice e dalle altre leggi si computano secondo il calendario comune (Cod. Proc. Civ. 155). Non si computa il giorno nel corso del quale cade il momento iniziale del termine e la prescrizione si verifica con lo spirare dell’ultimo istante del giorno finale. Se il termine scade in giorno festivo, è prorogato di diritto al giorno seguente non festivo. La prescrizione a mesi si verifica nel mese di scadenza e nel giorno di questo corrispondente al giorno del mese iniziale. Se nel mese di scadenza manca tale giorno, il termine si compie con l’ultimo giorno dello stesso mese.
881	Art. 2963 Computo dei termini di prescrizione	5. Quando si verifica la prescrizione con riferimento all'ultimo istante del giorno finale?	I termini di prescrizioni contemplati dal presente codice e dalle altre leggi si computano secondo il calendario comune (Cod. Proc. Civ. 155). Non si computa il giorno nel corso del quale cade il momento iniziale del termine e la prescrizione si verifica con lo spirare dell’ultimo istante del giorno finale. Se il termine scade in giorno festivo, è prorogato di diritto al giorno seguente non festivo. La prescrizione a mesi si verifica nel mese di scadenza e nel giorno di questo corrispondente al giorno del mese iniziale. Se nel mese di scadenza manca tale giorno, il termine si compie con l’ultimo giorno dello stesso mese.
882	Art. 2964 Inapplicabilità di regole della prescrizione	1. Quali norme non si applicano quando un diritto deve esercitarsi entro un dato termine sotto pena di decadenza?	Quando un diritto deve esercitarsi entro un dato termine sotto pena di decadenza, non si applicano le norme relative all’interruzione della prescrizione (2943 e seguenti). Del pari non si applicano le norme che si riferiscono alla sospensione (2941 e seguenti), salvo che sia disposto altrimenti.
883	Art. 2964 Inapplicabilità di regole della prescrizione	2. In quali casi le norme relative alla sospensione possono essere applicate quando un diritto deve esercitarsi entro un dato termine sotto pena di decadenza?	Quando un diritto deve esercitarsi entro un dato termine sotto pena di decadenza, non si applicano le norme relative all’interruzione della prescrizione (2943 e seguenti). Del pari non si applicano le norme che si riferiscono alla sospensione (2941 e seguenti), salvo che sia disposto altrimenti.
884	Art. 2965 Decadenze stabilite contrattualmente	1. Quali sono le conseguenze giuridiche di un patto che stabilisce termini di decadenza eccessivamente difficili per l'esercizio del diritto di una delle parti?	È nullo il patto (1418 e seguenti) con cui si stabiliscono termini di decadenza che rendono eccessivamente difficile a una delle parti l’esercizio del diritto.
885	Art. 2966 Cause che impediscono la decadenza	1. In quali casi la decadenza può essere impedita dal riconoscimento del diritto?	La decadenza non è impedita se non dal compimento dell’atto previsto dalla legge o dal contratto. Tuttavia, se si tratta di un termine stabilito dal contratto o da una norma di legge relativa a diritti disponibili, la decadenza può essere anche impedita dal riconoscimento del diritto proveniente dalla persona contro la quale si deve far valere il diritto soggetto a decadenza.
886	Art. 2966 Cause che impediscono la decadenza	2. Quali sono le condizioni necessarie affinché la decadenza non sia impedita?	La decadenza non è impedita se non dal compimento dell’atto previsto dalla legge o dal contratto. Tuttavia, se si tratta di un termine stabilito dal contratto o da una norma di legge relativa a diritti disponibili, la decadenza può essere anche impedita dal riconoscimento del diritto proveniente dalla persona contro la quale si deve far valere il diritto soggetto a decadenza.
887	Art. 2967 Effetto dell’impedimento della decadenza	1. Quali sono le disposizioni che regolano la prescrizione a cui rimane soggetto il diritto nei casi in cui la decadenza è impedita?	Nei casi in cui la decadenza è impedita, il diritto rimane soggetto alle disposizioni che regolano la prescrizione (2934 e seguenti).
888	Art. 2968 Diritti indisponibili	1. In quali circostanze le parti non possono modificare la disciplina legale della decadenza?	Le parti non possono modificare la disciplina legale della decadenza né possono rinunziare alla decadenza medesima, se questa è stabilita dalla legge in materia sottratta alla disponibilità delle parti.
889	Art. 2969 Rilievo d’ufficio	1. In quali circostanze il giudice può rilevare d'ufficio la decadenza in un procedimento giuridico?	La decadenza non può essere rilevata d’ufficio dal giudice, salvo che, trattandosi di materia sottratta alla disponibilità delle parti, il giudice debba rilevare le cause d’improponibilità dell’azione.
