	Articolo di riferimento	Query	Passage
0	Art. 810 Nozione	1. Quali caratteristiche devono avere le cose per essere considerate beni secondo il testo?	Sono beni le cose che possono formare oggetto di diritti.
1	Art. 812 Distinzione dei beni	1. Quali elementi sono considerati beni immobili secondo il testo?	Sono beni immobili il suolo, le sorgenti e i corsi d’acqua, gli alberi, gli edifici e le altre costruzioni, anche se unite al suolo a scopo transitorio, e in genere tutto ciò che naturalmente o artificialmente è incorporato al suolo. Sono reputati immobili i mulini, i bagni e gli altri edifici galleggianti quando sono saldamente assicurati alla riva o all’alveo e sono destinati ad esserlo in modo permanente per la loro utilizzazione. Sono mobili tutti gli altri beni.
2	Art. 812 Distinzione dei beni	2. In quali condizioni i mulini e gli edifici galleggianti sono considerati beni immobili?	Sono beni immobili il suolo, le sorgenti e i corsi d’acqua, gli alberi, gli edifici e le altre costruzioni, anche se unite al suolo a scopo transitorio, e in genere tutto ciò che naturalmente o artificialmente è incorporato al suolo. Sono reputati immobili i mulini, i bagni e gli altri edifici galleggianti quando sono saldamente assicurati alla riva o all’alveo e sono destinati ad esserlo in modo permanente per la loro utilizzazione. Sono mobili tutti gli altri beni.
3	Art. 812 Distinzione dei beni	3. Come vengono classificati i beni che non rientrano nella categoria degli immobili?	Sono beni immobili il suolo, le sorgenti e i corsi d’acqua, gli alberi, gli edifici e le altre costruzioni, anche se unite al suolo a scopo transitorio, e in genere tutto ciò che naturalmente o artificialmente è incorporato al suolo. Sono reputati immobili i mulini, i bagni e gli altri edifici galleggianti quando sono saldamente assicurati alla riva o all’alveo e sono destinati ad esserlo in modo permanente per la loro utilizzazione. Sono mobili tutti gli altri beni.
4	Art. 813 Distinzione dei diritti	1. In che modo le disposizioni concernenti i beni immobili si applicano ai diritti reali aventi per oggetto beni immobili?	Salvo che dalla legge risulti diversamente, le disposizioni concernenti i beni immobili si applicano anche ai diritti reali che hanno per oggetto beni immobili e alle azioni relative; le disposizioni concernenti i beni mobili si applicano a tutti gli altri diritti.
5	Art. 813 Distinzione dei diritti	2. A quali diritti si applicano le disposizioni concernenti i beni mobili?	Salvo che dalla legge risulti diversamente, le disposizioni concernenti i beni immobili si applicano anche ai diritti reali che hanno per oggetto beni immobili e alle azioni relative; le disposizioni concernenti i beni mobili si applicano a tutti gli altri diritti.
6	Art. 814 Energie	1. Quali sono le energie naturali che vengono considerate beni mobili secondo il testo?	Si considerano beni mobili le energie naturali che hanno valore economico (p. 624).
7	Art. 815 Beni mobili iscritti in pubblici registri	1. Quali sono le disposizioni applicabili ai beni mobili iscritti in pubblici registri in assenza di specifiche disposizioni che li riguardano?	I beni mobili iscritti in pubblici registri sono soggetti alle disposizioni che li riguardano (507, 534, 609, 819, 1156, 1162, 2683 e seguenti, 2750, 2779, 2810, 2914 e seguente) e, in mancanza, alle disposizioni relative ai beni mobili.
8	Art. 816 Universalità di mobili	1. Cosa si intende per universalità di mobili secondo il testo?	È considerata universalità di mobili la pluralità di cose che appartengono alla stessa persona e hanno una destinazione unitaria. Le singole cose componenti l’universalità possono formare oggetto di separati atti e rapporti giuridici.
9	Art. 816 Universalità di mobili	2. Le singole cose che compongono un'universalità di mobili possono essere oggetto di quali tipi di atti e rapporti giuridici?	È considerata universalità di mobili la pluralità di cose che appartengono alla stessa persona e hanno una destinazione unitaria. Le singole cose componenti l’universalità possono formare oggetto di separati atti e rapporti giuridici.
10	Art. 817 Pertinenze	1. Chi può effettuare la destinazione di una pertinenza a servizio o ornamento di un'altra cosa?	Sono pertinenze le cose destinate in modo durevole a servizio o ad ornamento di un’altra cosa. La destinazione può essere effettuata dal proprietario della cosa principale o da chi ha un diritto reale sulla medesima.
11	Art. 817 Pertinenze	2. Quali sono le caratteristiche che definiscono una cosa come pertinenza?	Sono pertinenze le cose destinate in modo durevole a servizio o ad ornamento di un’altra cosa. La destinazione può essere effettuata dal proprietario della cosa principale o da chi ha un diritto reale sulla medesima.
12	Art. 818 Regime delle pertinenze	1. Cosa accade agli atti e ai rapporti giuridici che hanno per oggetto la cosa principale in relazione alle pertinenze?	Gli atti e i rapporti giuridici che hanno per oggetto la cosa principale comprendono anche le pertinenze, se non è diversamente disposto. Le pertinenze possono formare oggetto di separati atti o rapporti giuridici. La cessazione della qualità di pertinenza non è opponibile ai terzi i quali abbiano anteriormente acquistato diritti sulla cosa principale.
13	Art. 818 Regime delle pertinenze	2. È possibile che le pertinenze formino oggetto di atti o rapporti giuridici separati?	Gli atti e i rapporti giuridici che hanno per oggetto la cosa principale comprendono anche le pertinenze, se non è diversamente disposto. Le pertinenze possono formare oggetto di separati atti o rapporti giuridici. La cessazione della qualità di pertinenza non è opponibile ai terzi i quali abbiano anteriormente acquistato diritti sulla cosa principale.
14	Art. 818 Regime delle pertinenze	3. In che modo la cessazione della qualità di pertinenza influisce sui diritti dei terzi che hanno acquistato diritti sulla cosa principale?	Gli atti e i rapporti giuridici che hanno per oggetto la cosa principale comprendono anche le pertinenze, se non è diversamente disposto. Le pertinenze possono formare oggetto di separati atti o rapporti giuridici. La cessazione della qualità di pertinenza non è opponibile ai terzi i quali abbiano anteriormente acquistato diritti sulla cosa principale.
15	Art. 819 Diritti dei terzi sulle pertinenze	1. Quali condizioni devono essere soddisfatte affinché i diritti preesistenti su una cosa destinata al servizio o all'ornamento di un'altra possano essere opposti ai terzi di buona fede?	La destinazione di una cosa al servizio o all’ornamento di un’altra non pregiudica i diritti preesistenti su di essa a favore dei terzi. Tali diritti non possono essere opposti ai terzi di buona fede se non risultano da scrittura avente data certa anteriore, quando la cosa principale è un bene immobile o un bene mobile iscritto in pubblici registri.
16	Art. 819 Diritti dei terzi sulle pertinenze	2. In quali casi è necessario che i diritti preesistenti risultino da una scrittura avente data certa anteriore per essere opponibili ai terzi di buona fede?	La destinazione di una cosa al servizio o all’ornamento di un’altra non pregiudica i diritti preesistenti su di essa a favore dei terzi. Tali diritti non possono essere opposti ai terzi di buona fede se non risultano da scrittura avente data certa anteriore, quando la cosa principale è un bene immobile o un bene mobile iscritto in pubblici registri.
17	Art. 820 Frutti naturali e frutti civili	1. Quali sono esempi di frutti naturali menzionati nel testo?	Sono frutti naturali quelli che provengono direttamente dalla cosa, vi concorra o no l’opera dell’uomo, come i prodotti agricoli, la legna, i parti degli animali, i prodotti delle miniere, cave e torbiere. Finché non avviene la separazione, i frutti formano parte della cosa. Si può tuttavia disporre di essi come di cosa mobile futura. Sono frutti civili quelli che si ritraggono dalla cosa come corrispettivo del godimento che altri ne abbia. Tali sono gli interessi dei capitali, i canoni enfiteutici (957 e seguenti), le rendite vitalizie (1872 e seguenti) e ogni altra rendita, il corrispettivo delle locazioni (1571 e seguenti).
18	Art. 820 Frutti naturali e frutti civili	2. In che modo i frutti naturali formano parte della cosa prima della separazione?	Sono frutti naturali quelli che provengono direttamente dalla cosa, vi concorra o no l’opera dell’uomo, come i prodotti agricoli, la legna, i parti degli animali, i prodotti delle miniere, cave e torbiere. Finché non avviene la separazione, i frutti formano parte della cosa. Si può tuttavia disporre di essi come di cosa mobile futura. Sono frutti civili quelli che si ritraggono dalla cosa come corrispettivo del godimento che altri ne abbia. Tali sono gli interessi dei capitali, i canoni enfiteutici (957 e seguenti), le rendite vitalizie (1872 e seguenti) e ogni altra rendita, il corrispettivo delle locazioni (1571 e seguenti).
19	Art. 820 Frutti naturali e frutti civili	3. Come si possono disporre i frutti naturali prima della loro separazione?	Sono frutti naturali quelli che provengono direttamente dalla cosa, vi concorra o no l’opera dell’uomo, come i prodotti agricoli, la legna, i parti degli animali, i prodotti delle miniere, cave e torbiere. Finché non avviene la separazione, i frutti formano parte della cosa. Si può tuttavia disporre di essi come di cosa mobile futura. Sono frutti civili quelli che si ritraggono dalla cosa come corrispettivo del godimento che altri ne abbia. Tali sono gli interessi dei capitali, i canoni enfiteutici (957 e seguenti), le rendite vitalizie (1872 e seguenti) e ogni altra rendita, il corrispettivo delle locazioni (1571 e seguenti).
20	Art. 820 Frutti naturali e frutti civili	4. Cosa si intende per frutti civili secondo il testo?	Sono frutti naturali quelli che provengono direttamente dalla cosa, vi concorra o no l’opera dell’uomo, come i prodotti agricoli, la legna, i parti degli animali, i prodotti delle miniere, cave e torbiere. Finché non avviene la separazione, i frutti formano parte della cosa. Si può tuttavia disporre di essi come di cosa mobile futura. Sono frutti civili quelli che si ritraggono dalla cosa come corrispettivo del godimento che altri ne abbia. Tali sono gli interessi dei capitali, i canoni enfiteutici (957 e seguenti), le rendite vitalizie (1872 e seguenti) e ogni altra rendita, il corrispettivo delle locazioni (1571 e seguenti).
21	Art. 820 Frutti naturali e frutti civili	5. Quali esempi di frutti civili sono elencati nel testo?	Sono frutti naturali quelli che provengono direttamente dalla cosa, vi concorra o no l’opera dell’uomo, come i prodotti agricoli, la legna, i parti degli animali, i prodotti delle miniere, cave e torbiere. Finché non avviene la separazione, i frutti formano parte della cosa. Si può tuttavia disporre di essi come di cosa mobile futura. Sono frutti civili quelli che si ritraggono dalla cosa come corrispettivo del godimento che altri ne abbia. Tali sono gli interessi dei capitali, i canoni enfiteutici (957 e seguenti), le rendite vitalizie (1872 e seguenti) e ogni altra rendita, il corrispettivo delle locazioni (1571 e seguenti).
22	Art. 821 Acquisto dei frutti	1. A chi appartengono i frutti naturali prodotti da una cosa?	I frutti naturali appartengono al proprietario della cosa che li produce, salvo che la loro proprietà sia attribuita ad altri. In quest’ultimo caso la proprietà si acquista con la separazione. Chi fa propri i frutti deve, nei limiti del loro valore, rimborsare colui che abbia fatto spese per la produzione e il raccolto. I frutti civili si acquistano giorno per giorno, in ragione della durata del diritto.
23	Art. 821 Acquisto dei frutti	2. In quale momento si acquisisce la proprietà dei frutti naturali se essa è attribuita ad altri?	I frutti naturali appartengono al proprietario della cosa che li produce, salvo che la loro proprietà sia attribuita ad altri. In quest’ultimo caso la proprietà si acquista con la separazione. Chi fa propri i frutti deve, nei limiti del loro valore, rimborsare colui che abbia fatto spese per la produzione e il raccolto. I frutti civili si acquistano giorno per giorno, in ragione della durata del diritto.
24	Art. 821 Acquisto dei frutti	3. Cosa deve fare chi si appropria dei frutti naturali in relazione alle spese sostenute per la loro produzione e raccolto?	I frutti naturali appartengono al proprietario della cosa che li produce, salvo che la loro proprietà sia attribuita ad altri. In quest’ultimo caso la proprietà si acquista con la separazione. Chi fa propri i frutti deve, nei limiti del loro valore, rimborsare colui che abbia fatto spese per la produzione e il raccolto. I frutti civili si acquistano giorno per giorno, in ragione della durata del diritto.
25	Art. 821 Acquisto dei frutti	4. Come si acquisiscono i frutti civili?	I frutti naturali appartengono al proprietario della cosa che li produce, salvo che la loro proprietà sia attribuita ad altri. In quest’ultimo caso la proprietà si acquista con la separazione. Chi fa propri i frutti deve, nei limiti del loro valore, rimborsare colui che abbia fatto spese per la produzione e il raccolto. I frutti civili si acquistano giorno per giorno, in ragione della durata del diritto.
26	Art. 821 Acquisto dei frutti	5. In base a quale criterio si determina l'acquisizione dei frutti civili?	I frutti naturali appartengono al proprietario della cosa che li produce, salvo che la loro proprietà sia attribuita ad altri. In quest’ultimo caso la proprietà si acquista con la separazione. Chi fa propri i frutti deve, nei limiti del loro valore, rimborsare colui che abbia fatto spese per la produzione e il raccolto. I frutti civili si acquistano giorno per giorno, in ragione della durata del diritto.
27	Art. 822 Demanio pubblico	1. Quali elementi naturali appartengono allo Stato e fanno parte del demanio pubblico secondo il testo?	Appartengono allo Stato e fanno parte del demanio pubblico il lido del mare, la spiaggia, le rade e i porti; i fiumi, i torrenti, i laghi e le altre acque definite pubbliche dalle leggi in materia (Cod. Nav. 28, 692); le opere destinate alla difesa nazionale. Fanno parimenti parte del demanio pubblico, se appartengono allo Stato, le strade, le autostrade e le strade ferrate; gli aerodromi (Cod. Nav. 692 a); gli acquedotti; gli immobili riconosciuti d’interesse storico, archeologico e artistico a norma delle leggi in materia; le raccolte dei musei, delle pinacoteche, degli archivi, delle biblioteche; e infine gli altri beni che sono dalla legge assoggettati al regime proprio del demanio pubblico.
28	Art. 822 Demanio pubblico	2. Quali infrastrutture sono incluse nel demanio pubblico se appartengono allo Stato?	Appartengono allo Stato e fanno parte del demanio pubblico il lido del mare, la spiaggia, le rade e i porti; i fiumi, i torrenti, i laghi e le altre acque definite pubbliche dalle leggi in materia (Cod. Nav. 28, 692); le opere destinate alla difesa nazionale. Fanno parimenti parte del demanio pubblico, se appartengono allo Stato, le strade, le autostrade e le strade ferrate; gli aerodromi (Cod. Nav. 692 a); gli acquedotti; gli immobili riconosciuti d’interesse storico, archeologico e artistico a norma delle leggi in materia; le raccolte dei musei, delle pinacoteche, degli archivi, delle biblioteche; e infine gli altri beni che sono dalla legge assoggettati al regime proprio del demanio pubblico.
29	Art. 822 Demanio pubblico	3. In che modo le opere destinate alla difesa nazionale sono classificate nel contesto del demanio pubblico?	Appartengono allo Stato e fanno parte del demanio pubblico il lido del mare, la spiaggia, le rade e i porti; i fiumi, i torrenti, i laghi e le altre acque definite pubbliche dalle leggi in materia (Cod. Nav. 28, 692); le opere destinate alla difesa nazionale. Fanno parimenti parte del demanio pubblico, se appartengono allo Stato, le strade, le autostrade e le strade ferrate; gli aerodromi (Cod. Nav. 692 a); gli acquedotti; gli immobili riconosciuti d’interesse storico, archeologico e artistico a norma delle leggi in materia; le raccolte dei musei, delle pinacoteche, degli archivi, delle biblioteche; e infine gli altri beni che sono dalla legge assoggettati al regime proprio del demanio pubblico.
30	Art. 822 Demanio pubblico	4. Quali tipi di acque sono considerate pubbliche e quindi parte del demanio pubblico?	Appartengono allo Stato e fanno parte del demanio pubblico il lido del mare, la spiaggia, le rade e i porti; i fiumi, i torrenti, i laghi e le altre acque definite pubbliche dalle leggi in materia (Cod. Nav. 28, 692); le opere destinate alla difesa nazionale. Fanno parimenti parte del demanio pubblico, se appartengono allo Stato, le strade, le autostrade e le strade ferrate; gli aerodromi (Cod. Nav. 692 a); gli acquedotti; gli immobili riconosciuti d’interesse storico, archeologico e artistico a norma delle leggi in materia; le raccolte dei musei, delle pinacoteche, degli archivi, delle biblioteche; e infine gli altri beni che sono dalla legge assoggettati al regime proprio del demanio pubblico.
31	Art. 822 Demanio pubblico	5. Quali beni culturali sono riconosciuti come parte del demanio pubblico?	Appartengono allo Stato e fanno parte del demanio pubblico il lido del mare, la spiaggia, le rade e i porti; i fiumi, i torrenti, i laghi e le altre acque definite pubbliche dalle leggi in materia (Cod. Nav. 28, 692); le opere destinate alla difesa nazionale. Fanno parimenti parte del demanio pubblico, se appartengono allo Stato, le strade, le autostrade e le strade ferrate; gli aerodromi (Cod. Nav. 692 a); gli acquedotti; gli immobili riconosciuti d’interesse storico, archeologico e artistico a norma delle leggi in materia; le raccolte dei musei, delle pinacoteche, degli archivi, delle biblioteche; e infine gli altri beni che sono dalla legge assoggettati al regime proprio del demanio pubblico.
32	Art. 822 Demanio pubblico	6. Come sono classificati gli aerodromi nel contesto del demanio pubblico?	Appartengono allo Stato e fanno parte del demanio pubblico il lido del mare, la spiaggia, le rade e i porti; i fiumi, i torrenti, i laghi e le altre acque definite pubbliche dalle leggi in materia (Cod. Nav. 28, 692); le opere destinate alla difesa nazionale. Fanno parimenti parte del demanio pubblico, se appartengono allo Stato, le strade, le autostrade e le strade ferrate; gli aerodromi (Cod. Nav. 692 a); gli acquedotti; gli immobili riconosciuti d’interesse storico, archeologico e artistico a norma delle leggi in materia; le raccolte dei musei, delle pinacoteche, degli archivi, delle biblioteche; e infine gli altri beni che sono dalla legge assoggettati al regime proprio del demanio pubblico.
33	Art. 822 Demanio pubblico	7. Quali raccolte culturali sono incluse nel demanio pubblico secondo il testo?	Appartengono allo Stato e fanno parte del demanio pubblico il lido del mare, la spiaggia, le rade e i porti; i fiumi, i torrenti, i laghi e le altre acque definite pubbliche dalle leggi in materia (Cod. Nav. 28, 692); le opere destinate alla difesa nazionale. Fanno parimenti parte del demanio pubblico, se appartengono allo Stato, le strade, le autostrade e le strade ferrate; gli aerodromi (Cod. Nav. 692 a); gli acquedotti; gli immobili riconosciuti d’interesse storico, archeologico e artistico a norma delle leggi in materia; le raccolte dei musei, delle pinacoteche, degli archivi, delle biblioteche; e infine gli altri beni che sono dalla legge assoggettati al regime proprio del demanio pubblico.
34	Art. 822 Demanio pubblico	8. Quali beni possono essere assoggettati al regime del demanio pubblico secondo la legge?	Appartengono allo Stato e fanno parte del demanio pubblico il lido del mare, la spiaggia, le rade e i porti; i fiumi, i torrenti, i laghi e le altre acque definite pubbliche dalle leggi in materia (Cod. Nav. 28, 692); le opere destinate alla difesa nazionale. Fanno parimenti parte del demanio pubblico, se appartengono allo Stato, le strade, le autostrade e le strade ferrate; gli aerodromi (Cod. Nav. 692 a); gli acquedotti; gli immobili riconosciuti d’interesse storico, archeologico e artistico a norma delle leggi in materia; le raccolte dei musei, delle pinacoteche, degli archivi, delle biblioteche; e infine gli altri beni che sono dalla legge assoggettati al regime proprio del demanio pubblico.
35	Art. 823 Condizione giuridica del demanio pubblico	1. Quali sono le caratteristiche dei beni che fanno parte del demanio pubblico secondo il testo?	I beni che fanno parte del demanio pubblico sono inalienabili e non possono formare oggetto di diritti a favore di terzi, se non nei modi e nei limiti stabiliti dalle leggi che li riguardano (Cod. Nav. 30 e seguenti, 694 e seguenti). Spetta all’autorità amministrativa la tutela dei beni che fanno parte del demanio pubblico. Essa ha facoltà sia di procedere in via amministrativa, sia di valersi dei mezzi ordinari a difesa della proprietà (948 e seguenti) e del possesso (1168 e seguenti) regolati dal presente codice.
36	Art. 823 Condizione giuridica del demanio pubblico	2. In che modo l'autorità amministrativa può tutelare i beni del demanio pubblico?	I beni che fanno parte del demanio pubblico sono inalienabili e non possono formare oggetto di diritti a favore di terzi, se non nei modi e nei limiti stabiliti dalle leggi che li riguardano (Cod. Nav. 30 e seguenti, 694 e seguenti). Spetta all’autorità amministrativa la tutela dei beni che fanno parte del demanio pubblico. Essa ha facoltà sia di procedere in via amministrativa, sia di valersi dei mezzi ordinari a difesa della proprietà (948 e seguenti) e del possesso (1168 e seguenti) regolati dal presente codice.
37	Art. 823 Condizione giuridica del demanio pubblico	3. Quali articoli del Codice della Navigazione sono citati nel testo in relazione ai beni del demanio pubblico?	I beni che fanno parte del demanio pubblico sono inalienabili e non possono formare oggetto di diritti a favore di terzi, se non nei modi e nei limiti stabiliti dalle leggi che li riguardano (Cod. Nav. 30 e seguenti, 694 e seguenti). Spetta all’autorità amministrativa la tutela dei beni che fanno parte del demanio pubblico. Essa ha facoltà sia di procedere in via amministrativa, sia di valersi dei mezzi ordinari a difesa della proprietà (948 e seguenti) e del possesso (1168 e seguenti) regolati dal presente codice.
38	Art. 823 Condizione giuridica del demanio pubblico	4. Quali strumenti legali può utilizzare l'autorità amministrativa per difendere la proprietà e il possesso dei beni demaniali?	I beni che fanno parte del demanio pubblico sono inalienabili e non possono formare oggetto di diritti a favore di terzi, se non nei modi e nei limiti stabiliti dalle leggi che li riguardano (Cod. Nav. 30 e seguenti, 694 e seguenti). Spetta all’autorità amministrativa la tutela dei beni che fanno parte del demanio pubblico. Essa ha facoltà sia di procedere in via amministrativa, sia di valersi dei mezzi ordinari a difesa della proprietà (948 e seguenti) e del possesso (1168 e seguenti) regolati dal presente codice.
39	Art. 824 Beni delle province e dei comuni soggetti al regime dei beni demaniali	1. Quali beni, se appartenenti alle province o ai comuni, sono soggetti al regime del demanio pubblico secondo il secondo comma dell'Art. 822?	I beni della specie di quelli indicati dal secondo comma dell’Art. 822, se appartengono alle province o ai comuni, sono soggetti al regime del demanio pubblico. Allo stesso regime sono soggetti i cimiteri e i mercati comunali.
40	Art. 824 Beni delle province e dei comuni soggetti al regime dei beni demaniali	2. Quali strutture comunali sono soggette al regime del demanio pubblico?	I beni della specie di quelli indicati dal secondo comma dell’Art. 822, se appartengono alle province o ai comuni, sono soggetti al regime del demanio pubblico. Allo stesso regime sono soggetti i cimiteri e i mercati comunali.
41	Art. 825 Diritti demaniali su beni altrui	1. Quali enti possono avere diritti reali soggetti al regime del demanio pubblico su beni appartenenti ad altri soggetti?	Sono parimenti soggetti al regime del demanio pubblico i diritti reali che spettano allo Stato, alle province e ai comuni su beni appartenenti ad altri soggetti, quando i diritti stessi sono costituiti per l’utilità di alcuno dei beni indicati dagli articoli precedenti o per il conseguimento di fini di pubblico interesse corrispondenti a quelli a cui servono i beni medesimi.
42	Art. 826 Patrimonio dello Stato, delle province e dei comuni	1. Quali beni costituiscono il patrimonio dello Stato, delle province e dei comuni secondo il testo?	I beni appartenenti allo Stato, alle province e ai comuni, i quali non siano della specie di quelli indicati dagli articoli precedenti, costituiscono il patrimonio dello Stato o, rispettivamente, delle province e dei comuni. Fanno parte del patrimonio indisponibile dello Stato le foreste che a norma delle leggi in materia costituiscono il demanio forestale dello Stato, le miniere, le cave e torbiere quando la disponibilità ne è sottratta al proprietario del fondo, le cose d’interesse storico, archeologico, paletnologico, paleontologico e artistico, da chiunque e in qualunque modo ritrovate nel sottosuolo, i beni costituenti la dotazione della presidenza della Repubblica (Costit. 843), le caserme, gli armamenti, gli aeromobili militari (Cod. Nav. 745) e le navi da guerra. Fanno parte del patrimonio indisponibile dello Stato o, rispettivamente, delle province e dei comuni, secondo la loro appartenenza, gli edifici destinati a sede di uffici pubblici, con i loro arredi, e gli altri beni destinati a pubblico servizio. NOTA Gli artt. 1, 2 e 3, L. 27 dicembre 1977, n. 968, riportano quanto segue: Art. 1 - La fauna selvatica italiana costituisce patrimonio indisponibile dello Stato ed è tutelata nell’interesse della comunità nazionale. Art. 2 - Fanno parte della fauna selvatica, oggetto della tutela della presente legge, i mammiferi e gli uccelli dei quali esistono popolazioni viventi, stabilmente o temporaneamente, in stato di naturale libertà, nel territorio nazionale. Sono particolarmente protette le seguenti specie: aquile, vulturidi, gufi reali, cicogne, gru, fenicotteri, cigni, lupi, orsi, foche monache, stambecchi, camosci d’Abruzzo e altri ungulati di cui le regioni ai sensi del successivo Art. 12 vietano l’abbattimento. La tutela non si estende alle talpe, ai ratti, ai topi propriamente detti e alle arvicole.
43	Art. 826 Patrimonio dello Stato, delle province e dei comuni	2. Quali beni fanno parte del patrimonio indisponibile dello Stato?	I beni appartenenti allo Stato, alle province e ai comuni, i quali non siano della specie di quelli indicati dagli articoli precedenti, costituiscono il patrimonio dello Stato o, rispettivamente, delle province e dei comuni. Fanno parte del patrimonio indisponibile dello Stato le foreste che a norma delle leggi in materia costituiscono il demanio forestale dello Stato, le miniere, le cave e torbiere quando la disponibilità ne è sottratta al proprietario del fondo, le cose d’interesse storico, archeologico, paletnologico, paleontologico e artistico, da chiunque e in qualunque modo ritrovate nel sottosuolo, i beni costituenti la dotazione della presidenza della Repubblica (Costit. 843), le caserme, gli armamenti, gli aeromobili militari (Cod. Nav. 745) e le navi da guerra. Fanno parte del patrimonio indisponibile dello Stato o, rispettivamente, delle province e dei comuni, secondo la loro appartenenza, gli edifici destinati a sede di uffici pubblici, con i loro arredi, e gli altri beni destinati a pubblico servizio. NOTA Gli artt. 1, 2 e 3, L. 27 dicembre 1977, n. 968, riportano quanto segue: Art. 1 - La fauna selvatica italiana costituisce patrimonio indisponibile dello Stato ed è tutelata nell’interesse della comunità nazionale. Art. 2 - Fanno parte della fauna selvatica, oggetto della tutela della presente legge, i mammiferi e gli uccelli dei quali esistono popolazioni viventi, stabilmente o temporaneamente, in stato di naturale libertà, nel territorio nazionale. Sono particolarmente protette le seguenti specie: aquile, vulturidi, gufi reali, cicogne, gru, fenicotteri, cigni, lupi, orsi, foche monache, stambecchi, camosci d’Abruzzo e altri ungulati di cui le regioni ai sensi del successivo Art. 12 vietano l’abbattimento. La tutela non si estende alle talpe, ai ratti, ai topi propriamente detti e alle arvicole.
44	Art. 826 Patrimonio dello Stato, delle province e dei comuni	3. In che modo le foreste rientrano nel demanio forestale dello Stato?	I beni appartenenti allo Stato, alle province e ai comuni, i quali non siano della specie di quelli indicati dagli articoli precedenti, costituiscono il patrimonio dello Stato o, rispettivamente, delle province e dei comuni. Fanno parte del patrimonio indisponibile dello Stato le foreste che a norma delle leggi in materia costituiscono il demanio forestale dello Stato, le miniere, le cave e torbiere quando la disponibilità ne è sottratta al proprietario del fondo, le cose d’interesse storico, archeologico, paletnologico, paleontologico e artistico, da chiunque e in qualunque modo ritrovate nel sottosuolo, i beni costituenti la dotazione della presidenza della Repubblica (Costit. 843), le caserme, gli armamenti, gli aeromobili militari (Cod. Nav. 745) e le navi da guerra. Fanno parte del patrimonio indisponibile dello Stato o, rispettivamente, delle province e dei comuni, secondo la loro appartenenza, gli edifici destinati a sede di uffici pubblici, con i loro arredi, e gli altri beni destinati a pubblico servizio. NOTA Gli artt. 1, 2 e 3, L. 27 dicembre 1977, n. 968, riportano quanto segue: Art. 1 - La fauna selvatica italiana costituisce patrimonio indisponibile dello Stato ed è tutelata nell’interesse della comunità nazionale. Art. 2 - Fanno parte della fauna selvatica, oggetto della tutela della presente legge, i mammiferi e gli uccelli dei quali esistono popolazioni viventi, stabilmente o temporaneamente, in stato di naturale libertà, nel territorio nazionale. Sono particolarmente protette le seguenti specie: aquile, vulturidi, gufi reali, cicogne, gru, fenicotteri, cigni, lupi, orsi, foche monache, stambecchi, camosci d’Abruzzo e altri ungulati di cui le regioni ai sensi del successivo Art. 12 vietano l’abbattimento. La tutela non si estende alle talpe, ai ratti, ai topi propriamente detti e alle arvicole.
45	Art. 826 Patrimonio dello Stato, delle province e dei comuni	4. Quali beni di interesse storico, archeologico, paletnologico, paleontologico e artistico sono considerati patrimonio indisponibile dello Stato?	I beni appartenenti allo Stato, alle province e ai comuni, i quali non siano della specie di quelli indicati dagli articoli precedenti, costituiscono il patrimonio dello Stato o, rispettivamente, delle province e dei comuni. Fanno parte del patrimonio indisponibile dello Stato le foreste che a norma delle leggi in materia costituiscono il demanio forestale dello Stato, le miniere, le cave e torbiere quando la disponibilità ne è sottratta al proprietario del fondo, le cose d’interesse storico, archeologico, paletnologico, paleontologico e artistico, da chiunque e in qualunque modo ritrovate nel sottosuolo, i beni costituenti la dotazione della presidenza della Repubblica (Costit. 843), le caserme, gli armamenti, gli aeromobili militari (Cod. Nav. 745) e le navi da guerra. Fanno parte del patrimonio indisponibile dello Stato o, rispettivamente, delle province e dei comuni, secondo la loro appartenenza, gli edifici destinati a sede di uffici pubblici, con i loro arredi, e gli altri beni destinati a pubblico servizio. NOTA Gli artt. 1, 2 e 3, L. 27 dicembre 1977, n. 968, riportano quanto segue: Art. 1 - La fauna selvatica italiana costituisce patrimonio indisponibile dello Stato ed è tutelata nell’interesse della comunità nazionale. Art. 2 - Fanno parte della fauna selvatica, oggetto della tutela della presente legge, i mammiferi e gli uccelli dei quali esistono popolazioni viventi, stabilmente o temporaneamente, in stato di naturale libertà, nel territorio nazionale. Sono particolarmente protette le seguenti specie: aquile, vulturidi, gufi reali, cicogne, gru, fenicotteri, cigni, lupi, orsi, foche monache, stambecchi, camosci d’Abruzzo e altri ungulati di cui le regioni ai sensi del successivo Art. 12 vietano l’abbattimento. La tutela non si estende alle talpe, ai ratti, ai topi propriamente detti e alle arvicole.
46	Art. 826 Patrimonio dello Stato, delle province e dei comuni	5. Quali sono i beni costituenti la dotazione della presidenza della Repubblica menzionati nel testo?	I beni appartenenti allo Stato, alle province e ai comuni, i quali non siano della specie di quelli indicati dagli articoli precedenti, costituiscono il patrimonio dello Stato o, rispettivamente, delle province e dei comuni. Fanno parte del patrimonio indisponibile dello Stato le foreste che a norma delle leggi in materia costituiscono il demanio forestale dello Stato, le miniere, le cave e torbiere quando la disponibilità ne è sottratta al proprietario del fondo, le cose d’interesse storico, archeologico, paletnologico, paleontologico e artistico, da chiunque e in qualunque modo ritrovate nel sottosuolo, i beni costituenti la dotazione della presidenza della Repubblica (Costit. 843), le caserme, gli armamenti, gli aeromobili militari (Cod. Nav. 745) e le navi da guerra. Fanno parte del patrimonio indisponibile dello Stato o, rispettivamente, delle province e dei comuni, secondo la loro appartenenza, gli edifici destinati a sede di uffici pubblici, con i loro arredi, e gli altri beni destinati a pubblico servizio. NOTA Gli artt. 1, 2 e 3, L. 27 dicembre 1977, n. 968, riportano quanto segue: Art. 1 - La fauna selvatica italiana costituisce patrimonio indisponibile dello Stato ed è tutelata nell’interesse della comunità nazionale. Art. 2 - Fanno parte della fauna selvatica, oggetto della tutela della presente legge, i mammiferi e gli uccelli dei quali esistono popolazioni viventi, stabilmente o temporaneamente, in stato di naturale libertà, nel territorio nazionale. Sono particolarmente protette le seguenti specie: aquile, vulturidi, gufi reali, cicogne, gru, fenicotteri, cigni, lupi, orsi, foche monache, stambecchi, camosci d’Abruzzo e altri ungulati di cui le regioni ai sensi del successivo Art. 12 vietano l’abbattimento. La tutela non si estende alle talpe, ai ratti, ai topi propriamente detti e alle arvicole.
47	Art. 826 Patrimonio dello Stato, delle province e dei comuni	6. Quali edifici e beni destinati a pubblico servizio fanno parte del patrimonio indisponibile dello Stato, delle province e dei comuni?	I beni appartenenti allo Stato, alle province e ai comuni, i quali non siano della specie di quelli indicati dagli articoli precedenti, costituiscono il patrimonio dello Stato o, rispettivamente, delle province e dei comuni. Fanno parte del patrimonio indisponibile dello Stato le foreste che a norma delle leggi in materia costituiscono il demanio forestale dello Stato, le miniere, le cave e torbiere quando la disponibilità ne è sottratta al proprietario del fondo, le cose d’interesse storico, archeologico, paletnologico, paleontologico e artistico, da chiunque e in qualunque modo ritrovate nel sottosuolo, i beni costituenti la dotazione della presidenza della Repubblica (Costit. 843), le caserme, gli armamenti, gli aeromobili militari (Cod. Nav. 745) e le navi da guerra. Fanno parte del patrimonio indisponibile dello Stato o, rispettivamente, delle province e dei comuni, secondo la loro appartenenza, gli edifici destinati a sede di uffici pubblici, con i loro arredi, e gli altri beni destinati a pubblico servizio. NOTA Gli artt. 1, 2 e 3, L. 27 dicembre 1977, n. 968, riportano quanto segue: Art. 1 - La fauna selvatica italiana costituisce patrimonio indisponibile dello Stato ed è tutelata nell’interesse della comunità nazionale. Art. 2 - Fanno parte della fauna selvatica, oggetto della tutela della presente legge, i mammiferi e gli uccelli dei quali esistono popolazioni viventi, stabilmente o temporaneamente, in stato di naturale libertà, nel territorio nazionale. Sono particolarmente protette le seguenti specie: aquile, vulturidi, gufi reali, cicogne, gru, fenicotteri, cigni, lupi, orsi, foche monache, stambecchi, camosci d’Abruzzo e altri ungulati di cui le regioni ai sensi del successivo Art. 12 vietano l’abbattimento. La tutela non si estende alle talpe, ai ratti, ai topi propriamente detti e alle arvicole.
48	Art. 826 Patrimonio dello Stato, delle province e dei comuni	7. Quali specie della fauna selvatica italiana sono particolarmente protette secondo la legge menzionata nel testo?	I beni appartenenti allo Stato, alle province e ai comuni, i quali non siano della specie di quelli indicati dagli articoli precedenti, costituiscono il patrimonio dello Stato o, rispettivamente, delle province e dei comuni. Fanno parte del patrimonio indisponibile dello Stato le foreste che a norma delle leggi in materia costituiscono il demanio forestale dello Stato, le miniere, le cave e torbiere quando la disponibilità ne è sottratta al proprietario del fondo, le cose d’interesse storico, archeologico, paletnologico, paleontologico e artistico, da chiunque e in qualunque modo ritrovate nel sottosuolo, i beni costituenti la dotazione della presidenza della Repubblica (Costit. 843), le caserme, gli armamenti, gli aeromobili militari (Cod. Nav. 745) e le navi da guerra. Fanno parte del patrimonio indisponibile dello Stato o, rispettivamente, delle province e dei comuni, secondo la loro appartenenza, gli edifici destinati a sede di uffici pubblici, con i loro arredi, e gli altri beni destinati a pubblico servizio. NOTA Gli artt. 1, 2 e 3, L. 27 dicembre 1977, n. 968, riportano quanto segue: Art. 1 - La fauna selvatica italiana costituisce patrimonio indisponibile dello Stato ed è tutelata nell’interesse della comunità nazionale. Art. 2 - Fanno parte della fauna selvatica, oggetto della tutela della presente legge, i mammiferi e gli uccelli dei quali esistono popolazioni viventi, stabilmente o temporaneamente, in stato di naturale libertà, nel territorio nazionale. Sono particolarmente protette le seguenti specie: aquile, vulturidi, gufi reali, cicogne, gru, fenicotteri, cigni, lupi, orsi, foche monache, stambecchi, camosci d’Abruzzo e altri ungulati di cui le regioni ai sensi del successivo Art. 12 vietano l’abbattimento. La tutela non si estende alle talpe, ai ratti, ai topi propriamente detti e alle arvicole.
49	Art. 826 Patrimonio dello Stato, delle province e dei comuni	8. Quali animali non sono inclusi nella tutela della fauna selvatica secondo il testo?	I beni appartenenti allo Stato, alle province e ai comuni, i quali non siano della specie di quelli indicati dagli articoli precedenti, costituiscono il patrimonio dello Stato o, rispettivamente, delle province e dei comuni. Fanno parte del patrimonio indisponibile dello Stato le foreste che a norma delle leggi in materia costituiscono il demanio forestale dello Stato, le miniere, le cave e torbiere quando la disponibilità ne è sottratta al proprietario del fondo, le cose d’interesse storico, archeologico, paletnologico, paleontologico e artistico, da chiunque e in qualunque modo ritrovate nel sottosuolo, i beni costituenti la dotazione della presidenza della Repubblica (Costit. 843), le caserme, gli armamenti, gli aeromobili militari (Cod. Nav. 745) e le navi da guerra. Fanno parte del patrimonio indisponibile dello Stato o, rispettivamente, delle province e dei comuni, secondo la loro appartenenza, gli edifici destinati a sede di uffici pubblici, con i loro arredi, e gli altri beni destinati a pubblico servizio. NOTA Gli artt. 1, 2 e 3, L. 27 dicembre 1977, n. 968, riportano quanto segue: Art. 1 - La fauna selvatica italiana costituisce patrimonio indisponibile dello Stato ed è tutelata nell’interesse della comunità nazionale. Art. 2 - Fanno parte della fauna selvatica, oggetto della tutela della presente legge, i mammiferi e gli uccelli dei quali esistono popolazioni viventi, stabilmente o temporaneamente, in stato di naturale libertà, nel territorio nazionale. Sono particolarmente protette le seguenti specie: aquile, vulturidi, gufi reali, cicogne, gru, fenicotteri, cigni, lupi, orsi, foche monache, stambecchi, camosci d’Abruzzo e altri ungulati di cui le regioni ai sensi del successivo Art. 12 vietano l’abbattimento. La tutela non si estende alle talpe, ai ratti, ai topi propriamente detti e alle arvicole.
50	Art. 826 Patrimonio dello Stato, delle province e dei comuni	9. Come viene definita la fauna selvatica italiana nel contesto del patrimonio indisponibile dello Stato?	I beni appartenenti allo Stato, alle province e ai comuni, i quali non siano della specie di quelli indicati dagli articoli precedenti, costituiscono il patrimonio dello Stato o, rispettivamente, delle province e dei comuni. Fanno parte del patrimonio indisponibile dello Stato le foreste che a norma delle leggi in materia costituiscono il demanio forestale dello Stato, le miniere, le cave e torbiere quando la disponibilità ne è sottratta al proprietario del fondo, le cose d’interesse storico, archeologico, paletnologico, paleontologico e artistico, da chiunque e in qualunque modo ritrovate nel sottosuolo, i beni costituenti la dotazione della presidenza della Repubblica (Costit. 843), le caserme, gli armamenti, gli aeromobili militari (Cod. Nav. 745) e le navi da guerra. Fanno parte del patrimonio indisponibile dello Stato o, rispettivamente, delle province e dei comuni, secondo la loro appartenenza, gli edifici destinati a sede di uffici pubblici, con i loro arredi, e gli altri beni destinati a pubblico servizio. NOTA Gli artt. 1, 2 e 3, L. 27 dicembre 1977, n. 968, riportano quanto segue: Art. 1 - La fauna selvatica italiana costituisce patrimonio indisponibile dello Stato ed è tutelata nell’interesse della comunità nazionale. Art. 2 - Fanno parte della fauna selvatica, oggetto della tutela della presente legge, i mammiferi e gli uccelli dei quali esistono popolazioni viventi, stabilmente o temporaneamente, in stato di naturale libertà, nel territorio nazionale. Sono particolarmente protette le seguenti specie: aquile, vulturidi, gufi reali, cicogne, gru, fenicotteri, cigni, lupi, orsi, foche monache, stambecchi, camosci d’Abruzzo e altri ungulati di cui le regioni ai sensi del successivo Art. 12 vietano l’abbattimento. La tutela non si estende alle talpe, ai ratti, ai topi propriamente detti e alle arvicole.
51	Art. 826 Patrimonio dello Stato, delle province e dei comuni	10. Quali sono le implicazioni legali per le miniere, le cave e le torbiere in relazione al patrimonio indisponibile dello Stato?	I beni appartenenti allo Stato, alle province e ai comuni, i quali non siano della specie di quelli indicati dagli articoli precedenti, costituiscono il patrimonio dello Stato o, rispettivamente, delle province e dei comuni. Fanno parte del patrimonio indisponibile dello Stato le foreste che a norma delle leggi in materia costituiscono il demanio forestale dello Stato, le miniere, le cave e torbiere quando la disponibilità ne è sottratta al proprietario del fondo, le cose d’interesse storico, archeologico, paletnologico, paleontologico e artistico, da chiunque e in qualunque modo ritrovate nel sottosuolo, i beni costituenti la dotazione della presidenza della Repubblica (Costit. 843), le caserme, gli armamenti, gli aeromobili militari (Cod. Nav. 745) e le navi da guerra. Fanno parte del patrimonio indisponibile dello Stato o, rispettivamente, delle province e dei comuni, secondo la loro appartenenza, gli edifici destinati a sede di uffici pubblici, con i loro arredi, e gli altri beni destinati a pubblico servizio. NOTA Gli artt. 1, 2 e 3, L. 27 dicembre 1977, n. 968, riportano quanto segue: Art. 1 - La fauna selvatica italiana costituisce patrimonio indisponibile dello Stato ed è tutelata nell’interesse della comunità nazionale. Art. 2 - Fanno parte della fauna selvatica, oggetto della tutela della presente legge, i mammiferi e gli uccelli dei quali esistono popolazioni viventi, stabilmente o temporaneamente, in stato di naturale libertà, nel territorio nazionale. Sono particolarmente protette le seguenti specie: aquile, vulturidi, gufi reali, cicogne, gru, fenicotteri, cigni, lupi, orsi, foche monache, stambecchi, camosci d’Abruzzo e altri ungulati di cui le regioni ai sensi del successivo Art. 12 vietano l’abbattimento. La tutela non si estende alle talpe, ai ratti, ai topi propriamente detti e alle arvicole.
52	Art. 826 Patrimonio dello Stato, delle province e dei comuni	11. Quali sono le disposizioni della legge del 27 dicembre 1977, n. 968, riguardanti la fauna selvatica italiana?	I beni appartenenti allo Stato, alle province e ai comuni, i quali non siano della specie di quelli indicati dagli articoli precedenti, costituiscono il patrimonio dello Stato o, rispettivamente, delle province e dei comuni. Fanno parte del patrimonio indisponibile dello Stato le foreste che a norma delle leggi in materia costituiscono il demanio forestale dello Stato, le miniere, le cave e torbiere quando la disponibilità ne è sottratta al proprietario del fondo, le cose d’interesse storico, archeologico, paletnologico, paleontologico e artistico, da chiunque e in qualunque modo ritrovate nel sottosuolo, i beni costituenti la dotazione della presidenza della Repubblica (Costit. 843), le caserme, gli armamenti, gli aeromobili militari (Cod. Nav. 745) e le navi da guerra. Fanno parte del patrimonio indisponibile dello Stato o, rispettivamente, delle province e dei comuni, secondo la loro appartenenza, gli edifici destinati a sede di uffici pubblici, con i loro arredi, e gli altri beni destinati a pubblico servizio. NOTA Gli artt. 1, 2 e 3, L. 27 dicembre 1977, n. 968, riportano quanto segue: Art. 1 - La fauna selvatica italiana costituisce patrimonio indisponibile dello Stato ed è tutelata nell’interesse della comunità nazionale. Art. 2 - Fanno parte della fauna selvatica, oggetto della tutela della presente legge, i mammiferi e gli uccelli dei quali esistono popolazioni viventi, stabilmente o temporaneamente, in stato di naturale libertà, nel territorio nazionale. Sono particolarmente protette le seguenti specie: aquile, vulturidi, gufi reali, cicogne, gru, fenicotteri, cigni, lupi, orsi, foche monache, stambecchi, camosci d’Abruzzo e altri ungulati di cui le regioni ai sensi del successivo Art. 12 vietano l’abbattimento. La tutela non si estende alle talpe, ai ratti, ai topi propriamente detti e alle arvicole.
53	Art. 3 - In conformità di quanto previsto dai precedenti artt. 1 e 2 è vietata, in tutto il territorio nazionale, ogni forma di uccellagione.	1. Quali sono i mezzi e i fini consentiti per la cattura di uccelli secondo i successivi articoli della legge menzionata?	"È altresì vietata la cattura di uccelli con mezzi e per fini diversi da quelli previsti dai successivi articoli della presente legge"". Nonostante tale articolo 1 dichiari che la fauna selvatica costituisce patrimonio indisponibile dello Stato essa non appartiene in alcun modo alla categoria dei beni patrimoniali indisponibili dello Stato."
54	Art. 3 - In conformità di quanto previsto dai precedenti artt. 1 e 2 è vietata, in tutto il territorio nazionale, ogni forma di uccellagione.	2. In che modo la fauna selvatica è considerata patrimonio indisponibile dello Stato, pur non rientrando tra i beni patrimoniali indisponibili?	"È altresì vietata la cattura di uccelli con mezzi e per fini diversi da quelli previsti dai successivi articoli della presente legge"". Nonostante tale articolo 1 dichiari che la fauna selvatica costituisce patrimonio indisponibile dello Stato essa non appartiene in alcun modo alla categoria dei beni patrimoniali indisponibili dello Stato."
55	Art. 827 Beni immobili vacanti	1. Quali beni immobili spettano al patrimonio dello Stato secondo il testo?	I beni immobili che non sono in proprietà di alcuno spettano al patrimonio dello Stato.
56	Art. 828 Condizione giuridica dei beni patrimoniali	1. Quali regole si applicano ai beni che costituiscono il patrimonio dello Stato, delle province e dei comuni?	I beni che costituiscono il patrimonio dello Stato, delle province e dei comuni sono soggetti alle regole particolari che li concernono e, in quanto non è diversamente disposto, alle regole del presente codice. I beni che fanno parte del patrimonio indisponibile non possono essere sottratti alla loro destinazione, se non nei modi stabiliti dalle leggi che li riguardano.
57	Art. 828 Condizione giuridica dei beni patrimoniali	2. In quali circostanze i beni del patrimonio indisponibile possono essere sottratti alla loro destinazione?	I beni che costituiscono il patrimonio dello Stato, delle province e dei comuni sono soggetti alle regole particolari che li concernono e, in quanto non è diversamente disposto, alle regole del presente codice. I beni che fanno parte del patrimonio indisponibile non possono essere sottratti alla loro destinazione, se non nei modi stabiliti dalle leggi che li riguardano.
58	Art. 829 Passaggio di beni dal demanio al patrimonio	1. Chi deve dichiarare il passaggio dei beni dal demanio pubblico al patrimonio dello Stato?	Il passaggio dei beni dal demanio pubblico al patrimonio dello Stato deve essere dichiarato dall’autorità amministrativa. Dell’atto deve essere dato annunzio nella Gazzetta Ufficiale della Repubblica. Per quanto riguarda i beni delle province e dei comuni, il provvedimento che dichiara il passaggio al patrimonio dev’essere pubblicato nei modi stabiliti per i regolamenti comunali e provinciali.
59	Art. 829 Passaggio di beni dal demanio al patrimonio	2. Dove deve essere dato annunzio dell'atto di passaggio dei beni dal demanio pubblico al patrimonio dello Stato?	Il passaggio dei beni dal demanio pubblico al patrimonio dello Stato deve essere dichiarato dall’autorità amministrativa. Dell’atto deve essere dato annunzio nella Gazzetta Ufficiale della Repubblica. Per quanto riguarda i beni delle province e dei comuni, il provvedimento che dichiara il passaggio al patrimonio dev’essere pubblicato nei modi stabiliti per i regolamenti comunali e provinciali.
60	Art. 829 Passaggio di beni dal demanio al patrimonio	3. In che modo deve essere pubblicato il provvedimento che dichiara il passaggio al patrimonio per i beni delle province e dei comuni?	Il passaggio dei beni dal demanio pubblico al patrimonio dello Stato deve essere dichiarato dall’autorità amministrativa. Dell’atto deve essere dato annunzio nella Gazzetta Ufficiale della Repubblica. Per quanto riguarda i beni delle province e dei comuni, il provvedimento che dichiara il passaggio al patrimonio dev’essere pubblicato nei modi stabiliti per i regolamenti comunali e provinciali.
61	Art. 830 Beni degli enti pubblici non territoriali	1. Quali regole si applicano ai beni appartenenti agli enti pubblici non territoriali secondo il presente codice?	I beni appartenenti agli enti pubblici non territoriali sono soggetti alle regole del presente codice, salve le disposizioni delle leggi speciali. Ai beni di tali enti che sono destinati a un pubblico servizio si applica la disposizione del secondo comma dell’ Art. 828.
62	Art. 830 Beni degli enti pubblici non territoriali	2. A quali beni degli enti pubblici non territoriali si applica la disposizione del secondo comma dell'Art. 828?	I beni appartenenti agli enti pubblici non territoriali sono soggetti alle regole del presente codice, salve le disposizioni delle leggi speciali. Ai beni di tali enti che sono destinati a un pubblico servizio si applica la disposizione del secondo comma dell’ Art. 828.
63	Art. 831 Beni degli enti ecclesiastici ed edifici di culto	1. Quali norme regolano i beni degli enti ecclesiastici secondo il testo?	I beni degli enti ecclesiastici sono soggetti alle norme del presente codice, in quanto non è diversamente disposto dalle leggi speciali che li riguardano. Gli edifici destinati all’esercizio pubblico del culto cattolico, anche se appartengono a privati, non possono essere sottratti alla loro destinazione neppure per effetto di alienazione, fino a che la destinazione stessa non sia cessata in conformità delle leggi che li riguardano. 
64	Art. 831 Beni degli enti ecclesiastici ed edifici di culto	2. In quali circostanze gli edifici destinati all’esercizio pubblico del culto cattolico possono essere sottratti alla loro destinazione?	I beni degli enti ecclesiastici sono soggetti alle norme del presente codice, in quanto non è diversamente disposto dalle leggi speciali che li riguardano. Gli edifici destinati all’esercizio pubblico del culto cattolico, anche se appartengono a privati, non possono essere sottratti alla loro destinazione neppure per effetto di alienazione, fino a che la destinazione stessa non sia cessata in conformità delle leggi che li riguardano. 
65	Art. 832 Contenuto del diritto	1. Quali sono i limiti e gli obblighi che l'ordinamento giuridico impone al diritto del proprietario di godere e disporre delle cose in modo pieno ed esclusivo?	Il proprietario ha diritto di godere e disporre delle cose in modo pieno ed esclusivo, entro i limiti e con l’osservanza degli obblighi stabiliti dall’ordinamento giuridico.
66	Art. 833 Atti di emulazione	1. Quali sono le limitazioni imposte al proprietario riguardo agli atti che possono nuocere o recare molestia ad altri?	Il proprietario non può fare atti i quali non abbiano altro scopo che quello di nuocere o recare molestia ad altri.
67	Art. 834 Espropriazione per pubblico interesse	1. Quali sono le condizioni necessarie affinché una persona possa essere privata dei propri beni secondo il testo?	Nessuno può essere privato in tutto o in parte dei beni di sua proprietà, se non per causa di pubblico interesse, legalmente dichiarata, e contro il pagamento di una giusta indennità (Costit. 42, 43). Le norme relative all’espropriazione per causa di pubblico interesse sono determinate da leggi speciali.
68	Art. 834 Espropriazione per pubblico interesse	2. Cosa deve essere garantito a una persona che viene espropriata dei suoi beni per causa di pubblico interesse?	Nessuno può essere privato in tutto o in parte dei beni di sua proprietà, se non per causa di pubblico interesse, legalmente dichiarata, e contro il pagamento di una giusta indennità (Costit. 42, 43). Le norme relative all’espropriazione per causa di pubblico interesse sono determinate da leggi speciali.
69	Art. 834 Espropriazione per pubblico interesse	3. Da cosa sono determinate le norme relative all'espropriazione per causa di pubblico interesse?	Nessuno può essere privato in tutto o in parte dei beni di sua proprietà, se non per causa di pubblico interesse, legalmente dichiarata, e contro il pagamento di una giusta indennità (Costit. 42, 43). Le norme relative all’espropriazione per causa di pubblico interesse sono determinate da leggi speciali.
70	Art. 835 Requisizioni	1. In quali circostanze può essere disposta la requisizione dei beni mobili o immobili?	Quando ricorrono gravi e urgenti necessità pubbliche, militari o civili, può essere disposta la requisizione dei beni mobili o immobili. Al proprietario è dovuta una giusta indennità. Le norme relative alle requisizioni sono determinate da leggi speciali.
71	Art. 835 Requisizioni	2. Cosa è dovuto al proprietario in caso di requisizione dei suoi beni?	Quando ricorrono gravi e urgenti necessità pubbliche, militari o civili, può essere disposta la requisizione dei beni mobili o immobili. Al proprietario è dovuta una giusta indennità. Le norme relative alle requisizioni sono determinate da leggi speciali.
72	Art. 835 Requisizioni	3. Da cosa sono determinate le norme relative alle requisizioni?	Quando ricorrono gravi e urgenti necessità pubbliche, militari o civili, può essere disposta la requisizione dei beni mobili o immobili. Al proprietario è dovuta una giusta indennità. Le norme relative alle requisizioni sono determinate da leggi speciali.
73	Art. 836 Vincoli e obblighi temporanei	1. Quali sono i limiti e le forme stabiliti da leggi speciali che permettono all'autorità amministrativa di imporre vincoli temporanei alle aziende commerciali e agricole?	Per le cause indicate dall’articolo precedente l’autorità amministrativa, nei limiti e con le forme stabiliti da leggi speciali, può sottoporre a particolari vincoli od obblighi di carattere temporaneo le aziende commerciali e agricole (Costit. 44).
74	Art. 836 Vincoli e obblighi temporanei	2. In quali circostanze l'autorità amministrativa può sottoporre le aziende commerciali e agricole a particolari vincoli od obblighi di carattere temporaneo secondo l'articolo menzionato?	Per le cause indicate dall’articolo precedente l’autorità amministrativa, nei limiti e con le forme stabiliti da leggi speciali, può sottoporre a particolari vincoli od obblighi di carattere temporaneo le aziende commerciali e agricole (Costit. 44).
75	Art. 837 Ammassi	1. Qual è lo scopo principale della costituzione degli ammassi per la distribuzione di prodotti agricoli o industriali?	Allo scopo di regolare la distribuzione di determinati prodotti agricoli o industriali nell’interesse della produzione nazionale sono costituiti gli ammassi. Le norme per il conferimento dei prodotti negli ammassi sono contenute in leggi speciali.
76	Art. 837 Ammassi	2. Dove sono contenute le norme per il conferimento dei prodotti negli ammassi?	Allo scopo di regolare la distribuzione di determinati prodotti agricoli o industriali nell’interesse della produzione nazionale sono costituiti gli ammassi. Le norme per il conferimento dei prodotti negli ammassi sono contenute in leggi speciali.
77	Art. 838 Espropriazione di beni che interessano la produzione nazionale o di prevalente interesse pubblico	1. In quali circostanze l'autorità amministrativa può procedere all'espropriazione di beni secondo il testo?	Salve le disposizioni delle leggi penali e di polizia, nonché (le norme dell’ordinamento corporativo e) le disposizioni particolari concernenti beni determinati, quando il proprietario abbandona la conservazione, la coltivazione o l’esercizio di beni che interessano la produzione nazionale, in modo da nuocere gravemente alle esigenze della produzione stessa, può farsi luogo all’espropriazione dei beni da parte dell’autorità amministrativa, premesso il pagamento di una giusta indennità (att. 56). La stessa disposizione si applica se il deperimento dei beni ha per effetto di nuocere gravemente al decoro delle città o alle ragioni dell’arte, della storia o della sanità pubblica.
78	Art. 838 Espropriazione di beni che interessano la produzione nazionale o di prevalente interesse pubblico	2. Quali sono le conseguenze del deperimento dei beni che possono giustificare l'espropriazione da parte dell'autorità amministrativa?	Salve le disposizioni delle leggi penali e di polizia, nonché (le norme dell’ordinamento corporativo e) le disposizioni particolari concernenti beni determinati, quando il proprietario abbandona la conservazione, la coltivazione o l’esercizio di beni che interessano la produzione nazionale, in modo da nuocere gravemente alle esigenze della produzione stessa, può farsi luogo all’espropriazione dei beni da parte dell’autorità amministrativa, premesso il pagamento di una giusta indennità (att. 56). La stessa disposizione si applica se il deperimento dei beni ha per effetto di nuocere gravemente al decoro delle città o alle ragioni dell’arte, della storia o della sanità pubblica.
79	Art. 839 Beni d’interesse storico e artistico	1. Quali tipi di proprietà privata sono soggetti alle disposizioni delle leggi speciali se presentano interesse artistico, storico, archeologico o etnografico?	Le cose di proprietà privata, immobili e mobili, che presentano interesse artistico, storico, archeologico o etnografico, sono sottoposte alle disposizioni delle leggi speciali.
80	Art. 840 Sottosuolo e spazio sovrastante al suolo	1. In quali circostanze il proprietario del suolo può effettuare escavazioni senza arrecare danno al vicino?	La proprietà del suolo si estende al sottosuolo, con tutto ciò che vi si contiene, e il proprietario può fare qualsiasi escavazione od opera che non rechi danno al vicino. Questa disposizione non si applica a quanto forma oggetto delle leggi sulle miniere, cave e torbiere. Sono del pari salve le limitazioni derivanti dalle leggi sulle antichità e belle arti, sulle acque, e da altre leggi speciali (Cod. Nav. 714 e seguenti). Il proprietario del suolo non può opporsi ad attività di terzi che si svolgano a tale profondità nel sottosuolo o a tale altezza nello spazio sovrastante, che egli non abbia interesse ad escluderle (Cod. Nav. 823).
81	Art. 840 Sottosuolo e spazio sovrastante al suolo	2. Quali sono le eccezioni alla regola che la proprietà del suolo si estende al sottosuolo?	La proprietà del suolo si estende al sottosuolo, con tutto ciò che vi si contiene, e il proprietario può fare qualsiasi escavazione od opera che non rechi danno al vicino. Questa disposizione non si applica a quanto forma oggetto delle leggi sulle miniere, cave e torbiere. Sono del pari salve le limitazioni derivanti dalle leggi sulle antichità e belle arti, sulle acque, e da altre leggi speciali (Cod. Nav. 714 e seguenti). Il proprietario del suolo non può opporsi ad attività di terzi che si svolgano a tale profondità nel sottosuolo o a tale altezza nello spazio sovrastante, che egli non abbia interesse ad escluderle (Cod. Nav. 823).
82	Art. 840 Sottosuolo e spazio sovrastante al suolo	3. Quali leggi speciali possono limitare i diritti del proprietario del suolo?	La proprietà del suolo si estende al sottosuolo, con tutto ciò che vi si contiene, e il proprietario può fare qualsiasi escavazione od opera che non rechi danno al vicino. Questa disposizione non si applica a quanto forma oggetto delle leggi sulle miniere, cave e torbiere. Sono del pari salve le limitazioni derivanti dalle leggi sulle antichità e belle arti, sulle acque, e da altre leggi speciali (Cod. Nav. 714 e seguenti). Il proprietario del suolo non può opporsi ad attività di terzi che si svolgano a tale profondità nel sottosuolo o a tale altezza nello spazio sovrastante, che egli non abbia interesse ad escluderle (Cod. Nav. 823).
83	Art. 840 Sottosuolo e spazio sovrastante al suolo	4. In che modo le leggi sulle miniere, cave e torbiere influenzano i diritti del proprietario del suolo?	La proprietà del suolo si estende al sottosuolo, con tutto ciò che vi si contiene, e il proprietario può fare qualsiasi escavazione od opera che non rechi danno al vicino. Questa disposizione non si applica a quanto forma oggetto delle leggi sulle miniere, cave e torbiere. Sono del pari salve le limitazioni derivanti dalle leggi sulle antichità e belle arti, sulle acque, e da altre leggi speciali (Cod. Nav. 714 e seguenti). Il proprietario del suolo non può opporsi ad attività di terzi che si svolgano a tale profondità nel sottosuolo o a tale altezza nello spazio sovrastante, che egli non abbia interesse ad escluderle (Cod. Nav. 823).
84	Art. 840 Sottosuolo e spazio sovrastante al suolo	5. Quando il proprietario del suolo non può opporsi ad attività di terzi nel sottosuolo o nello spazio sovrastante?	La proprietà del suolo si estende al sottosuolo, con tutto ciò che vi si contiene, e il proprietario può fare qualsiasi escavazione od opera che non rechi danno al vicino. Questa disposizione non si applica a quanto forma oggetto delle leggi sulle miniere, cave e torbiere. Sono del pari salve le limitazioni derivanti dalle leggi sulle antichità e belle arti, sulle acque, e da altre leggi speciali (Cod. Nav. 714 e seguenti). Il proprietario del suolo non può opporsi ad attività di terzi che si svolgano a tale profondità nel sottosuolo o a tale altezza nello spazio sovrastante, che egli non abbia interesse ad escluderle (Cod. Nav. 823).
85	Art. 841 Chiusura del fondo	1. In quali circostanze il proprietario ha il diritto di chiudere il fondo?	Il proprietario può chiudere in qualunque tempo il fondo.
86	Art. 842 Caccia e pesca	1. In quali circostanze il proprietario di un fondo può impedire l'accesso per l'esercizio della caccia?	Il proprietario di un fondo non può impedire che vi si entri per l’esercizio della caccia, a meno che il fondo sia chiuso nei modi stabiliti dalla legge sulla caccia o vi siano colture in atto suscettibili di danno. Egli può sempre opporsi a chi non è munito della licenza rilasciata dall’autorità. Per l’esercizio della pesca occorre il consenso del proprietario del fondo.
87	Art. 842 Caccia e pesca	2. Quali requisiti deve avere una persona per poter esercitare la caccia su un fondo altrui?	Il proprietario di un fondo non può impedire che vi si entri per l’esercizio della caccia, a meno che il fondo sia chiuso nei modi stabiliti dalla legge sulla caccia o vi siano colture in atto suscettibili di danno. Egli può sempre opporsi a chi non è munito della licenza rilasciata dall’autorità. Per l’esercizio della pesca occorre il consenso del proprietario del fondo.
88	Art. 842 Caccia e pesca	3. È necessario il consenso del proprietario del fondo per l'esercizio della pesca?	Il proprietario di un fondo non può impedire che vi si entri per l’esercizio della caccia, a meno che il fondo sia chiuso nei modi stabiliti dalla legge sulla caccia o vi siano colture in atto suscettibili di danno. Egli può sempre opporsi a chi non è munito della licenza rilasciata dall’autorità. Per l’esercizio della pesca occorre il consenso del proprietario del fondo.
89	Art. 843 Accesso al fondo	1. In quali circostanze il proprietario deve permettere l'accesso e il passaggio nel suo fondo?	Il proprietario deve permettere l’accesso e il passaggio nel suo fondo, sempre che ne venga riconosciuta la necessita, al fine di costruire o riparare un muro o altra opera propria del vicino oppure comune. Se l’accesso cagiona danno, è dovuta un’adeguata indennità. Il proprietario deve parimenti permettere l’accesso a chi vuole riprendere la cosa sua che vi si trovi accidentalmente o l’animale che vi si sia riparato sfuggendo alla custodia. Il proprietario può impedire l’accesso consegnando la cosa o l’animale (896, 924; Cod. Pen. 637).
90	Art. 843 Accesso al fondo	2. Quali sono le condizioni per cui è dovuta un'adeguata indennità al proprietario?	Il proprietario deve permettere l’accesso e il passaggio nel suo fondo, sempre che ne venga riconosciuta la necessita, al fine di costruire o riparare un muro o altra opera propria del vicino oppure comune. Se l’accesso cagiona danno, è dovuta un’adeguata indennità. Il proprietario deve parimenti permettere l’accesso a chi vuole riprendere la cosa sua che vi si trovi accidentalmente o l’animale che vi si sia riparato sfuggendo alla custodia. Il proprietario può impedire l’accesso consegnando la cosa o l’animale (896, 924; Cod. Pen. 637).
91	Art. 843 Accesso al fondo	3. Cosa deve fare il proprietario se qualcuno vuole riprendere una cosa propria o un animale che si trova accidentalmente nel suo fondo?	Il proprietario deve permettere l’accesso e il passaggio nel suo fondo, sempre che ne venga riconosciuta la necessita, al fine di costruire o riparare un muro o altra opera propria del vicino oppure comune. Se l’accesso cagiona danno, è dovuta un’adeguata indennità. Il proprietario deve parimenti permettere l’accesso a chi vuole riprendere la cosa sua che vi si trovi accidentalmente o l’animale che vi si sia riparato sfuggendo alla custodia. Il proprietario può impedire l’accesso consegnando la cosa o l’animale (896, 924; Cod. Pen. 637).
92	Art. 843 Accesso al fondo	4. In che modo il proprietario può impedire l'accesso al suo fondo?	Il proprietario deve permettere l’accesso e il passaggio nel suo fondo, sempre che ne venga riconosciuta la necessita, al fine di costruire o riparare un muro o altra opera propria del vicino oppure comune. Se l’accesso cagiona danno, è dovuta un’adeguata indennità. Il proprietario deve parimenti permettere l’accesso a chi vuole riprendere la cosa sua che vi si trovi accidentalmente o l’animale che vi si sia riparato sfuggendo alla custodia. Il proprietario può impedire l’accesso consegnando la cosa o l’animale (896, 924; Cod. Pen. 637).
93	Art. 843 Accesso al fondo	5. Quali articoli del Codice Penale sono citati in relazione al diritto di accesso al fondo altrui?	Il proprietario deve permettere l’accesso e il passaggio nel suo fondo, sempre che ne venga riconosciuta la necessita, al fine di costruire o riparare un muro o altra opera propria del vicino oppure comune. Se l’accesso cagiona danno, è dovuta un’adeguata indennità. Il proprietario deve parimenti permettere l’accesso a chi vuole riprendere la cosa sua che vi si trovi accidentalmente o l’animale che vi si sia riparato sfuggendo alla custodia. Il proprietario può impedire l’accesso consegnando la cosa o l’animale (896, 924; Cod. Pen. 637).
94	Art. 844 Immissioni	1. Quali tipi di immissioni il proprietario di un fondo non può impedire se non superano la normale tollerabilità?	Il proprietario di un fondo non può impedire le immissioni di fumo o di calore, le esalazioni, i rumori, gli scuotimenti e simili propagazioni derivanti dal fondo del vicino, se non superano la normale tollerabilità, avuto anche riguardo alla condizione dei luoghi (890, Cod. Pen. 674). Nell’applicare questa norma l’autorità giudiziaria deve contemperare le esigenze della produzione con le ragioni della proprietà. Può tener conto della priorità di un determinato uso.
95	Art. 844 Immissioni	2. Quali fattori deve considerare l'autorità giudiziaria nell'applicare la norma sulle immissioni tra fondi vicini?	Il proprietario di un fondo non può impedire le immissioni di fumo o di calore, le esalazioni, i rumori, gli scuotimenti e simili propagazioni derivanti dal fondo del vicino, se non superano la normale tollerabilità, avuto anche riguardo alla condizione dei luoghi (890, Cod. Pen. 674). Nell’applicare questa norma l’autorità giudiziaria deve contemperare le esigenze della produzione con le ragioni della proprietà. Può tener conto della priorità di un determinato uso.
96	Art. 844 Immissioni	3. In che modo l'autorità giudiziaria può contemperare le esigenze della produzione con le ragioni della proprietà secondo il testo?	Il proprietario di un fondo non può impedire le immissioni di fumo o di calore, le esalazioni, i rumori, gli scuotimenti e simili propagazioni derivanti dal fondo del vicino, se non superano la normale tollerabilità, avuto anche riguardo alla condizione dei luoghi (890, Cod. Pen. 674). Nell’applicare questa norma l’autorità giudiziaria deve contemperare le esigenze della produzione con le ragioni della proprietà. Può tener conto della priorità di un determinato uso.
97	Art. 845 Regole particolari per scopi di pubblico interesse	1. Quali sono le leggi speciali che prevedono regole particolari per la proprietà fondiaria al fine di conseguire scopi di pubblico interesse?	La proprietà fondiaria è soggetta a regole particolari per il conseguimento di scopi di pubblico interesse nei casi previsti dalle leggi speciali e dalle disposizioni contenute nelle sezioni seguenti.
98	Art. 845 Regole particolari per scopi di pubblico interesse	2. Quali disposizioni sono contenute nelle sezioni seguenti riguardo alla proprietà fondiaria?	La proprietà fondiaria è soggetta a regole particolari per il conseguimento di scopi di pubblico interesse nei casi previsti dalle leggi speciali e dalle disposizioni contenute nelle sezioni seguenti.
99	Art. 846 Minima unità colturale	1. Quali sono le condizioni necessarie affinché un frazionamento di terreni destinati a coltura sia considerato valido secondo le regole della buona tecnica agraria?	Nei trasferimenti di proprietà, nelle divisioni e nelle assegnazioni a qualunque titolo, aventi per oggetto terreni destinati a coltura o suscettibili di coltura, e nella costituzione o nei trasferimenti di diritti reali sui terreni stessi non deve farsi luogo a frazionamenti che non rispettino la minima unità colturale. S’intende per minima unità colturale l’estensione di terreno necessaria e sufficiente per il lavoro di una famiglia agricola e, se non si tratta di terreno appoderato, per esercitare una conveniente coltivazione secondo le regole della buona tecnica agraria.
100	Art. 846 Minima unità colturale	"2. Cosa si intende per ""minima unità colturale"" nei trasferimenti di proprietà di terreni agricoli?"	Nei trasferimenti di proprietà, nelle divisioni e nelle assegnazioni a qualunque titolo, aventi per oggetto terreni destinati a coltura o suscettibili di coltura, e nella costituzione o nei trasferimenti di diritti reali sui terreni stessi non deve farsi luogo a frazionamenti che non rispettino la minima unità colturale. S’intende per minima unità colturale l’estensione di terreno necessaria e sufficiente per il lavoro di una famiglia agricola e, se non si tratta di terreno appoderato, per esercitare una conveniente coltivazione secondo le regole della buona tecnica agraria.
101	Art. 847 Determinazione della minima unità colturale	1. Quali fattori vengono considerati per determinare l'estensione della minima unità colturale?	L’estensione della minima unità colturale sarà determinata distintamente per zone, avuto riguardo all’ordinamento produttivo e alla situazione demografica locale, con provvedimento dell’autorità amministrativa, da adottarsi sentite le associazioni professionali. 
102	Art. 848 Sanzione dell’inosservanza	1. Quali sono le conseguenze legali per gli atti compiuti in violazione dell'articolo 846?	Gli atti compiuti contro il divieto dell’art. 846 possono essere annullati dall’autorità giudiziaria, su istanza del pubblico ministero. L’azione si prescrive in tre anni dalla data della trascrizione dell’atto (att. 57).
103	Art. 848 Sanzione dell’inosservanza	2. Entro quale termine temporale deve essere esercitata l'azione per l'annullamento degli atti compiuti contro il divieto dell'articolo 846?	Gli atti compiuti contro il divieto dell’art. 846 possono essere annullati dall’autorità giudiziaria, su istanza del pubblico ministero. L’azione si prescrive in tre anni dalla data della trascrizione dell’atto (att. 57).
104	Art. 849 Fondi compresi entro maggiori unità fondiarie	1. Quali sono le condizioni che permettono al proprietario di terreni di richiedere il trasferimento della proprietà di appezzamenti appartenenti ad altri?	Indipendentemente dalla formazione del consorzio previsto dall’articolo seguente, il proprietario di terreni entro i quali sono compresi appezzamenti appartenenti ad altri, di estensione inferiore alla minima unità colturale, può domandare che gli sia trasferita la proprietà di questi ultimi, pagandone il prezzo, allo scopo di attuare una migliore sistemazione delle unità fondiarie. In caso di contrasto decide l’autorità giudiziaria, sentite le associazioni professionali circa la sussistenza delle condizioni che giustificano la richiesta di trasferimento (att. 57).
105	Art. 849 Fondi compresi entro maggiori unità fondiarie	2. Qual è il ruolo dell'autorità giudiziaria in caso di contrasto riguardo alla richiesta di trasferimento della proprietà di appezzamenti di terreno?	Indipendentemente dalla formazione del consorzio previsto dall’articolo seguente, il proprietario di terreni entro i quali sono compresi appezzamenti appartenenti ad altri, di estensione inferiore alla minima unità colturale, può domandare che gli sia trasferita la proprietà di questi ultimi, pagandone il prezzo, allo scopo di attuare una migliore sistemazione delle unità fondiarie. In caso di contrasto decide l’autorità giudiziaria, sentite le associazioni professionali circa la sussistenza delle condizioni che giustificano la richiesta di trasferimento (att. 57).
106	Art. 850 Consorzi a scopo di ricomposizione fondiaria	1. Quali sono le condizioni necessarie per la costituzione di un consorzio tra proprietari di terreni contigui inferiori alla minima unità colturale?	Quando più terreni contigui e inferiori alla minima unità colturale appartengono a diversi proprietari, può, su istanza di alcuno degli interessati o per iniziativa dell’autorità amministrativa, essere costituito un consorzio tra gli stessi proprietari, allo scopo di provvedere a una ricomposizione fondiaria idonea alla migliore utilizzazione dei terreni stessi. Per la costituzione del consorzio si applicano le norme stabilite per i consorzi di bonifica.
107	Art. 850 Consorzi a scopo di ricomposizione fondiaria	2. Quali norme si applicano per la costituzione di un consorzio tra proprietari di terreni contigui inferiori alla minima unità colturale?	Quando più terreni contigui e inferiori alla minima unità colturale appartengono a diversi proprietari, può, su istanza di alcuno degli interessati o per iniziativa dell’autorità amministrativa, essere costituito un consorzio tra gli stessi proprietari, allo scopo di provvedere a una ricomposizione fondiaria idonea alla migliore utilizzazione dei terreni stessi. Per la costituzione del consorzio si applicano le norme stabilite per i consorzi di bonifica.
108	Art. 851 Trasferimenti coattivi	1. Quali azioni può intraprendere il consorzio per la migliore sistemazione delle unità fondiarie secondo il testo?	Il consorzio indicato dall’articolo precedente può predisporre il piano di riordinamento (854 e seguenti). Per la migliore sistemazione delle unità fondiarie può procedersi a espropriazioni e a trasferimenti coattivi; può anche procedersi a rettificazioni di confini e ad arrotondamento di fondi.
109	Art. 851 Trasferimenti coattivi	2. Il consorzio ha la facoltà di effettuare espropriazioni e trasferimenti coattivi per il riordinamento delle unità fondiarie?	Il consorzio indicato dall’articolo precedente può predisporre il piano di riordinamento (854 e seguenti). Per la migliore sistemazione delle unità fondiarie può procedersi a espropriazioni e a trasferimenti coattivi; può anche procedersi a rettificazioni di confini e ad arrotondamento di fondi.
110	Art. 851 Trasferimenti coattivi	3. Oltre alle espropriazioni, quali altre operazioni può compiere il consorzio per il riordinamento delle unità fondiarie?	Il consorzio indicato dall’articolo precedente può predisporre il piano di riordinamento (854 e seguenti). Per la migliore sistemazione delle unità fondiarie può procedersi a espropriazioni e a trasferimenti coattivi; può anche procedersi a rettificazioni di confini e ad arrotondamento di fondi.
111	Art. 852 Terreni esclusi dai trasferimenti	1. Quali tipi di appezzamenti sono esclusi dai trasferimenti coattivi secondo il testo?	Dai trasferimenti coattivi previsti dall’articolo precedente sono esclusi: gli appezzamenti forniti di casa di abitazione civile o colonica; i terreni adiacenti ai fabbricati e costituenti dipendenze dei medesimi; le aree fabbricabili; gli orti, i giardini, i parchi; i terreni necessari per piazzali o luoghi di deposito di stabilimenti industriali o commerciali; i terreni soggetti a inondazioni, a scoscendimenti o ad altri gravi rischi; i terreni che per la loro speciale destinazione, ubicazione o singolarità di coltura presentano caratteristiche di spiccata individualità.
112	Art. 852 Terreni esclusi dai trasferimenti	2. I terreni adiacenti a quali strutture sono esclusi dai trasferimenti coattivi?	Dai trasferimenti coattivi previsti dall’articolo precedente sono esclusi: gli appezzamenti forniti di casa di abitazione civile o colonica; i terreni adiacenti ai fabbricati e costituenti dipendenze dei medesimi; le aree fabbricabili; gli orti, i giardini, i parchi; i terreni necessari per piazzali o luoghi di deposito di stabilimenti industriali o commerciali; i terreni soggetti a inondazioni, a scoscendimenti o ad altri gravi rischi; i terreni che per la loro speciale destinazione, ubicazione o singolarità di coltura presentano caratteristiche di spiccata individualità.
113	Art. 852 Terreni esclusi dai trasferimenti	3. Le aree fabbricabili rientrano tra le esclusioni dai trasferimenti coattivi?	Dai trasferimenti coattivi previsti dall’articolo precedente sono esclusi: gli appezzamenti forniti di casa di abitazione civile o colonica; i terreni adiacenti ai fabbricati e costituenti dipendenze dei medesimi; le aree fabbricabili; gli orti, i giardini, i parchi; i terreni necessari per piazzali o luoghi di deposito di stabilimenti industriali o commerciali; i terreni soggetti a inondazioni, a scoscendimenti o ad altri gravi rischi; i terreni che per la loro speciale destinazione, ubicazione o singolarità di coltura presentano caratteristiche di spiccata individualità.
114	Art. 852 Terreni esclusi dai trasferimenti	4. Gli orti e i giardini sono considerati esclusi dai trasferimenti coattivi?	Dai trasferimenti coattivi previsti dall’articolo precedente sono esclusi: gli appezzamenti forniti di casa di abitazione civile o colonica; i terreni adiacenti ai fabbricati e costituenti dipendenze dei medesimi; le aree fabbricabili; gli orti, i giardini, i parchi; i terreni necessari per piazzali o luoghi di deposito di stabilimenti industriali o commerciali; i terreni soggetti a inondazioni, a scoscendimenti o ad altri gravi rischi; i terreni che per la loro speciale destinazione, ubicazione o singolarità di coltura presentano caratteristiche di spiccata individualità.
115	Art. 852 Terreni esclusi dai trasferimenti	5. Quali rischi naturali rendono i terreni esclusi dai trasferimenti coattivi?	Dai trasferimenti coattivi previsti dall’articolo precedente sono esclusi: gli appezzamenti forniti di casa di abitazione civile o colonica; i terreni adiacenti ai fabbricati e costituenti dipendenze dei medesimi; le aree fabbricabili; gli orti, i giardini, i parchi; i terreni necessari per piazzali o luoghi di deposito di stabilimenti industriali o commerciali; i terreni soggetti a inondazioni, a scoscendimenti o ad altri gravi rischi; i terreni che per la loro speciale destinazione, ubicazione o singolarità di coltura presentano caratteristiche di spiccata individualità.
116	Art. 852 Terreni esclusi dai trasferimenti	6. I terreni necessari per quali tipi di stabilimenti sono esclusi dai trasferimenti coattivi?	Dai trasferimenti coattivi previsti dall’articolo precedente sono esclusi: gli appezzamenti forniti di casa di abitazione civile o colonica; i terreni adiacenti ai fabbricati e costituenti dipendenze dei medesimi; le aree fabbricabili; gli orti, i giardini, i parchi; i terreni necessari per piazzali o luoghi di deposito di stabilimenti industriali o commerciali; i terreni soggetti a inondazioni, a scoscendimenti o ad altri gravi rischi; i terreni che per la loro speciale destinazione, ubicazione o singolarità di coltura presentano caratteristiche di spiccata individualità.
117	Art. 852 Terreni esclusi dai trasferimenti	7. In che modo la speciale destinazione o ubicazione di un terreno può influire sulla sua esclusione dai trasferimenti coattivi?	Dai trasferimenti coattivi previsti dall’articolo precedente sono esclusi: gli appezzamenti forniti di casa di abitazione civile o colonica; i terreni adiacenti ai fabbricati e costituenti dipendenze dei medesimi; le aree fabbricabili; gli orti, i giardini, i parchi; i terreni necessari per piazzali o luoghi di deposito di stabilimenti industriali o commerciali; i terreni soggetti a inondazioni, a scoscendimenti o ad altri gravi rischi; i terreni che per la loro speciale destinazione, ubicazione o singolarità di coltura presentano caratteristiche di spiccata individualità.
118	Art. 852 Terreni esclusi dai trasferimenti	8. Quali caratteristiche devono avere i terreni per essere considerati di spiccata individualità e quindi esclusi dai trasferimenti coattivi?	Dai trasferimenti coattivi previsti dall’articolo precedente sono esclusi: gli appezzamenti forniti di casa di abitazione civile o colonica; i terreni adiacenti ai fabbricati e costituenti dipendenze dei medesimi; le aree fabbricabili; gli orti, i giardini, i parchi; i terreni necessari per piazzali o luoghi di deposito di stabilimenti industriali o commerciali; i terreni soggetti a inondazioni, a scoscendimenti o ad altri gravi rischi; i terreni che per la loro speciale destinazione, ubicazione o singolarità di coltura presentano caratteristiche di spiccata individualità.
119	Art. 853 Trasferimento dei diritti reali	1. In che modo vengono gestite le servitù prediali nei trasferimenti coattivi?	Nei trasferimenti coattivi le servitù prediali sono abolite, conservate o create in relazione alle esigenze della nuova sistemazione. Gli altri diritti reali di godimento sono trasferiti sui terreni assegnati in cambio e, qualora non siano costituiti su tutti i terreni dello stesso proprietario, sono trasferiti soltanto su una parte determinata del fondo assegnato in cambio, che corrisponda in valore ai terreni su cui esistevano. Le ipoteche che non siano costituite su tutti i terreni dello stesso proprietario sono trasferite sul fondo di nuova assegnazione per una quota corrispondente in valore ai terreni su cui erano costituite. In caso di espropriazione forzata dell’immobile gravato da ipoteca su una quota, l’immobile è espropriato per intero e il credito è collocato, secondo il grado dell’ipoteca, sulla parte del prezzo corrispondente alla quota soggetta all’ipoteca medesima.
120	Art. 853 Trasferimento dei diritti reali	2. Come vengono trasferiti gli altri diritti reali di godimento sui terreni assegnati in cambio?	Nei trasferimenti coattivi le servitù prediali sono abolite, conservate o create in relazione alle esigenze della nuova sistemazione. Gli altri diritti reali di godimento sono trasferiti sui terreni assegnati in cambio e, qualora non siano costituiti su tutti i terreni dello stesso proprietario, sono trasferiti soltanto su una parte determinata del fondo assegnato in cambio, che corrisponda in valore ai terreni su cui esistevano. Le ipoteche che non siano costituite su tutti i terreni dello stesso proprietario sono trasferite sul fondo di nuova assegnazione per una quota corrispondente in valore ai terreni su cui erano costituite. In caso di espropriazione forzata dell’immobile gravato da ipoteca su una quota, l’immobile è espropriato per intero e il credito è collocato, secondo il grado dell’ipoteca, sulla parte del prezzo corrispondente alla quota soggetta all’ipoteca medesima.
121	Art. 853 Trasferimento dei diritti reali	3. Cosa accade alle ipoteche che non sono costituite su tutti i terreni dello stesso proprietario?	Nei trasferimenti coattivi le servitù prediali sono abolite, conservate o create in relazione alle esigenze della nuova sistemazione. Gli altri diritti reali di godimento sono trasferiti sui terreni assegnati in cambio e, qualora non siano costituiti su tutti i terreni dello stesso proprietario, sono trasferiti soltanto su una parte determinata del fondo assegnato in cambio, che corrisponda in valore ai terreni su cui esistevano. Le ipoteche che non siano costituite su tutti i terreni dello stesso proprietario sono trasferite sul fondo di nuova assegnazione per una quota corrispondente in valore ai terreni su cui erano costituite. In caso di espropriazione forzata dell’immobile gravato da ipoteca su una quota, l’immobile è espropriato per intero e il credito è collocato, secondo il grado dell’ipoteca, sulla parte del prezzo corrispondente alla quota soggetta all’ipoteca medesima.
122	Art. 853 Trasferimento dei diritti reali	4. Qual è la procedura in caso di espropriazione forzata di un immobile gravato da ipoteca su una quota?	Nei trasferimenti coattivi le servitù prediali sono abolite, conservate o create in relazione alle esigenze della nuova sistemazione. Gli altri diritti reali di godimento sono trasferiti sui terreni assegnati in cambio e, qualora non siano costituiti su tutti i terreni dello stesso proprietario, sono trasferiti soltanto su una parte determinata del fondo assegnato in cambio, che corrisponda in valore ai terreni su cui esistevano. Le ipoteche che non siano costituite su tutti i terreni dello stesso proprietario sono trasferite sul fondo di nuova assegnazione per una quota corrispondente in valore ai terreni su cui erano costituite. In caso di espropriazione forzata dell’immobile gravato da ipoteca su una quota, l’immobile è espropriato per intero e il credito è collocato, secondo il grado dell’ipoteca, sulla parte del prezzo corrispondente alla quota soggetta all’ipoteca medesima.
123	Art. 854 Notifica e trascrizione del piano di riordinamento	1. Quali sono le modalità per presentare un reclamo in via amministrativa contro il piano di riordinamento?	Il piano di riordinamento dev’essere preventivamente portato a cognizione degli interessati, e contro di esso è ammesso reclamo in via amministrativa, nelle forme e nei termini stabiliti da leggi speciali. Il provvedimento amministrativo di approvazione definitiva del piano dev’essere trascritto presso l’ufficio dei registri immobiliari nella cui circoscrizione sono situati i beni.
124	Art. 854 Notifica e trascrizione del piano di riordinamento	2. Dove deve essere trascritto il provvedimento amministrativo di approvazione definitiva del piano di riordinamento?	Il piano di riordinamento dev’essere preventivamente portato a cognizione degli interessati, e contro di esso è ammesso reclamo in via amministrativa, nelle forme e nei termini stabiliti da leggi speciali. Il provvedimento amministrativo di approvazione definitiva del piano dev’essere trascritto presso l’ufficio dei registri immobiliari nella cui circoscrizione sono situati i beni.
125	Art. 855 Effetti dell’approvazione del piano di riordinamento	1. Quali effetti giuridici produce l'approvazione del piano di riordinamento in termini di trasferimenti di proprietà?	Con l’approvazione del piano di riordinamento si operano i trasferimenti di proprietà e degli altri diritti reali; sono anche costituite le servitù imposte nel piano stesso.
126	Art. 855 Effetti dell’approvazione del piano di riordinamento	2. In che modo il piano di riordinamento incide sulla costituzione delle servitù?	Con l’approvazione del piano di riordinamento si operano i trasferimenti di proprietà e degli altri diritti reali; sono anche costituite le servitù imposte nel piano stesso.
127	Art. 856 Competenza dell’autorità giudiziaria	1. Qual è il ruolo dell'autorità giudiziaria ordinaria nelle materie indicate dagli artt. 850 e seguenti?	Nelle materie indicate dagli artt. 850 e seguenti è salva la competenza dell’autorità giudiziaria ordinaria per la tutela dei diritti degli interessati. L’autorità giudiziaria non può tuttavia con le sue decisioni provocare una revisione del piano di riordinamento, ma può procedere alla conversione e liquidazione in danaro dei diritti da essa accertati. Il credito relativo è privilegiato a norma delle leggi speciali.
128	Art. 856 Competenza dell’autorità giudiziaria	2. In che modo l'autorità giudiziaria può intervenire senza provocare una revisione del piano di riordinamento?	Nelle materie indicate dagli artt. 850 e seguenti è salva la competenza dell’autorità giudiziaria ordinaria per la tutela dei diritti degli interessati. L’autorità giudiziaria non può tuttavia con le sue decisioni provocare una revisione del piano di riordinamento, ma può procedere alla conversione e liquidazione in danaro dei diritti da essa accertati. Il credito relativo è privilegiato a norma delle leggi speciali.
129	Art. 856 Competenza dell’autorità giudiziaria	3. Come viene trattato il credito relativo ai diritti accertati dall'autorità giudiziaria?	Nelle materie indicate dagli artt. 850 e seguenti è salva la competenza dell’autorità giudiziaria ordinaria per la tutela dei diritti degli interessati. L’autorità giudiziaria non può tuttavia con le sue decisioni provocare una revisione del piano di riordinamento, ma può procedere alla conversione e liquidazione in danaro dei diritti da essa accertati. Il credito relativo è privilegiato a norma delle leggi speciali.
130	Art. 857 Terreni soggetti a bonifica	1. Quali tipi di terreni possono essere dichiarati soggetti a bonifica per il conseguimento di fini igienici, demografici, economici o sociali?	Per il conseguimento di fini igienici, demografici, economici o di altri fini sociali possono essere dichiarati soggetti a bonifica i terreni che si trovano in un comprensorio, in cui sono laghi, stagni, paludi e terre paludose, ovvero costituito da terreni montani dissestati nei riguardi idrogeologici e forestali, o da terreni estensivamente coltivati per gravi cause d’ordine fisico o sociale, i quali siano suscettibili di una radicale trasformazione dell’ordinamento produttivo.
131	Art. 858 Comprensorio di bonifica e piano delle opere	1. Quali sono i criteri stabiliti dalla legge speciale per determinare e pubblicare il comprensorio di bonifica e il piano generale dei lavori e di attività coordinate?	Il comprensorio di bonifica e il piano generale dei lavori e di attività coordinate sono determinati e pubblicati a norma della legge speciale.
132	Art. 859 Opere di competenza dello Stato	1. Quali opere di bonifica sono stabilite come di competenza dello Stato secondo il piano generale indicato dall'articolo precedente?	Il piano generale indicato dall’articolo precedente stabilisce quali opere di bonifica siano di competenza dello Stato.
133	Art. 860 Concorso dei proprietari nella spesa	1. Quali obblighi hanno i proprietari dei beni situati entro il perimetro del comprensorio riguardo alle spese per la bonifica?	I proprietari dei beni situati entro il perimetro del comprensorio sono obbligati a contribuire nella spesa necessaria per l’esecuzione la manutenzione e l’esercizio delle opere in ragione del beneficio che traggono dalla bonifica.
134	Art. 861 Opere di competenza dei privati	1. Quali obblighi hanno i proprietari degli immobili indicati dall'articolo precedente in relazione al piano generale di bonifica?	I proprietari degli immobili indicati dall’articolo precedente sono obbligati a eseguire, in conformità del piano generale di bonifica e delle connesse direttive di trasformazione agraria, le opere di competenza privata che siano d’interesse comune a più fondi o d’interesse particolare a taluno di essi.
135	Art. 861 Opere di competenza dei privati	2. A quali tipi di opere devono provvedere i proprietari degli immobili secondo il testo?	I proprietari degli immobili indicati dall’articolo precedente sono obbligati a eseguire, in conformità del piano generale di bonifica e delle connesse direttive di trasformazione agraria, le opere di competenza privata che siano d’interesse comune a più fondi o d’interesse particolare a taluno di essi.
136	Art. 861 Opere di competenza dei privati	3. Le opere di competenza privata devono essere di interesse comune a più fondi o possono essere di interesse particolare a uno solo di essi?	I proprietari degli immobili indicati dall’articolo precedente sono obbligati a eseguire, in conformità del piano generale di bonifica e delle connesse direttive di trasformazione agraria, le opere di competenza privata che siano d’interesse comune a più fondi o d’interesse particolare a taluno di essi.
137	Art. 861 Opere di competenza dei privati	4. In che modo le direttive di trasformazione agraria influenzano gli obblighi dei proprietari degli immobili?	I proprietari degli immobili indicati dall’articolo precedente sono obbligati a eseguire, in conformità del piano generale di bonifica e delle connesse direttive di trasformazione agraria, le opere di competenza privata che siano d’interesse comune a più fondi o d’interesse particolare a taluno di essi.
138	Art. 862 Consorzi di bonifica	1. Chi può provvedere all'esecuzione, manutenzione ed esercizio delle opere di bonifica?	All’esecuzione, alla manutenzione e all’esercizio delle opere di bonifica può provvedersi a mezzo di consorzi tra i proprietari interessati. A tali consorzi possono essere anche affidati l’esecuzione, la manutenzione e l’esercizio delle altre opere d’interesse comune a più fondi o d’interesse particolare a uno di essi. I consorzi sono costituiti per decreto del Presidente della Repubblica e, in mancanza dell’iniziativa privata, possono essere formati anche d’ufficio. Essi sono persone giuridiche pubbliche e svolgono la loro attività secondo le norme dettate dalla legge speciale.
139	Art. 862 Consorzi di bonifica	2. In che modo possono essere costituiti i consorzi tra i proprietari interessati?	All’esecuzione, alla manutenzione e all’esercizio delle opere di bonifica può provvedersi a mezzo di consorzi tra i proprietari interessati. A tali consorzi possono essere anche affidati l’esecuzione, la manutenzione e l’esercizio delle altre opere d’interesse comune a più fondi o d’interesse particolare a uno di essi. I consorzi sono costituiti per decreto del Presidente della Repubblica e, in mancanza dell’iniziativa privata, possono essere formati anche d’ufficio. Essi sono persone giuridiche pubbliche e svolgono la loro attività secondo le norme dettate dalla legge speciale.
140	Art. 862 Consorzi di bonifica	3. Quali tipi di opere possono essere affidati ai consorzi oltre alle opere di bonifica?	All’esecuzione, alla manutenzione e all’esercizio delle opere di bonifica può provvedersi a mezzo di consorzi tra i proprietari interessati. A tali consorzi possono essere anche affidati l’esecuzione, la manutenzione e l’esercizio delle altre opere d’interesse comune a più fondi o d’interesse particolare a uno di essi. I consorzi sono costituiti per decreto del Presidente della Repubblica e, in mancanza dell’iniziativa privata, possono essere formati anche d’ufficio. Essi sono persone giuridiche pubbliche e svolgono la loro attività secondo le norme dettate dalla legge speciale.
141	Art. 862 Consorzi di bonifica	4. Qual è la natura giuridica dei consorzi costituiti per l'esecuzione delle opere di bonifica?	All’esecuzione, alla manutenzione e all’esercizio delle opere di bonifica può provvedersi a mezzo di consorzi tra i proprietari interessati. A tali consorzi possono essere anche affidati l’esecuzione, la manutenzione e l’esercizio delle altre opere d’interesse comune a più fondi o d’interesse particolare a uno di essi. I consorzi sono costituiti per decreto del Presidente della Repubblica e, in mancanza dell’iniziativa privata, possono essere formati anche d’ufficio. Essi sono persone giuridiche pubbliche e svolgono la loro attività secondo le norme dettate dalla legge speciale.
142	Art. 863 Consorzi di miglioramento fondiario	1. Quali sono le condizioni che permettono ai consorzi di miglioramento fondiario di assumere il carattere di persone giuridiche pubbliche?	Nelle forme stabilite per i consorzi di bonifica possono essere costituiti anche consorzi per l’esecuzione, la manutenzione e l’esercizio di opere di miglioramento fondiario comuni a più fondi e indipendenti da un piano generale di bonifica. Essi sono persone giuridiche private (12 e seguenti). Possono tuttavia assumere il carattere di persone giuridiche pubbliche quando, per la loro vasta estensione territoriale o per la particolare importanza delle loro funzioni ai fini dell’incremento della produzione, sono riconosciuti di interesse nazionale con provvedimento dell’autorità amministrativa.
143	Art. 863 Consorzi di miglioramento fondiario	2. In che modo i consorzi per opere di miglioramento fondiario differiscono dai consorzi di bonifica in termini di piano generale?	Nelle forme stabilite per i consorzi di bonifica possono essere costituiti anche consorzi per l’esecuzione, la manutenzione e l’esercizio di opere di miglioramento fondiario comuni a più fondi e indipendenti da un piano generale di bonifica. Essi sono persone giuridiche private (12 e seguenti). Possono tuttavia assumere il carattere di persone giuridiche pubbliche quando, per la loro vasta estensione territoriale o per la particolare importanza delle loro funzioni ai fini dell’incremento della produzione, sono riconosciuti di interesse nazionale con provvedimento dell’autorità amministrativa.
144	Art. 863 Consorzi di miglioramento fondiario	3. Quali autorità hanno il potere di riconoscere i consorzi di miglioramento fondiario come di interesse nazionale?	Nelle forme stabilite per i consorzi di bonifica possono essere costituiti anche consorzi per l’esecuzione, la manutenzione e l’esercizio di opere di miglioramento fondiario comuni a più fondi e indipendenti da un piano generale di bonifica. Essi sono persone giuridiche private (12 e seguenti). Possono tuttavia assumere il carattere di persone giuridiche pubbliche quando, per la loro vasta estensione territoriale o per la particolare importanza delle loro funzioni ai fini dell’incremento della produzione, sono riconosciuti di interesse nazionale con provvedimento dell’autorità amministrativa.
145	Art. 864 Contributi consorziali	1. Quali norme e privilegi si applicano per l'esigibilità dei contributi dei proprietari nelle spese di bonifica e miglioramento fondiario?	I contributi dei proprietari nella spesa di esecuzione, manutenzione ed esercizio delle opere di bonifica e di miglioramento fondiario sono esigibili con le norme e i privilegi stabiliti per l’imposta fondiaria.
146	Art. 865 Espropriazione per inosservanza degli obblighi	1. In quali circostanze può avvenire l'espropriazione parziale o totale del fondo appartenente al proprietario inadempiente?	Quando l’inosservanza degli obblighi imposti ai proprietari risulta tale da compromettere l’attuazione del piano di bonifica, può farsi luogo all’espropriazione parziale o totale del fondo appartenente al proprietario inadempiente, osservate le disposizioni della legge speciale. L’espropriazione ha luogo a favore del consorzio, se questo ne fa richiesta, o, in mancanza, a favore di altra persona che si obblighi ad eseguire le opere offrendo opportune garanzie.
147	Art. 865 Espropriazione per inosservanza degli obblighi	2. A chi può essere destinato il fondo espropriato in caso di inosservanza degli obblighi da parte del proprietario?	Quando l’inosservanza degli obblighi imposti ai proprietari risulta tale da compromettere l’attuazione del piano di bonifica, può farsi luogo all’espropriazione parziale o totale del fondo appartenente al proprietario inadempiente, osservate le disposizioni della legge speciale. L’espropriazione ha luogo a favore del consorzio, se questo ne fa richiesta, o, in mancanza, a favore di altra persona che si obblighi ad eseguire le opere offrendo opportune garanzie.
148	Art. 866 Vincoli per scopi idrogeologici e per altri scopi	1. Quali sono le finalità del vincolo idrogeologico sui terreni?	Anche indipendentemente da un piano di bonifica (857 e seguenti), i terreni di qualsiasi natura e destinazione possono essere sottoposti a vincolo idrogeologico, osservate le forme e le condizioni stabilite dalla legge speciale, al fine di evitare che possano con danno pubblico subire denudazioni, perdere la stabilità o turbare il regime delle acque. L’utilizzazione dei terreni e l’eventuale loro trasformazione, la qualità delle colture, il governo dei boschi e dei pascoli sono assoggettati, per effetto del vincolo, alle limitazioni stabilite dalle leggi in materia. Parimenti, a norma della legge speciale, possono essere sottoposti a limitazione nella loro utilizzazione i boschi che per la loro speciale ubicazione difendono terreni o fabbricati dalla caduta di valanghe, dal rotolamento dei sassi, dal sorrenamento e dalla furia dei venti, e quelli ritenuti utili per le condizioni igieniche locali.
149	Art. 866 Vincoli per scopi idrogeologici e per altri scopi	2. In che modo il vincolo idrogeologico influisce sull'utilizzazione e trasformazione dei terreni?	Anche indipendentemente da un piano di bonifica (857 e seguenti), i terreni di qualsiasi natura e destinazione possono essere sottoposti a vincolo idrogeologico, osservate le forme e le condizioni stabilite dalla legge speciale, al fine di evitare che possano con danno pubblico subire denudazioni, perdere la stabilità o turbare il regime delle acque. L’utilizzazione dei terreni e l’eventuale loro trasformazione, la qualità delle colture, il governo dei boschi e dei pascoli sono assoggettati, per effetto del vincolo, alle limitazioni stabilite dalle leggi in materia. Parimenti, a norma della legge speciale, possono essere sottoposti a limitazione nella loro utilizzazione i boschi che per la loro speciale ubicazione difendono terreni o fabbricati dalla caduta di valanghe, dal rotolamento dei sassi, dal sorrenamento e dalla furia dei venti, e quelli ritenuti utili per le condizioni igieniche locali.
150	Art. 866 Vincoli per scopi idrogeologici e per altri scopi	3. Quali tipi di boschi possono essere sottoposti a limitazioni secondo la legge speciale?	Anche indipendentemente da un piano di bonifica (857 e seguenti), i terreni di qualsiasi natura e destinazione possono essere sottoposti a vincolo idrogeologico, osservate le forme e le condizioni stabilite dalla legge speciale, al fine di evitare che possano con danno pubblico subire denudazioni, perdere la stabilità o turbare il regime delle acque. L’utilizzazione dei terreni e l’eventuale loro trasformazione, la qualità delle colture, il governo dei boschi e dei pascoli sono assoggettati, per effetto del vincolo, alle limitazioni stabilite dalle leggi in materia. Parimenti, a norma della legge speciale, possono essere sottoposti a limitazione nella loro utilizzazione i boschi che per la loro speciale ubicazione difendono terreni o fabbricati dalla caduta di valanghe, dal rotolamento dei sassi, dal sorrenamento e dalla furia dei venti, e quelli ritenuti utili per le condizioni igieniche locali.
151	Art. 867 Sistemazione e rimboschimento dei terreni vincolati	1. In quali modi e forme possono essere assoggettati a espropriazione i terreni vincolati per il rimboschimento e il rinsaldamento?	Al fine del rimboschimento e del rinsaldamento i terreni vincolati possono essere assoggettati a espropriazione, a occupazione temporanea o a sospensione dell’esercizio del pascolo, nei modi e con le forme stabiliti dalle leggi in materia.
152	Art. 867 Sistemazione e rimboschimento dei terreni vincolati	2. Quali sono le misure legali previste per l'occupazione temporanea dei terreni vincolati ai fini del rimboschimento?	Al fine del rimboschimento e del rinsaldamento i terreni vincolati possono essere assoggettati a espropriazione, a occupazione temporanea o a sospensione dell’esercizio del pascolo, nei modi e con le forme stabiliti dalle leggi in materia.
153	Art. 867 Sistemazione e rimboschimento dei terreni vincolati	3. Come viene regolata la sospensione dell’esercizio del pascolo sui terreni vincolati secondo le leggi in materia?	Al fine del rimboschimento e del rinsaldamento i terreni vincolati possono essere assoggettati a espropriazione, a occupazione temporanea o a sospensione dell’esercizio del pascolo, nei modi e con le forme stabiliti dalle leggi in materia.
154	Art. 868 Regolamento protettivo dei corsi d’acqua	1. Quali obblighi hanno i proprietari di immobili situati vicino a corsi d'acqua che minacciano danni all'agricoltura o ad abitati?	I proprietari d’immobili situati in prossimità di corsi d’acqua che arrecano o minacciano danni all’agricoltura, ad abitati o a manufatti d’interesse pubblico sono obbligati, anche. indipendentemente da un piano di bonifica, a contribuire all’esecuzione delle opere necessarie per il regolamento del corso d’acqua nelle forme stabilite dalle leggi speciali.
155	Art. 868 Regolamento protettivo dei corsi d’acqua	2. In che modo i proprietari di immobili devono contribuire all'esecuzione delle opere necessarie per il regolamento dei corsi d'acqua?	I proprietari d’immobili situati in prossimità di corsi d’acqua che arrecano o minacciano danni all’agricoltura, ad abitati o a manufatti d’interesse pubblico sono obbligati, anche. indipendentemente da un piano di bonifica, a contribuire all’esecuzione delle opere necessarie per il regolamento del corso d’acqua nelle forme stabilite dalle leggi speciali.
156	Art. 869 Piani regolatori	1. Quali obblighi hanno i proprietari di immobili nei comuni con piani regolatori riguardo alle costruzioni esistenti?	I proprietari di immobili nei comuni dove sono formati piani regolatori devono osservare le prescrizioni dei piani stessi nelle costruzioni e nelle riedificazioni o modificazioni delle costruzioni esistenti.
157	Art. 870 Comparti	1. Quali sono le modalità previste per regolare i rapporti tra gli aventi diritto sugli immobili compresi in un comparto?	Quando è prevista la formazione di comparti, costituenti unità fabbricabili con speciali modalità di costruzione e di adattamento, gli aventi diritto sugli immobili compresi nel comparto devono regolare i loro reciproci rapporti in modo da rendere possibile l’attuazione del piano. Possono anche riunirsi in consorzio per l’esecuzione delle opere. In mancanza di accordo, può procedersi all’espropriazione a norma delle leggi in materia.
158	Art. 870 Comparti	2. Cosa possono fare gli aventi diritto sugli immobili per facilitare l'esecuzione delle opere in un comparto?	Quando è prevista la formazione di comparti, costituenti unità fabbricabili con speciali modalità di costruzione e di adattamento, gli aventi diritto sugli immobili compresi nel comparto devono regolare i loro reciproci rapporti in modo da rendere possibile l’attuazione del piano. Possono anche riunirsi in consorzio per l’esecuzione delle opere. In mancanza di accordo, può procedersi all’espropriazione a norma delle leggi in materia.
159	Art. 870 Comparti	3. Qual è la conseguenza in caso di mancato accordo tra gli aventi diritto sugli immobili in un comparto?	Quando è prevista la formazione di comparti, costituenti unità fabbricabili con speciali modalità di costruzione e di adattamento, gli aventi diritto sugli immobili compresi nel comparto devono regolare i loro reciproci rapporti in modo da rendere possibile l’attuazione del piano. Possono anche riunirsi in consorzio per l’esecuzione delle opere. In mancanza di accordo, può procedersi all’espropriazione a norma delle leggi in materia.
160	Art. 871 Norme di edilizia e di ornato pubblico	1. Quali fonti normative stabiliscono le regole da osservare nelle costruzioni?	Le regole da osservarsi nelle costruzioni sono stabilite dalla legge speciale e dai regolamenti edilizi comunali. La legge speciale stabilisce altresì le regole da osservarsi per le costruzioni nelle località sismiche.
161	Art. 871 Norme di edilizia e di ornato pubblico	2. Quali regole specifiche sono previste per le costruzioni nelle località sismiche?	Le regole da osservarsi nelle costruzioni sono stabilite dalla legge speciale e dai regolamenti edilizi comunali. La legge speciale stabilisce altresì le regole da osservarsi per le costruzioni nelle località sismiche.
162	Art. 872 Violazione delle norme di edilizia	1. Quali sono le conseguenze amministrative della violazione delle norme indicate dall'articolo precedente?	Le conseguenze di carattere amministrativo della violazione delle norme indicate dall’articolo precedente sono stabilite da leggi speciali. Colui che per effetto della violazione ha subìto danno deve esserne risarcito, salva la facoltà di chiedere la riduzione in pristino quando si tratta della violazione delle norme contenute nella
163	Art. 872 Violazione delle norme di edilizia	2. Chi ha subito un danno a causa della violazione delle norme ha diritto a quale tipo di risarcimento?	Le conseguenze di carattere amministrativo della violazione delle norme indicate dall’articolo precedente sono stabilite da leggi speciali. Colui che per effetto della violazione ha subìto danno deve esserne risarcito, salva la facoltà di chiedere la riduzione in pristino quando si tratta della violazione delle norme contenute nella
164	Art. 872 Violazione delle norme di edilizia	3. In quali circostanze è possibile chiedere la riduzione in pristino in caso di violazione delle norme?	Le conseguenze di carattere amministrativo della violazione delle norme indicate dall’articolo precedente sono stabilite da leggi speciali. Colui che per effetto della violazione ha subìto danno deve esserne risarcito, salva la facoltà di chiedere la riduzione in pristino quando si tratta della violazione delle norme contenute nella
165	Art. 873 Distanze nelle costruzioni	1. Qual è la distanza minima che deve essere mantenuta tra costruzioni su fondi finitimi se non sono unite o aderenti?	Le costruzioni su fondi finitimi, se non sono unite o aderenti, devono essere tenute a distanza non minore di tre metri. Nei regolamenti locali può essere stabilita una distanza maggiore.
166	Art. 873 Distanze nelle costruzioni	2. I regolamenti locali possono stabilire una distanza maggiore rispetto a quella minima di tre metri tra costruzioni su fondi finitimi?	Le costruzioni su fondi finitimi, se non sono unite o aderenti, devono essere tenute a distanza non minore di tre metri. Nei regolamenti locali può essere stabilita una distanza maggiore.
167	Art. 874 Comunione forzosa del muro sul confine	1. Quali sono le condizioni che il proprietario di un fondo contiguo deve rispettare per chiedere la comunione di un muro altrui?	Il proprietario di un fondo contiguo al muro altrui può chiederne la comunione per tutta l’altezza o per parte di essa, purché lo faccia per tutta l’estensione della sua proprietà. Per ottenere la comunione deve pagare la metà del valore del muro, o della parte di muro resa comune, e la metà del valore del suolo su cui il muro è costruito. Deve inoltre eseguire le opere che occorrono per non danneggiare il vicino.
168	Art. 874 Comunione forzosa del muro sul confine	2. Quali costi deve sostenere il proprietario che richiede la comunione del muro?	Il proprietario di un fondo contiguo al muro altrui può chiederne la comunione per tutta l’altezza o per parte di essa, purché lo faccia per tutta l’estensione della sua proprietà. Per ottenere la comunione deve pagare la metà del valore del muro, o della parte di muro resa comune, e la metà del valore del suolo su cui il muro è costruito. Deve inoltre eseguire le opere che occorrono per non danneggiare il vicino.
169	Art. 874 Comunione forzosa del muro sul confine	3. Quali obblighi ha il proprietario richiedente nei confronti del vicino per evitare danni durante l'esecuzione delle opere necessarie?	Il proprietario di un fondo contiguo al muro altrui può chiederne la comunione per tutta l’altezza o per parte di essa, purché lo faccia per tutta l’estensione della sua proprietà. Per ottenere la comunione deve pagare la metà del valore del muro, o della parte di muro resa comune, e la metà del valore del suolo su cui il muro è costruito. Deve inoltre eseguire le opere che occorrono per non danneggiare il vicino.
170	Art. 875 Comunione forzosa del muro che non è sul confine	1. Quali sono le condizioni che permettono al vicino di chiedere la comunione del muro?	Quando il muro si trova a una distanza dal confine minore di un metro e mezzo ovvero a distanza minore della metà di quella stabilita dai regolamenti locali, il vicino può chiedere la comunione del muro soltanto allo scopo di fabbricare contro il muro stesso, pagando, oltre il valore della metà del muro, il valore del suolo da occupare con la nuova fabbrica, salvo che il proprietario preferisca estendere il suo muro sino al confine. Il vicino che intende domandare la comunione deve interpellare preventivamente il proprietario se preferisca di estendere il muro al confine o di procedere alla sua demolizione. Questi deve manifestare la propria volontà entro il termine di giorni quindici e deve procedere alla costruzione o alla demolizione entro sei mesi dal giorno in cui ha comunicato la risposta.
171	Art. 875 Comunione forzosa del muro che non è sul confine	2. Cosa deve fare il vicino prima di domandare la comunione del muro?	Quando il muro si trova a una distanza dal confine minore di un metro e mezzo ovvero a distanza minore della metà di quella stabilita dai regolamenti locali, il vicino può chiedere la comunione del muro soltanto allo scopo di fabbricare contro il muro stesso, pagando, oltre il valore della metà del muro, il valore del suolo da occupare con la nuova fabbrica, salvo che il proprietario preferisca estendere il suo muro sino al confine. Il vicino che intende domandare la comunione deve interpellare preventivamente il proprietario se preferisca di estendere il muro al confine o di procedere alla sua demolizione. Questi deve manifestare la propria volontà entro il termine di giorni quindici e deve procedere alla costruzione o alla demolizione entro sei mesi dal giorno in cui ha comunicato la risposta.
172	Art. 875 Comunione forzosa del muro che non è sul confine	3. Quali sono i termini entro cui il proprietario deve manifestare la propria volontà e procedere alla costruzione o demolizione del muro?	Quando il muro si trova a una distanza dal confine minore di un metro e mezzo ovvero a distanza minore della metà di quella stabilita dai regolamenti locali, il vicino può chiedere la comunione del muro soltanto allo scopo di fabbricare contro il muro stesso, pagando, oltre il valore della metà del muro, il valore del suolo da occupare con la nuova fabbrica, salvo che il proprietario preferisca estendere il suo muro sino al confine. Il vicino che intende domandare la comunione deve interpellare preventivamente il proprietario se preferisca di estendere il muro al confine o di procedere alla sua demolizione. Questi deve manifestare la propria volontà entro il termine di giorni quindici e deve procedere alla costruzione o alla demolizione entro sei mesi dal giorno in cui ha comunicato la risposta.
173	Art. 876 Innesto nel muro sul confine	1. Qual è l'obbligo del vicino se vuole innestare un Capo del proprio muro su un muro esistente sul confine?	Se il vicino vuole servirsi del muro esistente sul confine solo per innestarvi un Capo del proprio muro, non ha l’obbligo di renderlo comune a norma dell’art. 874, ma deve pagare un’indennità per l’innesto.
174	Art. 877 Costruzioni in aderenza	1. Quali sono le condizioni che il vicino deve rispettare per costruire in aderenza sul confine senza chiedere la comunione del muro?	Il vicino, senza chiedere la comunione del muro posto sul confine, può costruire sul confine stesso in aderenza, ma senza appoggiare la sua fabbrica a quella preesistente. Questa norma si applica anche nel caso previsto dall’art. 875; il vicino in tal caso deve pagare soltanto il valore del suolo.
175	Art. 877 Costruzioni in aderenza	2. In che modo si applica la norma relativa alla costruzione in aderenza nel caso previsto dall’art. 875?	Il vicino, senza chiedere la comunione del muro posto sul confine, può costruire sul confine stesso in aderenza, ma senza appoggiare la sua fabbrica a quella preesistente. Questa norma si applica anche nel caso previsto dall’art. 875; il vicino in tal caso deve pagare soltanto il valore del suolo.
176	Art. 877 Costruzioni in aderenza	3. Quale costo deve sostenere il vicino quando costruisce in aderenza sul confine secondo la norma descritta?	Il vicino, senza chiedere la comunione del muro posto sul confine, può costruire sul confine stesso in aderenza, ma senza appoggiare la sua fabbrica a quella preesistente. Questa norma si applica anche nel caso previsto dall’art. 875; il vicino in tal caso deve pagare soltanto il valore del suolo.
177	Art. 878 Muro di cinta	1. Quali sono le condizioni affinché un muro di cinta possa essere reso comune a scopo d'appoggio?	Il muro di cinta e ogni altro muro isolato che non abbia un’altezza superiore ai tre metri non è considerato per il computo della distanza indicata dall’art. 873. Esso, quando è posto sul confine, può essere reso comune anche a scopo d’appoggio, purché non preesista al di là un edificio a distanza inferiore ai tre metri.
178	Art. 878 Muro di cinta	2. Qual è l'altezza massima che un muro isolato può avere per non essere considerato nel computo della distanza indicata dall'art. 873?	Il muro di cinta e ogni altro muro isolato che non abbia un’altezza superiore ai tre metri non è considerato per il computo della distanza indicata dall’art. 873. Esso, quando è posto sul confine, può essere reso comune anche a scopo d’appoggio, purché non preesista al di là un edificio a distanza inferiore ai tre metri.
179	Art. 879 Edifici non soggetti all’obbligo delle distanze o a comunione forzosa	1. Quali edifici non sono soggetti alla comunione forzosa secondo il testo?	Alla comunione forzosa non sono soggetti gli edifici appartenenti al demanio pubblico e quelli soggetti allo stesso regime (822 e seguenti), né gli edifici che sono riconosciuti di interesse storico, archeologico o artistico, a norma delle leggi in materia. Il vicino non può neppure usare della facoltà concessa dall’art. 877. Alle costruzioni che si fanno in confine con le piazze e le vie pubbliche non si applicano le norme relative alle distanze, ma devono osservarsi le leggi e i regolamenti che le riguardano.
180	Art. 879 Edifici non soggetti all’obbligo delle distanze o a comunione forzosa	2. Cosa non può fare il vicino in relazione alla facoltà concessa dall'art. 877?	Alla comunione forzosa non sono soggetti gli edifici appartenenti al demanio pubblico e quelli soggetti allo stesso regime (822 e seguenti), né gli edifici che sono riconosciuti di interesse storico, archeologico o artistico, a norma delle leggi in materia. Il vicino non può neppure usare della facoltà concessa dall’art. 877. Alle costruzioni che si fanno in confine con le piazze e le vie pubbliche non si applicano le norme relative alle distanze, ma devono osservarsi le leggi e i regolamenti che le riguardano.
181	Art. 879 Edifici non soggetti all’obbligo delle distanze o a comunione forzosa	3. Quali norme devono essere osservate per le costruzioni in confine con piazze e vie pubbliche?	Alla comunione forzosa non sono soggetti gli edifici appartenenti al demanio pubblico e quelli soggetti allo stesso regime (822 e seguenti), né gli edifici che sono riconosciuti di interesse storico, archeologico o artistico, a norma delle leggi in materia. Il vicino non può neppure usare della facoltà concessa dall’art. 877. Alle costruzioni che si fanno in confine con le piazze e le vie pubbliche non si applicano le norme relative alle distanze, ma devono osservarsi le leggi e i regolamenti che le riguardano.
182	Art. 880 Presunzione di comunione del muro divisorio	1. Fino a quale punto si presume comune il muro che divide edifici con altezze ineguali?	Il muro che serve di divisione tra edifici si presume comune fino alla sua sommità e, in caso di altezze ineguali, fino al punto in cui uno degli edifici comincia ad essere più alto. Si presume parimenti comune il muro che serve di divisione tra cortili, giardini e orti o tra recinti nei campi.
183	Art. 880 Presunzione di comunione del muro divisorio	2. Quali tipi di divisioni si presumono comuni oltre ai muri tra edifici?	Il muro che serve di divisione tra edifici si presume comune fino alla sua sommità e, in caso di altezze ineguali, fino al punto in cui uno degli edifici comincia ad essere più alto. Si presume parimenti comune il muro che serve di divisione tra cortili, giardini e orti o tra recinti nei campi.
184	Art. 881 Presunzione di proprietà esclusiva del muro divisorio	1. Qual è il criterio principale per determinare a chi appartiene il muro divisorio tra due fondi?	Si presume che il muro divisorio tra i campi, cortili, giardini od orti appartenga al proprietario del fondo verso il quale esiste il piovente e in ragione del piovente medesimo. Se esistono sporti, come cornicioni, mensole e simili, o vani che si addentrano oltre la metà della grossezza del muro, e gli uni e gli altri risultano costruiti col muro stesso, si presume che questo spetti al proprietario dalla cui parte gli sporti o i vani si presentano, anche se vi sia soltanto qualcuno di tali segni. Se uno o più di essi sono da una parte, e uno o più dalla parte opposta, il muro è reputato comune: in ogni caso la positura del piovente prevale su tutti gli altri indizi.
185	Art. 881 Presunzione di proprietà esclusiva del muro divisorio	2. Come si determina la proprietà del muro se ci sono sporti o vani che si addentrano oltre la metà della grossezza del muro?	Si presume che il muro divisorio tra i campi, cortili, giardini od orti appartenga al proprietario del fondo verso il quale esiste il piovente e in ragione del piovente medesimo. Se esistono sporti, come cornicioni, mensole e simili, o vani che si addentrano oltre la metà della grossezza del muro, e gli uni e gli altri risultano costruiti col muro stesso, si presume che questo spetti al proprietario dalla cui parte gli sporti o i vani si presentano, anche se vi sia soltanto qualcuno di tali segni. Se uno o più di essi sono da una parte, e uno o più dalla parte opposta, il muro è reputato comune: in ogni caso la positura del piovente prevale su tutti gli altri indizi.
186	Art. 881 Presunzione di proprietà esclusiva del muro divisorio	3. Cosa succede se ci sono sporti o vani da entrambe le parti del muro?	Si presume che il muro divisorio tra i campi, cortili, giardini od orti appartenga al proprietario del fondo verso il quale esiste il piovente e in ragione del piovente medesimo. Se esistono sporti, come cornicioni, mensole e simili, o vani che si addentrano oltre la metà della grossezza del muro, e gli uni e gli altri risultano costruiti col muro stesso, si presume che questo spetti al proprietario dalla cui parte gli sporti o i vani si presentano, anche se vi sia soltanto qualcuno di tali segni. Se uno o più di essi sono da una parte, e uno o più dalla parte opposta, il muro è reputato comune: in ogni caso la positura del piovente prevale su tutti gli altri indizi.
187	Art. 881 Presunzione di proprietà esclusiva del muro divisorio	4. Quale indizio prevale su tutti gli altri nel determinare la proprietà del muro divisorio?	Si presume che il muro divisorio tra i campi, cortili, giardini od orti appartenga al proprietario del fondo verso il quale esiste il piovente e in ragione del piovente medesimo. Se esistono sporti, come cornicioni, mensole e simili, o vani che si addentrano oltre la metà della grossezza del muro, e gli uni e gli altri risultano costruiti col muro stesso, si presume che questo spetti al proprietario dalla cui parte gli sporti o i vani si presentano, anche se vi sia soltanto qualcuno di tali segni. Se uno o più di essi sono da una parte, e uno o più dalla parte opposta, il muro è reputato comune: in ogni caso la positura del piovente prevale su tutti gli altri indizi.
188	Art. 882 Riparazioni del muro comune	1. In quali circostanze un comproprietario di un muro comune può esimersi dall'obbligo di contribuire alle spese di riparazione e ricostruzione?	Le riparazioni e le ricostruzioni necessarie del muro comune sono a carico di tutti quelli che vi hanno diritto e in proporzione del diritto di ciascuno, salvo che la spesa sia stata cagionata dal fatto di uno dei partecipanti. Il comproprietario di un muro comune può esimersi dall’obbligo di contribuire nelle spese di riparazione e ricostruzione, rinunziando al diritto di comunione, purché il muro comune non sostenga un edificio di sua spettanza. La rinunzia non libera il rinunziante dall’obbligo delle riparazioni e ricostruzioni a cui abbia dato causa col fatto proprio.
189	Art. 882 Riparazioni del muro comune	2. Cosa accade se la spesa per le riparazioni del muro comune è stata causata dal fatto di uno dei partecipanti?	Le riparazioni e le ricostruzioni necessarie del muro comune sono a carico di tutti quelli che vi hanno diritto e in proporzione del diritto di ciascuno, salvo che la spesa sia stata cagionata dal fatto di uno dei partecipanti. Il comproprietario di un muro comune può esimersi dall’obbligo di contribuire nelle spese di riparazione e ricostruzione, rinunziando al diritto di comunione, purché il muro comune non sostenga un edificio di sua spettanza. La rinunzia non libera il rinunziante dall’obbligo delle riparazioni e ricostruzioni a cui abbia dato causa col fatto proprio.
190	Art. 882 Riparazioni del muro comune	3. La rinunzia al diritto di comunione libera il rinunziante dall'obbligo di riparazioni e ricostruzioni causate dal suo fatto proprio?	Le riparazioni e le ricostruzioni necessarie del muro comune sono a carico di tutti quelli che vi hanno diritto e in proporzione del diritto di ciascuno, salvo che la spesa sia stata cagionata dal fatto di uno dei partecipanti. Il comproprietario di un muro comune può esimersi dall’obbligo di contribuire nelle spese di riparazione e ricostruzione, rinunziando al diritto di comunione, purché il muro comune non sostenga un edificio di sua spettanza. La rinunzia non libera il rinunziante dall’obbligo delle riparazioni e ricostruzioni a cui abbia dato causa col fatto proprio.
191	Art. 883 Abbattimento di edificio appoggiato al muro comune	1. Quali obblighi ha il proprietario che rinuncia alla comunione di un muro comune per demolire un edificio?	Il proprietario che vuole atterrare un edificio sostenuto da un muro comune può rinunziare alla comunione di questo, ma deve farvi le riparazioni e le opere che la demolizione rende necessarie per evitare ogni danno al vicino.
192	Art. 884 Appoggio e immissione di travi e catene nel muro comune	1. Quali sono le condizioni che un comproprietario deve rispettare per immettere travi in un muro comune?	Il comproprietario di un muro comune può fabbricare appoggiandovi le sue costruzioni e può immettervi travi, purché le mantenga a distanza di cinque centimetri dalla superficie opposta, salvo il diritto dell’altro comproprietario di fare accorciare la trave fino alla metà del muro, nel caso in cui egli voglia collocare una trave nello stesso luogo, aprirvi un incavo o appoggiarvi un camino. Il comproprietario può anche attraversare il muro comune con chiavi e catene di rinforzo, mantenendo la stessa distanza. Egli è tenuto in ogni caso a riparare i danni causati dalle opere compiute. Non può fare incavi nel muro comune, ne eseguirvi altra opera che ne comprometta la stabilità o che in altro modo lo danneggi.
193	Art. 884 Appoggio e immissione di travi e catene nel muro comune	2. In quali circostanze un comproprietario può richiedere l'accorciamento di una trave nel muro comune?	Il comproprietario di un muro comune può fabbricare appoggiandovi le sue costruzioni e può immettervi travi, purché le mantenga a distanza di cinque centimetri dalla superficie opposta, salvo il diritto dell’altro comproprietario di fare accorciare la trave fino alla metà del muro, nel caso in cui egli voglia collocare una trave nello stesso luogo, aprirvi un incavo o appoggiarvi un camino. Il comproprietario può anche attraversare il muro comune con chiavi e catene di rinforzo, mantenendo la stessa distanza. Egli è tenuto in ogni caso a riparare i danni causati dalle opere compiute. Non può fare incavi nel muro comune, ne eseguirvi altra opera che ne comprometta la stabilità o che in altro modo lo danneggi.
194	Art. 884 Appoggio e immissione di travi e catene nel muro comune	3. Quali opere sono vietate a un comproprietario per evitare di compromettere la stabilità del muro comune?	Il comproprietario di un muro comune può fabbricare appoggiandovi le sue costruzioni e può immettervi travi, purché le mantenga a distanza di cinque centimetri dalla superficie opposta, salvo il diritto dell’altro comproprietario di fare accorciare la trave fino alla metà del muro, nel caso in cui egli voglia collocare una trave nello stesso luogo, aprirvi un incavo o appoggiarvi un camino. Il comproprietario può anche attraversare il muro comune con chiavi e catene di rinforzo, mantenendo la stessa distanza. Egli è tenuto in ogni caso a riparare i danni causati dalle opere compiute. Non può fare incavi nel muro comune, ne eseguirvi altra opera che ne comprometta la stabilità o che in altro modo lo danneggi.
195	Art. 884 Appoggio e immissione di travi e catene nel muro comune	4. Quali obblighi ha un comproprietario nei confronti dei danni causati dalle opere compiute sul muro comune?	Il comproprietario di un muro comune può fabbricare appoggiandovi le sue costruzioni e può immettervi travi, purché le mantenga a distanza di cinque centimetri dalla superficie opposta, salvo il diritto dell’altro comproprietario di fare accorciare la trave fino alla metà del muro, nel caso in cui egli voglia collocare una trave nello stesso luogo, aprirvi un incavo o appoggiarvi un camino. Il comproprietario può anche attraversare il muro comune con chiavi e catene di rinforzo, mantenendo la stessa distanza. Egli è tenuto in ogni caso a riparare i danni causati dalle opere compiute. Non può fare incavi nel muro comune, ne eseguirvi altra opera che ne comprometta la stabilità o che in altro modo lo danneggi.
196	Art. 885 Innalzamento del muro comune	1. Quali sono le responsabilità di un comproprietario che decide di alzare un muro comune?	Ogni comproprietario può alzare il muro comune, ma sono a suo carico tutte le spese di costruzione e conservazione della parte sopraedificata. Anche questa può dal vicino essere resa comune a norma dell’art. 874. Se il muro non è atto a sostenere la sopraedificazione, colui che l’esegue è tenuto a ricostruirlo o a rinforzarlo a sue spese. Per il maggiore spessore che sia necessario, il muro deve essere costruito sul suolo proprio, salvo che esigenze tecniche impongano di costruirlo su quello del vicino. In entrambi i casi il muro ricostruito o ingrossato resta di proprietà comune, e il vicino deve essere indennizzato di ogni danno prodotto dall’esecuzione delle opere. Nel secondo caso il vicino ha diritto di conseguire anche il valore della metà del suolo occupato per il maggiore spessore. Qualora il vicino voglia acquistare la comunione della parte sopraelevata del muro, si tiene conto, nel calcolare il valore di questa, anche delle spese occorse per la ricostruzione o per il rafforzamento.
197	Art. 885 Innalzamento del muro comune	2. Cosa deve fare un comproprietario se il muro comune non è in grado di sostenere la sopraedificazione?	Ogni comproprietario può alzare il muro comune, ma sono a suo carico tutte le spese di costruzione e conservazione della parte sopraedificata. Anche questa può dal vicino essere resa comune a norma dell’art. 874. Se il muro non è atto a sostenere la sopraedificazione, colui che l’esegue è tenuto a ricostruirlo o a rinforzarlo a sue spese. Per il maggiore spessore che sia necessario, il muro deve essere costruito sul suolo proprio, salvo che esigenze tecniche impongano di costruirlo su quello del vicino. In entrambi i casi il muro ricostruito o ingrossato resta di proprietà comune, e il vicino deve essere indennizzato di ogni danno prodotto dall’esecuzione delle opere. Nel secondo caso il vicino ha diritto di conseguire anche il valore della metà del suolo occupato per il maggiore spessore. Qualora il vicino voglia acquistare la comunione della parte sopraelevata del muro, si tiene conto, nel calcolare il valore di questa, anche delle spese occorse per la ricostruzione o per il rafforzamento.
198	Art. 885 Innalzamento del muro comune	3. In quali circostanze il muro deve essere costruito sul suolo del vicino?	Ogni comproprietario può alzare il muro comune, ma sono a suo carico tutte le spese di costruzione e conservazione della parte sopraedificata. Anche questa può dal vicino essere resa comune a norma dell’art. 874. Se il muro non è atto a sostenere la sopraedificazione, colui che l’esegue è tenuto a ricostruirlo o a rinforzarlo a sue spese. Per il maggiore spessore che sia necessario, il muro deve essere costruito sul suolo proprio, salvo che esigenze tecniche impongano di costruirlo su quello del vicino. In entrambi i casi il muro ricostruito o ingrossato resta di proprietà comune, e il vicino deve essere indennizzato di ogni danno prodotto dall’esecuzione delle opere. Nel secondo caso il vicino ha diritto di conseguire anche il valore della metà del suolo occupato per il maggiore spessore. Qualora il vicino voglia acquistare la comunione della parte sopraelevata del muro, si tiene conto, nel calcolare il valore di questa, anche delle spese occorse per la ricostruzione o per il rafforzamento.
199	Art. 885 Innalzamento del muro comune	4. Cosa accade al muro ricostruito o ingrossato in termini di proprietà?	Ogni comproprietario può alzare il muro comune, ma sono a suo carico tutte le spese di costruzione e conservazione della parte sopraedificata. Anche questa può dal vicino essere resa comune a norma dell’art. 874. Se il muro non è atto a sostenere la sopraedificazione, colui che l’esegue è tenuto a ricostruirlo o a rinforzarlo a sue spese. Per il maggiore spessore che sia necessario, il muro deve essere costruito sul suolo proprio, salvo che esigenze tecniche impongano di costruirlo su quello del vicino. In entrambi i casi il muro ricostruito o ingrossato resta di proprietà comune, e il vicino deve essere indennizzato di ogni danno prodotto dall’esecuzione delle opere. Nel secondo caso il vicino ha diritto di conseguire anche il valore della metà del suolo occupato per il maggiore spessore. Qualora il vicino voglia acquistare la comunione della parte sopraelevata del muro, si tiene conto, nel calcolare il valore di questa, anche delle spese occorse per la ricostruzione o per il rafforzamento.
200	Art. 885 Innalzamento del muro comune	5. Quali diritti ha il vicino se il muro viene costruito sul suo suolo per esigenze tecniche?	Ogni comproprietario può alzare il muro comune, ma sono a suo carico tutte le spese di costruzione e conservazione della parte sopraedificata. Anche questa può dal vicino essere resa comune a norma dell’art. 874. Se il muro non è atto a sostenere la sopraedificazione, colui che l’esegue è tenuto a ricostruirlo o a rinforzarlo a sue spese. Per il maggiore spessore che sia necessario, il muro deve essere costruito sul suolo proprio, salvo che esigenze tecniche impongano di costruirlo su quello del vicino. In entrambi i casi il muro ricostruito o ingrossato resta di proprietà comune, e il vicino deve essere indennizzato di ogni danno prodotto dall’esecuzione delle opere. Nel secondo caso il vicino ha diritto di conseguire anche il valore della metà del suolo occupato per il maggiore spessore. Qualora il vicino voglia acquistare la comunione della parte sopraelevata del muro, si tiene conto, nel calcolare il valore di questa, anche delle spese occorse per la ricostruzione o per il rafforzamento.
201	Art. 885 Innalzamento del muro comune	6. Come si calcola il valore della parte sopraelevata del muro se il vicino desidera acquistare la comunione?	Ogni comproprietario può alzare il muro comune, ma sono a suo carico tutte le spese di costruzione e conservazione della parte sopraedificata. Anche questa può dal vicino essere resa comune a norma dell’art. 874. Se il muro non è atto a sostenere la sopraedificazione, colui che l’esegue è tenuto a ricostruirlo o a rinforzarlo a sue spese. Per il maggiore spessore che sia necessario, il muro deve essere costruito sul suolo proprio, salvo che esigenze tecniche impongano di costruirlo su quello del vicino. In entrambi i casi il muro ricostruito o ingrossato resta di proprietà comune, e il vicino deve essere indennizzato di ogni danno prodotto dall’esecuzione delle opere. Nel secondo caso il vicino ha diritto di conseguire anche il valore della metà del suolo occupato per il maggiore spessore. Qualora il vicino voglia acquistare la comunione della parte sopraelevata del muro, si tiene conto, nel calcolare il valore di questa, anche delle spese occorse per la ricostruzione o per il rafforzamento.
202	Art. 885 Innalzamento del muro comune	7. Quali spese devono essere considerate nel calcolo del valore della parte sopraelevata del muro?	Ogni comproprietario può alzare il muro comune, ma sono a suo carico tutte le spese di costruzione e conservazione della parte sopraedificata. Anche questa può dal vicino essere resa comune a norma dell’art. 874. Se il muro non è atto a sostenere la sopraedificazione, colui che l’esegue è tenuto a ricostruirlo o a rinforzarlo a sue spese. Per il maggiore spessore che sia necessario, il muro deve essere costruito sul suolo proprio, salvo che esigenze tecniche impongano di costruirlo su quello del vicino. In entrambi i casi il muro ricostruito o ingrossato resta di proprietà comune, e il vicino deve essere indennizzato di ogni danno prodotto dall’esecuzione delle opere. Nel secondo caso il vicino ha diritto di conseguire anche il valore della metà del suolo occupato per il maggiore spessore. Qualora il vicino voglia acquistare la comunione della parte sopraelevata del muro, si tiene conto, nel calcolare il valore di questa, anche delle spese occorse per la ricostruzione o per il rafforzamento.
203	Art. 886 Costruzione del muro di cinta	1. Quali sono le condizioni in cui un vicino può essere costretto a contribuire per metà nella spesa di costruzione dei muri di cinta?	Ciascuno può costringere il vicino a contribuire per metà nella spesa di costruzione dei muri di cinta che separano le rispettive case, i cortili e i giardini posti negli abitati. L’altezza di essi, se non è diversamente determinata dai regolamenti locali o dalla convenzione, deve essere di tre metri.
204	Art. 886 Costruzione del muro di cinta	2. Qual è l'altezza standard dei muri di cinta se non diversamente specificato dai regolamenti locali o da una convenzione?	Ciascuno può costringere il vicino a contribuire per metà nella spesa di costruzione dei muri di cinta che separano le rispettive case, i cortili e i giardini posti negli abitati. L’altezza di essi, se non è diversamente determinata dai regolamenti locali o dalla convenzione, deve essere di tre metri.
205	Art. 887 Fondi a dislivello negli abitati	1. Quali sono le responsabilità del proprietario del fondo superiore riguardo alle spese di costruzione e conservazione del muro?	Se di due fondi posti negli abitati uno è superiore e l’altro inferiore, il proprietario del fondo superiore deve sopportare per intero le spese di costruzione e conservazione del muro dalle fondamenta all’altezza del proprio suolo, ed entrambi i proprietari devono contribuire per tutta la restante altezza. Il muro deve essere costruito per metà sul terreno del fondo inferiore e per metà sul terreno del fondo superiore.
206	Art. 887 Fondi a dislivello negli abitati	2. Come devono essere suddivise le spese per la costruzione del muro tra i proprietari dei fondi superiore e inferiore?	Se di due fondi posti negli abitati uno è superiore e l’altro inferiore, il proprietario del fondo superiore deve sopportare per intero le spese di costruzione e conservazione del muro dalle fondamenta all’altezza del proprio suolo, ed entrambi i proprietari devono contribuire per tutta la restante altezza. Il muro deve essere costruito per metà sul terreno del fondo inferiore e per metà sul terreno del fondo superiore.
207	Art. 888 Esonero dal contributo nelle spese	1. Quali sono le condizioni affinché un vicino possa esimersi dal contribuire alle spese di costruzione del muro di cinta o divisorio?	Il vicino si può esimere dal contribuire nelle spese di costruzione del muro di cinta o divisorio, cedendo, senza diritto a compenso, la metà del terreno su cui il muro di separazione deve essere costruito. In tal caso il muro è di proprietà di colui che l’ha costruito, salva la facoltà del vicino di renderlo comune ai sensi dell’art. 874, senza obbligo però di pagare la metà del valore del suolo su cui il muro è stato costruito.
208	Art. 888 Esonero dal contributo nelle spese	2. In che modo un vicino può rendere comune un muro di separazione già costruito, secondo l'articolo 874?	Il vicino si può esimere dal contribuire nelle spese di costruzione del muro di cinta o divisorio, cedendo, senza diritto a compenso, la metà del terreno su cui il muro di separazione deve essere costruito. In tal caso il muro è di proprietà di colui che l’ha costruito, salva la facoltà del vicino di renderlo comune ai sensi dell’art. 874, senza obbligo però di pagare la metà del valore del suolo su cui il muro è stato costruito.
209	Art. 889 Distanze per pozzi, cisterne, fosse e tubi	1. Qual è la distanza minima richiesta tra il confine e il punto più vicino del perimetro interno di pozzi, cisterne, fosse di latrina o di concime?	Chi vuole aprire pozzi, cisterne, fosse di latrina o di concime presso il confine, anche se su questo si trova un muro divisorio, deve osservare la distanza di almeno due metri tra il confine e il punto più vicino del perimetro interno delle opere predette. Per i tubi d’acqua pura o lurida, per quelli di gas e simili e loro diramazioni deve osservarsi la distanza di almeno un metro dal confine. Sono salve in ogni caso le disposizioni dei regolamenti locali.
210	Art. 889 Distanze per pozzi, cisterne, fosse e tubi	2. Qual è la distanza minima che deve essere osservata per i tubi d’acqua pura o lurida e per quelli di gas rispetto al confine?	Chi vuole aprire pozzi, cisterne, fosse di latrina o di concime presso il confine, anche se su questo si trova un muro divisorio, deve osservare la distanza di almeno due metri tra il confine e il punto più vicino del perimetro interno delle opere predette. Per i tubi d’acqua pura o lurida, per quelli di gas e simili e loro diramazioni deve osservarsi la distanza di almeno un metro dal confine. Sono salve in ogni caso le disposizioni dei regolamenti locali.
211	Art. 889 Distanze per pozzi, cisterne, fosse e tubi	3. Le disposizioni dei regolamenti locali possono influire sulle distanze minime da osservare per le opere descritte nel testo?	Chi vuole aprire pozzi, cisterne, fosse di latrina o di concime presso il confine, anche se su questo si trova un muro divisorio, deve osservare la distanza di almeno due metri tra il confine e il punto più vicino del perimetro interno delle opere predette. Per i tubi d’acqua pura o lurida, per quelli di gas e simili e loro diramazioni deve osservarsi la distanza di almeno un metro dal confine. Sono salve in ogni caso le disposizioni dei regolamenti locali.
212	Art. 890 Distanze per fabbriche e depositi nocivi o pericolosi	1. Quali tipi di costruzioni o installazioni richiedono l'osservanza delle distanze stabilite dai regolamenti presso il confine?	Chi presso il confine, anche se su questo si trova un muro divisorio, vuole fabbricare forni, camini, magazzini di sale, stalle e simili, o vuol collocare materie umide o esplodenti o in altro modo nocive, ovvero impiantare macchinari, per i quali può sorgere pericolo di danni, deve osservare le distanze stabilite dai regolamenti e, in mancanza, quelle necessarie a preservare i fondi vicini da ogni danno alla solidità, salubrità e sicurezza (Cod. Pen. 675).
213	Art. 891 Distanze per canali e fossi	1. Quali regolamenti devono essere osservati per scavare fossi o canali presso il confine se non ci sono disposizioni locali specifiche?	Chi vuole scavare fossi o canali presso il confine, se non dispongono in modo diverso i regolamenti locali, deve osservare una distanza eguale alla profondità del fosso o canale. La distanza si misura dal confine al ciglio della sponda più vicina, la quale deve essere a scarpa naturale ovvero munita di opere di sostegno. Se il confine si trova in un fosso comune o in una via privata, la distanza si misura da ciglio a ciglio o dal ciglio al lembo esteriore della via.
214	Art. 891 Distanze per canali e fossi	2. Come si misura la distanza richiesta per scavare un fosso o canale rispetto al confine?	Chi vuole scavare fossi o canali presso il confine, se non dispongono in modo diverso i regolamenti locali, deve osservare una distanza eguale alla profondità del fosso o canale. La distanza si misura dal confine al ciglio della sponda più vicina, la quale deve essere a scarpa naturale ovvero munita di opere di sostegno. Se il confine si trova in un fosso comune o in una via privata, la distanza si misura da ciglio a ciglio o dal ciglio al lembo esteriore della via.
215	Art. 891 Distanze per canali e fossi	3. In che modo cambia la misurazione della distanza se il confine si trova in un fosso comune o in una via privata?	Chi vuole scavare fossi o canali presso il confine, se non dispongono in modo diverso i regolamenti locali, deve osservare una distanza eguale alla profondità del fosso o canale. La distanza si misura dal confine al ciglio della sponda più vicina, la quale deve essere a scarpa naturale ovvero munita di opere di sostegno. Se il confine si trova in un fosso comune o in una via privata, la distanza si misura da ciglio a ciglio o dal ciglio al lembo esteriore della via.
216	Art. 892 Distanze per gli alberi	1. Quali distanze devono essere osservate per piantare alberi di alto fusto presso il confine?	Chi vuol piantare alberi presso il confine deve osservare le distanze stabilite dai regolamenti e, in mancanza, dagli usi locali. Se gli uni e gli altri non dispongono, devono essere osservate le seguenti distanze dal confine: tre metri per gli alberi di alto fusto. Rispetto alle distanze, si considerano alberi di alto fusto quelli il cui fusto, semplice o diviso in rami, sorge ad altezza notevole, come sono i noci, i castagni, le querce, i pini, i cipressi, gli olmi, i pioppi, i platani e simili; un metro e mezzo per gli alberi di non alto fusto. Sono reputati tali quelli il cui fusto, sorto ad altezza non superiore a tre metri, si diffonde in rami; mezzo metro per le viti, gli arbusti, le siepi vive, le piante da frutto di altezza non maggiore di due metri e mezzo. La distanza deve essere però di un metro, qualora le siepi siano di ontano, di castagno o di altre piante simili che si recidono periodicamente vicino al ceppo, e di due metri per le siepi di robinie. La distanza si misura dalla linea del confine alla base esterna del tronco dell’albero nel tempo della piantagione, o dalla linea stessa al luogo dove fu fatta la semina. Le distanze anzidette non si devono osservare se sul confine esiste un muro divisorio, proprio o comune, purché le piante siano tenute ad altezza che non ecceda la sommità del muro.
217	Art. 892 Distanze per gli alberi	2. Come vengono definiti gli alberi di alto fusto secondo il testo?	Chi vuol piantare alberi presso il confine deve osservare le distanze stabilite dai regolamenti e, in mancanza, dagli usi locali. Se gli uni e gli altri non dispongono, devono essere osservate le seguenti distanze dal confine: tre metri per gli alberi di alto fusto. Rispetto alle distanze, si considerano alberi di alto fusto quelli il cui fusto, semplice o diviso in rami, sorge ad altezza notevole, come sono i noci, i castagni, le querce, i pini, i cipressi, gli olmi, i pioppi, i platani e simili; un metro e mezzo per gli alberi di non alto fusto. Sono reputati tali quelli il cui fusto, sorto ad altezza non superiore a tre metri, si diffonde in rami; mezzo metro per le viti, gli arbusti, le siepi vive, le piante da frutto di altezza non maggiore di due metri e mezzo. La distanza deve essere però di un metro, qualora le siepi siano di ontano, di castagno o di altre piante simili che si recidono periodicamente vicino al ceppo, e di due metri per le siepi di robinie. La distanza si misura dalla linea del confine alla base esterna del tronco dell’albero nel tempo della piantagione, o dalla linea stessa al luogo dove fu fatta la semina. Le distanze anzidette non si devono osservare se sul confine esiste un muro divisorio, proprio o comune, purché le piante siano tenute ad altezza che non ecceda la sommità del muro.
218	Art. 892 Distanze per gli alberi	3. Qual è la distanza minima richiesta per piantare alberi di non alto fusto vicino al confine?	Chi vuol piantare alberi presso il confine deve osservare le distanze stabilite dai regolamenti e, in mancanza, dagli usi locali. Se gli uni e gli altri non dispongono, devono essere osservate le seguenti distanze dal confine: tre metri per gli alberi di alto fusto. Rispetto alle distanze, si considerano alberi di alto fusto quelli il cui fusto, semplice o diviso in rami, sorge ad altezza notevole, come sono i noci, i castagni, le querce, i pini, i cipressi, gli olmi, i pioppi, i platani e simili; un metro e mezzo per gli alberi di non alto fusto. Sono reputati tali quelli il cui fusto, sorto ad altezza non superiore a tre metri, si diffonde in rami; mezzo metro per le viti, gli arbusti, le siepi vive, le piante da frutto di altezza non maggiore di due metri e mezzo. La distanza deve essere però di un metro, qualora le siepi siano di ontano, di castagno o di altre piante simili che si recidono periodicamente vicino al ceppo, e di due metri per le siepi di robinie. La distanza si misura dalla linea del confine alla base esterna del tronco dell’albero nel tempo della piantagione, o dalla linea stessa al luogo dove fu fatta la semina. Le distanze anzidette non si devono osservare se sul confine esiste un muro divisorio, proprio o comune, purché le piante siano tenute ad altezza che non ecceda la sommità del muro.
219	Art. 892 Distanze per gli alberi	4. Quali sono le distanze da rispettare per piantare viti, arbusti e siepi vive?	Chi vuol piantare alberi presso il confine deve osservare le distanze stabilite dai regolamenti e, in mancanza, dagli usi locali. Se gli uni e gli altri non dispongono, devono essere osservate le seguenti distanze dal confine: tre metri per gli alberi di alto fusto. Rispetto alle distanze, si considerano alberi di alto fusto quelli il cui fusto, semplice o diviso in rami, sorge ad altezza notevole, come sono i noci, i castagni, le querce, i pini, i cipressi, gli olmi, i pioppi, i platani e simili; un metro e mezzo per gli alberi di non alto fusto. Sono reputati tali quelli il cui fusto, sorto ad altezza non superiore a tre metri, si diffonde in rami; mezzo metro per le viti, gli arbusti, le siepi vive, le piante da frutto di altezza non maggiore di due metri e mezzo. La distanza deve essere però di un metro, qualora le siepi siano di ontano, di castagno o di altre piante simili che si recidono periodicamente vicino al ceppo, e di due metri per le siepi di robinie. La distanza si misura dalla linea del confine alla base esterna del tronco dell’albero nel tempo della piantagione, o dalla linea stessa al luogo dove fu fatta la semina. Le distanze anzidette non si devono osservare se sul confine esiste un muro divisorio, proprio o comune, purché le piante siano tenute ad altezza che non ecceda la sommità del muro.
220	Art. 892 Distanze per gli alberi	5. In quali casi la distanza per le siepi deve essere di un metro?	Chi vuol piantare alberi presso il confine deve osservare le distanze stabilite dai regolamenti e, in mancanza, dagli usi locali. Se gli uni e gli altri non dispongono, devono essere osservate le seguenti distanze dal confine: tre metri per gli alberi di alto fusto. Rispetto alle distanze, si considerano alberi di alto fusto quelli il cui fusto, semplice o diviso in rami, sorge ad altezza notevole, come sono i noci, i castagni, le querce, i pini, i cipressi, gli olmi, i pioppi, i platani e simili; un metro e mezzo per gli alberi di non alto fusto. Sono reputati tali quelli il cui fusto, sorto ad altezza non superiore a tre metri, si diffonde in rami; mezzo metro per le viti, gli arbusti, le siepi vive, le piante da frutto di altezza non maggiore di due metri e mezzo. La distanza deve essere però di un metro, qualora le siepi siano di ontano, di castagno o di altre piante simili che si recidono periodicamente vicino al ceppo, e di due metri per le siepi di robinie. La distanza si misura dalla linea del confine alla base esterna del tronco dell’albero nel tempo della piantagione, o dalla linea stessa al luogo dove fu fatta la semina. Le distanze anzidette non si devono osservare se sul confine esiste un muro divisorio, proprio o comune, purché le piante siano tenute ad altezza che non ecceda la sommità del muro.
221	Art. 892 Distanze per gli alberi	6. Qual è la distanza richiesta per le siepi di robinie?	Chi vuol piantare alberi presso il confine deve osservare le distanze stabilite dai regolamenti e, in mancanza, dagli usi locali. Se gli uni e gli altri non dispongono, devono essere osservate le seguenti distanze dal confine: tre metri per gli alberi di alto fusto. Rispetto alle distanze, si considerano alberi di alto fusto quelli il cui fusto, semplice o diviso in rami, sorge ad altezza notevole, come sono i noci, i castagni, le querce, i pini, i cipressi, gli olmi, i pioppi, i platani e simili; un metro e mezzo per gli alberi di non alto fusto. Sono reputati tali quelli il cui fusto, sorto ad altezza non superiore a tre metri, si diffonde in rami; mezzo metro per le viti, gli arbusti, le siepi vive, le piante da frutto di altezza non maggiore di due metri e mezzo. La distanza deve essere però di un metro, qualora le siepi siano di ontano, di castagno o di altre piante simili che si recidono periodicamente vicino al ceppo, e di due metri per le siepi di robinie. La distanza si misura dalla linea del confine alla base esterna del tronco dell’albero nel tempo della piantagione, o dalla linea stessa al luogo dove fu fatta la semina. Le distanze anzidette non si devono osservare se sul confine esiste un muro divisorio, proprio o comune, purché le piante siano tenute ad altezza che non ecceda la sommità del muro.
222	Art. 892 Distanze per gli alberi	7. Come si misura la distanza dal confine per la piantagione di alberi?	Chi vuol piantare alberi presso il confine deve osservare le distanze stabilite dai regolamenti e, in mancanza, dagli usi locali. Se gli uni e gli altri non dispongono, devono essere osservate le seguenti distanze dal confine: tre metri per gli alberi di alto fusto. Rispetto alle distanze, si considerano alberi di alto fusto quelli il cui fusto, semplice o diviso in rami, sorge ad altezza notevole, come sono i noci, i castagni, le querce, i pini, i cipressi, gli olmi, i pioppi, i platani e simili; un metro e mezzo per gli alberi di non alto fusto. Sono reputati tali quelli il cui fusto, sorto ad altezza non superiore a tre metri, si diffonde in rami; mezzo metro per le viti, gli arbusti, le siepi vive, le piante da frutto di altezza non maggiore di due metri e mezzo. La distanza deve essere però di un metro, qualora le siepi siano di ontano, di castagno o di altre piante simili che si recidono periodicamente vicino al ceppo, e di due metri per le siepi di robinie. La distanza si misura dalla linea del confine alla base esterna del tronco dell’albero nel tempo della piantagione, o dalla linea stessa al luogo dove fu fatta la semina. Le distanze anzidette non si devono osservare se sul confine esiste un muro divisorio, proprio o comune, purché le piante siano tenute ad altezza che non ecceda la sommità del muro.
223	Art. 892 Distanze per gli alberi	8. Quando non è necessario rispettare le distanze indicate per la piantagione di alberi?	Chi vuol piantare alberi presso il confine deve osservare le distanze stabilite dai regolamenti e, in mancanza, dagli usi locali. Se gli uni e gli altri non dispongono, devono essere osservate le seguenti distanze dal confine: tre metri per gli alberi di alto fusto. Rispetto alle distanze, si considerano alberi di alto fusto quelli il cui fusto, semplice o diviso in rami, sorge ad altezza notevole, come sono i noci, i castagni, le querce, i pini, i cipressi, gli olmi, i pioppi, i platani e simili; un metro e mezzo per gli alberi di non alto fusto. Sono reputati tali quelli il cui fusto, sorto ad altezza non superiore a tre metri, si diffonde in rami; mezzo metro per le viti, gli arbusti, le siepi vive, le piante da frutto di altezza non maggiore di due metri e mezzo. La distanza deve essere però di un metro, qualora le siepi siano di ontano, di castagno o di altre piante simili che si recidono periodicamente vicino al ceppo, e di due metri per le siepi di robinie. La distanza si misura dalla linea del confine alla base esterna del tronco dell’albero nel tempo della piantagione, o dalla linea stessa al luogo dove fu fatta la semina. Le distanze anzidette non si devono osservare se sul confine esiste un muro divisorio, proprio o comune, purché le piante siano tenute ad altezza che non ecceda la sommità del muro.
224	Art. 892 Distanze per gli alberi	9. Quali sono alcuni esempi di alberi di alto fusto menzionati nel testo?	Chi vuol piantare alberi presso il confine deve osservare le distanze stabilite dai regolamenti e, in mancanza, dagli usi locali. Se gli uni e gli altri non dispongono, devono essere osservate le seguenti distanze dal confine: tre metri per gli alberi di alto fusto. Rispetto alle distanze, si considerano alberi di alto fusto quelli il cui fusto, semplice o diviso in rami, sorge ad altezza notevole, come sono i noci, i castagni, le querce, i pini, i cipressi, gli olmi, i pioppi, i platani e simili; un metro e mezzo per gli alberi di non alto fusto. Sono reputati tali quelli il cui fusto, sorto ad altezza non superiore a tre metri, si diffonde in rami; mezzo metro per le viti, gli arbusti, le siepi vive, le piante da frutto di altezza non maggiore di due metri e mezzo. La distanza deve essere però di un metro, qualora le siepi siano di ontano, di castagno o di altre piante simili che si recidono periodicamente vicino al ceppo, e di due metri per le siepi di robinie. La distanza si misura dalla linea del confine alla base esterna del tronco dell’albero nel tempo della piantagione, o dalla linea stessa al luogo dove fu fatta la semina. Le distanze anzidette non si devono osservare se sul confine esiste un muro divisorio, proprio o comune, purché le piante siano tenute ad altezza che non ecceda la sommità del muro.
225	Art. 892 Distanze per gli alberi	10. Qual è l'altezza massima consentita per le piante sul confine se esiste un muro divisorio?	Chi vuol piantare alberi presso il confine deve osservare le distanze stabilite dai regolamenti e, in mancanza, dagli usi locali. Se gli uni e gli altri non dispongono, devono essere osservate le seguenti distanze dal confine: tre metri per gli alberi di alto fusto. Rispetto alle distanze, si considerano alberi di alto fusto quelli il cui fusto, semplice o diviso in rami, sorge ad altezza notevole, come sono i noci, i castagni, le querce, i pini, i cipressi, gli olmi, i pioppi, i platani e simili; un metro e mezzo per gli alberi di non alto fusto. Sono reputati tali quelli il cui fusto, sorto ad altezza non superiore a tre metri, si diffonde in rami; mezzo metro per le viti, gli arbusti, le siepi vive, le piante da frutto di altezza non maggiore di due metri e mezzo. La distanza deve essere però di un metro, qualora le siepi siano di ontano, di castagno o di altre piante simili che si recidono periodicamente vicino al ceppo, e di due metri per le siepi di robinie. La distanza si misura dalla linea del confine alla base esterna del tronco dell’albero nel tempo della piantagione, o dalla linea stessa al luogo dove fu fatta la semina. Le distanze anzidette non si devono osservare se sul confine esiste un muro divisorio, proprio o comune, purché le piante siano tenute ad altezza che non ecceda la sommità del muro.
226	Art. 893 Alberi presso strade, canali e sul confine di boschi	1. Quali regolamenti o usi locali si applicano agli alberi piantati lungo le strade di proprietà privata?	Per gli alberi che nascono o si piantano nei boschi, sul confine con terreni non boschivi, o lungo le strade o le sponde dei canali, si osservano, trattandosi di boschi, canali e strade di proprietà privata, i regolamenti e, in mancanza, gli usi locali. Se gli uni e gli altri non dispongono, si osserva no le distanze prescritte dall’articolo precedente.
227	Art. 893 Alberi presso strade, canali e sul confine di boschi	2. Cosa si osserva se non ci sono regolamenti o usi locali per gli alberi piantati nei boschi al confine con terreni non boschivi?	Per gli alberi che nascono o si piantano nei boschi, sul confine con terreni non boschivi, o lungo le strade o le sponde dei canali, si osservano, trattandosi di boschi, canali e strade di proprietà privata, i regolamenti e, in mancanza, gli usi locali. Se gli uni e gli altri non dispongono, si osserva no le distanze prescritte dall’articolo precedente.
228	Art. 894 Alberi a distanza non legale	1. Quali sono le distanze minime indicate dagli articoli precedenti per la piantumazione di alberi e siepi?	Il vicino può esigere che si estirpino gli alberi e le siepi che sono piantati o nascono a distanza minore di quelle indicate dagli articoli precedenti.
229	Art. 895 Divieto di ripiantare alberi a distanza non legale	1. Cosa accade se un albero, per il quale si è acquistato il diritto di tenerlo a una distanza minore da quella legale, muore o viene abbattuto?	Se si è acquistato il diritto di tenere alberi a distanza minore di quelle sopra indicate, e l’albero muore o viene reciso o abbattuto, il vicino non può sostituirlo, se non osservando la distanza legale. La disposizione non si applica quando gli alberi fanno parte di un filare situato lungo il confine.
230	Art. 895 Divieto di ripiantare alberi a distanza non legale	2. In quale circostanza la disposizione sulla distanza legale degli alberi non si applica?	Se si è acquistato il diritto di tenere alberi a distanza minore di quelle sopra indicate, e l’albero muore o viene reciso o abbattuto, il vicino non può sostituirlo, se non osservando la distanza legale. La disposizione non si applica quando gli alberi fanno parte di un filare situato lungo il confine.
231	Art. 896 Recisione di rami protesi e di radici	1. In quali circostanze un proprietario può costringere il vicino a tagliare i rami degli alberi che si protendono sul suo fondo?	Quegli sul cui fondo si protendono i rami degli alberi del vicino può in qualunque tempo costringerlo a tagliarli, e può egli stesso tagliare le radici che si addentrano nel suo fondo, salvi però in ambedue i casi i regolamenti e gli usi locali. Se gli usi locali non dispongono diversamente, i frutti naturalmente caduti dai rami protesi sul fondo del vicino appartengono al proprietario del fondo su cui sono caduti. Se a norma degli usi locali i frutti appartengono al proprietario dell’albero, per la raccolta di essi si applica il disposto dell’art. 843.
232	Art. 896 Recisione di rami protesi e di radici	2. A chi appartengono i frutti naturalmente caduti dai rami protesi sul fondo del vicino, in assenza di disposizioni diverse negli usi locali?	Quegli sul cui fondo si protendono i rami degli alberi del vicino può in qualunque tempo costringerlo a tagliarli, e può egli stesso tagliare le radici che si addentrano nel suo fondo, salvi però in ambedue i casi i regolamenti e gli usi locali. Se gli usi locali non dispongono diversamente, i frutti naturalmente caduti dai rami protesi sul fondo del vicino appartengono al proprietario del fondo su cui sono caduti. Se a norma degli usi locali i frutti appartengono al proprietario dell’albero, per la raccolta di essi si applica il disposto dell’art. 843.
233	Art. 896 Recisione di rami protesi e di radici	3. Quale articolo si applica per la raccolta dei frutti se gli usi locali stabiliscono che appartengono al proprietario dell'albero?	Quegli sul cui fondo si protendono i rami degli alberi del vicino può in qualunque tempo costringerlo a tagliarli, e può egli stesso tagliare le radici che si addentrano nel suo fondo, salvi però in ambedue i casi i regolamenti e gli usi locali. Se gli usi locali non dispongono diversamente, i frutti naturalmente caduti dai rami protesi sul fondo del vicino appartengono al proprietario del fondo su cui sono caduti. Se a norma degli usi locali i frutti appartengono al proprietario dell’albero, per la raccolta di essi si applica il disposto dell’art. 843.
234	Art. 897 Comunione di fossi	1. Quali sono i criteri per determinare a chi appartiene un fosso interposto tra due fondi?	Ogni fosso interposto tra due fondi si presume comune. Si presume che il fosso appartenga al proprietario che se ne serve per gli scoli delle sue terre, o al proprietario del fondo dalla cui parte è il getto della terra o lo spurgo ammucchiatovi da almeno tre anni. Se uno o più di tali segni sono da una parte e uno o più dalla parte opposta, il fosso si presume comune.
235	Art. 897 Comunione di fossi	2. Cosa accade se i segni di appartenenza del fosso sono presenti da entrambe le parti?	Ogni fosso interposto tra due fondi si presume comune. Si presume che il fosso appartenga al proprietario che se ne serve per gli scoli delle sue terre, o al proprietario del fondo dalla cui parte è il getto della terra o lo spurgo ammucchiatovi da almeno tre anni. Se uno o più di tali segni sono da una parte e uno o più dalla parte opposta, il fosso si presume comune.
236	Art. 897 Comunione di fossi	3. Da quanto tempo deve essere presente il getto della terra o lo spurgo per presumere l'appartenenza del fosso a un proprietario?	Ogni fosso interposto tra due fondi si presume comune. Si presume che il fosso appartenga al proprietario che se ne serve per gli scoli delle sue terre, o al proprietario del fondo dalla cui parte è il getto della terra o lo spurgo ammucchiatovi da almeno tre anni. Se uno o più di tali segni sono da una parte e uno o più dalla parte opposta, il fosso si presume comune.
237	Art. 898 Comunioni di siepi	1. In quali circostanze una siepe tra due fondi si presume comune e come vengono gestite le spese di manutenzione?	Ogni siepe tra due fondi si presume comune ed e mantenuta a spese comuni, salvo che vi sia termine di confine o altra prova in contrario. Se uno solo dei fondi è recinto, si presume che la siepe appartenga al proprietario del fondo recinto, ovvero di quello dalla cui parte si trova la siepe stessa in relazione ai termini di confine esistenti.
238	Art. 898 Comunioni di siepi	2. Cosa si presume riguardo alla proprietà di una siepe se uno solo dei fondi è recinto?	Ogni siepe tra due fondi si presume comune ed e mantenuta a spese comuni, salvo che vi sia termine di confine o altra prova in contrario. Se uno solo dei fondi è recinto, si presume che la siepe appartenga al proprietario del fondo recinto, ovvero di quello dalla cui parte si trova la siepe stessa in relazione ai termini di confine esistenti.
239	Art. 899 Comunione di alberi	1. Quali sono le condizioni che determinano la presunzione di comunione degli alberi sorgenti sulla linea di confine?	Gli alberi sorgenti nella siepe comune sono comuni. Gli alberi sorgenti sulla linea di confine si presumono comuni, salvo
240	Art. 899 Comunione di alberi	2. In che modo la presunzione di comunione degli alberi sulla linea di confine può essere contestata o superata?	Gli alberi sorgenti nella siepe comune sono comuni. Gli alberi sorgenti sulla linea di confine si presumono comuni, salvo
241	Art. 900 Specie di finestre	1. Qual è la differenza tra luci e vedute o prospetti in relazione alle aperture sul fondo del vicino?	Le finestre o altre aperture sul fondo del vicino sono di due specie: luci, quando danno passaggio alla luce e all’aria, ma non permettono di affacciarsi sul fondo del vicino; vedute o prospetti quando permettono di affacciarsi e di guardare di fronte, obliquamente o lateralmente.
242	Art. 900 Specie di finestre	2. Cosa permettono di fare le vedute o prospetti rispetto alle luci?	Le finestre o altre aperture sul fondo del vicino sono di due specie: luci, quando danno passaggio alla luce e all’aria, ma non permettono di affacciarsi sul fondo del vicino; vedute o prospetti quando permettono di affacciarsi e di guardare di fronte, obliquamente o lateralmente.
243	Art. 901 Luci	1. Quali caratteristiche devono avere le inferriate delle luci che si aprono sul fondo del vicino per garantire la sicurezza?	Le luci che si aprono sul fondo del vicino devono: essere munite di un’inferriata idonea a garantire la sicurezza del vicino e di una grata fissa in metallo le cui maglie non siano maggiori di tre centimetri quadrati; avere il lato inferiore a un’altezza non minore di due metri e mezzo dal pavimento o dal suolo del luogo al quale si vuole dare luce e aria, se esse sono al piano terreno, e non minore di due metri, se sono ai piani superiori; avere il lato inferiore a un’altezza non minore di due metri e mezzo dal suolo del fondo vicino, a meno che si tratti di locale che sia in tutto o in parte a livello inferiore al suolo del vicino e la condizione dei luoghi non consenta di osservare l’altezza stessa.
244	Art. 901 Luci	2. A quale altezza minima devono essere posizionate le luci al piano terreno rispetto al pavimento o al suolo del luogo al quale si vuole dare luce e aria?	Le luci che si aprono sul fondo del vicino devono: essere munite di un’inferriata idonea a garantire la sicurezza del vicino e di una grata fissa in metallo le cui maglie non siano maggiori di tre centimetri quadrati; avere il lato inferiore a un’altezza non minore di due metri e mezzo dal pavimento o dal suolo del luogo al quale si vuole dare luce e aria, se esse sono al piano terreno, e non minore di due metri, se sono ai piani superiori; avere il lato inferiore a un’altezza non minore di due metri e mezzo dal suolo del fondo vicino, a meno che si tratti di locale che sia in tutto o in parte a livello inferiore al suolo del vicino e la condizione dei luoghi non consenta di osservare l’altezza stessa.
245	Art. 901 Luci	3. Qual è l'altezza minima richiesta per il lato inferiore delle luci ai piani superiori rispetto al pavimento o al suolo del luogo al quale si vuole dare luce e aria?	Le luci che si aprono sul fondo del vicino devono: essere munite di un’inferriata idonea a garantire la sicurezza del vicino e di una grata fissa in metallo le cui maglie non siano maggiori di tre centimetri quadrati; avere il lato inferiore a un’altezza non minore di due metri e mezzo dal pavimento o dal suolo del luogo al quale si vuole dare luce e aria, se esse sono al piano terreno, e non minore di due metri, se sono ai piani superiori; avere il lato inferiore a un’altezza non minore di due metri e mezzo dal suolo del fondo vicino, a meno che si tratti di locale che sia in tutto o in parte a livello inferiore al suolo del vicino e la condizione dei luoghi non consenta di osservare l’altezza stessa.
246	Art. 901 Luci	4. In quali circostanze l'altezza minima delle luci rispetto al suolo del fondo vicino può essere inferiore a due metri e mezzo?	Le luci che si aprono sul fondo del vicino devono: essere munite di un’inferriata idonea a garantire la sicurezza del vicino e di una grata fissa in metallo le cui maglie non siano maggiori di tre centimetri quadrati; avere il lato inferiore a un’altezza non minore di due metri e mezzo dal pavimento o dal suolo del luogo al quale si vuole dare luce e aria, se esse sono al piano terreno, e non minore di due metri, se sono ai piani superiori; avere il lato inferiore a un’altezza non minore di due metri e mezzo dal suolo del fondo vicino, a meno che si tratti di locale che sia in tutto o in parte a livello inferiore al suolo del vicino e la condizione dei luoghi non consenta di osservare l’altezza stessa.
247	Art. 902 Apertura priva dei requisiti prescritti per le luci	1. Quali sono le caratteristiche che distinguono una luce da una veduta o un prospetto secondo il testo?	L’apertura che non ha i caratteri di veduta o di prospetto è considerata come luce, anche se non sono state osservate le prescrizioni indicate dall’art. 901. Il vicino ha sempre il diritto di esigere che essa sia resa conforme alle prescrizioni dell’articolo predetto.
248	Art. 902 Apertura priva dei requisiti prescritti per le luci	2. Quali diritti ha il vicino in relazione a un'apertura considerata come luce che non rispetta le prescrizioni dell'art. 901?	L’apertura che non ha i caratteri di veduta o di prospetto è considerata come luce, anche se non sono state osservate le prescrizioni indicate dall’art. 901. Il vicino ha sempre il diritto di esigere che essa sia resa conforme alle prescrizioni dell’articolo predetto.
249	Art. 903 Luci nel muro proprio o nel muro comune	1. Quali sono le condizioni per cui un proprietario può aprire luci su un muro contiguo al fondo altrui?	Le luci possono essere aperte dal proprietario del muro contiguo al fondo altrui. Se il muro è comune (874 e seguenti) nessuno dei proprietari può aprire luci senza il consenso dell’altro; ma chi ha sopraelevato il muro comune può aprirle nella maggiore altezza a cui il vicino non abbia voluto contribuire.
250	Art. 903 Luci nel muro proprio o nel muro comune	2. Cosa accade se il muro è comune e uno dei proprietari desidera aprire luci?	Le luci possono essere aperte dal proprietario del muro contiguo al fondo altrui. Se il muro è comune (874 e seguenti) nessuno dei proprietari può aprire luci senza il consenso dell’altro; ma chi ha sopraelevato il muro comune può aprirle nella maggiore altezza a cui il vicino non abbia voluto contribuire.
251	Art. 903 Luci nel muro proprio o nel muro comune	3. In quale circostanza un proprietario che ha sopraelevato un muro comune può aprire luci senza il consenso dell'altro proprietario?	Le luci possono essere aperte dal proprietario del muro contiguo al fondo altrui. Se il muro è comune (874 e seguenti) nessuno dei proprietari può aprire luci senza il consenso dell’altro; ma chi ha sopraelevato il muro comune può aprirle nella maggiore altezza a cui il vicino non abbia voluto contribuire.
252	Art. 904 Diritto di chiudere le luci	1. In che modo la presenza di luci in un muro influisce sulla possibilità del vicino di acquistare la comunione del muro?	La presenza di luci in un muro non impedisce al vicino di acquistare la comunione del muro medesimo né di costruire in aderenza (874 e seguenti). Chi acquista la comunione del muro non può chiudere le luci se ad esso non appoggia il suo edificio.
253	Art. 904 Diritto di chiudere le luci	2. Quali sono le limitazioni imposte a chi acquista la comunione del muro riguardo alla chiusura delle luci?	La presenza di luci in un muro non impedisce al vicino di acquistare la comunione del muro medesimo né di costruire in aderenza (874 e seguenti). Chi acquista la comunione del muro non può chiudere le luci se ad esso non appoggia il suo edificio.
254	Art. 905 Distanza per l’apertura di vedute dirette e balconi	1. Qual è la distanza minima richiesta tra il fondo del vicino e la faccia esteriore del muro per aprire vedute dirette?	Non si possono aprire vedute dirette verso il fondo chiuso o non chiuso e neppure sopra il tetto del vicino, se tra il fondo di questo e la faccia esteriore del muro in cui si aprono le vedute dirette non vi e la distanza di un metro e mezzo. Non si possono parimenti costruire balconi o altri sporti, terrazze, lastrici solari e simili, muniti di parapetto che permetta di affacciarsi sul fondo del vicino, se non vi e la distanza di un metro e mezzo tra questo fondo e la linea esteriore di dette opere. Il divieto cessa allorquando tra i due fondi vicini vi e una via pubblica.
255	Art. 905 Distanza per l’apertura di vedute dirette e balconi	2. In quali circostanze il divieto di costruire balconi o terrazze che permettano di affacciarsi sul fondo del vicino non si applica?	Non si possono aprire vedute dirette verso il fondo chiuso o non chiuso e neppure sopra il tetto del vicino, se tra il fondo di questo e la faccia esteriore del muro in cui si aprono le vedute dirette non vi e la distanza di un metro e mezzo. Non si possono parimenti costruire balconi o altri sporti, terrazze, lastrici solari e simili, muniti di parapetto che permetta di affacciarsi sul fondo del vicino, se non vi e la distanza di un metro e mezzo tra questo fondo e la linea esteriore di dette opere. Il divieto cessa allorquando tra i due fondi vicini vi e una via pubblica.
256	Art. 905 Distanza per l’apertura di vedute dirette e balconi	3. Quali tipi di costruzioni sono menzionati nel testo come soggetti al rispetto della distanza di un metro e mezzo dal fondo del vicino?	Non si possono aprire vedute dirette verso il fondo chiuso o non chiuso e neppure sopra il tetto del vicino, se tra il fondo di questo e la faccia esteriore del muro in cui si aprono le vedute dirette non vi e la distanza di un metro e mezzo. Non si possono parimenti costruire balconi o altri sporti, terrazze, lastrici solari e simili, muniti di parapetto che permetta di affacciarsi sul fondo del vicino, se non vi e la distanza di un metro e mezzo tra questo fondo e la linea esteriore di dette opere. Il divieto cessa allorquando tra i due fondi vicini vi e una via pubblica.
257	Art. 906 Distanza per l’apertura di vedute laterali od oblique	1. Qual è la distanza minima da rispettare per aprire vedute laterali od oblique sul fondo del vicino?	Non si possono aprire vedute laterali od oblique sul fondo del vicino se non si osserva la distanza di settantacinque centimetri, la quale deve misurarsi dal più vicino lato della finestra o dal più vicino sporto.
258	Art. 907 Distanza delle costruzioni dalle vedute	1. Qual è la distanza minima che il proprietario di un fondo vicino deve rispettare quando costruisce in presenza di vedute dirette?	Quando si e acquistato il diritto di avere vedute dirette verso il fondo vicino (1027 e seguenti), il proprietario di questo non può fabbricare a distanza minore di tre metri, misurata a norma dell’art. 905. Se la veduta diretta forma anche veduta obliqua, la distanza di tre metri deve pure osservarsi dai lati della finestra da cui la veduta obliqua si esercita. Se si vuole appoggiare la nuova costruzione al muro in cui sono le dette vedute dirette od oblique, essa deve arrestarsi almeno a tre metri sotto la loro soglia.
259	Art. 907 Distanza delle costruzioni dalle vedute	2. Come deve essere misurata la distanza di tre metri in caso di vedute oblique?	Quando si e acquistato il diritto di avere vedute dirette verso il fondo vicino (1027 e seguenti), il proprietario di questo non può fabbricare a distanza minore di tre metri, misurata a norma dell’art. 905. Se la veduta diretta forma anche veduta obliqua, la distanza di tre metri deve pure osservarsi dai lati della finestra da cui la veduta obliqua si esercita. Se si vuole appoggiare la nuova costruzione al muro in cui sono le dette vedute dirette od oblique, essa deve arrestarsi almeno a tre metri sotto la loro soglia.
260	Art. 907 Distanza delle costruzioni dalle vedute	3. Quali sono le restrizioni per appoggiare una nuova costruzione al muro con vedute dirette o oblique?	Quando si e acquistato il diritto di avere vedute dirette verso il fondo vicino (1027 e seguenti), il proprietario di questo non può fabbricare a distanza minore di tre metri, misurata a norma dell’art. 905. Se la veduta diretta forma anche veduta obliqua, la distanza di tre metri deve pure osservarsi dai lati della finestra da cui la veduta obliqua si esercita. Se si vuole appoggiare la nuova costruzione al muro in cui sono le dette vedute dirette od oblique, essa deve arrestarsi almeno a tre metri sotto la loro soglia.
261	Art. 908 Scarico delle acque piovane	1. Quali obblighi ha il proprietario riguardo alla costruzione dei tetti per la gestione delle acque piovane?	Il proprietario deve costruire i tetti in maniera che le acque piovane scolino nel suo terreno e non può farle cadere nel fondo del vicino. Se esistono pubblici colatoi, deve provvedere affinché le acque piovane vi siano immesse con gronde o canali. Si osservano in ogni caso i regolamenti locali e le leggi sulla polizia idraulica.
262	Art. 908 Scarico delle acque piovane	2. Cosa deve fare il proprietario se esistono pubblici colatoi per le acque piovane?	Il proprietario deve costruire i tetti in maniera che le acque piovane scolino nel suo terreno e non può farle cadere nel fondo del vicino. Se esistono pubblici colatoi, deve provvedere affinché le acque piovane vi siano immesse con gronde o canali. Si osservano in ogni caso i regolamenti locali e le leggi sulla polizia idraulica.
263	Art. 908 Scarico delle acque piovane	3. Quali normative devono essere osservate dal proprietario nella gestione delle acque piovane?	Il proprietario deve costruire i tetti in maniera che le acque piovane scolino nel suo terreno e non può farle cadere nel fondo del vicino. Se esistono pubblici colatoi, deve provvedere affinché le acque piovane vi siano immesse con gronde o canali. Si osservano in ogni caso i regolamenti locali e le leggi sulla polizia idraulica.
264	Art. 909 Diritto sulle acque esistenti nel fondo	1. Quali sono le condizioni che limitano il diritto del proprietario del suolo di utilizzare le acque esistenti nel suo terreno?	Il proprietario del suolo ha il diritto di utilizzare le acque in esso esistenti, salve le disposizioni delle leggi speciali per le acque pubbliche e per le acque sotterranee. Egli può anche disporne a favore d’altri, qualora non osti il diritto di terzi; ma, dopo essersi servito delle acque, non può divertirle in danno d’altri fondi.
265	Art. 909 Diritto sulle acque esistenti nel fondo	2. In quali circostanze il proprietario del suolo può disporre delle acque a favore di terzi?	Il proprietario del suolo ha il diritto di utilizzare le acque in esso esistenti, salve le disposizioni delle leggi speciali per le acque pubbliche e per le acque sotterranee. Egli può anche disporne a favore d’altri, qualora non osti il diritto di terzi; ma, dopo essersi servito delle acque, non può divertirle in danno d’altri fondi.
266	Art. 909 Diritto sulle acque esistenti nel fondo	3. Cosa non può fare il proprietario del suolo con le acque dopo averle utilizzate?	Il proprietario del suolo ha il diritto di utilizzare le acque in esso esistenti, salve le disposizioni delle leggi speciali per le acque pubbliche e per le acque sotterranee. Egli può anche disporne a favore d’altri, qualora non osti il diritto di terzi; ma, dopo essersi servito delle acque, non può divertirle in danno d’altri fondi.
267	Art. 910 Uso delle acque che limitano o attraversano un fondo	1. Quali sono i diritti del proprietario di un fondo attraversato da un'acqua non pubblica riguardo all'uso di tale acqua?	Il proprietario di un fondo limitato o attraversato da un’acqua non pubblica, che corre naturalmente e sulla quale altri non ha diritto, può, mentre essa trascorre, farne uso per l’irrigazione dei suoi terreni e per l’esercizio delle sue industrie, ma deve restituire le colature e gli avanzi al corso ordinario.
268	Art. 910 Uso delle acque che limitano o attraversano un fondo	2. Cosa deve fare il proprietario dopo aver utilizzato l'acqua per l'irrigazione o per le sue industrie?	Il proprietario di un fondo limitato o attraversato da un’acqua non pubblica, che corre naturalmente e sulla quale altri non ha diritto, può, mentre essa trascorre, farne uso per l’irrigazione dei suoi terreni e per l’esercizio delle sue industrie, ma deve restituire le colature e gli avanzi al corso ordinario.
269	Art. 910 Uso delle acque che limitano o attraversano un fondo	3. In quali condizioni il proprietario può utilizzare l'acqua che attraversa il suo fondo?	Il proprietario di un fondo limitato o attraversato da un’acqua non pubblica, che corre naturalmente e sulla quale altri non ha diritto, può, mentre essa trascorre, farne uso per l’irrigazione dei suoi terreni e per l’esercizio delle sue industrie, ma deve restituire le colature e gli avanzi al corso ordinario.
270	Art. 910 Uso delle acque che limitano o attraversano un fondo	"4. Cosa si intende per ""colature e avanzi"" nel contesto dell'uso dell'acqua da parte del proprietario del fondo?"	Il proprietario di un fondo limitato o attraversato da un’acqua non pubblica, che corre naturalmente e sulla quale altri non ha diritto, può, mentre essa trascorre, farne uso per l’irrigazione dei suoi terreni e per l’esercizio delle sue industrie, ma deve restituire le colature e gli avanzi al corso ordinario.
271	Art. 910 Uso delle acque che limitano o attraversano un fondo	5. Quali limitazioni sono imposte al proprietario di un fondo riguardo all'acqua non pubblica che lo attraversa?	Il proprietario di un fondo limitato o attraversato da un’acqua non pubblica, che corre naturalmente e sulla quale altri non ha diritto, può, mentre essa trascorre, farne uso per l’irrigazione dei suoi terreni e per l’esercizio delle sue industrie, ma deve restituire le colature e gli avanzi al corso ordinario.
272	Art. 911 Apertura di nuove sorgenti e altre opere	1. Quali opere devono essere eseguite per non recare pregiudizio ai fondi altrui quando si aprono sorgenti o si costruiscono canali?	Chi vuole aprire sorgenti, stabilire capi o aste di fonte e in genere eseguire opere per estrarre acque dal sottosuolo o costruire canali o acquedotti, oppure scavarne, profondarne, o allargarne il letto, aumentarne o diminuirne il pendio o variarne la forma, deve, oltre le distanze stabilite nell’art. 891, osservare le maggiori distanze ed eseguire le opere che siano necessarie per non recare pregiudizio ai fondi altrui, sorgenti, capi o aste di fonte, canali o acquedotti preesistenti e destinati all’irrigazione dei terreni o agli usi domestici o industriali.
273	Art. 911 Apertura di nuove sorgenti e altre opere	2. Quali distanze devono essere osservate oltre a quelle stabilite nell’art. 891 quando si eseguono opere per estrarre acque dal sottosuolo?	Chi vuole aprire sorgenti, stabilire capi o aste di fonte e in genere eseguire opere per estrarre acque dal sottosuolo o costruire canali o acquedotti, oppure scavarne, profondarne, o allargarne il letto, aumentarne o diminuirne il pendio o variarne la forma, deve, oltre le distanze stabilite nell’art. 891, osservare le maggiori distanze ed eseguire le opere che siano necessarie per non recare pregiudizio ai fondi altrui, sorgenti, capi o aste di fonte, canali o acquedotti preesistenti e destinati all’irrigazione dei terreni o agli usi domestici o industriali.
274	Art. 911 Apertura di nuove sorgenti e altre opere	3. Quali sono le condizioni da rispettare per costruire acquedotti senza danneggiare sorgenti o canali preesistenti?	Chi vuole aprire sorgenti, stabilire capi o aste di fonte e in genere eseguire opere per estrarre acque dal sottosuolo o costruire canali o acquedotti, oppure scavarne, profondarne, o allargarne il letto, aumentarne o diminuirne il pendio o variarne la forma, deve, oltre le distanze stabilite nell’art. 891, osservare le maggiori distanze ed eseguire le opere che siano necessarie per non recare pregiudizio ai fondi altrui, sorgenti, capi o aste di fonte, canali o acquedotti preesistenti e destinati all’irrigazione dei terreni o agli usi domestici o industriali.
275	Art. 911 Apertura di nuove sorgenti e altre opere	4. Quali usi dei canali o acquedotti preesistenti devono essere considerati per evitare pregiudizi durante la costruzione di nuove opere?	Chi vuole aprire sorgenti, stabilire capi o aste di fonte e in genere eseguire opere per estrarre acque dal sottosuolo o costruire canali o acquedotti, oppure scavarne, profondarne, o allargarne il letto, aumentarne o diminuirne il pendio o variarne la forma, deve, oltre le distanze stabilite nell’art. 891, osservare le maggiori distanze ed eseguire le opere che siano necessarie per non recare pregiudizio ai fondi altrui, sorgenti, capi o aste di fonte, canali o acquedotti preesistenti e destinati all’irrigazione dei terreni o agli usi domestici o industriali.
276	Art. 912 Conciliazione di opposti interessi	1. Quali criteri deve considerare l'autorità giudiziaria quando sorge una controversia tra proprietari riguardo all'uso di un'acqua non pubblica?	Se sorge controversia tra i proprietari a cui un’acqua non pubblica può essere utile, l’autorità giudiziaria deve valutare l’interesse dei singoli proprietari nei loro rapporti e rispetto ai vantaggi che possono derivare all’agricoltura o all’industria dall’uso a cui l’acqua è destinata o si vuol destinare. L’autorità giudiziaria può assegnare un’indennità ai proprietari che sopportino diminuzione del proprio diritto. In tutti i casi devono osservarsi le disposizioni delle leggi sulle acque e sulle opere idrauliche.
277	Art. 912 Conciliazione di opposti interessi	2. In che modo l'autorità giudiziaria può compensare i proprietari che subiscono una diminuzione del proprio diritto a causa dell'uso dell'acqua?	Se sorge controversia tra i proprietari a cui un’acqua non pubblica può essere utile, l’autorità giudiziaria deve valutare l’interesse dei singoli proprietari nei loro rapporti e rispetto ai vantaggi che possono derivare all’agricoltura o all’industria dall’uso a cui l’acqua è destinata o si vuol destinare. L’autorità giudiziaria può assegnare un’indennità ai proprietari che sopportino diminuzione del proprio diritto. In tutti i casi devono osservarsi le disposizioni delle leggi sulle acque e sulle opere idrauliche.
278	Art. 912 Conciliazione di opposti interessi	3. Quali normative devono essere rispettate in caso di controversie sull'uso di acque non pubbliche tra proprietari?	Se sorge controversia tra i proprietari a cui un’acqua non pubblica può essere utile, l’autorità giudiziaria deve valutare l’interesse dei singoli proprietari nei loro rapporti e rispetto ai vantaggi che possono derivare all’agricoltura o all’industria dall’uso a cui l’acqua è destinata o si vuol destinare. L’autorità giudiziaria può assegnare un’indennità ai proprietari che sopportino diminuzione del proprio diritto. In tutti i casi devono osservarsi le disposizioni delle leggi sulle acque e sulle opere idrauliche.
279	Art. 913 Scolo delle acque	1. Quali sono le condizioni in cui il proprietario del fondo inferiore non può impedire lo scolo delle acque provenienti dal fondo superiore?	Il fondo inferiore è soggetto a ricevere le acque che dal fondo più elevato scolano naturalmente, senza che sia intervenuta l’opera dell’uomo. Il proprietario del fondo inferiore non può impedire questo scolo, né il proprietario del fondo superiore può renderlo più gravoso. Se per opere di sistemazione agraria dell’uno o dell’altro fondo si rende necessaria una modificazione del deflusso naturale delle acque, è dovuta un’indennità al proprietario del fondo a cui la modificazione stessa ha recato pregiudizio.
280	Art. 913 Scolo delle acque	2. In quali circostanze il proprietario del fondo superiore non può rendere più gravoso lo scolo delle acque verso il fondo inferiore?	Il fondo inferiore è soggetto a ricevere le acque che dal fondo più elevato scolano naturalmente, senza che sia intervenuta l’opera dell’uomo. Il proprietario del fondo inferiore non può impedire questo scolo, né il proprietario del fondo superiore può renderlo più gravoso. Se per opere di sistemazione agraria dell’uno o dell’altro fondo si rende necessaria una modificazione del deflusso naturale delle acque, è dovuta un’indennità al proprietario del fondo a cui la modificazione stessa ha recato pregiudizio.
281	Art. 913 Scolo delle acque	3. Cosa è dovuto al proprietario del fondo che subisce un pregiudizio a causa della modificazione del deflusso naturale delle acque per opere di sistemazione agraria?	Il fondo inferiore è soggetto a ricevere le acque che dal fondo più elevato scolano naturalmente, senza che sia intervenuta l’opera dell’uomo. Il proprietario del fondo inferiore non può impedire questo scolo, né il proprietario del fondo superiore può renderlo più gravoso. Se per opere di sistemazione agraria dell’uno o dell’altro fondo si rende necessaria una modificazione del deflusso naturale delle acque, è dovuta un’indennità al proprietario del fondo a cui la modificazione stessa ha recato pregiudizio.
282	Art. 914 Consorzi per regolare il deflusso delle acque	1. In quali circostanze l'autorità amministrativa può costituire un consorzio tra i proprietari dei fondi?	Qualora per esigenze della produzione si debba provvedere a opere di sistemazione degli scoli, di soppressione di ristagni o di raccolta di acque, l’autorità amministrativa, su richiesta della maggioranza degli interessati o anche d’ufficio, può costituire un consorzio tra i proprietari dei fondi che traggono beneficio dalle opere stesse. Si applicano a tale consorzio le disposizioni del secondo e del terzo comma dell’art. 921 (863 e seguenti).
283	Art. 914 Consorzi per regolare il deflusso delle acque	2. Quali disposizioni si applicano al consorzio costituito per opere di sistemazione degli scoli e raccolta di acque?	Qualora per esigenze della produzione si debba provvedere a opere di sistemazione degli scoli, di soppressione di ristagni o di raccolta di acque, l’autorità amministrativa, su richiesta della maggioranza degli interessati o anche d’ufficio, può costituire un consorzio tra i proprietari dei fondi che traggono beneficio dalle opere stesse. Si applicano a tale consorzio le disposizioni del secondo e del terzo comma dell’art. 921 (863 e seguenti).
284	Art. 915 Riparazione di sponde e argini	1. Quali sono le condizioni che permettono ai proprietari di intervenire per riparare o costruire nuovi argini o ripari?	Qualora le sponde o gli argini che servivano di ritegno alle acque siano stati in tutto o in parte distrutti o atterrati, ovvero per la naturale variazione del corso delle acque si renda necessario costruire nuovi argini o ripari, e il proprietario del fondo non provveda sollecitamente a ripararli o a costruirli, ciascuno dei proprietari che hanno sofferto o possono ricevere danno può provvedervi, previa autorizzazione del pretore, che provvede in via d’urgenza. Le opere devono essere eseguite in modo che il proprietario del fondo, in cui esse si compiono, non ne subisca danno, eccetto quello temporaneo causato dall’esecuzione delle opere stesse.
285	Art. 915 Riparazione di sponde e argini	2. Quali sono le limitazioni imposte alle opere eseguite dai proprietari per evitare danni al fondo in cui si compiono?	Qualora le sponde o gli argini che servivano di ritegno alle acque siano stati in tutto o in parte distrutti o atterrati, ovvero per la naturale variazione del corso delle acque si renda necessario costruire nuovi argini o ripari, e il proprietario del fondo non provveda sollecitamente a ripararli o a costruirli, ciascuno dei proprietari che hanno sofferto o possono ricevere danno può provvedervi, previa autorizzazione del pretore, che provvede in via d’urgenza. Le opere devono essere eseguite in modo che il proprietario del fondo, in cui esse si compiono, non ne subisca danno, eccetto quello temporaneo causato dall’esecuzione delle opere stesse.
286	Art. 916 Rimozione degli ingombri	1. Quali situazioni richiedono l'applicazione delle disposizioni dell'articolo precedente in relazione a ingombri su superfici di fondi o alvei?	Le disposizioni dell’articolo precedente si applicano anche quando si tratta di togliere un ingombro formatosi sulla superficie di un fondo o in un fosso, rivo, colatoio o altro alveo, a causa di materie in essi impigliate, in modo che le acque danneggino o minaccino di danneggiare i fondi vicini.
287	Art. 916 Rimozione degli ingombri	2. In che modo le materie impigliate possono influire sui fondi vicini secondo il testo?	Le disposizioni dell’articolo precedente si applicano anche quando si tratta di togliere un ingombro formatosi sulla superficie di un fondo o in un fosso, rivo, colatoio o altro alveo, a causa di materie in essi impigliate, in modo che le acque danneggino o minaccino di danneggiare i fondi vicini.
288	Art. 916 Rimozione degli ingombri	3. Quali tipi di alvei sono menzionati nel testo come soggetti alle disposizioni dell'articolo precedente?	Le disposizioni dell’articolo precedente si applicano anche quando si tratta di togliere un ingombro formatosi sulla superficie di un fondo o in un fosso, rivo, colatoio o altro alveo, a causa di materie in essi impigliate, in modo che le acque danneggino o minaccino di danneggiare i fondi vicini.
289	Art. 916 Rimozione degli ingombri	4. Qual è la conseguenza delle acque che danneggiano o minacciano di danneggiare i fondi vicini secondo il testo?	Le disposizioni dell’articolo precedente si applicano anche quando si tratta di togliere un ingombro formatosi sulla superficie di un fondo o in un fosso, rivo, colatoio o altro alveo, a causa di materie in essi impigliate, in modo che le acque danneggino o minaccino di danneggiare i fondi vicini.
290	Art. 917 Spese per la riparazione, costruzione o rimozione	1. In che modo viene determinata la proporzione della spesa che ciascun proprietario deve contribuire per la conservazione o costruzione delle sponde e degli argini?	Tutti i proprietari, ai quali torna utile che le sponde e gli argini siano conservati o costruiti e gli ingombri rimossi, devono contribuire nella spesa in proporzione del vantaggio che ciascuno ne ritrae. Tuttavia, se la distruzione degli argini, la variazione delle acque o l’ingombro nei loro corsi deriva da colpa di alcuno dei proprietari, le spese di conservazione, di costruzione o di riparazione gravano esclusivamente su di lui, salvo in ogni caso il risarcimento dei danni.
291	Art. 917 Spese per la riparazione, costruzione o rimozione	2. Quali sono le conseguenze per un proprietario se la distruzione degli argini o l'ingombro nei corsi d'acqua è causato dalla sua colpa?	Tutti i proprietari, ai quali torna utile che le sponde e gli argini siano conservati o costruiti e gli ingombri rimossi, devono contribuire nella spesa in proporzione del vantaggio che ciascuno ne ritrae. Tuttavia, se la distruzione degli argini, la variazione delle acque o l’ingombro nei loro corsi deriva da colpa di alcuno dei proprietari, le spese di conservazione, di costruzione o di riparazione gravano esclusivamente su di lui, salvo in ogni caso il risarcimento dei danni.
292	Art. 918 Consorzi volontari	1. Quali sono i requisiti per la costituzione di un consorzio tra proprietari di fondi vicini?	Possono costituirsi in consorzio i proprietari di fondi vicini che vogliano riunire e usare in comune le acque defluenti dal medesimo bacino di alimentazione o da bacini contigui. L’adesione degli interessati e il regolamento del consorzio devono risultare da atto scritto. Il regolamento del consorzio è deliberato dalla maggioranza calcolata in base all’estensione dei terreni a cui serve l’acqua.
293	Art. 918 Consorzi volontari	2. In che modo deve essere formalizzata l'adesione degli interessati al consorzio?	Possono costituirsi in consorzio i proprietari di fondi vicini che vogliano riunire e usare in comune le acque defluenti dal medesimo bacino di alimentazione o da bacini contigui. L’adesione degli interessati e il regolamento del consorzio devono risultare da atto scritto. Il regolamento del consorzio è deliberato dalla maggioranza calcolata in base all’estensione dei terreni a cui serve l’acqua.
294	Art. 918 Consorzi volontari	3. Come viene calcolata la maggioranza per deliberare il regolamento del consorzio?	Possono costituirsi in consorzio i proprietari di fondi vicini che vogliano riunire e usare in comune le acque defluenti dal medesimo bacino di alimentazione o da bacini contigui. L’adesione degli interessati e il regolamento del consorzio devono risultare da atto scritto. Il regolamento del consorzio è deliberato dalla maggioranza calcolata in base all’estensione dei terreni a cui serve l’acqua.
295	Art. 919 Scioglimento del consorzio	1. Quali sono le condizioni necessarie per lo scioglimento di un consorzio secondo il testo?	Lo scioglimento del consorzio non ha luogo se non quando è deliberato da una maggioranza eccedente i tre quarti, o quando, potendosi la divisione effettuare senza grave danno, essa è domandata da uno degli interessati.
296	Art. 920 Norme applicabili	1. Quali norme si applicano ai consorzi volontari secondo il testo?	Salvo quanto è disposto dagli articoli precedenti, si applicano ai consorzi volontari ivi indicati le norme stabilite per la comunione (1100 e seguenti).
297	Art. 921 Consorzi coattivi	1. In quali circostanze l'autorità amministrativa può costituire d'ufficio un consorzio secondo l'art. 918?	Nel caso indicato dall’art. 918, il consorzio può anche essere costituito d’ufficio dall’autorità amministrativa, allo scopo di provvedere a una migliore utilizzazione delle acque. Per le forme di costituzione e il funzionamento si osservano le norme stabilite per i consorzi di miglioramento fondiario. Il consorzio può anche procedere all’espropriazione dei singoli diritti, mediante il pagamento delle dovute indennità.
298	Art. 921 Consorzi coattivi	2. Quali norme devono essere osservate per la costituzione e il funzionamento del consorzio menzionato nell'art. 918?	Nel caso indicato dall’art. 918, il consorzio può anche essere costituito d’ufficio dall’autorità amministrativa, allo scopo di provvedere a una migliore utilizzazione delle acque. Per le forme di costituzione e il funzionamento si osservano le norme stabilite per i consorzi di miglioramento fondiario. Il consorzio può anche procedere all’espropriazione dei singoli diritti, mediante il pagamento delle dovute indennità.
299	Art. 921 Consorzi coattivi	3. Quali azioni può intraprendere il consorzio riguardo ai diritti dei singoli, e quale compenso è previsto?	Nel caso indicato dall’art. 918, il consorzio può anche essere costituito d’ufficio dall’autorità amministrativa, allo scopo di provvedere a una migliore utilizzazione delle acque. Per le forme di costituzione e il funzionamento si osservano le norme stabilite per i consorzi di miglioramento fondiario. Il consorzio può anche procedere all’espropriazione dei singoli diritti, mediante il pagamento delle dovute indennità.
300	Art. 922 Modi di acquisto	1. Quali sono i modi attraverso i quali si può acquisire la proprietà secondo il testo?	La proprietà si acquista per occupazione (923 e seguenti), per invenzione (927 e seguenti), per accessione (934 e seguenti), per specificazione, per unione o commistione, per usucapione (1158 e seguenti), per effetto di contratti (1376 e seguenti), per successione a causa di morte (456 e seguenti) e negli altri modi stabiliti dalla legge.
301	Art. 923 Cose suscettibili di occupazione	1. Quali sono le condizioni necessarie affinché le cose mobili possano essere acquisite tramite occupazione?	Le cose mobili che non sono proprietà di alcuno si acquistano con l’occupazione. Tali sono le cose abbandonate e gli animali che formano oggetto di caccia o di pesca 
302	Art. 923 Cose suscettibili di occupazione	2. Quali esempi di cose mobili possono essere acquisite attraverso l'occupazione secondo il testo?	Le cose mobili che non sono proprietà di alcuno si acquistano con l’occupazione. Tali sono le cose abbandonate e gli animali che formano oggetto di caccia o di pesca 
303	Art. 924 Sciami di api	1. Quali sono i diritti del proprietario di sciami di api quando questi si spostano su un fondo altrui?	Il proprietario di sciami di api ha diritto d’inseguirli sul fondo altrui, ma deve indennità per il danno cagionato al fondo; se non li ha inseguiti entro due giorni o ha cessato durante due giorni d’inseguirli, può prenderli e ritenerli il proprietario del fondo.
304	Art. 924 Sciami di api	2. Cosa accade se il proprietario degli sciami di api non li insegue entro due giorni o cessa di inseguirli per due giorni?	Il proprietario di sciami di api ha diritto d’inseguirli sul fondo altrui, ma deve indennità per il danno cagionato al fondo; se non li ha inseguiti entro due giorni o ha cessato durante due giorni d’inseguirli, può prenderli e ritenerli il proprietario del fondo.
305	Art. 925 Animali mansuefatti	1. Quali diritti ha il proprietario del fondo quando un animale mansuefatto viene inseguito sul suo terreno?	Gli animali mansuefatti possono essere inseguiti dal proprietario del fondo altrui, salvo il diritto del proprietario del fondo a indennità per il danno. Essi appartengono a chi se ne è impossessato, se non sono reclamati entro venti giorni da quando il proprietario ha avuto conoscenza del luogo dove si trovano.
306	Art. 925 Animali mansuefatti	2. Entro quanti giorni il proprietario di un animale mansuefatto deve reclamare l'animale per evitare che esso appartenga a chi se ne è impossessato?	Gli animali mansuefatti possono essere inseguiti dal proprietario del fondo altrui, salvo il diritto del proprietario del fondo a indennità per il danno. Essi appartengono a chi se ne è impossessato, se non sono reclamati entro venti giorni da quando il proprietario ha avuto conoscenza del luogo dove si trovano.
307	Art. 926 Migrazione di colombi, conigli e pesci	1. Quali condizioni devono essere rispettate affinché i conigli o pesci che passano ad un'altra conigliera o peschiera siano considerati acquisiti dal nuovo proprietario?	I conigli o pesci che passano ad un’altra conigliera o peschiera si acquistano dal proprietario di queste, purché non vi siano stati attirati con arte o con frode. La stessa norma si osserva per i colombi che passano ad altra colombaia, salve le diverse disposizioni di legge sui colombi viaggiatori.
308	Art. 926 Migrazione di colombi, conigli e pesci	2. Esistono disposizioni di legge diverse per i colombi viaggiatori rispetto ai colombi che passano ad altra colombaia?	I conigli o pesci che passano ad un’altra conigliera o peschiera si acquistano dal proprietario di queste, purché non vi siano stati attirati con arte o con frode. La stessa norma si osserva per i colombi che passano ad altra colombaia, salve le diverse disposizioni di legge sui colombi viaggiatori.
309	Art. 927 Cose ritrovate	1. Cosa deve fare chi trova una cosa mobile se non conosce il proprietario?	Chi trova una cosa mobile deve restituirla al proprietario, e, se non lo conosce, deve consegnarla senza ritardo al sindaco del luogo in cui l’ha trovata, indicando le circostanze del ritrovamento.
310	Art. 928 Pubblicazione del ritrovamento	1. Qual è il metodo utilizzato dal sindaco per rendere nota la consegna?	Il sindaco rende nota la consegna per mezzo di pubblicazione nell’albo pretorio del comune, da farsi per due domeniche successive e da restare affissa per tre giorni ogni volta.
311	Art. 929 Acquisto di proprietà della cosa ritrovata	1. Cosa accade se trascorre un anno dall'ultimo giorno della pubblicazione senza che si presenti il proprietario della cosa ritrovata?	Trascorso un anno dall’ultimo giorno della pubblicazione senza che si presenti il proprietario, la cosa oppure il suo prezzo, se le circostanze ne hanno richiesto la vendita, appartiene a chi l’ha trovata. Così il proprietario come il ritrovatore, riprendendo la cosa o ricevendo il prezzo, devono pagare le spese occorse.
312	Art. 929 Acquisto di proprietà della cosa ritrovata	2. Quali obblighi hanno il proprietario e il ritrovatore nel caso in cui la cosa venga ripresa o il prezzo venga ricevuto?	Trascorso un anno dall’ultimo giorno della pubblicazione senza che si presenti il proprietario, la cosa oppure il suo prezzo, se le circostanze ne hanno richiesto la vendita, appartiene a chi l’ha trovata. Così il proprietario come il ritrovatore, riprendendo la cosa o ricevendo il prezzo, devono pagare le spese occorse.
313	Art. 930 Premio dovuto al ritrovatore	1. Qual è la percentuale del premio che il proprietario deve pagare al ritrovatore se la somma o il prezzo della cosa ritrovata non eccede € 5,16?	Il proprietario deve pagare a titolo di premio al ritrovatore, se questi lo richiede, il decimo della somma o del prezzo della cosa ritrovata. Se tale somma o prezzo eccede gli € 5,16, il premio per il sovrappiù è solo del ventesimo. Se la cosa non ha valore commerciale, la misura del premio è fissata dal giudice secondo il suo prudente apprezzamento.
314	Art. 930 Premio dovuto al ritrovatore	2. Come viene determinato il premio se la cosa ritrovata non ha valore commerciale?	Il proprietario deve pagare a titolo di premio al ritrovatore, se questi lo richiede, il decimo della somma o del prezzo della cosa ritrovata. Se tale somma o prezzo eccede gli € 5,16, il premio per il sovrappiù è solo del ventesimo. Se la cosa non ha valore commerciale, la misura del premio è fissata dal giudice secondo il suo prudente apprezzamento.
315	Art. 930 Premio dovuto al ritrovatore	3. Qual è la percentuale del premio per la parte eccedente € 5,16 del valore della cosa ritrovata?	Il proprietario deve pagare a titolo di premio al ritrovatore, se questi lo richiede, il decimo della somma o del prezzo della cosa ritrovata. Se tale somma o prezzo eccede gli € 5,16, il premio per il sovrappiù è solo del ventesimo. Se la cosa non ha valore commerciale, la misura del premio è fissata dal giudice secondo il suo prudente apprezzamento.
316	Art. 931 Equiparazione del possessore o detentore al proprietario	1. In quali circostanze il possessore e il detentore sono equiparati al proprietario secondo le disposizioni degli articoli 927 e seguenti?	Agli effetti delle disposizioni contenute negli artt. 927 e seguenti al proprietario sono equiparati, secondo le circostanze, il possessore e il detentore.
317	Art. 932 Tesoro	"1. Che cosa si intende per ""tesoro"" secondo il testo?"	Tesoro è qualunque cosa mobile di pregio, nascosta o sotterrata, di cui nessuno può provare d’essere proprietario. Il tesoro appartiene al proprietario del fondo in cui si trova. Se il tesoro è trovato nel fondo altrui, purché sia stato scoperto per solo effetto del caso, spetta per metà al proprietario del fondo e per metà al ritrovatore. La stessa disposizione si applica se il tesoro è scoperto in una cosa mobile altrui (959, 988; Cod. Pen. 647). Per il ritrovamento degli oggetti d’interesse storico, archeologico, paletnologico, paleontologico e artistico, si osservano le disposizioni delle leggi speciali.
318	Art. 932 Tesoro	2. A chi appartiene il tesoro se viene trovato nel proprio fondo?	Tesoro è qualunque cosa mobile di pregio, nascosta o sotterrata, di cui nessuno può provare d’essere proprietario. Il tesoro appartiene al proprietario del fondo in cui si trova. Se il tesoro è trovato nel fondo altrui, purché sia stato scoperto per solo effetto del caso, spetta per metà al proprietario del fondo e per metà al ritrovatore. La stessa disposizione si applica se il tesoro è scoperto in una cosa mobile altrui (959, 988; Cod. Pen. 647). Per il ritrovamento degli oggetti d’interesse storico, archeologico, paletnologico, paleontologico e artistico, si osservano le disposizioni delle leggi speciali.
319	Art. 932 Tesoro	3. Come viene diviso il tesoro se viene scoperto per caso nel fondo altrui?	Tesoro è qualunque cosa mobile di pregio, nascosta o sotterrata, di cui nessuno può provare d’essere proprietario. Il tesoro appartiene al proprietario del fondo in cui si trova. Se il tesoro è trovato nel fondo altrui, purché sia stato scoperto per solo effetto del caso, spetta per metà al proprietario del fondo e per metà al ritrovatore. La stessa disposizione si applica se il tesoro è scoperto in una cosa mobile altrui (959, 988; Cod. Pen. 647). Per il ritrovamento degli oggetti d’interesse storico, archeologico, paletnologico, paleontologico e artistico, si osservano le disposizioni delle leggi speciali.
320	Art. 932 Tesoro	4. Quali sono le disposizioni applicabili se il tesoro è scoperto in una cosa mobile altrui?	Tesoro è qualunque cosa mobile di pregio, nascosta o sotterrata, di cui nessuno può provare d’essere proprietario. Il tesoro appartiene al proprietario del fondo in cui si trova. Se il tesoro è trovato nel fondo altrui, purché sia stato scoperto per solo effetto del caso, spetta per metà al proprietario del fondo e per metà al ritrovatore. La stessa disposizione si applica se il tesoro è scoperto in una cosa mobile altrui (959, 988; Cod. Pen. 647). Per il ritrovamento degli oggetti d’interesse storico, archeologico, paletnologico, paleontologico e artistico, si osservano le disposizioni delle leggi speciali.
321	Art. 932 Tesoro	5. Quali leggi si applicano al ritrovamento di oggetti d’interesse storico, archeologico, paletnologico, paleontologico e artistico?	Tesoro è qualunque cosa mobile di pregio, nascosta o sotterrata, di cui nessuno può provare d’essere proprietario. Il tesoro appartiene al proprietario del fondo in cui si trova. Se il tesoro è trovato nel fondo altrui, purché sia stato scoperto per solo effetto del caso, spetta per metà al proprietario del fondo e per metà al ritrovatore. La stessa disposizione si applica se il tesoro è scoperto in una cosa mobile altrui (959, 988; Cod. Pen. 647). Per il ritrovamento degli oggetti d’interesse storico, archeologico, paletnologico, paleontologico e artistico, si osservano le disposizioni delle leggi speciali.
322	Art. 932 Tesoro	6. In quali circostanze il ritrovatore ha diritto a metà del tesoro trovato?	Tesoro è qualunque cosa mobile di pregio, nascosta o sotterrata, di cui nessuno può provare d’essere proprietario. Il tesoro appartiene al proprietario del fondo in cui si trova. Se il tesoro è trovato nel fondo altrui, purché sia stato scoperto per solo effetto del caso, spetta per metà al proprietario del fondo e per metà al ritrovatore. La stessa disposizione si applica se il tesoro è scoperto in una cosa mobile altrui (959, 988; Cod. Pen. 647). Per il ritrovamento degli oggetti d’interesse storico, archeologico, paletnologico, paleontologico e artistico, si osservano le disposizioni delle leggi speciali.
323	Art. 933 Rigetti del mare e piante sul lido. Relitti aeronautici	1. Quali leggi regolano i diritti sulle cose gettate in mare o rigettate dal mare?	I diritti sopra le cose gettate in mare o sopra quelle che il mare rigetta e sopra le piante e le erbe che crescono lungo le rive del mare sono regolati dalle leggi speciali (Cod. Nav. 510 e seguenti, 1227). Parimenti si osservano le leggi speciali per il ritrovamento di aeromobili e di relitti di aeromobili (Cod. Nav. 993 e seguenti).
324	Art. 933 Rigetti del mare e piante sul lido. Relitti aeronautici	2. Quali disposizioni si applicano al ritrovamento di aeromobili e relitti di aeromobili?	I diritti sopra le cose gettate in mare o sopra quelle che il mare rigetta e sopra le piante e le erbe che crescono lungo le rive del mare sono regolati dalle leggi speciali (Cod. Nav. 510 e seguenti, 1227). Parimenti si osservano le leggi speciali per il ritrovamento di aeromobili e di relitti di aeromobili (Cod. Nav. 993 e seguenti).
325	Art. 933 Rigetti del mare e piante sul lido. Relitti aeronautici	3. Come sono regolati i diritti sulle piante e le erbe che crescono lungo le rive del mare?	I diritti sopra le cose gettate in mare o sopra quelle che il mare rigetta e sopra le piante e le erbe che crescono lungo le rive del mare sono regolati dalle leggi speciali (Cod. Nav. 510 e seguenti, 1227). Parimenti si osservano le leggi speciali per il ritrovamento di aeromobili e di relitti di aeromobili (Cod. Nav. 993 e seguenti).
326	Art. 934 Opere fatte sopra o sotto il suolo	1. Quali sono le eccezioni alla regola secondo cui qualunque piantagione, costruzione od opera esistente sopra o sotto il suolo appartiene al proprietario del suolo?	Qualunque piantagione, costruzione od opera esistente sopra o sotto il suolo appartiene al proprietario di questo, salvo quanto è disposto dagli artt. 935, 936, 937 e 938 e salvo che risulti diversamente dal
327	Art. 934 Opere fatte sopra o sotto il suolo	2. In quali articoli del codice civile italiano sono previste le disposizioni che possono derogare alla proprietà del suolo?	Qualunque piantagione, costruzione od opera esistente sopra o sotto il suolo appartiene al proprietario di questo, salvo quanto è disposto dagli artt. 935, 936, 937 e 938 e salvo che risulti diversamente dal
328	Art. 935 Opere fatte dal proprietario del suolo con materiali altrui	1. Quali sono le condizioni in cui il proprietario del suolo deve pagare il valore dei materiali altrui utilizzati per costruzioni, piantagioni o opere?	Il proprietario del suolo che ha fatto costruzioni, piantagioni od opere con materiali altrui deve pagarne il valore, se la separazione non è chiesta dal proprietario dei materiali, ovvero non può farsi senza che si rechi grave danno all’opera costruita o senza che perisca la piantagione. Deve inoltre, anche nel caso che si faccia la separazione, il risarcimento dei danni, se e in colpa grave. In ogni caso la rivendicazione dei materiali non è ammessa trascorsi sei mesi dal giorno in cui il proprietario ha avuto notizia dell’incorporazione (2964 e seguenti).
329	Art. 935 Opere fatte dal proprietario del suolo con materiali altrui	2. Cosa accade se la separazione dei materiali non può essere effettuata senza arrecare grave danno all'opera costruita o senza che perisca la piantagione?	Il proprietario del suolo che ha fatto costruzioni, piantagioni od opere con materiali altrui deve pagarne il valore, se la separazione non è chiesta dal proprietario dei materiali, ovvero non può farsi senza che si rechi grave danno all’opera costruita o senza che perisca la piantagione. Deve inoltre, anche nel caso che si faccia la separazione, il risarcimento dei danni, se e in colpa grave. In ogni caso la rivendicazione dei materiali non è ammessa trascorsi sei mesi dal giorno in cui il proprietario ha avuto notizia dell’incorporazione (2964 e seguenti).
330	Art. 935 Opere fatte dal proprietario del suolo con materiali altrui	3. Entro quale termine il proprietario dei materiali può rivendicarli dopo aver avuto notizia dell'incorporazione?	Il proprietario del suolo che ha fatto costruzioni, piantagioni od opere con materiali altrui deve pagarne il valore, se la separazione non è chiesta dal proprietario dei materiali, ovvero non può farsi senza che si rechi grave danno all’opera costruita o senza che perisca la piantagione. Deve inoltre, anche nel caso che si faccia la separazione, il risarcimento dei danni, se e in colpa grave. In ogni caso la rivendicazione dei materiali non è ammessa trascorsi sei mesi dal giorno in cui il proprietario ha avuto notizia dell’incorporazione (2964 e seguenti).
331	Art. 936 Opere fatte da un terzo con materiali propri	1. Quali sono i diritti del proprietario del fondo quando le piantagioni, costruzioni o opere sono state fatte da un terzo con suoi materiali?	Quando le piantagioni, costruzioni od opere sono state fatte da un terzo con suoi materiali, il proprietario del fondo ha diritto di ritenerle o di obbligare colui che le ha fatte a levarle. Se il proprietario preferisce di ritenerle, deve pagare a sua scelta il valore dei materiali e il prezzo della mano d’opera oppure l’aumento di valore recato al fondo. Se il proprietario del fondo domanda che siano tolte, esse devono togliersi a spese di colui che le ha fatte. Questi può inoltre essere condannato al risarcimento dei danni. Il proprietario non può obbligare il terzo a togliere le piantagioni, costruzioni od opere, quando sono state fatte a sua scienza e senza opposizione o quando sono state fatte dal terzo in buona fede. La rimozione non può essere domandata trascorsi sei mesi dal giorno in cui il proprietario ha avuto notizia dell’incorporazione (2964 e seguenti).
332	Art. 936 Opere fatte da un terzo con materiali propri	2. Cosa deve fare il proprietario del fondo se preferisce ritenere le piantagioni, costruzioni o opere fatte da un terzo?	Quando le piantagioni, costruzioni od opere sono state fatte da un terzo con suoi materiali, il proprietario del fondo ha diritto di ritenerle o di obbligare colui che le ha fatte a levarle. Se il proprietario preferisce di ritenerle, deve pagare a sua scelta il valore dei materiali e il prezzo della mano d’opera oppure l’aumento di valore recato al fondo. Se il proprietario del fondo domanda che siano tolte, esse devono togliersi a spese di colui che le ha fatte. Questi può inoltre essere condannato al risarcimento dei danni. Il proprietario non può obbligare il terzo a togliere le piantagioni, costruzioni od opere, quando sono state fatte a sua scienza e senza opposizione o quando sono state fatte dal terzo in buona fede. La rimozione non può essere domandata trascorsi sei mesi dal giorno in cui il proprietario ha avuto notizia dell’incorporazione (2964 e seguenti).
333	Art. 936 Opere fatte da un terzo con materiali propri	3. Chi sostiene le spese per la rimozione delle piantagioni, costruzioni o opere se il proprietario del fondo ne richiede la rimozione?	Quando le piantagioni, costruzioni od opere sono state fatte da un terzo con suoi materiali, il proprietario del fondo ha diritto di ritenerle o di obbligare colui che le ha fatte a levarle. Se il proprietario preferisce di ritenerle, deve pagare a sua scelta il valore dei materiali e il prezzo della mano d’opera oppure l’aumento di valore recato al fondo. Se il proprietario del fondo domanda che siano tolte, esse devono togliersi a spese di colui che le ha fatte. Questi può inoltre essere condannato al risarcimento dei danni. Il proprietario non può obbligare il terzo a togliere le piantagioni, costruzioni od opere, quando sono state fatte a sua scienza e senza opposizione o quando sono state fatte dal terzo in buona fede. La rimozione non può essere domandata trascorsi sei mesi dal giorno in cui il proprietario ha avuto notizia dell’incorporazione (2964 e seguenti).
334	Art. 936 Opere fatte da un terzo con materiali propri	4. In quali circostanze il proprietario del fondo non può obbligare il terzo a rimuovere le piantagioni, costruzioni o opere?	Quando le piantagioni, costruzioni od opere sono state fatte da un terzo con suoi materiali, il proprietario del fondo ha diritto di ritenerle o di obbligare colui che le ha fatte a levarle. Se il proprietario preferisce di ritenerle, deve pagare a sua scelta il valore dei materiali e il prezzo della mano d’opera oppure l’aumento di valore recato al fondo. Se il proprietario del fondo domanda che siano tolte, esse devono togliersi a spese di colui che le ha fatte. Questi può inoltre essere condannato al risarcimento dei danni. Il proprietario non può obbligare il terzo a togliere le piantagioni, costruzioni od opere, quando sono state fatte a sua scienza e senza opposizione o quando sono state fatte dal terzo in buona fede. La rimozione non può essere domandata trascorsi sei mesi dal giorno in cui il proprietario ha avuto notizia dell’incorporazione (2964 e seguenti).
335	Art. 936 Opere fatte da un terzo con materiali propri	5. Qual è il termine entro il quale il proprietario del fondo può richiedere la rimozione delle piantagioni, costruzioni o opere?	Quando le piantagioni, costruzioni od opere sono state fatte da un terzo con suoi materiali, il proprietario del fondo ha diritto di ritenerle o di obbligare colui che le ha fatte a levarle. Se il proprietario preferisce di ritenerle, deve pagare a sua scelta il valore dei materiali e il prezzo della mano d’opera oppure l’aumento di valore recato al fondo. Se il proprietario del fondo domanda che siano tolte, esse devono togliersi a spese di colui che le ha fatte. Questi può inoltre essere condannato al risarcimento dei danni. Il proprietario non può obbligare il terzo a togliere le piantagioni, costruzioni od opere, quando sono state fatte a sua scienza e senza opposizione o quando sono state fatte dal terzo in buona fede. La rimozione non può essere domandata trascorsi sei mesi dal giorno in cui il proprietario ha avuto notizia dell’incorporazione (2964 e seguenti).
336	Art. 936 Opere fatte da un terzo con materiali propri	6. Quali sono le conseguenze per il terzo che ha realizzato le piantagioni, costruzioni o opere se il proprietario del fondo richiede la loro rimozione?	Quando le piantagioni, costruzioni od opere sono state fatte da un terzo con suoi materiali, il proprietario del fondo ha diritto di ritenerle o di obbligare colui che le ha fatte a levarle. Se il proprietario preferisce di ritenerle, deve pagare a sua scelta il valore dei materiali e il prezzo della mano d’opera oppure l’aumento di valore recato al fondo. Se il proprietario del fondo domanda che siano tolte, esse devono togliersi a spese di colui che le ha fatte. Questi può inoltre essere condannato al risarcimento dei danni. Il proprietario non può obbligare il terzo a togliere le piantagioni, costruzioni od opere, quando sono state fatte a sua scienza e senza opposizione o quando sono state fatte dal terzo in buona fede. La rimozione non può essere domandata trascorsi sei mesi dal giorno in cui il proprietario ha avuto notizia dell’incorporazione (2964 e seguenti).
337	Art. 937 Opere fatte da un terzo con materiali altrui	1. Quali sono le condizioni per cui il proprietario dei materiali può rivendicarli se sono stati usati da un terzo?	Se le piantagioni, costruzioni o altre opere sono state fatte da un terzo con materiali altrui, il proprietario di questi può rivendicarli, previa separazione a spese del terzo, se la separazione può ottenersi senza grave danno delle opere e del fondo. La rivendicazione non è ammessa trascorsi sei mesi dal giorno in cui il proprietario ha avuto notizia dell’incorporazione (2964 e seguenti). Nel caso che la separazione dei materiali non sia richiesta o che i materiali siano inseparabili, il terzo che ne ha fatto uso e il proprietario del suolo che sia stato in mala fede sono tenuti in solido (1292 e seguenti) al pagamento di una indennità pari al valore dei materiali stessi. Il proprietario dei materiali può anche esigere tale indennità dal proprietario del suolo, ancorché in buona fede, limitatamente al prezzo che da questo fosse ancora dovuto. Può altresì chiedere il risarcimento dei danni, tanto nei confronti del terzo che ne abbia fatto uso senza il suo consenso, quanto nei confronti del proprietario del suolo che in mala fede abbia autorizzato l’uso.
338	Art. 937 Opere fatte da un terzo con materiali altrui	2. Entro quale termine il proprietario dei materiali deve agire per rivendicarli dopo aver avuto notizia dell'incorporazione?	Se le piantagioni, costruzioni o altre opere sono state fatte da un terzo con materiali altrui, il proprietario di questi può rivendicarli, previa separazione a spese del terzo, se la separazione può ottenersi senza grave danno delle opere e del fondo. La rivendicazione non è ammessa trascorsi sei mesi dal giorno in cui il proprietario ha avuto notizia dell’incorporazione (2964 e seguenti). Nel caso che la separazione dei materiali non sia richiesta o che i materiali siano inseparabili, il terzo che ne ha fatto uso e il proprietario del suolo che sia stato in mala fede sono tenuti in solido (1292 e seguenti) al pagamento di una indennità pari al valore dei materiali stessi. Il proprietario dei materiali può anche esigere tale indennità dal proprietario del suolo, ancorché in buona fede, limitatamente al prezzo che da questo fosse ancora dovuto. Può altresì chiedere il risarcimento dei danni, tanto nei confronti del terzo che ne abbia fatto uso senza il suo consenso, quanto nei confronti del proprietario del suolo che in mala fede abbia autorizzato l’uso.
339	Art. 937 Opere fatte da un terzo con materiali altrui	3. Cosa accade se la separazione dei materiali non è richiesta o i materiali sono inseparabili?	Se le piantagioni, costruzioni o altre opere sono state fatte da un terzo con materiali altrui, il proprietario di questi può rivendicarli, previa separazione a spese del terzo, se la separazione può ottenersi senza grave danno delle opere e del fondo. La rivendicazione non è ammessa trascorsi sei mesi dal giorno in cui il proprietario ha avuto notizia dell’incorporazione (2964 e seguenti). Nel caso che la separazione dei materiali non sia richiesta o che i materiali siano inseparabili, il terzo che ne ha fatto uso e il proprietario del suolo che sia stato in mala fede sono tenuti in solido (1292 e seguenti) al pagamento di una indennità pari al valore dei materiali stessi. Il proprietario dei materiali può anche esigere tale indennità dal proprietario del suolo, ancorché in buona fede, limitatamente al prezzo che da questo fosse ancora dovuto. Può altresì chiedere il risarcimento dei danni, tanto nei confronti del terzo che ne abbia fatto uso senza il suo consenso, quanto nei confronti del proprietario del suolo che in mala fede abbia autorizzato l’uso.
340	Art. 937 Opere fatte da un terzo con materiali altrui	4. In quali circostanze il proprietario dei materiali può esigere un'indennità dal proprietario del suolo in buona fede?	Se le piantagioni, costruzioni o altre opere sono state fatte da un terzo con materiali altrui, il proprietario di questi può rivendicarli, previa separazione a spese del terzo, se la separazione può ottenersi senza grave danno delle opere e del fondo. La rivendicazione non è ammessa trascorsi sei mesi dal giorno in cui il proprietario ha avuto notizia dell’incorporazione (2964 e seguenti). Nel caso che la separazione dei materiali non sia richiesta o che i materiali siano inseparabili, il terzo che ne ha fatto uso e il proprietario del suolo che sia stato in mala fede sono tenuti in solido (1292 e seguenti) al pagamento di una indennità pari al valore dei materiali stessi. Il proprietario dei materiali può anche esigere tale indennità dal proprietario del suolo, ancorché in buona fede, limitatamente al prezzo che da questo fosse ancora dovuto. Può altresì chiedere il risarcimento dei danni, tanto nei confronti del terzo che ne abbia fatto uso senza il suo consenso, quanto nei confronti del proprietario del suolo che in mala fede abbia autorizzato l’uso.
341	Art. 937 Opere fatte da un terzo con materiali altrui	5. Chi può essere ritenuto responsabile per il risarcimento dei danni se i materiali sono stati usati senza consenso?	Se le piantagioni, costruzioni o altre opere sono state fatte da un terzo con materiali altrui, il proprietario di questi può rivendicarli, previa separazione a spese del terzo, se la separazione può ottenersi senza grave danno delle opere e del fondo. La rivendicazione non è ammessa trascorsi sei mesi dal giorno in cui il proprietario ha avuto notizia dell’incorporazione (2964 e seguenti). Nel caso che la separazione dei materiali non sia richiesta o che i materiali siano inseparabili, il terzo che ne ha fatto uso e il proprietario del suolo che sia stato in mala fede sono tenuti in solido (1292 e seguenti) al pagamento di una indennità pari al valore dei materiali stessi. Il proprietario dei materiali può anche esigere tale indennità dal proprietario del suolo, ancorché in buona fede, limitatamente al prezzo che da questo fosse ancora dovuto. Può altresì chiedere il risarcimento dei danni, tanto nei confronti del terzo che ne abbia fatto uso senza il suo consenso, quanto nei confronti del proprietario del suolo che in mala fede abbia autorizzato l’uso.
342	Art. 938 Occupazione di porzione di fondo attiguo	1. Quali sono le conseguenze legali se il proprietario del fondo attiguo non fa opposizione entro tre mesi dall'inizio della costruzione?	Se nella costruzione di un edificio si occupa in buona fede una porzione del fondo attiguo, e il proprietario di questo non fa opposizione entro tre mesi dal giorno in cui ebbe inizio la costruzione, l’autorità giudiziaria, tenuto conto delle circostanze, può attribuire al costruttore la proprietà dell’edificio e del suolo occupato. Il costruttore e tenuto a pagare al proprietario del suolo il doppio del valore della superficie occupata, oltre il risarcimento dei danni.
343	Art. 938 Occupazione di porzione di fondo attiguo	2. Qual è l'obbligo del costruttore nei confronti del proprietario del suolo occupato in buona fede?	Se nella costruzione di un edificio si occupa in buona fede una porzione del fondo attiguo, e il proprietario di questo non fa opposizione entro tre mesi dal giorno in cui ebbe inizio la costruzione, l’autorità giudiziaria, tenuto conto delle circostanze, può attribuire al costruttore la proprietà dell’edificio e del suolo occupato. Il costruttore e tenuto a pagare al proprietario del suolo il doppio del valore della superficie occupata, oltre il risarcimento dei danni.
344	Art. 939 Unione e commistione	1. Cosa accade alla proprietà delle cose quando sono unite o mescolate ma separabili senza notevole deterioramento?	Quando più cose appartenenti a diversi proprietari sono state unite o mescolate in guisa da formare un sol tutto, ma sono separabili senza notevole deterioramento, ciascuno conserva la proprietà della cosa sua e ha diritto di ottenerne la separazione. In caso diverso, la proprietà ne diventa comune in proporzione del valore delle cose spettanti a ciascuno. Quando però una delle cose si può riguardare come principale o è di molto superiore per valore, ancorché serva all’altra di ornamento, il proprietario della cosa principale acquista la proprietà del tutto. Egli ha l’obbligo di pagare all’altro il valore della cosa che vi è unita o mescolata; ma se l’unione o la mescolanza è avvenuta senza il suo consenso ad opera del proprietario della cosa accessoria, egli non e obbligato a corrispondere che la somma minore tra l’aumento di valore apportato alla cosa principale e il valore della cosa accessoria. È inoltre dovuto il risarcimento dei danni in caso di colpa grave.
345	Art. 939 Unione e commistione	2. Come viene determinata la proprietà quando le cose unite o mescolate non sono separabili senza deterioramento?	Quando più cose appartenenti a diversi proprietari sono state unite o mescolate in guisa da formare un sol tutto, ma sono separabili senza notevole deterioramento, ciascuno conserva la proprietà della cosa sua e ha diritto di ottenerne la separazione. In caso diverso, la proprietà ne diventa comune in proporzione del valore delle cose spettanti a ciascuno. Quando però una delle cose si può riguardare come principale o è di molto superiore per valore, ancorché serva all’altra di ornamento, il proprietario della cosa principale acquista la proprietà del tutto. Egli ha l’obbligo di pagare all’altro il valore della cosa che vi è unita o mescolata; ma se l’unione o la mescolanza è avvenuta senza il suo consenso ad opera del proprietario della cosa accessoria, egli non e obbligato a corrispondere che la somma minore tra l’aumento di valore apportato alla cosa principale e il valore della cosa accessoria. È inoltre dovuto il risarcimento dei danni in caso di colpa grave.
346	Art. 939 Unione e commistione	3. Quali diritti ha il proprietario di una cosa principale quando questa è unita a un'altra di valore inferiore?	Quando più cose appartenenti a diversi proprietari sono state unite o mescolate in guisa da formare un sol tutto, ma sono separabili senza notevole deterioramento, ciascuno conserva la proprietà della cosa sua e ha diritto di ottenerne la separazione. In caso diverso, la proprietà ne diventa comune in proporzione del valore delle cose spettanti a ciascuno. Quando però una delle cose si può riguardare come principale o è di molto superiore per valore, ancorché serva all’altra di ornamento, il proprietario della cosa principale acquista la proprietà del tutto. Egli ha l’obbligo di pagare all’altro il valore della cosa che vi è unita o mescolata; ma se l’unione o la mescolanza è avvenuta senza il suo consenso ad opera del proprietario della cosa accessoria, egli non e obbligato a corrispondere che la somma minore tra l’aumento di valore apportato alla cosa principale e il valore della cosa accessoria. È inoltre dovuto il risarcimento dei danni in caso di colpa grave.
347	Art. 939 Unione e commistione	4. Qual è l'obbligo del proprietario della cosa principale nei confronti del proprietario della cosa accessoria?	Quando più cose appartenenti a diversi proprietari sono state unite o mescolate in guisa da formare un sol tutto, ma sono separabili senza notevole deterioramento, ciascuno conserva la proprietà della cosa sua e ha diritto di ottenerne la separazione. In caso diverso, la proprietà ne diventa comune in proporzione del valore delle cose spettanti a ciascuno. Quando però una delle cose si può riguardare come principale o è di molto superiore per valore, ancorché serva all’altra di ornamento, il proprietario della cosa principale acquista la proprietà del tutto. Egli ha l’obbligo di pagare all’altro il valore della cosa che vi è unita o mescolata; ma se l’unione o la mescolanza è avvenuta senza il suo consenso ad opera del proprietario della cosa accessoria, egli non e obbligato a corrispondere che la somma minore tra l’aumento di valore apportato alla cosa principale e il valore della cosa accessoria. È inoltre dovuto il risarcimento dei danni in caso di colpa grave.
348	Art. 939 Unione e commistione	5. In quali circostanze il proprietario della cosa principale non è obbligato a pagare il valore della cosa accessoria?	Quando più cose appartenenti a diversi proprietari sono state unite o mescolate in guisa da formare un sol tutto, ma sono separabili senza notevole deterioramento, ciascuno conserva la proprietà della cosa sua e ha diritto di ottenerne la separazione. In caso diverso, la proprietà ne diventa comune in proporzione del valore delle cose spettanti a ciascuno. Quando però una delle cose si può riguardare come principale o è di molto superiore per valore, ancorché serva all’altra di ornamento, il proprietario della cosa principale acquista la proprietà del tutto. Egli ha l’obbligo di pagare all’altro il valore della cosa che vi è unita o mescolata; ma se l’unione o la mescolanza è avvenuta senza il suo consenso ad opera del proprietario della cosa accessoria, egli non e obbligato a corrispondere che la somma minore tra l’aumento di valore apportato alla cosa principale e il valore della cosa accessoria. È inoltre dovuto il risarcimento dei danni in caso di colpa grave.
349	Art. 939 Unione e commistione	6. Quali sono le conseguenze legali in caso di colpa grave durante l'unione o la mescolanza delle cose?	Quando più cose appartenenti a diversi proprietari sono state unite o mescolate in guisa da formare un sol tutto, ma sono separabili senza notevole deterioramento, ciascuno conserva la proprietà della cosa sua e ha diritto di ottenerne la separazione. In caso diverso, la proprietà ne diventa comune in proporzione del valore delle cose spettanti a ciascuno. Quando però una delle cose si può riguardare come principale o è di molto superiore per valore, ancorché serva all’altra di ornamento, il proprietario della cosa principale acquista la proprietà del tutto. Egli ha l’obbligo di pagare all’altro il valore della cosa che vi è unita o mescolata; ma se l’unione o la mescolanza è avvenuta senza il suo consenso ad opera del proprietario della cosa accessoria, egli non e obbligato a corrispondere che la somma minore tra l’aumento di valore apportato alla cosa principale e il valore della cosa accessoria. È inoltre dovuto il risarcimento dei danni in caso di colpa grave.
350	Art. 940 Specificazione	1. In quali circostanze chi ha utilizzato una materia altrui per creare una nuova cosa ne acquista la proprietà?	Se taluno ha adoperato una materia che non gli apparteneva per formare una nuova cosa, possa o non possa la materia riprendere la sua prima forma, ne acquista la proprietà pagando al proprietario il prezzo della materia, salvo che il valore della materia sorpassi notevolmente quello della mano d’opera. In quest’ultimo caso la cosa spetta al proprietario della materia, il quale deve pagare il prezzo della mano d’opera.
351	Art. 940 Specificazione	2. Cosa accade se il valore della materia utilizzata supera notevolmente quello della mano d'opera?	Se taluno ha adoperato una materia che non gli apparteneva per formare una nuova cosa, possa o non possa la materia riprendere la sua prima forma, ne acquista la proprietà pagando al proprietario il prezzo della materia, salvo che il valore della materia sorpassi notevolmente quello della mano d’opera. In quest’ultimo caso la cosa spetta al proprietario della materia, il quale deve pagare il prezzo della mano d’opera.
352	Art. 941 Alluvione	1. A chi appartengono le unioni di terra e gli incrementi che si formano lungo le rive dei fiumi o torrenti?	Le unioni di terra e gli incrementi, che si formano successivamente e impercettibilmente nei fondi posti lungo le rive dei fiumi o torrenti, appartengono al proprietario del fondo, salvo quanto è disposto dalle leggi speciali.
353	Art. 941 Alluvione	2. Quali condizioni possono modificare l'appartenenza delle unioni di terra e degli incrementi formati lungo le rive dei fiumi o torrenti?	Le unioni di terra e gli incrementi, che si formano successivamente e impercettibilmente nei fondi posti lungo le rive dei fiumi o torrenti, appartengono al proprietario del fondo, salvo quanto è disposto dalle leggi speciali.
354	Art. 941 Alluvione	"3. Cosa si intende per ""unioni di terra e incrementi"" nel contesto dei fondi lungo le rive dei fiumi o torrenti?"	Le unioni di terra e gli incrementi, che si formano successivamente e impercettibilmente nei fondi posti lungo le rive dei fiumi o torrenti, appartengono al proprietario del fondo, salvo quanto è disposto dalle leggi speciali.
355	Art. 941 Alluvione	4. Esistono leggi speciali che possono influenzare l'appartenenza delle unioni di terra e degli incrementi lungo le rive dei fiumi o torrenti?	Le unioni di terra e gli incrementi, che si formano successivamente e impercettibilmente nei fondi posti lungo le rive dei fiumi o torrenti, appartengono al proprietario del fondo, salvo quanto è disposto dalle leggi speciali.
356	Art. 942 Terreni abbandonati dalle acque correnti	1. A chi appartengono i terreni abbandonati dalle acque correnti che si ritirano insensibilmente da una riva?	I terreni abbandonati dalle acque correnti, che insensibilmente si ritirano da una delle rive portandosi sull’altra, appartengono al demanio pubblico, senza che il confinante della riva opposta possa reclamare il terreno perduto. Ai sensi del primo comma, si intendono per acque correnti i fiumi, i torrenti e le altre acque definite pubbliche dalle leggi in materia. Quanto stabilito al primo comma vale anche per i terreni abbandonati dal mare, dai laghi, dalle lagune e dagli stagni appartenenti al demanio pubblico. NOTA Articolo così sostituito dall’art. 1, Legge 5 gennaio 1994, n. 37, in materia di tutela ambientale delle aree demaniali).
357	Art. 942 Terreni abbandonati dalle acque correnti	2. Il confinante della riva opposta può reclamare il terreno perduto quando le acque correnti si ritirano?	I terreni abbandonati dalle acque correnti, che insensibilmente si ritirano da una delle rive portandosi sull’altra, appartengono al demanio pubblico, senza che il confinante della riva opposta possa reclamare il terreno perduto. Ai sensi del primo comma, si intendono per acque correnti i fiumi, i torrenti e le altre acque definite pubbliche dalle leggi in materia. Quanto stabilito al primo comma vale anche per i terreni abbandonati dal mare, dai laghi, dalle lagune e dagli stagni appartenenti al demanio pubblico. NOTA Articolo così sostituito dall’art. 1, Legge 5 gennaio 1994, n. 37, in materia di tutela ambientale delle aree demaniali).
358	Art. 942 Terreni abbandonati dalle acque correnti	3. Quali tipi di acque sono considerati pubblici ai sensi del primo comma del testo?	I terreni abbandonati dalle acque correnti, che insensibilmente si ritirano da una delle rive portandosi sull’altra, appartengono al demanio pubblico, senza che il confinante della riva opposta possa reclamare il terreno perduto. Ai sensi del primo comma, si intendono per acque correnti i fiumi, i torrenti e le altre acque definite pubbliche dalle leggi in materia. Quanto stabilito al primo comma vale anche per i terreni abbandonati dal mare, dai laghi, dalle lagune e dagli stagni appartenenti al demanio pubblico. NOTA Articolo così sostituito dall’art. 1, Legge 5 gennaio 1994, n. 37, in materia di tutela ambientale delle aree demaniali).
359	Art. 942 Terreni abbandonati dalle acque correnti	4. La disposizione del primo comma si applica anche ai terreni abbandonati da quali altri corpi idrici?	I terreni abbandonati dalle acque correnti, che insensibilmente si ritirano da una delle rive portandosi sull’altra, appartengono al demanio pubblico, senza che il confinante della riva opposta possa reclamare il terreno perduto. Ai sensi del primo comma, si intendono per acque correnti i fiumi, i torrenti e le altre acque definite pubbliche dalle leggi in materia. Quanto stabilito al primo comma vale anche per i terreni abbandonati dal mare, dai laghi, dalle lagune e dagli stagni appartenenti al demanio pubblico. NOTA Articolo così sostituito dall’art. 1, Legge 5 gennaio 1994, n. 37, in materia di tutela ambientale delle aree demaniali).
360	Art. 943 Laghi e stagni	1. A chi appartiene il terreno coperto dall'acqua quando essa è all'altezza dello sbocco del lago o dello stagno?	Il terreno che l’acqua copre quando essa è all’altezza dello sbocco del lago o dello stagno appartiene al proprietario del lago o dello stagno, ancorché il volume dell’acqua venga a scemare. Il proprietario non acquista alcun diritto sopra la terra lungo la riva che l’acqua ricopre nei casi di piena straordinaria.
361	Art. 943 Laghi e stagni	2. Il proprietario del lago o dello stagno acquisisce diritti sulla terra lungo la riva nei casi di piena straordinaria?	Il terreno che l’acqua copre quando essa è all’altezza dello sbocco del lago o dello stagno appartiene al proprietario del lago o dello stagno, ancorché il volume dell’acqua venga a scemare. Il proprietario non acquista alcun diritto sopra la terra lungo la riva che l’acqua ricopre nei casi di piena straordinaria.
362	Art. 944 Avulsione	1. Quali sono le condizioni affinché il proprietario del fondo al quale si è unita una parte staccata da un fiume o torrente ne acquisti la proprietà?	Se un fiume o torrente stacca per forza istantanea una parte considerevole e riconoscibile di un fondo contiguo al suo corso e la trasporta verso un fondo inferiore o verso l’opposta riva, il proprietario del fondo al quale si e unita la parte staccata ne acquista la proprietà. Deve però pagare all’altro proprietario un’indennità nei limiti del maggior valore recato al fondo dall’avulsione.
363	Art. 944 Avulsione	2. In che modo viene determinata l'indennità che il proprietario del fondo deve pagare all'altro proprietario in caso di avulsione?	Se un fiume o torrente stacca per forza istantanea una parte considerevole e riconoscibile di un fondo contiguo al suo corso e la trasporta verso un fondo inferiore o verso l’opposta riva, il proprietario del fondo al quale si e unita la parte staccata ne acquista la proprietà. Deve però pagare all’altro proprietario un’indennità nei limiti del maggior valore recato al fondo dall’avulsione.
364	Art. 945 Isole e unioni di terra	1. A chi appartengono le isole e unioni di terra che si formano nel letto dei fiumi o torrenti?	Le isole e unioni di terra che si formano nel letto dei fiumi o torrenti appartengono al demanio pubblico. (Se l’isola si è formata per avulsione, il proprietario del fondo da cui è avvenuto il distacco, ne conserva la proprietà). (La stessa regola si osserva se un fiume o un torrente, formando un nuovo corso, attraversa e circonda il fondo o parte del fondo di un proprietario confinante, facendone un’isola). NOTA La parte fra parentesi è stata abrogata dall’art. 2 della Legge 5 gennaio 1994, n. 37, in materia di tutela ambientale delle aree demaniali.
365	Art. 945 Isole e unioni di terra	2. Cosa accade se un fiume o torrente forma un nuovo corso che attraversa e circonda il fondo di un proprietario confinante?	Le isole e unioni di terra che si formano nel letto dei fiumi o torrenti appartengono al demanio pubblico. (Se l’isola si è formata per avulsione, il proprietario del fondo da cui è avvenuto il distacco, ne conserva la proprietà). (La stessa regola si osserva se un fiume o un torrente, formando un nuovo corso, attraversa e circonda il fondo o parte del fondo di un proprietario confinante, facendone un’isola). NOTA La parte fra parentesi è stata abrogata dall’art. 2 della Legge 5 gennaio 1994, n. 37, in materia di tutela ambientale delle aree demaniali.
366	Art. 945 Isole e unioni di terra	3. Quale parte del testo è stata abrogata dalla Legge 5 gennaio 1994, n. 37?	Le isole e unioni di terra che si formano nel letto dei fiumi o torrenti appartengono al demanio pubblico. (Se l’isola si è formata per avulsione, il proprietario del fondo da cui è avvenuto il distacco, ne conserva la proprietà). (La stessa regola si osserva se un fiume o un torrente, formando un nuovo corso, attraversa e circonda il fondo o parte del fondo di un proprietario confinante, facendone un’isola). NOTA La parte fra parentesi è stata abrogata dall’art. 2 della Legge 5 gennaio 1994, n. 37, in materia di tutela ambientale delle aree demaniali.
367	Art. 945 Isole e unioni di terra	4. Qual è l'effetto della Legge 5 gennaio 1994, n. 37, sulla proprietà delle isole formate per avulsione?	Le isole e unioni di terra che si formano nel letto dei fiumi o torrenti appartengono al demanio pubblico. (Se l’isola si è formata per avulsione, il proprietario del fondo da cui è avvenuto il distacco, ne conserva la proprietà). (La stessa regola si osserva se un fiume o un torrente, formando un nuovo corso, attraversa e circonda il fondo o parte del fondo di un proprietario confinante, facendone un’isola). NOTA La parte fra parentesi è stata abrogata dall’art. 2 della Legge 5 gennaio 1994, n. 37, in materia di tutela ambientale delle aree demaniali.
368	Art. 946 Alveo abbandonato	1. Qual è il regime giuridico del terreno abbandonato da un fiume o torrente che si forma un nuovo letto?	Se un fiume o un torrente si forma un nuovo letto, abbandonato l’antico, il terreno abbandonato rimane assoggettato al regime proprio del demanio pubblico. NOTA Articolo così sostituito dall’art. 3 della Legge 5 gennaio 1994, n. 37, in materia di tutela ambientale delle aree demaniali.
369	Art. 946 Alveo abbandonato	2. Quale legge ha sostituito l'articolo riguardante il regime del terreno abbandonato da un fiume o torrente?	Se un fiume o un torrente si forma un nuovo letto, abbandonato l’antico, il terreno abbandonato rimane assoggettato al regime proprio del demanio pubblico. NOTA Articolo così sostituito dall’art. 3 della Legge 5 gennaio 1994, n. 37, in materia di tutela ambientale delle aree demaniali.
370	Art. 947 Mutamenti del letto dei fiumi derivanti da regolamento del loro corso Le disposizioni degli artt. 942, 945 e 946 si applicano ai terreni comunque abbandonati sia a seguito di eventi naturali che per fatti artificiali indotti dall’attività antropica, ivi comprendendo anche i terreni abbandonati per i fenomeni di inalveamento. La disposizione dell’art. 941 non si applica nel caso in cui le alluvioni derivano da regolamento del corso dei fiumi, da bonifiche o da altri fatti artificiali indotti dall’attività antropica. In ogni caso è esclusa la sdemanializzazione tacita dei beni del demanio idrico. NOTA Articolo così sostituito dall’art. 4 della Legge 5 gennaio 1994, n. 37, in materia di tutela ambientale delle aree demaniali.	1. Quali sono le conseguenze per il convenuto se cessa di possedere o detenere la cosa dopo la domanda di rivendicazione?	Art. 948 Azione di rivendicazione Il proprietario può rivendicare la cosa da chiunque la possiede o detiene e può proseguire l’esercizio dell’azione anche se costui, dopo la domanda, ha cessato, per fatto proprio, di possedere o detenere la cosa. In tal caso il convenuto è obbligato a ricuperarla per l’attore a proprie spese, o, in mancanza, a corrispondergliene il valore, oltre a risarcirgli il danno. Il proprietario, se consegue direttamente dal nuovo possessore o detentore la restituzione della cosa, è tenuto a restituire al precedente possessore o detentore la somma ricevuta in luogo di essa. L’azione di rivendicazione non si prescrive, salvi gli effetti dell’acquisto della proprietà da parte di altri per usucapione (1158 e seguenti).
371	Art. 947 Mutamenti del letto dei fiumi derivanti da regolamento del loro corso Le disposizioni degli artt. 942, 945 e 946 si applicano ai terreni comunque abbandonati sia a seguito di eventi naturali che per fatti artificiali indotti dall’attività antropica, ivi comprendendo anche i terreni abbandonati per i fenomeni di inalveamento. La disposizione dell’art. 941 non si applica nel caso in cui le alluvioni derivano da regolamento del corso dei fiumi, da bonifiche o da altri fatti artificiali indotti dall’attività antropica. In ogni caso è esclusa la sdemanializzazione tacita dei beni del demanio idrico. NOTA Articolo così sostituito dall’art. 4 della Legge 5 gennaio 1994, n. 37, in materia di tutela ambientale delle aree demaniali.	2. Cosa è tenuto a fare il proprietario se ottiene la restituzione della cosa direttamente dal nuovo possessore o detentore?	Art. 948 Azione di rivendicazione Il proprietario può rivendicare la cosa da chiunque la possiede o detiene e può proseguire l’esercizio dell’azione anche se costui, dopo la domanda, ha cessato, per fatto proprio, di possedere o detenere la cosa. In tal caso il convenuto è obbligato a ricuperarla per l’attore a proprie spese, o, in mancanza, a corrispondergliene il valore, oltre a risarcirgli il danno. Il proprietario, se consegue direttamente dal nuovo possessore o detentore la restituzione della cosa, è tenuto a restituire al precedente possessore o detentore la somma ricevuta in luogo di essa. L’azione di rivendicazione non si prescrive, salvi gli effetti dell’acquisto della proprietà da parte di altri per usucapione (1158 e seguenti).
372	Art. 947 Mutamenti del letto dei fiumi derivanti da regolamento del loro corso Le disposizioni degli artt. 942, 945 e 946 si applicano ai terreni comunque abbandonati sia a seguito di eventi naturali che per fatti artificiali indotti dall’attività antropica, ivi comprendendo anche i terreni abbandonati per i fenomeni di inalveamento. La disposizione dell’art. 941 non si applica nel caso in cui le alluvioni derivano da regolamento del corso dei fiumi, da bonifiche o da altri fatti artificiali indotti dall’attività antropica. In ogni caso è esclusa la sdemanializzazione tacita dei beni del demanio idrico. NOTA Articolo così sostituito dall’art. 4 della Legge 5 gennaio 1994, n. 37, in materia di tutela ambientale delle aree demaniali.	3. L'azione di rivendicazione è soggetta a prescrizione?	Art. 948 Azione di rivendicazione Il proprietario può rivendicare la cosa da chiunque la possiede o detiene e può proseguire l’esercizio dell’azione anche se costui, dopo la domanda, ha cessato, per fatto proprio, di possedere o detenere la cosa. In tal caso il convenuto è obbligato a ricuperarla per l’attore a proprie spese, o, in mancanza, a corrispondergliene il valore, oltre a risarcirgli il danno. Il proprietario, se consegue direttamente dal nuovo possessore o detentore la restituzione della cosa, è tenuto a restituire al precedente possessore o detentore la somma ricevuta in luogo di essa. L’azione di rivendicazione non si prescrive, salvi gli effetti dell’acquisto della proprietà da parte di altri per usucapione (1158 e seguenti).
373	Art. 947 Mutamenti del letto dei fiumi derivanti da regolamento del loro corso Le disposizioni degli artt. 942, 945 e 946 si applicano ai terreni comunque abbandonati sia a seguito di eventi naturali che per fatti artificiali indotti dall’attività antropica, ivi comprendendo anche i terreni abbandonati per i fenomeni di inalveamento. La disposizione dell’art. 941 non si applica nel caso in cui le alluvioni derivano da regolamento del corso dei fiumi, da bonifiche o da altri fatti artificiali indotti dall’attività antropica. In ogni caso è esclusa la sdemanializzazione tacita dei beni del demanio idrico. NOTA Articolo così sostituito dall’art. 4 della Legge 5 gennaio 1994, n. 37, in materia di tutela ambientale delle aree demaniali.	4. Quali sono le alternative per il convenuto se non riesce a recuperare la cosa per l'attore?	Art. 948 Azione di rivendicazione Il proprietario può rivendicare la cosa da chiunque la possiede o detiene e può proseguire l’esercizio dell’azione anche se costui, dopo la domanda, ha cessato, per fatto proprio, di possedere o detenere la cosa. In tal caso il convenuto è obbligato a ricuperarla per l’attore a proprie spese, o, in mancanza, a corrispondergliene il valore, oltre a risarcirgli il danno. Il proprietario, se consegue direttamente dal nuovo possessore o detentore la restituzione della cosa, è tenuto a restituire al precedente possessore o detentore la somma ricevuta in luogo di essa. L’azione di rivendicazione non si prescrive, salvi gli effetti dell’acquisto della proprietà da parte di altri per usucapione (1158 e seguenti).
374	Art. 949 Azione negatoria	1. In quali circostanze il proprietario può agire per far dichiarare l'inesistenza di diritti affermati da altri sulla cosa?	Il proprietario può agire per far dichiarare l’inesistenza di diritti affermati da altri sulla cosa, quando ha motivato di temerne pregiudizio. Se sussistono anche turbative o molestie, il proprietario può anche chiedere che se ne ordini la cessazione, oltre la condanna al risarcimento del danno.
375	Art. 949 Azione negatoria	2. Quali azioni può intraprendere il proprietario se sussistono turbative o molestie sulla sua proprietà?	Il proprietario può agire per far dichiarare l’inesistenza di diritti affermati da altri sulla cosa, quando ha motivato di temerne pregiudizio. Se sussistono anche turbative o molestie, il proprietario può anche chiedere che se ne ordini la cessazione, oltre la condanna al risarcimento del danno.
376	Art. 950 Azione di regolamento di confini	1. Cosa può fare un proprietario quando il confine tra due fondi è incerto?	Quando il confine tra due fondi è incerto, ciascuno dei proprietari può chiedere che sia stabilito giudizialmente. Ogni mezzo di prova è ammesso. In mancanza di altri elementi, il giudice si attiene al confine delineato dalle mappe catastali.
377	Art. 950 Azione di regolamento di confini	2. Quali mezzi di prova sono ammessi per stabilire il confine tra due fondi?	Quando il confine tra due fondi è incerto, ciascuno dei proprietari può chiedere che sia stabilito giudizialmente. Ogni mezzo di prova è ammesso. In mancanza di altri elementi, il giudice si attiene al confine delineato dalle mappe catastali.
378	Art. 950 Azione di regolamento di confini	3. A cosa si attiene il giudice in mancanza di altri elementi per determinare il confine tra due fondi?	Quando il confine tra due fondi è incerto, ciascuno dei proprietari può chiedere che sia stabilito giudizialmente. Ogni mezzo di prova è ammesso. In mancanza di altri elementi, il giudice si attiene al confine delineato dalle mappe catastali.
379	Art. 951 Azione per apposizione di termini	1. Quali diritti hanno i proprietari di fondi contigui quando i termini tra i loro fondi mancano o sono diventati irriconoscibili?	Se i termini tra fondi contigui mancano o sono diventati irriconoscibili, ciascuno dei proprietari ha diritto di chiedere che essi siano apposti o ristabiliti a spese comuni.
380	Art. 952 Costituzione del diritto di superficie	1. In che modo un proprietario può costituire il diritto di fare e mantenere una costruzione al di sopra del suolo a favore di altri?	Il proprietario può costituire il diritto di fare e mantenere al di sopra del suolo una costruzione a favore di altri che ne acquista la proprietà. Del pari può alienare la proprietà della costruzione già esistente, separatamente dalla proprietà del suolo.
381	Art. 952 Costituzione del diritto di superficie	2. È possibile alienare la proprietà di una costruzione esistente separatamente dalla proprietà del suolo?	Il proprietario può costituire il diritto di fare e mantenere al di sopra del suolo una costruzione a favore di altri che ne acquista la proprietà. Del pari può alienare la proprietà della costruzione già esistente, separatamente dalla proprietà del suolo.
382	Art. 953 Costituzione a tempo determinato	1. Cosa accade al diritto di superficie allo scadere del termine stabilito per un tempo determinato?	Se la costituzione del diritto e stata fatta per un tempo determinato, allo scadere del termine il diritto di superficie si estingue e il proprietario del suolo diventa proprietario della costruzione.
383	Art. 954 Estinzione del diritto di superficie	1. Cosa accade ai diritti reali imposti dal superficiario alla scadenza del termine del diritto di superficie?	L’estinzione del diritto di superficie per scadenza del termine importa l’estinzione dei diritti reali imposti dal superficiario. I diritti gravanti sul suolo si estendono alla costruzione, salvo, per le ipoteche, il disposto del primo comma dell’art. 2816. I contratti di locazione, che hanno per oggetto la costruzione, non durano se non per l’anno in corso alla scadenza del termine. Il perimento della costruzione non importa, salvo patto contrario, l’estinzione del diritto di superficie. Il diritto di fare la costruzione sul suolo altrui si estingue per prescrizione per effetto del non uso protratto per venti anni (2934 e seguenti, 2816).
384	Art. 954 Estinzione del diritto di superficie	2. Come si applicano i diritti gravanti sul suolo alla costruzione in caso di estinzione del diritto di superficie?	L’estinzione del diritto di superficie per scadenza del termine importa l’estinzione dei diritti reali imposti dal superficiario. I diritti gravanti sul suolo si estendono alla costruzione, salvo, per le ipoteche, il disposto del primo comma dell’art. 2816. I contratti di locazione, che hanno per oggetto la costruzione, non durano se non per l’anno in corso alla scadenza del termine. Il perimento della costruzione non importa, salvo patto contrario, l’estinzione del diritto di superficie. Il diritto di fare la costruzione sul suolo altrui si estingue per prescrizione per effetto del non uso protratto per venti anni (2934 e seguenti, 2816).
385	Art. 954 Estinzione del diritto di superficie	3. Qual è la durata massima dei contratti di locazione relativi alla costruzione alla scadenza del termine del diritto di superficie?	L’estinzione del diritto di superficie per scadenza del termine importa l’estinzione dei diritti reali imposti dal superficiario. I diritti gravanti sul suolo si estendono alla costruzione, salvo, per le ipoteche, il disposto del primo comma dell’art. 2816. I contratti di locazione, che hanno per oggetto la costruzione, non durano se non per l’anno in corso alla scadenza del termine. Il perimento della costruzione non importa, salvo patto contrario, l’estinzione del diritto di superficie. Il diritto di fare la costruzione sul suolo altrui si estingue per prescrizione per effetto del non uso protratto per venti anni (2934 e seguenti, 2816).
386	Art. 954 Estinzione del diritto di superficie	4. In quali circostanze il perimento della costruzione non comporta l’estinzione del diritto di superficie?	L’estinzione del diritto di superficie per scadenza del termine importa l’estinzione dei diritti reali imposti dal superficiario. I diritti gravanti sul suolo si estendono alla costruzione, salvo, per le ipoteche, il disposto del primo comma dell’art. 2816. I contratti di locazione, che hanno per oggetto la costruzione, non durano se non per l’anno in corso alla scadenza del termine. Il perimento della costruzione non importa, salvo patto contrario, l’estinzione del diritto di superficie. Il diritto di fare la costruzione sul suolo altrui si estingue per prescrizione per effetto del non uso protratto per venti anni (2934 e seguenti, 2816).
387	Art. 954 Estinzione del diritto di superficie	5. Per quanti anni deve protrarsi il non uso affinché il diritto di fare la costruzione sul suolo altrui si estingua per prescrizione?	L’estinzione del diritto di superficie per scadenza del termine importa l’estinzione dei diritti reali imposti dal superficiario. I diritti gravanti sul suolo si estendono alla costruzione, salvo, per le ipoteche, il disposto del primo comma dell’art. 2816. I contratti di locazione, che hanno per oggetto la costruzione, non durano se non per l’anno in corso alla scadenza del termine. Il perimento della costruzione non importa, salvo patto contrario, l’estinzione del diritto di superficie. Il diritto di fare la costruzione sul suolo altrui si estingue per prescrizione per effetto del non uso protratto per venti anni (2934 e seguenti, 2816).
388	Art. 955 Costruzioni al disotto del suolo	1. In quali situazioni si applicano le disposizioni precedenti relative al diritto di fare e mantenere costruzioni al disotto del suolo altrui?	Le disposizioni precedenti si applicano anche nel caso in cui e concesso il diritto di fare e mantenere costruzioni al disotto del suolo altrui.
389	Art. 956 Divieto di proprietà separata delle piantagioni	1. Quali sono le implicazioni legali del divieto di costituire o trasferire la proprietà delle piantagioni separatamente dalla proprietà del suolo?	Non può essere costituita o trasferita la proprietà delle piantagioni separatamente dalla proprietà del suolo.
390	Art. 957 Disposizioni inderogabili	1. Quali sono le caratteristiche principali dell'enfiteusi?	L’enfiteusi, salvo che il
391	Art. 957 Disposizioni inderogabili	2. In quali circostanze l'enfiteusi può essere modificata o terminata?	L’enfiteusi, salvo che il
392	Art. 957 Disposizioni inderogabili	3. Quali diritti e doveri ha l'enfiteuta nei confronti del proprietario del fondo?	L’enfiteusi, salvo che il
393	Art. 958 Durata	1. Qual è la durata minima per cui può essere costituita un'enfiteusi temporanea?	L’enfiteusi può essere perpetua o a tempo. L’enfiteusi temporanea non può essere costituita per una durata inferiore ai venti anni.
394	Art. 958 Durata	2. L'enfiteusi può essere costituita in forma perpetua?	L’enfiteusi può essere perpetua o a tempo. L’enfiteusi temporanea non può essere costituita per una durata inferiore ai venti anni.
395	Art. 959 Diritti dell’enfiteuta	1. Quali diritti ha l'enfiteuta sui frutti del fondo e sul tesoro?	L’enfiteuta ha gli stessi diritti che avrebbe il proprietario sui frutti del fondo (820 e seguente), sul tesoro e relativamente alle utilizzazioni del sottosuolo in conformità delle disposizioni delle leggi speciali. Il diritto dell’enfiteuta si estende alle accessioni (817 e seguenti, 934 e seguenti, 2810).
396	Art. 959 Diritti dell’enfiteuta	2. In che modo il diritto dell'enfiteuta si estende alle accessioni?	L’enfiteuta ha gli stessi diritti che avrebbe il proprietario sui frutti del fondo (820 e seguente), sul tesoro e relativamente alle utilizzazioni del sottosuolo in conformità delle disposizioni delle leggi speciali. Il diritto dell’enfiteuta si estende alle accessioni (817 e seguenti, 934 e seguenti, 2810).
397	Art. 960 Obblighi dell’enfiteuta	1. Quali sono gli obblighi principali dell'enfiteuta nei confronti del concedente?	L’enfiteuta ha l’obbligo di migliorare il fondo e di pagare al concedente un canone periodico. Questo può consistere in una somma di danaro ovvero in una quantità fissa di prodotti naturali. L’enfiteuta non può pretendere remissione o riduzione del canone per qualunque insolita sterilità del fondo o perdita di frutti.
398	Art. 960 Obblighi dell’enfiteuta	2. In che forma può essere pagato il canone periodico dall'enfiteuta al concedente?	L’enfiteuta ha l’obbligo di migliorare il fondo e di pagare al concedente un canone periodico. Questo può consistere in una somma di danaro ovvero in una quantità fissa di prodotti naturali. L’enfiteuta non può pretendere remissione o riduzione del canone per qualunque insolita sterilità del fondo o perdita di frutti.
399	Art. 960 Obblighi dell’enfiteuta	3. L'enfiteuta ha diritto a una riduzione del canone in caso di insolita sterilità del fondo?	L’enfiteuta ha l’obbligo di migliorare il fondo e di pagare al concedente un canone periodico. Questo può consistere in una somma di danaro ovvero in una quantità fissa di prodotti naturali. L’enfiteuta non può pretendere remissione o riduzione del canone per qualunque insolita sterilità del fondo o perdita di frutti.
400	Art. 961 Pagamento del canone	1. In che modo viene suddiviso l'obbligo del pagamento del canone tra i coenfiteuti e gli eredi dell'enfiteuta durante la comunione?	L’obbligo del pagamento del canone grava solidalmente (1292 e seguenti) su tutti i coenfiteuti e sugli eredi dell’enfiteuta finché dura la comunione. Nel caso in cui segua la divisione e il fondo venga goduto separatamente dagli enfiteuti o dagli eredi, ciascuno risponde per gli obblighi inerenti all’enfiteusi proporzionalmente al valore della sua porzione.
401	Art. 961 Pagamento del canone	2. Cosa accade agli obblighi inerenti all’enfiteusi nel caso in cui il fondo venga diviso e goduto separatamente dagli enfiteuti o dagli eredi?	L’obbligo del pagamento del canone grava solidalmente (1292 e seguenti) su tutti i coenfiteuti e sugli eredi dell’enfiteuta finché dura la comunione. Nel caso in cui segua la divisione e il fondo venga goduto separatamente dagli enfiteuti o dagli eredi, ciascuno risponde per gli obblighi inerenti all’enfiteusi proporzionalmente al valore della sua porzione.
402	Art. 963 Perimento totale o parziale del fondo	1. Cosa accade all'enfiteusi quando il fondo enfiteutico perisce interamente?	Quando il fondo enfiteutico perisce interamente, l’enfiteusi si estingue. Se e perita una parte notevole del fondo e il canone risulta sproporzionato al valore della parte residua, l’enfiteuta, secondo le circostanze, può chiedere una congrua riduzione del canone, o rinunziare al suo diritto, restituendo il fondo al concedente, salvo il diritto al rimborso dei miglioramenti sulla parte residua. La domanda di riduzione del canone e la rinunzia al diritto non sono ammesse, decorso un anno dall’avvenuto perimento (2964 e seguenti). Qualora il fondo sia assicurato e l’assicurazione sia fatta anche nell’interesse del concedente, l’indennità e ripartita tra il concedente e l’enfiteuta in proporzione del valore dei rispettivi diritti. Nel caso di espropriazione per pubblico interesse, l’indennità si ripartisce a norma del comma precedente.
403	Art. 963 Perimento totale o parziale del fondo	2. Quali sono le opzioni per l'enfiteuta se una parte notevole del fondo perisce e il canone diventa sproporzionato?	Quando il fondo enfiteutico perisce interamente, l’enfiteusi si estingue. Se e perita una parte notevole del fondo e il canone risulta sproporzionato al valore della parte residua, l’enfiteuta, secondo le circostanze, può chiedere una congrua riduzione del canone, o rinunziare al suo diritto, restituendo il fondo al concedente, salvo il diritto al rimborso dei miglioramenti sulla parte residua. La domanda di riduzione del canone e la rinunzia al diritto non sono ammesse, decorso un anno dall’avvenuto perimento (2964 e seguenti). Qualora il fondo sia assicurato e l’assicurazione sia fatta anche nell’interesse del concedente, l’indennità e ripartita tra il concedente e l’enfiteuta in proporzione del valore dei rispettivi diritti. Nel caso di espropriazione per pubblico interesse, l’indennità si ripartisce a norma del comma precedente.
404	Art. 963 Perimento totale o parziale del fondo	3. Entro quale termine l'enfiteuta può chiedere la riduzione del canone o rinunciare al diritto dopo il perimento del fondo?	Quando il fondo enfiteutico perisce interamente, l’enfiteusi si estingue. Se e perita una parte notevole del fondo e il canone risulta sproporzionato al valore della parte residua, l’enfiteuta, secondo le circostanze, può chiedere una congrua riduzione del canone, o rinunziare al suo diritto, restituendo il fondo al concedente, salvo il diritto al rimborso dei miglioramenti sulla parte residua. La domanda di riduzione del canone e la rinunzia al diritto non sono ammesse, decorso un anno dall’avvenuto perimento (2964 e seguenti). Qualora il fondo sia assicurato e l’assicurazione sia fatta anche nell’interesse del concedente, l’indennità e ripartita tra il concedente e l’enfiteuta in proporzione del valore dei rispettivi diritti. Nel caso di espropriazione per pubblico interesse, l’indennità si ripartisce a norma del comma precedente.
405	Art. 963 Perimento totale o parziale del fondo	4. Come viene ripartita l'indennità se il fondo enfiteutico è assicurato nell'interesse del concedente?	Quando il fondo enfiteutico perisce interamente, l’enfiteusi si estingue. Se e perita una parte notevole del fondo e il canone risulta sproporzionato al valore della parte residua, l’enfiteuta, secondo le circostanze, può chiedere una congrua riduzione del canone, o rinunziare al suo diritto, restituendo il fondo al concedente, salvo il diritto al rimborso dei miglioramenti sulla parte residua. La domanda di riduzione del canone e la rinunzia al diritto non sono ammesse, decorso un anno dall’avvenuto perimento (2964 e seguenti). Qualora il fondo sia assicurato e l’assicurazione sia fatta anche nell’interesse del concedente, l’indennità e ripartita tra il concedente e l’enfiteuta in proporzione del valore dei rispettivi diritti. Nel caso di espropriazione per pubblico interesse, l’indennità si ripartisce a norma del comma precedente.
406	Art. 963 Perimento totale o parziale del fondo	5. In che modo viene distribuita l'indennità in caso di espropriazione per pubblico interesse?	Quando il fondo enfiteutico perisce interamente, l’enfiteusi si estingue. Se e perita una parte notevole del fondo e il canone risulta sproporzionato al valore della parte residua, l’enfiteuta, secondo le circostanze, può chiedere una congrua riduzione del canone, o rinunziare al suo diritto, restituendo il fondo al concedente, salvo il diritto al rimborso dei miglioramenti sulla parte residua. La domanda di riduzione del canone e la rinunzia al diritto non sono ammesse, decorso un anno dall’avvenuto perimento (2964 e seguenti). Qualora il fondo sia assicurato e l’assicurazione sia fatta anche nell’interesse del concedente, l’indennità e ripartita tra il concedente e l’enfiteuta in proporzione del valore dei rispettivi diritti. Nel caso di espropriazione per pubblico interesse, l’indennità si ripartisce a norma del comma precedente.
407	Art. 964 Imposte e altri pesi	1. Quali sono le responsabilità dell'enfiteuta riguardo alle imposte e agli altri pesi che gravano sul fondo?	Le imposte e gli altri pesi che gravano sul fondo sono a carico dell’enfiteuta, salve le disposizioni delle leggi speciali. Se in virtù del
408	Art. 964 Imposte e altri pesi	2. Esistono leggi speciali che possono modificare l'obbligo dell'enfiteuta di sostenere le imposte e gli altri pesi sul fondo?	Le imposte e gli altri pesi che gravano sul fondo sono a carico dell’enfiteuta, salve le disposizioni delle leggi speciali. Se in virtù del
409	Art. 964 Imposte e altri pesi	3. In che modo le disposizioni delle leggi speciali possono influire sugli obblighi dell'enfiteuta?	Le imposte e gli altri pesi che gravano sul fondo sono a carico dell’enfiteuta, salve le disposizioni delle leggi speciali. Se in virtù del
410	Art. 965 Disponibilità del diritto dell’enfiteuta	1. Quali sono le modalità attraverso le quali l’enfiteuta può disporre del proprio diritto?	L’enfiteuta può disporre del proprio diritto, sia per atto tra vivi (1350 n. 2, 2643 n. 2, 2810), sia per atto di ultima volontà. Per l’alienazione del diritto dell’enfiteuta non è dovuta alcuna prestazione al concedente (att. 145). Nell’atto costitutivo può essere vietato all’enfiteuta di disporre per atto tra vivi, in tutto o in parte, del proprio diritto, per un tempo non maggiore di venti anni. Nel caso di alienazione compiuta contro tale divieto, l’enfiteuta non è liberato dai suoi obblighi verso il concedente ed e tenuto a questi solidalmente (1292 e seguenti) con l’acquirente.
411	Art. 965 Disponibilità del diritto dell’enfiteuta	2. È prevista una prestazione al concedente in caso di alienazione del diritto dell’enfiteuta?	L’enfiteuta può disporre del proprio diritto, sia per atto tra vivi (1350 n. 2, 2643 n. 2, 2810), sia per atto di ultima volontà. Per l’alienazione del diritto dell’enfiteuta non è dovuta alcuna prestazione al concedente (att. 145). Nell’atto costitutivo può essere vietato all’enfiteuta di disporre per atto tra vivi, in tutto o in parte, del proprio diritto, per un tempo non maggiore di venti anni. Nel caso di alienazione compiuta contro tale divieto, l’enfiteuta non è liberato dai suoi obblighi verso il concedente ed e tenuto a questi solidalmente (1292 e seguenti) con l’acquirente.
412	Art. 965 Disponibilità del diritto dell’enfiteuta	3. Quali limitazioni possono essere imposte all’enfiteuta nell’atto costitutivo riguardo alla disposizione del proprio diritto?	L’enfiteuta può disporre del proprio diritto, sia per atto tra vivi (1350 n. 2, 2643 n. 2, 2810), sia per atto di ultima volontà. Per l’alienazione del diritto dell’enfiteuta non è dovuta alcuna prestazione al concedente (att. 145). Nell’atto costitutivo può essere vietato all’enfiteuta di disporre per atto tra vivi, in tutto o in parte, del proprio diritto, per un tempo non maggiore di venti anni. Nel caso di alienazione compiuta contro tale divieto, l’enfiteuta non è liberato dai suoi obblighi verso il concedente ed e tenuto a questi solidalmente (1292 e seguenti) con l’acquirente.
413	Art. 965 Disponibilità del diritto dell’enfiteuta	4. Cosa accade se l’enfiteuta aliena il proprio diritto in violazione del divieto previsto nell’atto costitutivo?	L’enfiteuta può disporre del proprio diritto, sia per atto tra vivi (1350 n. 2, 2643 n. 2, 2810), sia per atto di ultima volontà. Per l’alienazione del diritto dell’enfiteuta non è dovuta alcuna prestazione al concedente (att. 145). Nell’atto costitutivo può essere vietato all’enfiteuta di disporre per atto tra vivi, in tutto o in parte, del proprio diritto, per un tempo non maggiore di venti anni. Nel caso di alienazione compiuta contro tale divieto, l’enfiteuta non è liberato dai suoi obblighi verso il concedente ed e tenuto a questi solidalmente (1292 e seguenti) con l’acquirente.
414	Art. 967 Diritti e obblighi dell’enfiteuta e del concedente in caso di alienazione	1. Quali sono le responsabilità del nuovo enfiteuta in caso di alienazione rispetto ai canoni non soddisfatti?	In caso di alienazione, il nuovo enfiteuta è obbligato solidalmente (1292 e seguenti) col precedente al pagamento dei canoni non soddisfatti. Il precedente enfiteuta non è liberato dai suoi obblighi, prima che sia stato notificato l’atto di acquisto al concedente. In caso di alienazione del diritto del concedente, l’acquirente non può pretendere l’adempimento degli obblighi dell’enfiteuta prima che a questo sia stata notificata l’alienazione.
415	Art. 967 Diritti e obblighi dell’enfiteuta e del concedente in caso di alienazione	2. Quando il precedente enfiteuta viene liberato dai suoi obblighi?	In caso di alienazione, il nuovo enfiteuta è obbligato solidalmente (1292 e seguenti) col precedente al pagamento dei canoni non soddisfatti. Il precedente enfiteuta non è liberato dai suoi obblighi, prima che sia stato notificato l’atto di acquisto al concedente. In caso di alienazione del diritto del concedente, l’acquirente non può pretendere l’adempimento degli obblighi dell’enfiteuta prima che a questo sia stata notificata l’alienazione.
416	Art. 967 Diritti e obblighi dell’enfiteuta e del concedente in caso di alienazione	3. Cosa deve avvenire affinché l'acquirente del diritto del concedente possa pretendere l'adempimento degli obblighi dell'enfiteuta?	In caso di alienazione, il nuovo enfiteuta è obbligato solidalmente (1292 e seguenti) col precedente al pagamento dei canoni non soddisfatti. Il precedente enfiteuta non è liberato dai suoi obblighi, prima che sia stato notificato l’atto di acquisto al concedente. In caso di alienazione del diritto del concedente, l’acquirente non può pretendere l’adempimento degli obblighi dell’enfiteuta prima che a questo sia stata notificata l’alienazione.
417	Art. 968 Subenfiteusi	1. Quali sono le ragioni per cui la subenfiteusi non è ammessa nel sistema giuridico?	La subenfiteusi non è ammessa.
418	Art. 969 Ricognizione	1. In quale momento il concedente può richiedere la ricognizione del proprio diritto da chi possiede il fondo enfiteutico?	Il concedente può richiedere la ricognizione del proprio diritto da chi si trova nel possesso del fondo enfiteutico un anno prima del compimento del ventennio. Per atto di ricognizione non è dovuta alcuna prestazione. Le spese dell’atto sono a carico del concedente.
419	Art. 969 Ricognizione	2. È prevista una prestazione per l'atto di ricognizione del diritto da parte del concedente?	Il concedente può richiedere la ricognizione del proprio diritto da chi si trova nel possesso del fondo enfiteutico un anno prima del compimento del ventennio. Per atto di ricognizione non è dovuta alcuna prestazione. Le spese dell’atto sono a carico del concedente.
420	Art. 969 Ricognizione	3. Chi è responsabile delle spese relative all'atto di ricognizione del diritto nel contesto del fondo enfiteutico?	Il concedente può richiedere la ricognizione del proprio diritto da chi si trova nel possesso del fondo enfiteutico un anno prima del compimento del ventennio. Per atto di ricognizione non è dovuta alcuna prestazione. Le spese dell’atto sono a carico del concedente.
421	Art. 970 Prescrizione del diritto dell’enfiteuta	1. Qual è il periodo di tempo necessario affinché il diritto dell'enfiteuta si prescriva per non uso?	Il diritto dell’enfiteuta si prescrive per effetto del non uso protratto per venti anni (2934 e seguenti).
422	Art. 971 Affrancazione	1. Cosa accade se uno solo degli enfiteuti promuove l'affrancazione?	Se più sono gli enfiteuti, l’affrancazione può promuoversi anche da uno solo di essi, ma per la totalità. In questo caso l’affrancante subentra nei diritti del concedente verso gli altri enfiteuti, salva, a favore di questi, una riduzione proporzionale del canone. Se più sono i concedenti, l’affrancazione può effettuarsi per la quota che spetta a ciascun concedente. L’affrancazione si opera mediante il pagamento di una somma risultante dalla capitalizzazione del canone annuo sulla base dell’interesse legale. Le modalità sono stabilite da leggi speciali (att. 58).
423	Art. 971 Affrancazione	2. Quali diritti acquisisce l'affrancante nei confronti degli altri enfiteuti?	Se più sono gli enfiteuti, l’affrancazione può promuoversi anche da uno solo di essi, ma per la totalità. In questo caso l’affrancante subentra nei diritti del concedente verso gli altri enfiteuti, salva, a favore di questi, una riduzione proporzionale del canone. Se più sono i concedenti, l’affrancazione può effettuarsi per la quota che spetta a ciascun concedente. L’affrancazione si opera mediante il pagamento di una somma risultante dalla capitalizzazione del canone annuo sulla base dell’interesse legale. Le modalità sono stabilite da leggi speciali (att. 58).
424	Art. 971 Affrancazione	3. Come viene calcolata la somma necessaria per l'affrancazione?	Se più sono gli enfiteuti, l’affrancazione può promuoversi anche da uno solo di essi, ma per la totalità. In questo caso l’affrancante subentra nei diritti del concedente verso gli altri enfiteuti, salva, a favore di questi, una riduzione proporzionale del canone. Se più sono i concedenti, l’affrancazione può effettuarsi per la quota che spetta a ciascun concedente. L’affrancazione si opera mediante il pagamento di una somma risultante dalla capitalizzazione del canone annuo sulla base dell’interesse legale. Le modalità sono stabilite da leggi speciali (att. 58).
425	Art. 971 Affrancazione	4. È possibile effettuare l'affrancazione se ci sono più concedenti? Se sì, come?	Se più sono gli enfiteuti, l’affrancazione può promuoversi anche da uno solo di essi, ma per la totalità. In questo caso l’affrancante subentra nei diritti del concedente verso gli altri enfiteuti, salva, a favore di questi, una riduzione proporzionale del canone. Se più sono i concedenti, l’affrancazione può effettuarsi per la quota che spetta a ciascun concedente. L’affrancazione si opera mediante il pagamento di una somma risultante dalla capitalizzazione del canone annuo sulla base dell’interesse legale. Le modalità sono stabilite da leggi speciali (att. 58).
426	Art. 971 Affrancazione	5. Quali leggi stabiliscono le modalità dell'affrancazione?	Se più sono gli enfiteuti, l’affrancazione può promuoversi anche da uno solo di essi, ma per la totalità. In questo caso l’affrancante subentra nei diritti del concedente verso gli altri enfiteuti, salva, a favore di questi, una riduzione proporzionale del canone. Se più sono i concedenti, l’affrancazione può effettuarsi per la quota che spetta a ciascun concedente. L’affrancazione si opera mediante il pagamento di una somma risultante dalla capitalizzazione del canone annuo sulla base dell’interesse legale. Le modalità sono stabilite da leggi speciali (att. 58).
427	Art. 972 Devoluzione	1. In quali circostanze il conducente può chiedere la devoluzione del fondo enfiteutico?	Il conducente può chiedere la devoluzione del fondo enfiteutico (2653, n. 2): se l’enfiteuta deteriora il fondo o non adempie all’obbligo di migliorarlo; se l’enfiteuta è in mora nel pagamento di due annualità di canone. La devoluzione non ha luogo se l’enfiteuta ha effettuato il pagamento dei canoni maturati prima che sia intervenuta nel giudizio sentenza, ancorché di primo grado, che abbia accolto la domanda (att. 149). La domanda di devoluzione non preclude all’enfiteuta il diritto di affrancare, sempre che ricorrano le condizioni previste dall’art. 971.
428	Art. 972 Devoluzione	2. Cosa accade se l’enfiteuta effettua il pagamento dei canoni maturati prima della sentenza di primo grado?	Il conducente può chiedere la devoluzione del fondo enfiteutico (2653, n. 2): se l’enfiteuta deteriora il fondo o non adempie all’obbligo di migliorarlo; se l’enfiteuta è in mora nel pagamento di due annualità di canone. La devoluzione non ha luogo se l’enfiteuta ha effettuato il pagamento dei canoni maturati prima che sia intervenuta nel giudizio sentenza, ancorché di primo grado, che abbia accolto la domanda (att. 149). La domanda di devoluzione non preclude all’enfiteuta il diritto di affrancare, sempre che ricorrano le condizioni previste dall’art. 971.
429	Art. 972 Devoluzione	3. La domanda di devoluzione preclude all’enfiteuta il diritto di affrancare il fondo?	Il conducente può chiedere la devoluzione del fondo enfiteutico (2653, n. 2): se l’enfiteuta deteriora il fondo o non adempie all’obbligo di migliorarlo; se l’enfiteuta è in mora nel pagamento di due annualità di canone. La devoluzione non ha luogo se l’enfiteuta ha effettuato il pagamento dei canoni maturati prima che sia intervenuta nel giudizio sentenza, ancorché di primo grado, che abbia accolto la domanda (att. 149). La domanda di devoluzione non preclude all’enfiteuta il diritto di affrancare, sempre che ricorrano le condizioni previste dall’art. 971.
430	Art. 972 Devoluzione	4. Quali obblighi deve adempiere l’enfiteuta per evitare la devoluzione del fondo?	Il conducente può chiedere la devoluzione del fondo enfiteutico (2653, n. 2): se l’enfiteuta deteriora il fondo o non adempie all’obbligo di migliorarlo; se l’enfiteuta è in mora nel pagamento di due annualità di canone. La devoluzione non ha luogo se l’enfiteuta ha effettuato il pagamento dei canoni maturati prima che sia intervenuta nel giudizio sentenza, ancorché di primo grado, che abbia accolto la domanda (att. 149). La domanda di devoluzione non preclude all’enfiteuta il diritto di affrancare, sempre che ricorrano le condizioni previste dall’art. 971.
431	Art. 972 Devoluzione	5. Qual è il riferimento normativo che disciplina il diritto di affrancazione dell’enfiteuta?	Il conducente può chiedere la devoluzione del fondo enfiteutico (2653, n. 2): se l’enfiteuta deteriora il fondo o non adempie all’obbligo di migliorarlo; se l’enfiteuta è in mora nel pagamento di due annualità di canone. La devoluzione non ha luogo se l’enfiteuta ha effettuato il pagamento dei canoni maturati prima che sia intervenuta nel giudizio sentenza, ancorché di primo grado, che abbia accolto la domanda (att. 149). La domanda di devoluzione non preclude all’enfiteuta il diritto di affrancare, sempre che ricorrano le condizioni previste dall’art. 971.
432	Art. 973 Clausola risolutiva espressa	1. In che modo la dichiarazione del concedente di valersi della clausola risolutiva espressa influisce sull'esercizio del diritto di affrancazione?	La dichiarazione del concedente di valersi della clausola risolutiva espressa non impedisce l’esercizio del diritto di affrancazione.
433	Art. 974 Diritti dei creditori dell’enfiteuta	1. In che modo i creditori dell'enfiteuta possono intervenire nel giudizio di devoluzione per conservare le loro ragioni?	I creditori dell’enfiteuta possono intervenire nel giudizio di devoluzione per conservare le loro ragioni, valendosi all’uopo anche del diritto di affrancazione che spetti all’enfiteuta; possono offrire il risarcimento dei danni e dare cauzione per l’avvenire (att. 149). I creditori, che hanno iscritto ipoteca contro l’enfiteuta anteriormente alla trascrizione della domanda di devoluzione e ai quali questa non è stata notificata in tempo utile per poter intervenire, conservano il diritto di affrancazione anche dopo avvenuta la devoluzione (2653, n. 2).
434	Art. 974 Diritti dei creditori dell’enfiteuta	2. Quali diritti conservano i creditori che hanno iscritto ipoteca contro l'enfiteuta anteriormente alla trascrizione della domanda di devoluzione?	I creditori dell’enfiteuta possono intervenire nel giudizio di devoluzione per conservare le loro ragioni, valendosi all’uopo anche del diritto di affrancazione che spetti all’enfiteuta; possono offrire il risarcimento dei danni e dare cauzione per l’avvenire (att. 149). I creditori, che hanno iscritto ipoteca contro l’enfiteuta anteriormente alla trascrizione della domanda di devoluzione e ai quali questa non è stata notificata in tempo utile per poter intervenire, conservano il diritto di affrancazione anche dopo avvenuta la devoluzione (2653, n. 2).
435	Art. 974 Diritti dei creditori dell’enfiteuta	3. Cosa possono offrire i creditori dell'enfiteuta per conservare le loro ragioni nel giudizio di devoluzione?	I creditori dell’enfiteuta possono intervenire nel giudizio di devoluzione per conservare le loro ragioni, valendosi all’uopo anche del diritto di affrancazione che spetti all’enfiteuta; possono offrire il risarcimento dei danni e dare cauzione per l’avvenire (att. 149). I creditori, che hanno iscritto ipoteca contro l’enfiteuta anteriormente alla trascrizione della domanda di devoluzione e ai quali questa non è stata notificata in tempo utile per poter intervenire, conservano il diritto di affrancazione anche dopo avvenuta la devoluzione (2653, n. 2).
436	Art. 975 Miglioramenti e addizioni	1. Quali diritti spettano all'enfiteuta al momento della cessazione dell'enfiteusi in relazione ai miglioramenti apportati al fondo?	Quando cessa l’enfiteusi all’enfiteuta spetta il rimborso dei miglioramenti nella misura dell’aumento di valore conseguito dal fondo per effetto dei miglioramenti stessi, quali sono accertati al tempo della riconsegna. Se in giudizio è stata fornita qualche prova della sussistenza in genere dei miglioramenti, all’enfiteuta compete la ritenzione del fondo fino a quando non è soddisfatto il suo credito. Per le addizioni fatte dall’enfiteuta, quando possono essere tolte senza nocumento del fondo, il concedente, se vuole ritenerle, deve pagarne il valore al tempo della riconsegna. Se le addizioni non sono separabili senza nocumento e costituiscono miglioramento, si applica la disposizione del primo comma di questo articolo (att. 157).
437	Art. 975 Miglioramenti e addizioni	2. In quali circostanze l'enfiteuta ha diritto alla ritenzione del fondo fino al soddisfacimento del suo credito?	Quando cessa l’enfiteusi all’enfiteuta spetta il rimborso dei miglioramenti nella misura dell’aumento di valore conseguito dal fondo per effetto dei miglioramenti stessi, quali sono accertati al tempo della riconsegna. Se in giudizio è stata fornita qualche prova della sussistenza in genere dei miglioramenti, all’enfiteuta compete la ritenzione del fondo fino a quando non è soddisfatto il suo credito. Per le addizioni fatte dall’enfiteuta, quando possono essere tolte senza nocumento del fondo, il concedente, se vuole ritenerle, deve pagarne il valore al tempo della riconsegna. Se le addizioni non sono separabili senza nocumento e costituiscono miglioramento, si applica la disposizione del primo comma di questo articolo (att. 157).
438	Art. 975 Miglioramenti e addizioni	3. Cosa deve fare il concedente se desidera trattenere le addizioni fatte dall'enfiteuta che possono essere rimosse senza danneggiare il fondo?	Quando cessa l’enfiteusi all’enfiteuta spetta il rimborso dei miglioramenti nella misura dell’aumento di valore conseguito dal fondo per effetto dei miglioramenti stessi, quali sono accertati al tempo della riconsegna. Se in giudizio è stata fornita qualche prova della sussistenza in genere dei miglioramenti, all’enfiteuta compete la ritenzione del fondo fino a quando non è soddisfatto il suo credito. Per le addizioni fatte dall’enfiteuta, quando possono essere tolte senza nocumento del fondo, il concedente, se vuole ritenerle, deve pagarne il valore al tempo della riconsegna. Se le addizioni non sono separabili senza nocumento e costituiscono miglioramento, si applica la disposizione del primo comma di questo articolo (att. 157).
439	Art. 975 Miglioramenti e addizioni	4. Come si applica la disposizione del primo comma dell'articolo in caso di addizioni non separabili senza nocumento che costituiscono miglioramento?	Quando cessa l’enfiteusi all’enfiteuta spetta il rimborso dei miglioramenti nella misura dell’aumento di valore conseguito dal fondo per effetto dei miglioramenti stessi, quali sono accertati al tempo della riconsegna. Se in giudizio è stata fornita qualche prova della sussistenza in genere dei miglioramenti, all’enfiteuta compete la ritenzione del fondo fino a quando non è soddisfatto il suo credito. Per le addizioni fatte dall’enfiteuta, quando possono essere tolte senza nocumento del fondo, il concedente, se vuole ritenerle, deve pagarne il valore al tempo della riconsegna. Se le addizioni non sono separabili senza nocumento e costituiscono miglioramento, si applica la disposizione del primo comma di questo articolo (att. 157).
440	Art. 976 Locazioni concluse dall’enfiteuta	1. Quali norme si applicano alle locazioni concluse dall’enfiteuta secondo l'articolo 999?	Per le locazioni concluse dall’enfiteuta si applicano le norme dell’art. 999.
441	Art. 977 Enfiteusi costituite dalle persone giuridiche	1. Le disposizioni degli articoli precedenti si applicano alle enfiteusi costituite da persone giuridiche?	Le disposizioni contenute negli articoli precedenti si applicano anche alle enfiteusi costituite dalle persone giuridiche, salvo che sia disposto diversamente dalle leggi speciali. 
442	Art. 978 Costituzione	1. Quali sono le modalità attraverso le quali l'usufrutto può essere stabilito secondo la legge?	L’usufrutto è stabilito dalla legge (324, 540 e seguenti, 581, 1153) o dalla volontà dell’uomo (587, 1350 n. 2, 1376, 2643 n. 2, 2684). Può anche acquistarsi per usucapione (1158 e seguenti).
443	Art. 978 Costituzione	2. In che modo l'usufrutto può essere acquisito per usucapione?	L’usufrutto è stabilito dalla legge (324, 540 e seguenti, 581, 1153) o dalla volontà dell’uomo (587, 1350 n. 2, 1376, 2643 n. 2, 2684). Può anche acquistarsi per usucapione (1158 e seguenti).
444	Art. 979 Durata	1. Qual è la durata massima dell'usufrutto costituito a favore di una persona fisica?	La durata dell’usufrutto non può eccedere la vita dell’usufruttuario. L’usufrutto costituito a favore di una persona giuridica non può durare più di trenta anni.
445	Art. 979 Durata	2. Quanto può durare al massimo l'usufrutto se è costituito a favore di una persona giuridica?	La durata dell’usufrutto non può eccedere la vita dell’usufruttuario. L’usufrutto costituito a favore di una persona giuridica non può durare più di trenta anni.
446	Art. 980 Cessione dell’usufrutto	1. Quali sono le condizioni che permettono all'usufruttuario di cedere il proprio diritto per un certo tempo o per tutta la sua durata?	L’usufruttuario può cedere il proprio diritto per un certo tempo o per tutta la sua durata, se ciò non è vietato dal
447	Art. 981 Contenuto del diritto di usufrutto	1. Quali sono i diritti dell'usufruttuario riguardo al godimento della cosa?	L’usufruttuario ha diritto di godere della cosa, ma deve rispettarne la destinazione economica. Egli può trarre dalla cosa ogni utilità che questa può dare, fermi i limiti stabiliti in questo Capo.
448	Art. 981 Contenuto del diritto di usufrutto	2. Quali limiti deve rispettare l'usufruttuario nel trarre utilità dalla cosa?	L’usufruttuario ha diritto di godere della cosa, ma deve rispettarne la destinazione economica. Egli può trarre dalla cosa ogni utilità che questa può dare, fermi i limiti stabiliti in questo Capo.
449	Art. 982 Possesso della cosa	1. Quali sono le limitazioni al diritto dell'usufruttuario di conseguire il possesso della cosa di cui ha l'usufrutto secondo l'articolo 1002?	L’usufruttuario ha il diritto di conseguire il possesso della cosa di cui ha l’usufrutto, salvo quanto è disposto dall’art. 1002.
450	Art. 983 Accessioni	1. In che modo l'usufrutto si estende alle accessioni della cosa?	L’usufrutto si estende a tutte le accessioni della cosa (817 e seguenti, 934 e seguenti). Se il proprietario dopo l’inizio dell’usufrutto, con il consenso dell’usufruttuario, ha fatto nel fondo costruzioni o piantagioni, l’usufruttuario è tenuto a corrispondere gli interessi sulle somme impiegate. La norma si applica anche nel caso in cui le costruzioni o piantagioni sono state fatte per disposizione della pubblica autorità.
451	Art. 983 Accessioni	2. Quali obblighi ha l'usufruttuario se il proprietario, con il suo consenso, realizza costruzioni o piantagioni nel fondo?	L’usufrutto si estende a tutte le accessioni della cosa (817 e seguenti, 934 e seguenti). Se il proprietario dopo l’inizio dell’usufrutto, con il consenso dell’usufruttuario, ha fatto nel fondo costruzioni o piantagioni, l’usufruttuario è tenuto a corrispondere gli interessi sulle somme impiegate. La norma si applica anche nel caso in cui le costruzioni o piantagioni sono state fatte per disposizione della pubblica autorità.
452	Art. 983 Accessioni	3. La norma sull'obbligo dell'usufruttuario di corrispondere gli interessi si applica anche se le costruzioni o piantagioni sono state fatte per disposizione della pubblica autorità?	L’usufrutto si estende a tutte le accessioni della cosa (817 e seguenti, 934 e seguenti). Se il proprietario dopo l’inizio dell’usufrutto, con il consenso dell’usufruttuario, ha fatto nel fondo costruzioni o piantagioni, l’usufruttuario è tenuto a corrispondere gli interessi sulle somme impiegate. La norma si applica anche nel caso in cui le costruzioni o piantagioni sono state fatte per disposizione della pubblica autorità.
453	Art. 984 Frutti	1. Come vengono ripartiti i frutti naturali e civili tra il proprietario e l'usufruttuario se si succedono nel godimento della cosa entro l'anno agrario?	I frutti naturali e i frutti civili spettano all’usufruttuario per la durata del suo diritto (820 s ) Se il proprietario e l’usufruttuario si succedono nel godimento della cosa entro l’anno agrario o nel corso di un periodo produttivo di maggiore durata, l’insieme di tutti i frutti si ripartisce fra l’uno e l’altro in proporzione della durata del rispettivo diritto nel periodo stesso (199; att. 150). Le spese per la produzione e il raccolto sono a carico del proprietario e dell’usufruttuario nella proporzione indicata dal comma precedente ed entro i limiti del valore dei frutti.
454	Art. 984 Frutti	2. Chi è responsabile delle spese per la produzione e il raccolto dei frutti secondo il testo?	I frutti naturali e i frutti civili spettano all’usufruttuario per la durata del suo diritto (820 s ) Se il proprietario e l’usufruttuario si succedono nel godimento della cosa entro l’anno agrario o nel corso di un periodo produttivo di maggiore durata, l’insieme di tutti i frutti si ripartisce fra l’uno e l’altro in proporzione della durata del rispettivo diritto nel periodo stesso (199; att. 150). Le spese per la produzione e il raccolto sono a carico del proprietario e dell’usufruttuario nella proporzione indicata dal comma precedente ed entro i limiti del valore dei frutti.
455	Art. 985 Miglioramenti	1. Quali sono i criteri per determinare l'importo dell'indennità dovuta all'usufruttuario per i miglioramenti apportati?	L’usufruttuario ha diritto a un’indennità per i miglioramenti che sussistono al momento della restituzione della cosa (att. 157). L’indennità si deve corrispondere nella minor somma tra l’importo della spesa e l’aumento di valore conseguito dalla cosa per effetto dei miglioramenti. L’autorità giudiziaria, avuto riguardo alle circostanze, può disporre che il pagamento della indennità prevista dai commi precedenti sia fatto ratealmente, imponendo in questo caso idonea garanzia (1179, Cod. Proc. Civ. 119).
456	Art. 985 Miglioramenti	2. In quali circostanze l'autorità giudiziaria può disporre il pagamento rateale dell'indennità per i miglioramenti?	L’usufruttuario ha diritto a un’indennità per i miglioramenti che sussistono al momento della restituzione della cosa (att. 157). L’indennità si deve corrispondere nella minor somma tra l’importo della spesa e l’aumento di valore conseguito dalla cosa per effetto dei miglioramenti. L’autorità giudiziaria, avuto riguardo alle circostanze, può disporre che il pagamento della indennità prevista dai commi precedenti sia fatto ratealmente, imponendo in questo caso idonea garanzia (1179, Cod. Proc. Civ. 119).
457	Art. 985 Miglioramenti	3. Quali garanzie possono essere imposte dall'autorità giudiziaria nel caso di pagamento rateale dell'indennità per i miglioramenti?	L’usufruttuario ha diritto a un’indennità per i miglioramenti che sussistono al momento della restituzione della cosa (att. 157). L’indennità si deve corrispondere nella minor somma tra l’importo della spesa e l’aumento di valore conseguito dalla cosa per effetto dei miglioramenti. L’autorità giudiziaria, avuto riguardo alle circostanze, può disporre che il pagamento della indennità prevista dai commi precedenti sia fatto ratealmente, imponendo in questo caso idonea garanzia (1179, Cod. Proc. Civ. 119).
458	Art. 986 Addizioni	1. Quali condizioni deve rispettare l'usufruttuario per eseguire addizioni alla cosa?	L’usufruttuario può eseguire addizioni che non alterino la destinazione economica della cosa. Egli ha diritto di toglierle alla fine dell’usufrutto, qualora ciò possa farsi senza nocumento della cosa, salvo che il proprietario preferisca ritenere le addizioni stesse. In questo caso deve essere corrisposta all’usufruttuario un’indennità pari alla minor somma tra l’importo della spesa e il valore delle addizioni al tempo della riconsegna. Se le addizioni non possono separarsi senza nocumento della cosa e costituiscono miglioramento di essa si applicano le disposizioni relative ai miglioramenti (att. 157).
459	Art. 986 Addizioni	2. Cosa accade se il proprietario decide di ritenere le addizioni eseguite dall'usufruttuario alla fine dell'usufrutto?	L’usufruttuario può eseguire addizioni che non alterino la destinazione economica della cosa. Egli ha diritto di toglierle alla fine dell’usufrutto, qualora ciò possa farsi senza nocumento della cosa, salvo che il proprietario preferisca ritenere le addizioni stesse. In questo caso deve essere corrisposta all’usufruttuario un’indennità pari alla minor somma tra l’importo della spesa e il valore delle addizioni al tempo della riconsegna. Se le addizioni non possono separarsi senza nocumento della cosa e costituiscono miglioramento di essa si applicano le disposizioni relative ai miglioramenti (att. 157).
460	Art. 986 Addizioni	3. Come si determina l'indennità da corrispondere all'usufruttuario se il proprietario preferisce ritenere le addizioni?	L’usufruttuario può eseguire addizioni che non alterino la destinazione economica della cosa. Egli ha diritto di toglierle alla fine dell’usufrutto, qualora ciò possa farsi senza nocumento della cosa, salvo che il proprietario preferisca ritenere le addizioni stesse. In questo caso deve essere corrisposta all’usufruttuario un’indennità pari alla minor somma tra l’importo della spesa e il valore delle addizioni al tempo della riconsegna. Se le addizioni non possono separarsi senza nocumento della cosa e costituiscono miglioramento di essa si applicano le disposizioni relative ai miglioramenti (att. 157).
461	Art. 986 Addizioni	4. Quali disposizioni si applicano se le addizioni non possono essere separate senza nocumento della cosa e costituiscono un miglioramento?	L’usufruttuario può eseguire addizioni che non alterino la destinazione economica della cosa. Egli ha diritto di toglierle alla fine dell’usufrutto, qualora ciò possa farsi senza nocumento della cosa, salvo che il proprietario preferisca ritenere le addizioni stesse. In questo caso deve essere corrisposta all’usufruttuario un’indennità pari alla minor somma tra l’importo della spesa e il valore delle addizioni al tempo della riconsegna. Se le addizioni non possono separarsi senza nocumento della cosa e costituiscono miglioramento di essa si applicano le disposizioni relative ai miglioramenti (att. 157).
462	Art. 987 Miniere, cave e torbiere	1. Quali sono le condizioni in cui l'usufruttuario può godere delle cave e torbiere?	L’usufruttuario gode delle cave e torbiere già aperte e in esercizio all’inizio dell’usufrutto. Non ha facoltà di aprirne altre senza il consenso del proprietario. Per le ricerche e le coltivazioni minerarie, di cui abbia ottenuto il permesso, l’usufruttuario deve indennizzare il proprietario dei danni che saranno accertati alla fine dell’usufrutto. Se il permesso è stato ottenuto dal proprietario o da un terzo, questi devono al: l’usufruttuario un’indennità corrispondente al diminuito godimento del fondo durante l’usufrutto.
463	Art. 987 Miniere, cave e torbiere	2. L'usufruttuario può aprire nuove cave o torbiere senza il consenso del proprietario?	L’usufruttuario gode delle cave e torbiere già aperte e in esercizio all’inizio dell’usufrutto. Non ha facoltà di aprirne altre senza il consenso del proprietario. Per le ricerche e le coltivazioni minerarie, di cui abbia ottenuto il permesso, l’usufruttuario deve indennizzare il proprietario dei danni che saranno accertati alla fine dell’usufrutto. Se il permesso è stato ottenuto dal proprietario o da un terzo, questi devono al: l’usufruttuario un’indennità corrispondente al diminuito godimento del fondo durante l’usufrutto.
464	Art. 987 Miniere, cave e torbiere	3. Cosa deve fare l'usufruttuario se ottiene il permesso per ricerche e coltivazioni minerarie?	L’usufruttuario gode delle cave e torbiere già aperte e in esercizio all’inizio dell’usufrutto. Non ha facoltà di aprirne altre senza il consenso del proprietario. Per le ricerche e le coltivazioni minerarie, di cui abbia ottenuto il permesso, l’usufruttuario deve indennizzare il proprietario dei danni che saranno accertati alla fine dell’usufrutto. Se il permesso è stato ottenuto dal proprietario o da un terzo, questi devono al: l’usufruttuario un’indennità corrispondente al diminuito godimento del fondo durante l’usufrutto.
465	Art. 987 Miniere, cave e torbiere	4. Chi deve indennizzare l'usufruttuario se il permesso per ricerche e coltivazioni minerarie è stato ottenuto dal proprietario o da un terzo?	L’usufruttuario gode delle cave e torbiere già aperte e in esercizio all’inizio dell’usufrutto. Non ha facoltà di aprirne altre senza il consenso del proprietario. Per le ricerche e le coltivazioni minerarie, di cui abbia ottenuto il permesso, l’usufruttuario deve indennizzare il proprietario dei danni che saranno accertati alla fine dell’usufrutto. Se il permesso è stato ottenuto dal proprietario o da un terzo, questi devono al: l’usufruttuario un’indennità corrispondente al diminuito godimento del fondo durante l’usufrutto.
466	Art. 987 Miniere, cave e torbiere	5. Qual è l'obbligo dell'usufruttuario alla fine dell'usufrutto in caso di danni accertati?	L’usufruttuario gode delle cave e torbiere già aperte e in esercizio all’inizio dell’usufrutto. Non ha facoltà di aprirne altre senza il consenso del proprietario. Per le ricerche e le coltivazioni minerarie, di cui abbia ottenuto il permesso, l’usufruttuario deve indennizzare il proprietario dei danni che saranno accertati alla fine dell’usufrutto. Se il permesso è stato ottenuto dal proprietario o da un terzo, questi devono al: l’usufruttuario un’indennità corrispondente al diminuito godimento del fondo durante l’usufrutto.
467	Art. 988 Tesoro	1. Quali diritti ha l'usufruttuario sul tesoro scoperto durante l'usufrutto?	Il diritto dell’usufruttuario non si estende al tesoro che si scopra durante l’usufrutto, salve le ragioni che gli possono competere come ritrovatore.
468	Art. 989 Boschi, filari e alberi sparsi di alto fusto	1. Quali obblighi ha l'usufruttuario riguardo al mantenimento dell'originaria consistenza dei boschi o dei filari compresi nell'usufrutto?	Se nell’usufrutto sono compresi boschi o filari cedui ovvero boschi o filari di alto fusto destinati alla produzione di legna, l’usufruttuario può procedere ai tagli ordinari, curando il mantenimento dell’originaria consistenza dei boschi o dei filari e provvedendo, se occorre, alla loro ricostituzione. Circa il modo, l’estensione, l’ordine e l’epoca dei tagli, l’usufruttuario è tenuto a uniformarsi, oltre che alle leggi e ai regolamenti forestali, alla pratica costante della regione. Le stesse regole si applicano agli alberi di alto fusto sparsi per la campagna, destinati ad essere tagliati.
469	Art. 989 Boschi, filari e alberi sparsi di alto fusto	2. A quali normative deve uniformarsi l'usufruttuario per quanto riguarda il modo, l'estensione, l'ordine e l'epoca dei tagli nei boschi o filari cedui?	Se nell’usufrutto sono compresi boschi o filari cedui ovvero boschi o filari di alto fusto destinati alla produzione di legna, l’usufruttuario può procedere ai tagli ordinari, curando il mantenimento dell’originaria consistenza dei boschi o dei filari e provvedendo, se occorre, alla loro ricostituzione. Circa il modo, l’estensione, l’ordine e l’epoca dei tagli, l’usufruttuario è tenuto a uniformarsi, oltre che alle leggi e ai regolamenti forestali, alla pratica costante della regione. Le stesse regole si applicano agli alberi di alto fusto sparsi per la campagna, destinati ad essere tagliati.
470	Art. 989 Boschi, filari e alberi sparsi di alto fusto	3. Le regole relative ai tagli si applicano anche agli alberi di alto fusto sparsi per la campagna?	Se nell’usufrutto sono compresi boschi o filari cedui ovvero boschi o filari di alto fusto destinati alla produzione di legna, l’usufruttuario può procedere ai tagli ordinari, curando il mantenimento dell’originaria consistenza dei boschi o dei filari e provvedendo, se occorre, alla loro ricostituzione. Circa il modo, l’estensione, l’ordine e l’epoca dei tagli, l’usufruttuario è tenuto a uniformarsi, oltre che alle leggi e ai regolamenti forestali, alla pratica costante della regione. Le stesse regole si applicano agli alberi di alto fusto sparsi per la campagna, destinati ad essere tagliati.
471	Art. 990 Alberi di alto fusto divelti, spezzati o periti	1. A chi spettano gli alberi di alto fusto divelti, spezzati o periti per accidente?	Gli alberi di alto fusto divelti, spezzati o periti per accidente spettano al proprietario. L’usufruttuario può servirsi di essi soltanto per le riparazioni che sono a suo carico.
472	Art. 990 Alberi di alto fusto divelti, spezzati o periti	2. Per quali scopi l'usufruttuario può servirsi degli alberi di alto fusto divelti, spezzati o periti per accidente?	Gli alberi di alto fusto divelti, spezzati o periti per accidente spettano al proprietario. L’usufruttuario può servirsi di essi soltanto per le riparazioni che sono a suo carico.
473	Art. 991 Alberi fruttiferi	1. Quali sono gli obblighi dell'usufruttuario in caso di perimento o danneggiamento di alberi fruttiferi?	Gli alberi fruttiferi che periscono e quelli divelti o spezzati per accidente appartengono all’usufruttuario, ma questi ha l’obbligo di sostituirne altri.
474	Art. 992 Pali per vigne e per altre coltivazioni	1. Quali sono le condizioni che l'usufruttuario deve rispettare per prendere i pali nei boschi per le vigne e altre coltivazioni?	L’usufruttuario può prendere nei boschi i pali occorrenti per le vigne e per le altre coltivazioni che ne abbisognano, osservando sempre la pratica costante della regione.
475	Art. 993 Semenzai	1. Quali sono le pratiche costanti della regione che l'usufruttuario deve osservare per l'estrazione e la rimessa dei virgulti?	L’usufruttuario può servirsi dei piantoni dei semenzai, ma deve osservare la pratica costante della regione per il tempo e il modo della estrazione e per la rimessa dei virgulti.
476	Art. 994 Perimento delle mandrie o dei greggi	1. Quali sono gli obblighi dell'usufruttuario se la mandria o il gregge in usufrutto inizia a mancare del numero primitivo di animali?	Se l’usufrutto e stabilito sopra una mandria o un gregge, l’usufruttuario e tenuto a surrogare gli animali periti, fino alla concorrente quantità dei nati, dopo che la mandria o il gregge ha cominciato ad essere mancante del numero primitivo. Se la mandria o il gregge perisce interamente per causa non imputabile all’usufruttuario, questi non è obbligato verso il proprietario che a rendere conto delle pelli o del loro valore.
477	Art. 994 Perimento delle mandrie o dei greggi	2. Cosa deve fare l'usufruttuario se la mandria o il gregge perisce interamente per causa non imputabile a lui?	Se l’usufrutto e stabilito sopra una mandria o un gregge, l’usufruttuario e tenuto a surrogare gli animali periti, fino alla concorrente quantità dei nati, dopo che la mandria o il gregge ha cominciato ad essere mancante del numero primitivo. Se la mandria o il gregge perisce interamente per causa non imputabile all’usufruttuario, questi non è obbligato verso il proprietario che a rendere conto delle pelli o del loro valore.
478	Art. 995 Cose consumabili	1. Quali sono gli obblighi dell'usufruttuario se l'usufrutto comprende cose consumabili?	Se l’usufrutto comprende cose consumabili, l’usufruttuario ha diritto di servirsene e ha l’obbligo di pagarne il valore al termine dell’usufrutto secondo la stima convenuta. Mancando la stima, e in facoltà dell’usufruttuario di pagare le cose secondo il valore che hanno al tempo in cui finisce l’usufrutto o di restituirne altre in eguale qualità e quantità.
479	Art. 995 Cose consumabili	2. Cosa può fare l'usufruttuario se manca la stima convenuta delle cose consumabili nell'usufrutto?	Se l’usufrutto comprende cose consumabili, l’usufruttuario ha diritto di servirsene e ha l’obbligo di pagarne il valore al termine dell’usufrutto secondo la stima convenuta. Mancando la stima, e in facoltà dell’usufruttuario di pagare le cose secondo il valore che hanno al tempo in cui finisce l’usufrutto o di restituirne altre in eguale qualità e quantità.
480	Art. 996 Cose deteriorabili	1. Quali sono i diritti dell'usufruttuario riguardo alle cose che si deteriorano a poco a poco?	Se l’usufrutto comprende cose che, senza consumarsi in un tratto, si deteriorano a poco a poco, l’usufruttuario ha diritto di servirsene secondo l’uso al quale sono destinate, e alla fine dell’usufrutto e soltanto tenuto a restituirle nello stato in cui si trovano.
481	Art. 996 Cose deteriorabili	2. In che stato l'usufruttuario deve restituire le cose che si deteriorano a poco a poco alla fine dell'usufrutto?	Se l’usufrutto comprende cose che, senza consumarsi in un tratto, si deteriorano a poco a poco, l’usufruttuario ha diritto di servirsene secondo l’uso al quale sono destinate, e alla fine dell’usufrutto e soltanto tenuto a restituirle nello stato in cui si trovano.
482	Art. 997 Impianti, opifici e macchinari	1. Quali obblighi ha l'usufruttuario in merito alla manutenzione di impianti, opifici o macchinari con destinazione produttiva durante l'usufrutto?	Se l’usufrutto comprende impianti, opifici o macchinari che hanno una destinazione produttiva, l’usufruttuario è tenuto a riparare e a sostituire durante l’usufrutto le parti che si logorano, in modo da assicurare il regolare funzionamento delle cose suddette. Se l’usufruttuario ha sopportato spese che eccedono quelle delle ordinarie riparazioni, il proprietario, al termine dell’usufrutto, è tenuto a corrispondergli una congrua indennità.
483	Art. 997 Impianti, opifici e macchinari	2. Cosa accade se l'usufruttuario sostiene spese superiori a quelle delle ordinarie riparazioni durante l'usufrutto?	Se l’usufrutto comprende impianti, opifici o macchinari che hanno una destinazione produttiva, l’usufruttuario è tenuto a riparare e a sostituire durante l’usufrutto le parti che si logorano, in modo da assicurare il regolare funzionamento delle cose suddette. Se l’usufruttuario ha sopportato spese che eccedono quelle delle ordinarie riparazioni, il proprietario, al termine dell’usufrutto, è tenuto a corrispondergli una congrua indennità.
484	Art. 998 Scorte vive e morte	1. In che modo devono essere restituite le scorte vive e morte di un fondo al termine dell'usufrutto?	Le scorte vive e morte di un fondo devono essere restituite in eguale quantità e qualità. L’eccedenza o la deficienza di esse deve essere regolata in danaro, secondo il loro valore al termine dell’usufrutto.
485	Art. 998 Scorte vive e morte	2. Come viene regolata l'eccedenza o la deficienza delle scorte vive e morte di un fondo al termine dell'usufrutto?	Le scorte vive e morte di un fondo devono essere restituite in eguale quantità e qualità. L’eccedenza o la deficienza di esse deve essere regolata in danaro, secondo il loro valore al termine dell’usufrutto.
486	Art. 999 Locazioni concluse dall’usufruttuario	1. Quali sono le condizioni affinché le locazioni concluse dall'usufruttuario continuino dopo la cessazione dell'usufrutto?	Le locazioni concluse dall’usufruttuario, in corso al tempo della cessazione dell’usufrutto, purché constino da atto pubblico o da scrittura privata di data certa anteriore, continuano per la durata stabilita, ma non oltre il quinquennio dalla cessazione dell’usufrutto. Se la cessazione dell’usufrutto avviene per la scadenza del termine stabilito, le locazioni non durano in ogni caso se non per l’anno e, trattandosi di fondi rustici dei quali il principale raccolto è biennale o triennale, se non per il biennio o triennio che si trova in corso al tempo in cui cessa l’usufrutto (att. 51).
487	Art. 999 Locazioni concluse dall’usufruttuario	2. In che modo la durata delle locazioni è influenzata dalla scadenza del termine dell'usufrutto, in particolare per i fondi rustici con raccolti biennali o triennali?	Le locazioni concluse dall’usufruttuario, in corso al tempo della cessazione dell’usufrutto, purché constino da atto pubblico o da scrittura privata di data certa anteriore, continuano per la durata stabilita, ma non oltre il quinquennio dalla cessazione dell’usufrutto. Se la cessazione dell’usufrutto avviene per la scadenza del termine stabilito, le locazioni non durano in ogni caso se non per l’anno e, trattandosi di fondi rustici dei quali il principale raccolto è biennale o triennale, se non per il biennio o triennio che si trova in corso al tempo in cui cessa l’usufrutto (att. 51).
488	Art. 1000 Riscossione di capitali	1. Qual è la condizione necessaria per la riscossione di somme che rappresentano un capitale gravato d’usufrutto?	Per la riscossione di somme che rappresentano un capitale gravato d’usufrutto, è necessario il concorso del titolare del credito e dell’usufruttuario. Il pagamento fatto a uno solo di essi non è opponibile all’altro, salve in ogni caso le norme relative alla cessione dei crediti (260 e seguenti). Il capitale riscosso dev’essere investito in modo fruttifero e su di esso si trasferisce l’usufrutto. Se le parti non sono d’accordo sul modo d’investimento, provvede l’autorità giudiziaria.
489	Art. 1000 Riscossione di capitali	2. Cosa accade se il pagamento è fatto solo al titolare del credito o solo all’usufruttuario?	Per la riscossione di somme che rappresentano un capitale gravato d’usufrutto, è necessario il concorso del titolare del credito e dell’usufruttuario. Il pagamento fatto a uno solo di essi non è opponibile all’altro, salve in ogni caso le norme relative alla cessione dei crediti (260 e seguenti). Il capitale riscosso dev’essere investito in modo fruttifero e su di esso si trasferisce l’usufrutto. Se le parti non sono d’accordo sul modo d’investimento, provvede l’autorità giudiziaria.
490	Art. 1000 Riscossione di capitali	3. Come deve essere investito il capitale riscosso che è gravato d’usufrutto?	Per la riscossione di somme che rappresentano un capitale gravato d’usufrutto, è necessario il concorso del titolare del credito e dell’usufruttuario. Il pagamento fatto a uno solo di essi non è opponibile all’altro, salve in ogni caso le norme relative alla cessione dei crediti (260 e seguenti). Il capitale riscosso dev’essere investito in modo fruttifero e su di esso si trasferisce l’usufrutto. Se le parti non sono d’accordo sul modo d’investimento, provvede l’autorità giudiziaria.
491	Art. 1000 Riscossione di capitali	4. Chi interviene se le parti non trovano un accordo sul modo d’investimento del capitale riscosso?	Per la riscossione di somme che rappresentano un capitale gravato d’usufrutto, è necessario il concorso del titolare del credito e dell’usufruttuario. Il pagamento fatto a uno solo di essi non è opponibile all’altro, salve in ogni caso le norme relative alla cessione dei crediti (260 e seguenti). Il capitale riscosso dev’essere investito in modo fruttifero e su di esso si trasferisce l’usufrutto. Se le parti non sono d’accordo sul modo d’investimento, provvede l’autorità giudiziaria.
492	Art. 1001 Obbligo di restituzione. Misura della diligenza	1. Quali obblighi ha l'usufruttuario al termine dell'usufrutto riguardo alla restituzione delle cose?	L’usufruttuario deve restituire le cose che formano oggetto del suo diritto, al termine dell’usufrutto, salvo quanto è disposto dall’art. 995. Nel godimento della cosa egli deve usare la diligenza del buon padre di famiglia.
493	Art. 1001 Obbligo di restituzione. Misura della diligenza	2. Quale standard di comportamento deve seguire l'usufruttuario nel godimento della cosa?	L’usufruttuario deve restituire le cose che formano oggetto del suo diritto, al termine dell’usufrutto, salvo quanto è disposto dall’art. 995. Nel godimento della cosa egli deve usare la diligenza del buon padre di famiglia.
494	Art. 1002 Inventario e garanzia	1. In quale stato l'usufruttuario prende le cose?	L’usufruttuario prende le cose nello stato in cui si trovano. Egli è tenuto a fare a sue spese l’inventario dei beni, previo avviso al proprietario (Cod. Proc. Civ. 769). Quando l’usufruttuario è dispensato dal fare l’inventario, questo può essere richiesto dal proprietario a sue spese. L’usufruttuario deve inoltre dare idonea garanzia. Dalla prestazione della garanzia sono dispensati i genitori che hanno l’usufrutto legale sui beni dei loro figli minori. Sono anche dispensati il venditore e il donante con riserva d’usufrutto; ma, qualora questi cedano l’usufrutto, il cessionario è tenuto a prestare garanzia. L’usufruttuario non può conseguire il possesso dei beni prima di aver adempiuto gli obblighi su indicati.
495	Art. 1002 Inventario e garanzia	2. Chi è tenuto a fare l'inventario dei beni e a quali condizioni?	L’usufruttuario prende le cose nello stato in cui si trovano. Egli è tenuto a fare a sue spese l’inventario dei beni, previo avviso al proprietario (Cod. Proc. Civ. 769). Quando l’usufruttuario è dispensato dal fare l’inventario, questo può essere richiesto dal proprietario a sue spese. L’usufruttuario deve inoltre dare idonea garanzia. Dalla prestazione della garanzia sono dispensati i genitori che hanno l’usufrutto legale sui beni dei loro figli minori. Sono anche dispensati il venditore e il donante con riserva d’usufrutto; ma, qualora questi cedano l’usufrutto, il cessionario è tenuto a prestare garanzia. L’usufruttuario non può conseguire il possesso dei beni prima di aver adempiuto gli obblighi su indicati.
496	Art. 1002 Inventario e garanzia	3. Cosa può fare il proprietario se l'usufruttuario è dispensato dal fare l'inventario?	L’usufruttuario prende le cose nello stato in cui si trovano. Egli è tenuto a fare a sue spese l’inventario dei beni, previo avviso al proprietario (Cod. Proc. Civ. 769). Quando l’usufruttuario è dispensato dal fare l’inventario, questo può essere richiesto dal proprietario a sue spese. L’usufruttuario deve inoltre dare idonea garanzia. Dalla prestazione della garanzia sono dispensati i genitori che hanno l’usufrutto legale sui beni dei loro figli minori. Sono anche dispensati il venditore e il donante con riserva d’usufrutto; ma, qualora questi cedano l’usufrutto, il cessionario è tenuto a prestare garanzia. L’usufruttuario non può conseguire il possesso dei beni prima di aver adempiuto gli obblighi su indicati.
497	Art. 1002 Inventario e garanzia	4. Quali obblighi deve adempiere l'usufruttuario prima di conseguire il possesso dei beni?	L’usufruttuario prende le cose nello stato in cui si trovano. Egli è tenuto a fare a sue spese l’inventario dei beni, previo avviso al proprietario (Cod. Proc. Civ. 769). Quando l’usufruttuario è dispensato dal fare l’inventario, questo può essere richiesto dal proprietario a sue spese. L’usufruttuario deve inoltre dare idonea garanzia. Dalla prestazione della garanzia sono dispensati i genitori che hanno l’usufrutto legale sui beni dei loro figli minori. Sono anche dispensati il venditore e il donante con riserva d’usufrutto; ma, qualora questi cedano l’usufrutto, il cessionario è tenuto a prestare garanzia. L’usufruttuario non può conseguire il possesso dei beni prima di aver adempiuto gli obblighi su indicati.
498	Art. 1002 Inventario e garanzia	5. Chi è dispensato dalla prestazione della garanzia nell'usufrutto legale sui beni dei figli minori?	L’usufruttuario prende le cose nello stato in cui si trovano. Egli è tenuto a fare a sue spese l’inventario dei beni, previo avviso al proprietario (Cod. Proc. Civ. 769). Quando l’usufruttuario è dispensato dal fare l’inventario, questo può essere richiesto dal proprietario a sue spese. L’usufruttuario deve inoltre dare idonea garanzia. Dalla prestazione della garanzia sono dispensati i genitori che hanno l’usufrutto legale sui beni dei loro figli minori. Sono anche dispensati il venditore e il donante con riserva d’usufrutto; ma, qualora questi cedano l’usufrutto, il cessionario è tenuto a prestare garanzia. L’usufruttuario non può conseguire il possesso dei beni prima di aver adempiuto gli obblighi su indicati.
499	Art. 1002 Inventario e garanzia	6. Quali soggetti sono dispensati dalla prestazione della garanzia in caso di riserva d'usufrutto?	L’usufruttuario prende le cose nello stato in cui si trovano. Egli è tenuto a fare a sue spese l’inventario dei beni, previo avviso al proprietario (Cod. Proc. Civ. 769). Quando l’usufruttuario è dispensato dal fare l’inventario, questo può essere richiesto dal proprietario a sue spese. L’usufruttuario deve inoltre dare idonea garanzia. Dalla prestazione della garanzia sono dispensati i genitori che hanno l’usufrutto legale sui beni dei loro figli minori. Sono anche dispensati il venditore e il donante con riserva d’usufrutto; ma, qualora questi cedano l’usufrutto, il cessionario è tenuto a prestare garanzia. L’usufruttuario non può conseguire il possesso dei beni prima di aver adempiuto gli obblighi su indicati.
500	Art. 1002 Inventario e garanzia	7. Cosa accade se il venditore o il donante cedono l'usufrutto?	L’usufruttuario prende le cose nello stato in cui si trovano. Egli è tenuto a fare a sue spese l’inventario dei beni, previo avviso al proprietario (Cod. Proc. Civ. 769). Quando l’usufruttuario è dispensato dal fare l’inventario, questo può essere richiesto dal proprietario a sue spese. L’usufruttuario deve inoltre dare idonea garanzia. Dalla prestazione della garanzia sono dispensati i genitori che hanno l’usufrutto legale sui beni dei loro figli minori. Sono anche dispensati il venditore e il donante con riserva d’usufrutto; ma, qualora questi cedano l’usufrutto, il cessionario è tenuto a prestare garanzia. L’usufruttuario non può conseguire il possesso dei beni prima di aver adempiuto gli obblighi su indicati.
501	Art. 1002 Inventario e garanzia	8. Qual è il riferimento normativo per l'inventario dei beni nell'usufrutto?	L’usufruttuario prende le cose nello stato in cui si trovano. Egli è tenuto a fare a sue spese l’inventario dei beni, previo avviso al proprietario (Cod. Proc. Civ. 769). Quando l’usufruttuario è dispensato dal fare l’inventario, questo può essere richiesto dal proprietario a sue spese. L’usufruttuario deve inoltre dare idonea garanzia. Dalla prestazione della garanzia sono dispensati i genitori che hanno l’usufrutto legale sui beni dei loro figli minori. Sono anche dispensati il venditore e il donante con riserva d’usufrutto; ma, qualora questi cedano l’usufrutto, il cessionario è tenuto a prestare garanzia. L’usufruttuario non può conseguire il possesso dei beni prima di aver adempiuto gli obblighi su indicati.
502	Art. 1003 Mancanza o insufficienza della garanzia	1. Cosa accade se l'usufruttuario non presta la garanzia a cui è tenuto?	Se l’usufruttuario non presta la garanzia a cui e tenuto, si osservano le disposizioni seguenti: gli immobili sono locati o messi sotto amministrazione, salva la facoltà all’usufruttuario di farsi assegnare per propria abitazione una casa compresa nell’usufrutto. L’amministrazione è affidata, con il consenso dell’usufruttuario, al proprietario o altrimenti a un terzo scelto di comune accordo tra proprietario e usufruttuario o, in mancanza di tale accordo, nominato dall’autorità giudiziaria (att. 59); il danaro è collocato a interesse (1000-2); i titoli al portatore si convertono in nominativi a favore del proprietario con il vincolo dell’usufrutto, ovvero si depositano presso una terza persona, scelta dalle parti, o presso un istituto di credito, la cui designazione, in caso di dissenso, e fatta dall’autorità giudiziaria; le derrate sono vendute e il loro prezzo è parimenti collocato a interesse. In questi casi appartengono all’usufruttuario gli interessi dei capitali, le rendite, le pigioni e i fitti. Se si tratta di mobili i quali si deteriorano con l’uso, il proprietario può chiedere che siano venduti e ne sia impiegato il prezzo come quello delle derrate. L’usufruttuario può nondimeno domandare che gli siano lasciati i mobili necessari per il proprio uso.
503	Art. 1003 Mancanza o insufficienza della garanzia	2. Quali sono le opzioni per l'usufruttuario riguardo all'assegnazione di una casa compresa nell'usufrutto?	Se l’usufruttuario non presta la garanzia a cui e tenuto, si osservano le disposizioni seguenti: gli immobili sono locati o messi sotto amministrazione, salva la facoltà all’usufruttuario di farsi assegnare per propria abitazione una casa compresa nell’usufrutto. L’amministrazione è affidata, con il consenso dell’usufruttuario, al proprietario o altrimenti a un terzo scelto di comune accordo tra proprietario e usufruttuario o, in mancanza di tale accordo, nominato dall’autorità giudiziaria (att. 59); il danaro è collocato a interesse (1000-2); i titoli al portatore si convertono in nominativi a favore del proprietario con il vincolo dell’usufrutto, ovvero si depositano presso una terza persona, scelta dalle parti, o presso un istituto di credito, la cui designazione, in caso di dissenso, e fatta dall’autorità giudiziaria; le derrate sono vendute e il loro prezzo è parimenti collocato a interesse. In questi casi appartengono all’usufruttuario gli interessi dei capitali, le rendite, le pigioni e i fitti. Se si tratta di mobili i quali si deteriorano con l’uso, il proprietario può chiedere che siano venduti e ne sia impiegato il prezzo come quello delle derrate. L’usufruttuario può nondimeno domandare che gli siano lasciati i mobili necessari per il proprio uso.
504	Art. 1003 Mancanza o insufficienza della garanzia	3. Chi può essere incaricato dell'amministrazione degli immobili se l'usufruttuario non presta garanzia?	Se l’usufruttuario non presta la garanzia a cui e tenuto, si osservano le disposizioni seguenti: gli immobili sono locati o messi sotto amministrazione, salva la facoltà all’usufruttuario di farsi assegnare per propria abitazione una casa compresa nell’usufrutto. L’amministrazione è affidata, con il consenso dell’usufruttuario, al proprietario o altrimenti a un terzo scelto di comune accordo tra proprietario e usufruttuario o, in mancanza di tale accordo, nominato dall’autorità giudiziaria (att. 59); il danaro è collocato a interesse (1000-2); i titoli al portatore si convertono in nominativi a favore del proprietario con il vincolo dell’usufrutto, ovvero si depositano presso una terza persona, scelta dalle parti, o presso un istituto di credito, la cui designazione, in caso di dissenso, e fatta dall’autorità giudiziaria; le derrate sono vendute e il loro prezzo è parimenti collocato a interesse. In questi casi appartengono all’usufruttuario gli interessi dei capitali, le rendite, le pigioni e i fitti. Se si tratta di mobili i quali si deteriorano con l’uso, il proprietario può chiedere che siano venduti e ne sia impiegato il prezzo come quello delle derrate. L’usufruttuario può nondimeno domandare che gli siano lasciati i mobili necessari per il proprio uso.
505	Art. 1003 Mancanza o insufficienza della garanzia	4. Come viene scelto un terzo per l'amministrazione degli immobili in mancanza di accordo tra proprietario e usufruttuario?	Se l’usufruttuario non presta la garanzia a cui e tenuto, si osservano le disposizioni seguenti: gli immobili sono locati o messi sotto amministrazione, salva la facoltà all’usufruttuario di farsi assegnare per propria abitazione una casa compresa nell’usufrutto. L’amministrazione è affidata, con il consenso dell’usufruttuario, al proprietario o altrimenti a un terzo scelto di comune accordo tra proprietario e usufruttuario o, in mancanza di tale accordo, nominato dall’autorità giudiziaria (att. 59); il danaro è collocato a interesse (1000-2); i titoli al portatore si convertono in nominativi a favore del proprietario con il vincolo dell’usufrutto, ovvero si depositano presso una terza persona, scelta dalle parti, o presso un istituto di credito, la cui designazione, in caso di dissenso, e fatta dall’autorità giudiziaria; le derrate sono vendute e il loro prezzo è parimenti collocato a interesse. In questi casi appartengono all’usufruttuario gli interessi dei capitali, le rendite, le pigioni e i fitti. Se si tratta di mobili i quali si deteriorano con l’uso, il proprietario può chiedere che siano venduti e ne sia impiegato il prezzo come quello delle derrate. L’usufruttuario può nondimeno domandare che gli siano lasciati i mobili necessari per il proprio uso.
506	Art. 1003 Mancanza o insufficienza della garanzia	5. Cosa accade al denaro se l'usufruttuario non presta la garanzia?	Se l’usufruttuario non presta la garanzia a cui e tenuto, si osservano le disposizioni seguenti: gli immobili sono locati o messi sotto amministrazione, salva la facoltà all’usufruttuario di farsi assegnare per propria abitazione una casa compresa nell’usufrutto. L’amministrazione è affidata, con il consenso dell’usufruttuario, al proprietario o altrimenti a un terzo scelto di comune accordo tra proprietario e usufruttuario o, in mancanza di tale accordo, nominato dall’autorità giudiziaria (att. 59); il danaro è collocato a interesse (1000-2); i titoli al portatore si convertono in nominativi a favore del proprietario con il vincolo dell’usufrutto, ovvero si depositano presso una terza persona, scelta dalle parti, o presso un istituto di credito, la cui designazione, in caso di dissenso, e fatta dall’autorità giudiziaria; le derrate sono vendute e il loro prezzo è parimenti collocato a interesse. In questi casi appartengono all’usufruttuario gli interessi dei capitali, le rendite, le pigioni e i fitti. Se si tratta di mobili i quali si deteriorano con l’uso, il proprietario può chiedere che siano venduti e ne sia impiegato il prezzo come quello delle derrate. L’usufruttuario può nondimeno domandare che gli siano lasciati i mobili necessari per il proprio uso.
507	Art. 1003 Mancanza o insufficienza della garanzia	6. Come vengono gestiti i titoli al portatore in caso di mancata prestazione di garanzia da parte dell'usufruttuario?	Se l’usufruttuario non presta la garanzia a cui e tenuto, si osservano le disposizioni seguenti: gli immobili sono locati o messi sotto amministrazione, salva la facoltà all’usufruttuario di farsi assegnare per propria abitazione una casa compresa nell’usufrutto. L’amministrazione è affidata, con il consenso dell’usufruttuario, al proprietario o altrimenti a un terzo scelto di comune accordo tra proprietario e usufruttuario o, in mancanza di tale accordo, nominato dall’autorità giudiziaria (att. 59); il danaro è collocato a interesse (1000-2); i titoli al portatore si convertono in nominativi a favore del proprietario con il vincolo dell’usufrutto, ovvero si depositano presso una terza persona, scelta dalle parti, o presso un istituto di credito, la cui designazione, in caso di dissenso, e fatta dall’autorità giudiziaria; le derrate sono vendute e il loro prezzo è parimenti collocato a interesse. In questi casi appartengono all’usufruttuario gli interessi dei capitali, le rendite, le pigioni e i fitti. Se si tratta di mobili i quali si deteriorano con l’uso, il proprietario può chiedere che siano venduti e ne sia impiegato il prezzo come quello delle derrate. L’usufruttuario può nondimeno domandare che gli siano lasciati i mobili necessari per il proprio uso.
508	Art. 1003 Mancanza o insufficienza della garanzia	7. Qual è il destino delle derrate se l'usufruttuario non presta la garanzia?	Se l’usufruttuario non presta la garanzia a cui e tenuto, si osservano le disposizioni seguenti: gli immobili sono locati o messi sotto amministrazione, salva la facoltà all’usufruttuario di farsi assegnare per propria abitazione una casa compresa nell’usufrutto. L’amministrazione è affidata, con il consenso dell’usufruttuario, al proprietario o altrimenti a un terzo scelto di comune accordo tra proprietario e usufruttuario o, in mancanza di tale accordo, nominato dall’autorità giudiziaria (att. 59); il danaro è collocato a interesse (1000-2); i titoli al portatore si convertono in nominativi a favore del proprietario con il vincolo dell’usufrutto, ovvero si depositano presso una terza persona, scelta dalle parti, o presso un istituto di credito, la cui designazione, in caso di dissenso, e fatta dall’autorità giudiziaria; le derrate sono vendute e il loro prezzo è parimenti collocato a interesse. In questi casi appartengono all’usufruttuario gli interessi dei capitali, le rendite, le pigioni e i fitti. Se si tratta di mobili i quali si deteriorano con l’uso, il proprietario può chiedere che siano venduti e ne sia impiegato il prezzo come quello delle derrate. L’usufruttuario può nondimeno domandare che gli siano lasciati i mobili necessari per il proprio uso.
509	Art. 1003 Mancanza o insufficienza della garanzia	8. A chi appartengono gli interessi dei capitali, le rendite, le pigioni e i fitti in caso di mancata prestazione di garanzia?	Se l’usufruttuario non presta la garanzia a cui e tenuto, si osservano le disposizioni seguenti: gli immobili sono locati o messi sotto amministrazione, salva la facoltà all’usufruttuario di farsi assegnare per propria abitazione una casa compresa nell’usufrutto. L’amministrazione è affidata, con il consenso dell’usufruttuario, al proprietario o altrimenti a un terzo scelto di comune accordo tra proprietario e usufruttuario o, in mancanza di tale accordo, nominato dall’autorità giudiziaria (att. 59); il danaro è collocato a interesse (1000-2); i titoli al portatore si convertono in nominativi a favore del proprietario con il vincolo dell’usufrutto, ovvero si depositano presso una terza persona, scelta dalle parti, o presso un istituto di credito, la cui designazione, in caso di dissenso, e fatta dall’autorità giudiziaria; le derrate sono vendute e il loro prezzo è parimenti collocato a interesse. In questi casi appartengono all’usufruttuario gli interessi dei capitali, le rendite, le pigioni e i fitti. Se si tratta di mobili i quali si deteriorano con l’uso, il proprietario può chiedere che siano venduti e ne sia impiegato il prezzo come quello delle derrate. L’usufruttuario può nondimeno domandare che gli siano lasciati i mobili necessari per il proprio uso.
510	Art. 1003 Mancanza o insufficienza della garanzia	9. Cosa può chiedere il proprietario riguardo ai mobili che si deteriorano con l'uso?	Se l’usufruttuario non presta la garanzia a cui e tenuto, si osservano le disposizioni seguenti: gli immobili sono locati o messi sotto amministrazione, salva la facoltà all’usufruttuario di farsi assegnare per propria abitazione una casa compresa nell’usufrutto. L’amministrazione è affidata, con il consenso dell’usufruttuario, al proprietario o altrimenti a un terzo scelto di comune accordo tra proprietario e usufruttuario o, in mancanza di tale accordo, nominato dall’autorità giudiziaria (att. 59); il danaro è collocato a interesse (1000-2); i titoli al portatore si convertono in nominativi a favore del proprietario con il vincolo dell’usufrutto, ovvero si depositano presso una terza persona, scelta dalle parti, o presso un istituto di credito, la cui designazione, in caso di dissenso, e fatta dall’autorità giudiziaria; le derrate sono vendute e il loro prezzo è parimenti collocato a interesse. In questi casi appartengono all’usufruttuario gli interessi dei capitali, le rendite, le pigioni e i fitti. Se si tratta di mobili i quali si deteriorano con l’uso, il proprietario può chiedere che siano venduti e ne sia impiegato il prezzo come quello delle derrate. L’usufruttuario può nondimeno domandare che gli siano lasciati i mobili necessari per il proprio uso.
511	Art. 1004 Spese a carico dell’usufruttuario	1. Quali spese sono a carico dell'usufruttuario in relazione alla custodia e manutenzione della cosa?	Le spese e, in genere, gli oneri relativi alla custodia, amministrazione e manutenzione ordinaria della cosa sono a carico dell’usufruttuario. Sono pure a suo carico le riparazioni straordinarie rese necessarie dall’inadempimento degli obblighi di ordinaria manutenzione.
512	Art. 1004 Spese a carico dell’usufruttuario	2. In quali circostanze le riparazioni straordinarie diventano a carico dell'usufruttuario?	Le spese e, in genere, gli oneri relativi alla custodia, amministrazione e manutenzione ordinaria della cosa sono a carico dell’usufruttuario. Sono pure a suo carico le riparazioni straordinarie rese necessarie dall’inadempimento degli obblighi di ordinaria manutenzione.
513	Art. 1005 Riparazioni straordinarie	1. Quali sono le riparazioni considerate straordinarie secondo il testo?	Le riparazioni straordinarie sono a carico del proprietario. Riparazioni straordinarie sono quelle necessarie ad assicurare la stabilità dei muri maestri e delle volte, la sostituzione delle travi, il rinnovamento, per intero o per una parte notevole, dei tetti, solai, scale, argini, acquedotti, muri di sostegno o di cinta. L’usufruttuario deve corrispondere al proprietario, durante l’usufrutto, l’interesse delle somme spese per le riparazioni straordinarie.
514	Art. 1005 Riparazioni straordinarie	2. Chi è responsabile delle spese per le riparazioni straordinarie?	Le riparazioni straordinarie sono a carico del proprietario. Riparazioni straordinarie sono quelle necessarie ad assicurare la stabilità dei muri maestri e delle volte, la sostituzione delle travi, il rinnovamento, per intero o per una parte notevole, dei tetti, solai, scale, argini, acquedotti, muri di sostegno o di cinta. L’usufruttuario deve corrispondere al proprietario, durante l’usufrutto, l’interesse delle somme spese per le riparazioni straordinarie.
515	Art. 1005 Riparazioni straordinarie	3. Qual è l'obbligo dell'usufruttuario nei confronti del proprietario riguardo alle riparazioni straordinarie?	Le riparazioni straordinarie sono a carico del proprietario. Riparazioni straordinarie sono quelle necessarie ad assicurare la stabilità dei muri maestri e delle volte, la sostituzione delle travi, il rinnovamento, per intero o per una parte notevole, dei tetti, solai, scale, argini, acquedotti, muri di sostegno o di cinta. L’usufruttuario deve corrispondere al proprietario, durante l’usufrutto, l’interesse delle somme spese per le riparazioni straordinarie.
516	Art. 1006 Rifiuto del proprietario alle riparazioni	1. Quali sono le conseguenze per il proprietario se rifiuta di eseguire le riparazioni a suo carico?	Se il proprietario rifiuta di eseguire le riparazioni poste a suo carico o ne ritarda l’esecuzione senza giusto motivo, è in facoltà dell’usufruttuario di farle eseguire a proprie spese. Le spese devono essere rimborsate alla fine dell’usufrutto senza interesse. A garanzia del rimborso l’usufruttuario ha diritto di ritenere l’immobile riparato (2756; att. 152).
517	Art. 1006 Rifiuto del proprietario alle riparazioni	2. In che modo l'usufruttuario può garantire il rimborso delle spese sostenute per le riparazioni?	Se il proprietario rifiuta di eseguire le riparazioni poste a suo carico o ne ritarda l’esecuzione senza giusto motivo, è in facoltà dell’usufruttuario di farle eseguire a proprie spese. Le spese devono essere rimborsate alla fine dell’usufrutto senza interesse. A garanzia del rimborso l’usufruttuario ha diritto di ritenere l’immobile riparato (2756; att. 152).
518	Art. 1006 Rifiuto del proprietario alle riparazioni	3. Quando devono essere rimborsate le spese sostenute dall'usufruttuario per le riparazioni?	Se il proprietario rifiuta di eseguire le riparazioni poste a suo carico o ne ritarda l’esecuzione senza giusto motivo, è in facoltà dell’usufruttuario di farle eseguire a proprie spese. Le spese devono essere rimborsate alla fine dell’usufrutto senza interesse. A garanzia del rimborso l’usufruttuario ha diritto di ritenere l’immobile riparato (2756; att. 152).
519	Art. 1007 Rovina parziale di edificio accessorio	1. In quali circostanze si applicano le disposizioni dei due articoli precedenti riguardo a un edificio che formava accessorio necessario del fondo soggetto a usufrutto?	Le disposizioni dei due articoli precedenti si applicano anche nel caso in cui, per vetusta o caso fortuito, rovini soltanto in parte l’edificio che formava accessorio necessario del fondo soggetto a usufrutto.
520	Art. 1008 Imposte e altri pesi a carico del l’usufruttuario	1. Quali sono i carichi annuali a cui è tenuto l'usufruttuario durante la durata del suo diritto?	L’usufruttuario è tenuto per la durata del suo diritto, ai carichi annuali, come le imposte, i canoni, le rendite fondiarie e gli altri pesi che gravano sul reddito. Per l’anno in corso al principio e alla fine dell’usufrutto questi carichi si ripartiscono tra il proprietario e l’usufruttuario in proporzione della durata del rispettivo diritto.
521	Art. 1008 Imposte e altri pesi a carico del l’usufruttuario	2. Come vengono ripartiti i carichi annuali tra il proprietario e l'usufruttuario per l'anno in corso al principio e alla fine dell'usufrutto?	L’usufruttuario è tenuto per la durata del suo diritto, ai carichi annuali, come le imposte, i canoni, le rendite fondiarie e gli altri pesi che gravano sul reddito. Per l’anno in corso al principio e alla fine dell’usufrutto questi carichi si ripartiscono tra il proprietario e l’usufruttuario in proporzione della durata del rispettivo diritto.
522	Art. 1009 Imposte e altri pesi a carico del proprietario	1. Chi è tenuto al pagamento dei carichi imposti sulla proprietà durante l'usufrutto, salvo diverse disposizioni di legge?	Al pagamento dei carichi imposti sulla proprietà durante l’usufrutto, salvo diverse disposizioni di legge, è tenuto il proprietario, ma l’usufruttuario gli deve corrispondere l’interesse della somma pagata. Se l’usufruttuario ne anticipa il pagamento, ha diritto di essere rimborsato del capitale alla fine dell’usufrutto.
523	Art. 1009 Imposte e altri pesi a carico del proprietario	2. Quali diritti ha l'usufruttuario se anticipa il pagamento dei carichi imposti sulla proprietà?	Al pagamento dei carichi imposti sulla proprietà durante l’usufrutto, salvo diverse disposizioni di legge, è tenuto il proprietario, ma l’usufruttuario gli deve corrispondere l’interesse della somma pagata. Se l’usufruttuario ne anticipa il pagamento, ha diritto di essere rimborsato del capitale alla fine dell’usufrutto.
524	Art. 1010 Passività gravanti su eredità in usufrutto	1. Quali obblighi ha l’usufruttuario riguardo al pagamento delle annualità e degli interessi dei debiti o dei legati gravanti sull’eredità?	L’usufruttuario di un’eredità o di una quota di eredità è obbligato a pagare per intero, o in proporzione della quota, le annualità e gli interessi dei debiti o dei legati da cui l’eredità stessa sia gravata. Per il pagamento del capitale dei debiti o dei legati, che si renda necessario durante l’usufrutto, e in facoltà dell’usufruttuario di fornire la somma occorrente, che gli deve essere rimborsata senza interesse alla fine dell’usufrutto. Se l’usufruttuario non può o non vuole fare questa anticipazione, il proprietario può pagare tale somma, sulla quale l’usufruttuario deve corrispondergli l’interesse durante l’usufrutto, o può vendere una porzione dei beni soggetti all’usufrutto fino alla concorrenza della somma dovuta. Se per il pagamento dei debiti si rende necessaria la vendita dei beni, questa è fatta d’accordo tra proprietario e usufruttuario, salvo ricorso all’autorità giudiziaria in caso di dissenso. L’espropriazione forzata deve seguire contro ambedue.
525	Art. 1010 Passività gravanti su eredità in usufrutto	2. Cosa può fare l’usufruttuario se si rende necessario il pagamento del capitale dei debiti o dei legati durante l’usufrutto?	L’usufruttuario di un’eredità o di una quota di eredità è obbligato a pagare per intero, o in proporzione della quota, le annualità e gli interessi dei debiti o dei legati da cui l’eredità stessa sia gravata. Per il pagamento del capitale dei debiti o dei legati, che si renda necessario durante l’usufrutto, e in facoltà dell’usufruttuario di fornire la somma occorrente, che gli deve essere rimborsata senza interesse alla fine dell’usufrutto. Se l’usufruttuario non può o non vuole fare questa anticipazione, il proprietario può pagare tale somma, sulla quale l’usufruttuario deve corrispondergli l’interesse durante l’usufrutto, o può vendere una porzione dei beni soggetti all’usufrutto fino alla concorrenza della somma dovuta. Se per il pagamento dei debiti si rende necessaria la vendita dei beni, questa è fatta d’accordo tra proprietario e usufruttuario, salvo ricorso all’autorità giudiziaria in caso di dissenso. L’espropriazione forzata deve seguire contro ambedue.
526	Art. 1010 Passività gravanti su eredità in usufrutto	3. Quali sono le opzioni del proprietario se l’usufruttuario non anticipa la somma necessaria per il pagamento del capitale dei debiti?	L’usufruttuario di un’eredità o di una quota di eredità è obbligato a pagare per intero, o in proporzione della quota, le annualità e gli interessi dei debiti o dei legati da cui l’eredità stessa sia gravata. Per il pagamento del capitale dei debiti o dei legati, che si renda necessario durante l’usufrutto, e in facoltà dell’usufruttuario di fornire la somma occorrente, che gli deve essere rimborsata senza interesse alla fine dell’usufrutto. Se l’usufruttuario non può o non vuole fare questa anticipazione, il proprietario può pagare tale somma, sulla quale l’usufruttuario deve corrispondergli l’interesse durante l’usufrutto, o può vendere una porzione dei beni soggetti all’usufrutto fino alla concorrenza della somma dovuta. Se per il pagamento dei debiti si rende necessaria la vendita dei beni, questa è fatta d’accordo tra proprietario e usufruttuario, salvo ricorso all’autorità giudiziaria in caso di dissenso. L’espropriazione forzata deve seguire contro ambedue.
527	Art. 1010 Passività gravanti su eredità in usufrutto	4. In che modo deve avvenire la vendita dei beni soggetti all’usufrutto per il pagamento dei debiti, e cosa accade in caso di dissenso tra proprietario e usufruttuario?	L’usufruttuario di un’eredità o di una quota di eredità è obbligato a pagare per intero, o in proporzione della quota, le annualità e gli interessi dei debiti o dei legati da cui l’eredità stessa sia gravata. Per il pagamento del capitale dei debiti o dei legati, che si renda necessario durante l’usufrutto, e in facoltà dell’usufruttuario di fornire la somma occorrente, che gli deve essere rimborsata senza interesse alla fine dell’usufrutto. Se l’usufruttuario non può o non vuole fare questa anticipazione, il proprietario può pagare tale somma, sulla quale l’usufruttuario deve corrispondergli l’interesse durante l’usufrutto, o può vendere una porzione dei beni soggetti all’usufrutto fino alla concorrenza della somma dovuta. Se per il pagamento dei debiti si rende necessaria la vendita dei beni, questa è fatta d’accordo tra proprietario e usufruttuario, salvo ricorso all’autorità giudiziaria in caso di dissenso. L’espropriazione forzata deve seguire contro ambedue.
528	Art. 1010 Passività gravanti su eredità in usufrutto	5. Contro chi deve seguire l’espropriazione forzata in caso di vendita necessaria dei beni per il pagamento dei debiti?	L’usufruttuario di un’eredità o di una quota di eredità è obbligato a pagare per intero, o in proporzione della quota, le annualità e gli interessi dei debiti o dei legati da cui l’eredità stessa sia gravata. Per il pagamento del capitale dei debiti o dei legati, che si renda necessario durante l’usufrutto, e in facoltà dell’usufruttuario di fornire la somma occorrente, che gli deve essere rimborsata senza interesse alla fine dell’usufrutto. Se l’usufruttuario non può o non vuole fare questa anticipazione, il proprietario può pagare tale somma, sulla quale l’usufruttuario deve corrispondergli l’interesse durante l’usufrutto, o può vendere una porzione dei beni soggetti all’usufrutto fino alla concorrenza della somma dovuta. Se per il pagamento dei debiti si rende necessaria la vendita dei beni, questa è fatta d’accordo tra proprietario e usufruttuario, salvo ricorso all’autorità giudiziaria in caso di dissenso. L’espropriazione forzata deve seguire contro ambedue.
529	Art. 1011 Ritenzione per le somme anticipate	1. Quali diritti ha l'usufruttuario sui beni in suo possesso secondo il secondo comma dell’art. 1009 e il secondo comma dell’art. 1010?	Nelle ipotesi contemplate dal secondo comma dell’art. 1009 e dal secondo comma dell’art. 1010, l’usufruttuario ha diritto di ritenzione sui beni che sono in suo possesso fino alla concorrenza della somma a lui dovuta (art. 152).
530	Art. 1012 Usurpazioni durante l’usufrutto e azioni relative alle servitù	1. Quali sono le responsabilità dell'usufruttuario se un terzo commette usurpazione sul fondo durante l'usufrutto?	Se durante l’usufrutto un terzo commette usurpazione sul fondo o altrimenti offende le ragioni del proprietario, l’usufruttuario e tenuto a fargliene denunzia e, omettendola, è responsabile dei danni che eventualmente siano derivati al proprietario. L’usufruttuario può far riconoscere l’esistenza delle servitù a favore del fondo o l’inesistenza di quelle che si pretende di esercitare sul fondo medesimo; egli deve in questi casi chiamare in giudizio il proprietario (Cod. Proc. Civ. 102).
531	Art. 1012 Usurpazioni durante l’usufrutto e azioni relative alle servitù	2. In quali circostanze l'usufruttuario deve chiamare in giudizio il proprietario riguardo alle servitù sul fondo?	Se durante l’usufrutto un terzo commette usurpazione sul fondo o altrimenti offende le ragioni del proprietario, l’usufruttuario e tenuto a fargliene denunzia e, omettendola, è responsabile dei danni che eventualmente siano derivati al proprietario. L’usufruttuario può far riconoscere l’esistenza delle servitù a favore del fondo o l’inesistenza di quelle che si pretende di esercitare sul fondo medesimo; egli deve in questi casi chiamare in giudizio il proprietario (Cod. Proc. Civ. 102).
532	Art. 1012 Usurpazioni durante l’usufrutto e azioni relative alle servitù	3. Cosa deve fare l'usufruttuario se un terzo offende le ragioni del proprietario durante l'usufrutto?	Se durante l’usufrutto un terzo commette usurpazione sul fondo o altrimenti offende le ragioni del proprietario, l’usufruttuario e tenuto a fargliene denunzia e, omettendola, è responsabile dei danni che eventualmente siano derivati al proprietario. L’usufruttuario può far riconoscere l’esistenza delle servitù a favore del fondo o l’inesistenza di quelle che si pretende di esercitare sul fondo medesimo; egli deve in questi casi chiamare in giudizio il proprietario (Cod. Proc. Civ. 102).
533	Art. 1013 Spese per le liti	1. In che modo vengono suddivise le spese delle liti tra il proprietario e l'usufruttuario?	Le spese delle liti che riguardano tanto la proprietà quanto l’usufrutto sono sopportate dal proprietario e dall’usufruttuario in proporzione del rispettivo interesse.
534	Art. 1014 Estinzione dell’usufrutto	1. In quali casi l'usufrutto si estingue per prescrizione?	Oltre quanto è stabilito dall’art. 979, l’usufrutto si estingue: per prescrizione per effetto del non uso durato per venti anni (2934 e seguenti); per la riunione dell’usufrutto e della proprietà nella stessa persona; per il totale perimento della cosa su cui è costituito (1016 e seguenti).
535	Art. 1014 Estinzione dell’usufrutto	2. Cosa accade quando l'usufrutto e la proprietà si riuniscono nella stessa persona?	Oltre quanto è stabilito dall’art. 979, l’usufrutto si estingue: per prescrizione per effetto del non uso durato per venti anni (2934 e seguenti); per la riunione dell’usufrutto e della proprietà nella stessa persona; per il totale perimento della cosa su cui è costituito (1016 e seguenti).
536	Art. 1014 Estinzione dell’usufrutto	3. Qual è la conseguenza del totale perimento della cosa su cui è costituito l'usufrutto?	Oltre quanto è stabilito dall’art. 979, l’usufrutto si estingue: per prescrizione per effetto del non uso durato per venti anni (2934 e seguenti); per la riunione dell’usufrutto e della proprietà nella stessa persona; per il totale perimento della cosa su cui è costituito (1016 e seguenti).
537	Art. 1014 Estinzione dell’usufrutto	4. Qual è la durata del non uso necessaria per l'estinzione dell'usufrutto per prescrizione?	Oltre quanto è stabilito dall’art. 979, l’usufrutto si estingue: per prescrizione per effetto del non uso durato per venti anni (2934 e seguenti); per la riunione dell’usufrutto e della proprietà nella stessa persona; per il totale perimento della cosa su cui è costituito (1016 e seguenti).
538	Art. 1015 Abusi dell’usufruttuario	1. In quali circostanze l'autorità giudiziaria può ordinare che l'usufruttuario dia garanzia o che i beni siano locati o posti sotto amministrazione?	L’usufrutto può anche cessare per l’abuso che faccia l’usufruttuario del suo diritto alienando i beni o deteriorandoli o lasciandoli andare in perimento per mancanza di ordinarie riparazioni. L’autorità giudiziaria può, secondo le circostanze, ordinare che l’usufruttuario dia garanzia, qualora ne sia esente, o che i beni siano locati o posti sotto amministrazione a spese di lui, o anche dati in possesso al proprietario con l’obbligo di pagare annualmente all’usufruttuario, durante l’usufrutto, una somma determinata. I creditori dell’usufruttuario possono intervenire nel giudizio per conservare le loro ragioni, offrire il risarcimento dei danni e dare garanzia per l’avvenire.
539	Art. 1015 Abusi dell’usufruttuario	2. Quali azioni possono intraprendere i creditori dell'usufruttuario per conservare le loro ragioni nel giudizio?	L’usufrutto può anche cessare per l’abuso che faccia l’usufruttuario del suo diritto alienando i beni o deteriorandoli o lasciandoli andare in perimento per mancanza di ordinarie riparazioni. L’autorità giudiziaria può, secondo le circostanze, ordinare che l’usufruttuario dia garanzia, qualora ne sia esente, o che i beni siano locati o posti sotto amministrazione a spese di lui, o anche dati in possesso al proprietario con l’obbligo di pagare annualmente all’usufruttuario, durante l’usufrutto, una somma determinata. I creditori dell’usufruttuario possono intervenire nel giudizio per conservare le loro ragioni, offrire il risarcimento dei danni e dare garanzia per l’avvenire.
540	Art. 1015 Abusi dell’usufruttuario	3. Quali sono le conseguenze per l'usufruttuario se i beni vengono dati in possesso al proprietario?	L’usufrutto può anche cessare per l’abuso che faccia l’usufruttuario del suo diritto alienando i beni o deteriorandoli o lasciandoli andare in perimento per mancanza di ordinarie riparazioni. L’autorità giudiziaria può, secondo le circostanze, ordinare che l’usufruttuario dia garanzia, qualora ne sia esente, o che i beni siano locati o posti sotto amministrazione a spese di lui, o anche dati in possesso al proprietario con l’obbligo di pagare annualmente all’usufruttuario, durante l’usufrutto, una somma determinata. I creditori dell’usufruttuario possono intervenire nel giudizio per conservare le loro ragioni, offrire il risarcimento dei danni e dare garanzia per l’avvenire.
541	Art. 1016 Perimento parziale della cosa	1. Cosa accade all'usufrutto se una parte della cosa soggetta ad esso perisce?	Se una sola parte della cosa soggetta all’usufrutto perisce, l’usufrutto si conserva sopra ciò che rimane.
542	Art. 1017 Perimento della cosa per colpa o dolo di terzi	1. In quali circostanze l'usufrutto si trasferisce sull'indennità dovuta dal responsabile del danno?	Se il perimento della cosa non è conseguenza di caso fortuito, l’usufrutto si trasferisce sull’indennità dovuta dal responsabile del danno.
543	Art. 1018 Perimento dell’edificio	1. Quali diritti ha l'usufruttuario se un edificio, parte di un fondo su cui è stabilito l'usufrutto, perisce?	Se l’usufrutto è stabilito sopra un fondo, del quale fa parte un edificio, e questo viene in qualsiasi modo a perire, l’usufruttuario ha diritto di godere dell’area e dei materiali. La stessa disposizione si applica se l’usufrutto e stabilito soltanto sopra un edificio. In tal caso, però, il proprietario, se intende costruire un altro edificio, ha il diritto di occupare l’area e di valersi dei materiali, pagando all’usufruttuario, durante l’usufrutto, gli interessi sulla somma corrispondente al valore dell’area e dei materiali.
544	Art. 1018 Perimento dell’edificio	2. Cosa accade se l'usufrutto è stabilito solo su un edificio e questo perisce, in relazione ai diritti del proprietario?	Se l’usufrutto è stabilito sopra un fondo, del quale fa parte un edificio, e questo viene in qualsiasi modo a perire, l’usufruttuario ha diritto di godere dell’area e dei materiali. La stessa disposizione si applica se l’usufrutto e stabilito soltanto sopra un edificio. In tal caso, però, il proprietario, se intende costruire un altro edificio, ha il diritto di occupare l’area e di valersi dei materiali, pagando all’usufruttuario, durante l’usufrutto, gli interessi sulla somma corrispondente al valore dell’area e dei materiali.
545	Art. 1018 Perimento dell’edificio	3. Quali obblighi ha il proprietario nei confronti dell'usufruttuario se decide di costruire un nuovo edificio sull'area dell'edificio perito?	Se l’usufrutto è stabilito sopra un fondo, del quale fa parte un edificio, e questo viene in qualsiasi modo a perire, l’usufruttuario ha diritto di godere dell’area e dei materiali. La stessa disposizione si applica se l’usufrutto e stabilito soltanto sopra un edificio. In tal caso, però, il proprietario, se intende costruire un altro edificio, ha il diritto di occupare l’area e di valersi dei materiali, pagando all’usufruttuario, durante l’usufrutto, gli interessi sulla somma corrispondente al valore dell’area e dei materiali.
546	Art. 1019 Perimento di cosa assicurata dall’usufruttuario	1. Cosa accade all'usufrutto se l'usufruttuario ha provveduto all'assicurazione della cosa o al pagamento dei premi per la cosa già assicurata?	Se l’usufruttuario ha provveduto all’assicurazione della cosa o al pagamento dei premi per la cosa già assicurata, l’usufrutto si trasferisce sull’indennità dovuta dall’assicuratore. Se è perito un edificio e il proprietario intende di ricostruirlo con la somma conseguita come indennità, l’usufruttuario non può opporsi. L’usufrutto in questo caso si trasferisce sull’edificio ricostruito. Se però la somma impiegata nella ricostruzione è maggiore di quella spettante in usufrutto, il diritto dell’usufruttuario sul nuovo edificio è limitato in proporzione di quest’ultima.
547	Art. 1019 Perimento di cosa assicurata dall’usufruttuario	2. Può l'usufruttuario opporsi alla ricostruzione di un edificio perito se il proprietario intende utilizzare l'indennità assicurativa per tale scopo?	Se l’usufruttuario ha provveduto all’assicurazione della cosa o al pagamento dei premi per la cosa già assicurata, l’usufrutto si trasferisce sull’indennità dovuta dall’assicuratore. Se è perito un edificio e il proprietario intende di ricostruirlo con la somma conseguita come indennità, l’usufruttuario non può opporsi. L’usufrutto in questo caso si trasferisce sull’edificio ricostruito. Se però la somma impiegata nella ricostruzione è maggiore di quella spettante in usufrutto, il diritto dell’usufruttuario sul nuovo edificio è limitato in proporzione di quest’ultima.
548	Art. 1019 Perimento di cosa assicurata dall’usufruttuario	3. Come si trasferisce l'usufrutto nel caso in cui un edificio venga ricostruito con l'indennità assicurativa?	Se l’usufruttuario ha provveduto all’assicurazione della cosa o al pagamento dei premi per la cosa già assicurata, l’usufrutto si trasferisce sull’indennità dovuta dall’assicuratore. Se è perito un edificio e il proprietario intende di ricostruirlo con la somma conseguita come indennità, l’usufruttuario non può opporsi. L’usufrutto in questo caso si trasferisce sull’edificio ricostruito. Se però la somma impiegata nella ricostruzione è maggiore di quella spettante in usufrutto, il diritto dell’usufruttuario sul nuovo edificio è limitato in proporzione di quest’ultima.
549	Art. 1019 Perimento di cosa assicurata dall’usufruttuario	4. In che modo è limitato il diritto dell'usufruttuario sul nuovo edificio se la somma impiegata nella ricostruzione è maggiore di quella spettante in usufrutto?	Se l’usufruttuario ha provveduto all’assicurazione della cosa o al pagamento dei premi per la cosa già assicurata, l’usufrutto si trasferisce sull’indennità dovuta dall’assicuratore. Se è perito un edificio e il proprietario intende di ricostruirlo con la somma conseguita come indennità, l’usufruttuario non può opporsi. L’usufrutto in questo caso si trasferisce sull’edificio ricostruito. Se però la somma impiegata nella ricostruzione è maggiore di quella spettante in usufrutto, il diritto dell’usufruttuario sul nuovo edificio è limitato in proporzione di quest’ultima.
550	Art. 1020 Requisizione o espropriazione	1. Cosa accade all'usufrutto se la cosa è requisita o espropriata per pubblico interesse?	Se la cosa è requisita o espropriata per pubblico interesse, l’usufrutto si trasferisce sull’indennità relativa.
551	Art. 1021 Uso	1. Quali sono i limiti del diritto d'uso di una cosa fruttifera?	Chi ha il diritto d’uso di una cosa, può servirsi di essa e, se è fruttifera, può raccogliere i frutti per quanto occorre ai bisogni suoi e della sua famiglia (1023 e seguenti, 1100). I bisogni si devono valutare secondo la condizione sociale del titolare del diritto.  ART 1022 Abitazione Chi ha il diritto di abitazione di una casa può abitarla limitatamente ai bisogni suoi e della sua famiglia.
552	Art. 1021 Uso	2. Come si valutano i bisogni del titolare del diritto d'uso?	Chi ha il diritto d’uso di una cosa, può servirsi di essa e, se è fruttifera, può raccogliere i frutti per quanto occorre ai bisogni suoi e della sua famiglia (1023 e seguenti, 1100). I bisogni si devono valutare secondo la condizione sociale del titolare del diritto.  ART 1022 Abitazione Chi ha il diritto di abitazione di una casa può abitarla limitatamente ai bisogni suoi e della sua famiglia.
553	Art. 1021 Uso	3. In che modo il diritto di abitazione è limitato rispetto ai bisogni del titolare e della sua famiglia?	Chi ha il diritto d’uso di una cosa, può servirsi di essa e, se è fruttifera, può raccogliere i frutti per quanto occorre ai bisogni suoi e della sua famiglia (1023 e seguenti, 1100). I bisogni si devono valutare secondo la condizione sociale del titolare del diritto.  ART 1022 Abitazione Chi ha il diritto di abitazione di una casa può abitarla limitatamente ai bisogni suoi e della sua famiglia.
554	Art. 1021 Uso	4. Quali articoli del codice civile regolano il diritto d'uso e di abitazione?	Chi ha il diritto d’uso di una cosa, può servirsi di essa e, se è fruttifera, può raccogliere i frutti per quanto occorre ai bisogni suoi e della sua famiglia (1023 e seguenti, 1100). I bisogni si devono valutare secondo la condizione sociale del titolare del diritto.  ART 1022 Abitazione Chi ha il diritto di abitazione di una casa può abitarla limitatamente ai bisogni suoi e della sua famiglia.
555	Art. 1021 Uso	5. Il diritto d'uso consente di raccogliere frutti oltre i bisogni del titolare e della sua famiglia?	Chi ha il diritto d’uso di una cosa, può servirsi di essa e, se è fruttifera, può raccogliere i frutti per quanto occorre ai bisogni suoi e della sua famiglia (1023 e seguenti, 1100). I bisogni si devono valutare secondo la condizione sociale del titolare del diritto.  ART 1022 Abitazione Chi ha il diritto di abitazione di una casa può abitarla limitatamente ai bisogni suoi e della sua famiglia.
556	Art. 1023 Ambito della famiglia	1. Quali categorie di figli sono incluse nella famiglia ai fini del diritto d'uso o d'abitazione?	Nella famiglia si comprendono anche i figli nati dopo che è cominciato il diritto d’uso o d’abitazione, quantunque nel tempo in cui il diritto e sorto la persona non avesse contratto matrimonio. Si comprendono inoltre i figli adottivi (291 e seguenti), i figli riconosciuti (250 e seguenti) e gli affiliati (404 e seguenti), anche se l’adozione, il riconoscimento o l’affiliazione sono seguiti dopo che il diritto era già sorto. Si comprendono infine le persone che convivono con il titolare del diritto per prestare a lui o alla sua famiglia i loro servizi (att. 153).
557	Art. 1023 Ambito della famiglia	2. Le persone che convivono con il titolare del diritto per prestare servizi sono incluse nella famiglia ai fini del diritto d'uso o d'abitazione?	Nella famiglia si comprendono anche i figli nati dopo che è cominciato il diritto d’uso o d’abitazione, quantunque nel tempo in cui il diritto e sorto la persona non avesse contratto matrimonio. Si comprendono inoltre i figli adottivi (291 e seguenti), i figli riconosciuti (250 e seguenti) e gli affiliati (404 e seguenti), anche se l’adozione, il riconoscimento o l’affiliazione sono seguiti dopo che il diritto era già sorto. Si comprendono infine le persone che convivono con il titolare del diritto per prestare a lui o alla sua famiglia i loro servizi (att. 153).
558	Art. 1023 Ambito della famiglia	3. È possibile includere nella famiglia i figli adottivi, riconosciuti o affiliati anche se l'adozione, il riconoscimento o l'affiliazione avvengono dopo la nascita del diritto d'uso o d'abitazione?	Nella famiglia si comprendono anche i figli nati dopo che è cominciato il diritto d’uso o d’abitazione, quantunque nel tempo in cui il diritto e sorto la persona non avesse contratto matrimonio. Si comprendono inoltre i figli adottivi (291 e seguenti), i figli riconosciuti (250 e seguenti) e gli affiliati (404 e seguenti), anche se l’adozione, il riconoscimento o l’affiliazione sono seguiti dopo che il diritto era già sorto. Si comprendono infine le persone che convivono con il titolare del diritto per prestare a lui o alla sua famiglia i loro servizi (att. 153).
559	Art. 1024 Divieto di cessione	1. Quali sono le limitazioni relative alla cessione o locazione dei diritti di uso e di abitazione?	I diritti di uso e di abitazione non si possono cedere o dare in locazione.
560	Art. 1025 Obblighi inerenti all’uso e all’abitazione	1. Quali obblighi ha chi ha l'uso di un fondo e ne raccoglie tutti i frutti in termini di spese e tributi?	Chi ha l’uso di un fondo e ne raccoglie tutti i frutti o chi ha il diritto di abitazione e occupa tutta la casa è tenuto alle spese di coltura, alle riparazioni ordinarie e al pagamento dei tributi come l’usufruttuario (1004 e seguenti). Se non raccoglie che una parte dei frutti o non occupa che una parte della casa, contribuisce in proporzione di ciò che gode.
561	Art. 1025 Obblighi inerenti all’uso e all’abitazione	2. Come viene determinata la contribuzione alle spese e ai tributi per chi occupa solo una parte della casa?	Chi ha l’uso di un fondo e ne raccoglie tutti i frutti o chi ha il diritto di abitazione e occupa tutta la casa è tenuto alle spese di coltura, alle riparazioni ordinarie e al pagamento dei tributi come l’usufruttuario (1004 e seguenti). Se non raccoglie che una parte dei frutti o non occupa che una parte della casa, contribuisce in proporzione di ciò che gode.
562	Art. 1026 Applicabilità delle norme sull’usufrutto	1. Quali articoli del codice civile si applicano all'uso e all'abitazione, in quanto compatibili?	Le disposizioni relative all’usufrutto (978 e seguenti) si applicano, in quanto compatibili, all’uso e all’abitazione. 
563	Art. 1027 Contenuto del diritto	1. Che cosa si intende per servitù prediale nel contesto giuridico?	La servitù prediale consiste nel peso imposto sopra un fondo per l’utilità di un altro fondo appartenente a diverso proprietario.
564	Art. 1028 Nozione dell’utilità	1. In che modo l'utilità può consistere nella maggiore comodità o amenità del fondo dominante?	L’utilità può consistere anche nella maggiore comodità o amenità del fondo dominante. Può del pari essere inerente alla destinazione industriale del fondo (1073 e seguente).
565	Art. 1028 Nozione dell’utilità	2. Come può l'utilità essere inerente alla destinazione industriale del fondo secondo l'articolo 1073 e seguenti?	L’utilità può consistere anche nella maggiore comodità o amenità del fondo dominante. Può del pari essere inerente alla destinazione industriale del fondo (1073 e seguente).
566	Art. 1029 Servitù per vantaggio futuro	1. In quali circostanze la costituzione di una servitù non ha effetto immediato?	È ammessa la costituzione di una servitù per assicurare a un fondo un vantaggio futuro. È ammessa altresì a favore o a carico di un edificio da costruire o di un fondo da acquistare, ma in questo caso la costituzione non ha effetto se non dal giorno in cui l’edificio è costruito o il fondo è acquistato.
567	Art. 1029 Servitù per vantaggio futuro	2. È possibile costituire una servitù per un vantaggio futuro di un fondo?	È ammessa la costituzione di una servitù per assicurare a un fondo un vantaggio futuro. È ammessa altresì a favore o a carico di un edificio da costruire o di un fondo da acquistare, ma in questo caso la costituzione non ha effetto se non dal giorno in cui l’edificio è costruito o il fondo è acquistato.
568	Art. 1030 Prestazioni accessorie	1. In quali circostanze il proprietario del fondo servente è tenuto a compiere atti per rendere possibile l’esercizio della servitù da parte del titolare?	Il proprietario del fondo servente non è tenuto a compiere alcun atto per rendere possibile l’esercizio della servitù da parte del titolare, salvo che la legge o il titolo disponga altrimenti (1069 e seguente, 1090 e seguente).
569	Art. 1031 Costituzione delle servitù	1. Quali sono i modi in cui possono essere costituite le servitù prediali?	Le servitù prediali possono essere costituite coattivamente (853, 1032 e seguenti) o volontariamente (1058 e seguenti). Possono anche essere costituite per usucapione o per destinazione del padre di famiglia (1061 e seguente).
570	Art. 1031 Costituzione delle servitù	2. È possibile costituire una servitù prediale per usucapione?	Le servitù prediali possono essere costituite coattivamente (853, 1032 e seguenti) o volontariamente (1058 e seguenti). Possono anche essere costituite per usucapione o per destinazione del padre di famiglia (1061 e seguente).
571	Art. 1032 Modi di costituzione	1. In quali casi una servitù può essere costituita con sentenza in assenza di contratto?	Quando, in forza di legge, il proprietario di un fondo ha diritto di ottenere da parte del proprietario di un altro fondo la costituzione di una servitù, questa, in mancanza di contratto, è costituita con sentenza (2908, 2643 n. 14, 2932). Può anche essere costituita con atto dell’autorità amministrativa nei casi specialmente determinati dalla legge (853 e seguenti). La sentenza stabilisce le modalità della servitù e determina l’indennità dovuta. Prima del pagamento della indennità il proprietario del fondo servente può opporsi all’esercizio della servitù.
572	Art. 1032 Modi di costituzione	2. Quali sono le modalità attraverso le quali una servitù può essere costituita secondo il testo?	Quando, in forza di legge, il proprietario di un fondo ha diritto di ottenere da parte del proprietario di un altro fondo la costituzione di una servitù, questa, in mancanza di contratto, è costituita con sentenza (2908, 2643 n. 14, 2932). Può anche essere costituita con atto dell’autorità amministrativa nei casi specialmente determinati dalla legge (853 e seguenti). La sentenza stabilisce le modalità della servitù e determina l’indennità dovuta. Prima del pagamento della indennità il proprietario del fondo servente può opporsi all’esercizio della servitù.
573	Art. 1032 Modi di costituzione	3. Cosa stabilisce la sentenza riguardo alla servitù?	Quando, in forza di legge, il proprietario di un fondo ha diritto di ottenere da parte del proprietario di un altro fondo la costituzione di una servitù, questa, in mancanza di contratto, è costituita con sentenza (2908, 2643 n. 14, 2932). Può anche essere costituita con atto dell’autorità amministrativa nei casi specialmente determinati dalla legge (853 e seguenti). La sentenza stabilisce le modalità della servitù e determina l’indennità dovuta. Prima del pagamento della indennità il proprietario del fondo servente può opporsi all’esercizio della servitù.
574	Art. 1032 Modi di costituzione	4. Quali diritti ha il proprietario del fondo servente prima del pagamento dell'indennità?	Quando, in forza di legge, il proprietario di un fondo ha diritto di ottenere da parte del proprietario di un altro fondo la costituzione di una servitù, questa, in mancanza di contratto, è costituita con sentenza (2908, 2643 n. 14, 2932). Può anche essere costituita con atto dell’autorità amministrativa nei casi specialmente determinati dalla legge (853 e seguenti). La sentenza stabilisce le modalità della servitù e determina l’indennità dovuta. Prima del pagamento della indennità il proprietario del fondo servente può opporsi all’esercizio della servitù.
575	Art. 1033 Obbligo di dare passaggio alle acque	1. Quali tipi di proprietà sono esenti dalla servitù di passaggio delle acque?	Il proprietario è tenuto a dare passaggio per i suoi fondi alle acque di ogni specie che si vogliono condurre da parte di chi ha, anche solo temporaneamente, il diritto di utilizzarle per i bisogni della vita o per usi agrari o industriali. Sono esenti da questa servitù le case, i cortili, i giardini e le aie ad esse attinenti.
576	Art. 1033 Obbligo di dare passaggio alle acque	2. Per quali scopi è consentito condurre le acque attraverso i fondi altrui?	Il proprietario è tenuto a dare passaggio per i suoi fondi alle acque di ogni specie che si vogliono condurre da parte di chi ha, anche solo temporaneamente, il diritto di utilizzarle per i bisogni della vita o per usi agrari o industriali. Sono esenti da questa servitù le case, i cortili, i giardini e le aie ad esse attinenti.
577	Art. 1034 Apertura di nuovo acquedotto	1. Quali sono le condizioni che permettono al proprietario del fondo soggetto alla servitù di impedire la costruzione di un nuovo acquedotto?	Chi ha diritto di condurre acque per il fondo altrui deve costruire il necessario acquedotto, ma non può far defluire le acque negli acquedotti già esistenti e destinati al corso di altre acque. Il proprietario del fondo soggetto alla servitù può tuttavia impedire la costruzione, consentendo il passaggio nei propri acquedotti già esistenti, qualora ciò non rechi notevole pregiudizio alla condotta che si domanda. In tal caso al proprietario dell’acquedotto è dovuta un’indennità da determinarsi avuto riguardo all’acqua che s’introduce, al valore dell’acquedotto, alle opere che si rendono necessarie per il nuovo passaggio e alle maggiori spese di manutenzione. La facoltà indicata dal comma precedente non è consentita al proprietario del fondo servente nei confronti della pubblica amministrazione.
578	Art. 1034 Apertura di nuovo acquedotto	2. In quali circostanze il proprietario dell'acquedotto esistente ha diritto a un'indennità?	Chi ha diritto di condurre acque per il fondo altrui deve costruire il necessario acquedotto, ma non può far defluire le acque negli acquedotti già esistenti e destinati al corso di altre acque. Il proprietario del fondo soggetto alla servitù può tuttavia impedire la costruzione, consentendo il passaggio nei propri acquedotti già esistenti, qualora ciò non rechi notevole pregiudizio alla condotta che si domanda. In tal caso al proprietario dell’acquedotto è dovuta un’indennità da determinarsi avuto riguardo all’acqua che s’introduce, al valore dell’acquedotto, alle opere che si rendono necessarie per il nuovo passaggio e alle maggiori spese di manutenzione. La facoltà indicata dal comma precedente non è consentita al proprietario del fondo servente nei confronti della pubblica amministrazione.
579	Art. 1034 Apertura di nuovo acquedotto	3. Quali fattori devono essere considerati per determinare l'indennità dovuta al proprietario dell'acquedotto?	Chi ha diritto di condurre acque per il fondo altrui deve costruire il necessario acquedotto, ma non può far defluire le acque negli acquedotti già esistenti e destinati al corso di altre acque. Il proprietario del fondo soggetto alla servitù può tuttavia impedire la costruzione, consentendo il passaggio nei propri acquedotti già esistenti, qualora ciò non rechi notevole pregiudizio alla condotta che si domanda. In tal caso al proprietario dell’acquedotto è dovuta un’indennità da determinarsi avuto riguardo all’acqua che s’introduce, al valore dell’acquedotto, alle opere che si rendono necessarie per il nuovo passaggio e alle maggiori spese di manutenzione. La facoltà indicata dal comma precedente non è consentita al proprietario del fondo servente nei confronti della pubblica amministrazione.
580	Art. 1034 Apertura di nuovo acquedotto	4. Perché la facoltà di consentire il passaggio nei propri acquedotti esistenti non è consentita al proprietario del fondo servente nei confronti della pubblica amministrazione?	Chi ha diritto di condurre acque per il fondo altrui deve costruire il necessario acquedotto, ma non può far defluire le acque negli acquedotti già esistenti e destinati al corso di altre acque. Il proprietario del fondo soggetto alla servitù può tuttavia impedire la costruzione, consentendo il passaggio nei propri acquedotti già esistenti, qualora ciò non rechi notevole pregiudizio alla condotta che si domanda. In tal caso al proprietario dell’acquedotto è dovuta un’indennità da determinarsi avuto riguardo all’acqua che s’introduce, al valore dell’acquedotto, alle opere che si rendono necessarie per il nuovo passaggio e alle maggiori spese di manutenzione. La facoltà indicata dal comma precedente non è consentita al proprietario del fondo servente nei confronti della pubblica amministrazione.
581	Art. 1034 Apertura di nuovo acquedotto	5. Cosa deve fare chi ha diritto di condurre acque per il fondo altrui se non può utilizzare acquedotti esistenti?	Chi ha diritto di condurre acque per il fondo altrui deve costruire il necessario acquedotto, ma non può far defluire le acque negli acquedotti già esistenti e destinati al corso di altre acque. Il proprietario del fondo soggetto alla servitù può tuttavia impedire la costruzione, consentendo il passaggio nei propri acquedotti già esistenti, qualora ciò non rechi notevole pregiudizio alla condotta che si domanda. In tal caso al proprietario dell’acquedotto è dovuta un’indennità da determinarsi avuto riguardo all’acqua che s’introduce, al valore dell’acquedotto, alle opere che si rendono necessarie per il nuovo passaggio e alle maggiori spese di manutenzione. La facoltà indicata dal comma precedente non è consentita al proprietario del fondo servente nei confronti della pubblica amministrazione.
582	Art. 1035 Attraversamento di acquedotti	1. Quali condizioni devono essere rispettate per attraversare acquedotti preesistenti quando si conduce acqua per il fondo altrui?	Chi vuol condurre l’acqua per il fondo altrui può attraversare al di sopra o al di sotto gli acquedotti preesistenti, appartengano essi al proprietario del fondo o ad altri, purché esegua le opere necessarie a impedire ogni danno o alterazione degli acquedotti stessi.
583	Art. 1036 Attraversamento di fiumi o di strade	1. Quali leggi e regolamenti devono essere osservati quando si attraversano strade pubbliche o corsi di acque pubbliche per la condotta delle acque?	Se per la condotta delle acque occorre attraversare strade pubbliche o corsi di acque pubbliche, si osservano le leggi e i regolamenti sulle strade e sulle acque.
584	Art. 1037 Condizioni per la costituzione della servitù	1. Quali condizioni deve dimostrare chi desidera far passare le acque sul fondo altrui?	Chi vuol far passare le acque sul fondo altrui deve dimostrare che può disporre dell’acqua durante il tempo per cui chiede il passaggio; che la medesima è sufficiente per l’uso al quale si vuol destinare; che il passaggio richiesto è il più conveniente e il meno pregiudizievole al fondo servente, avuto riguardo alle condizioni dei fondi vicini, al pendio e alle altre condizioni per la condotta, per il corso e lo sbocco delle acque.
585	Art. 1037 Condizioni per la costituzione della servitù	2. In che modo il passaggio delle acque deve essere valutato rispetto al fondo servente?	Chi vuol far passare le acque sul fondo altrui deve dimostrare che può disporre dell’acqua durante il tempo per cui chiede il passaggio; che la medesima è sufficiente per l’uso al quale si vuol destinare; che il passaggio richiesto è il più conveniente e il meno pregiudizievole al fondo servente, avuto riguardo alle condizioni dei fondi vicini, al pendio e alle altre condizioni per la condotta, per il corso e lo sbocco delle acque.
586	Art. 1037 Condizioni per la costituzione della servitù	3. Quali fattori devono essere considerati per determinare il passaggio più conveniente e meno pregiudizievole delle acque?	Chi vuol far passare le acque sul fondo altrui deve dimostrare che può disporre dell’acqua durante il tempo per cui chiede il passaggio; che la medesima è sufficiente per l’uso al quale si vuol destinare; che il passaggio richiesto è il più conveniente e il meno pregiudizievole al fondo servente, avuto riguardo alle condizioni dei fondi vicini, al pendio e alle altre condizioni per la condotta, per il corso e lo sbocco delle acque.
587	Art. 1038 Indennità per l’imposizione della servitù	1. Quali sono le condizioni che devono essere soddisfatte prima di iniziare la costruzione di un acquedotto su un fondo altrui?	Prima di imprendere la costruzione dell’acquedotto, chi vuol condurre acqua per il fondo altrui deve pagare il valore, secondo la stima, dei terreni da occupare, senza detrazione delle imposte e degli altri carichi inerenti al fondo, oltre l’indennità per i danni, ivi compresi quelli derivanti dalla separazione in due o più parti o da altro deterioramento del fondo da intersecare. Per i terreni, però, che sono occupati soltanto per il deposito delle materie estratte e per il getto dello spurgo non si deve pagare che la metà del valore del suolo, è sempre senza detrazione delle imposte e degli altri incarichi inerenti; ma nei terreni medesimi il proprietario del fondo servente può fare piantagioni e rimuovere e trasportare le materie ammucchiate, purché tutto segua senza danno all’acquedotto, del suo spurgo e della sua riparazione.
588	Art. 1038 Indennità per l’imposizione della servitù	2. In che modo viene calcolato il valore dei terreni da occupare per la costruzione di un acquedotto?	Prima di imprendere la costruzione dell’acquedotto, chi vuol condurre acqua per il fondo altrui deve pagare il valore, secondo la stima, dei terreni da occupare, senza detrazione delle imposte e degli altri carichi inerenti al fondo, oltre l’indennità per i danni, ivi compresi quelli derivanti dalla separazione in due o più parti o da altro deterioramento del fondo da intersecare. Per i terreni, però, che sono occupati soltanto per il deposito delle materie estratte e per il getto dello spurgo non si deve pagare che la metà del valore del suolo, è sempre senza detrazione delle imposte e degli altri incarichi inerenti; ma nei terreni medesimi il proprietario del fondo servente può fare piantagioni e rimuovere e trasportare le materie ammucchiate, purché tutto segua senza danno all’acquedotto, del suo spurgo e della sua riparazione.
589	Art. 1038 Indennità per l’imposizione della servitù	3. Quali diritti ha il proprietario del fondo servente sui terreni occupati per il deposito delle materie estratte e per il getto dello spurgo?	Prima di imprendere la costruzione dell’acquedotto, chi vuol condurre acqua per il fondo altrui deve pagare il valore, secondo la stima, dei terreni da occupare, senza detrazione delle imposte e degli altri carichi inerenti al fondo, oltre l’indennità per i danni, ivi compresi quelli derivanti dalla separazione in due o più parti o da altro deterioramento del fondo da intersecare. Per i terreni, però, che sono occupati soltanto per il deposito delle materie estratte e per il getto dello spurgo non si deve pagare che la metà del valore del suolo, è sempre senza detrazione delle imposte e degli altri incarichi inerenti; ma nei terreni medesimi il proprietario del fondo servente può fare piantagioni e rimuovere e trasportare le materie ammucchiate, purché tutto segua senza danno all’acquedotto, del suo spurgo e della sua riparazione.
590	Art. 1039 Indennità per il passaggio temporaneo	1. Quali sono le condizioni per rendere perpetuo un passaggio temporaneo delle acque prima della scadenza del termine di nove anni?	Qualora il passaggio delle acque sia domandato per un tempo non maggiore di nove anni, il pagamento dei valori e delle indennità indicati dall’articolo precedente è ristretto alla sola metà, ma con l’obbligo, scaduto il termine, di rimettere le cose nel primitivo stato. Il passaggio temporaneo può essere reso perpetuo prima della scadenza del termine mediante il pagamento dell’altra metà con gli interessi legali dal giorno in cui il passaggio è stato praticato; scaduto il termine, non si tiene più conto di ciò che è stato pagato per la concessione temporanea.
591	Art. 1039 Indennità per il passaggio temporaneo	2. Cosa accade al termine dei nove anni se il passaggio delle acque non viene reso perpetuo?	Qualora il passaggio delle acque sia domandato per un tempo non maggiore di nove anni, il pagamento dei valori e delle indennità indicati dall’articolo precedente è ristretto alla sola metà, ma con l’obbligo, scaduto il termine, di rimettere le cose nel primitivo stato. Il passaggio temporaneo può essere reso perpetuo prima della scadenza del termine mediante il pagamento dell’altra metà con gli interessi legali dal giorno in cui il passaggio è stato praticato; scaduto il termine, non si tiene più conto di ciò che è stato pagato per la concessione temporanea.
592	Art. 1039 Indennità per il passaggio temporaneo	3. Qual è l'obbligo del richiedente al termine del periodo di passaggio temporaneo delle acque?	Qualora il passaggio delle acque sia domandato per un tempo non maggiore di nove anni, il pagamento dei valori e delle indennità indicati dall’articolo precedente è ristretto alla sola metà, ma con l’obbligo, scaduto il termine, di rimettere le cose nel primitivo stato. Il passaggio temporaneo può essere reso perpetuo prima della scadenza del termine mediante il pagamento dell’altra metà con gli interessi legali dal giorno in cui il passaggio è stato praticato; scaduto il termine, non si tiene più conto di ciò che è stato pagato per la concessione temporanea.
593	Art. 1040 Uso dell’acquedotto	1. Quali sono le condizioni che impediscono al proprietario di un acquedotto di immettere una maggiore quantità d'acqua nel fondo altrui?	Chi possiede un acquedotto nel fondo altrui non può immettervi maggiore quantità d’acqua, se l’acquedotto non ne è capace o ne può venir danno al fondo servente. Se l’introduzione di una maggior quantità d’acqua esige nuove opere, queste non possono farsi, se prima non se ne determinano la natura e la qualità e non si paga la somma dovuta per il suolo da occupare e per i danni nel modo stabilito dall’art. 1038. La stessa disposizione si applica anche quando per il passaggio attraverso un acquedotto occorre sostituire una tomba a un ponte canale o viceversa.
594	Art. 1040 Uso dell’acquedotto	2. Cosa è necessario fare prima di eseguire nuove opere per introdurre una maggiore quantità d'acqua in un acquedotto?	Chi possiede un acquedotto nel fondo altrui non può immettervi maggiore quantità d’acqua, se l’acquedotto non ne è capace o ne può venir danno al fondo servente. Se l’introduzione di una maggior quantità d’acqua esige nuove opere, queste non possono farsi, se prima non se ne determinano la natura e la qualità e non si paga la somma dovuta per il suolo da occupare e per i danni nel modo stabilito dall’art. 1038. La stessa disposizione si applica anche quando per il passaggio attraverso un acquedotto occorre sostituire una tomba a un ponte canale o viceversa.
595	Art. 1040 Uso dell’acquedotto	3. In quali circostanze si applica la disposizione relativa alla sostituzione di una tomba con un ponte canale o viceversa?	Chi possiede un acquedotto nel fondo altrui non può immettervi maggiore quantità d’acqua, se l’acquedotto non ne è capace o ne può venir danno al fondo servente. Se l’introduzione di una maggior quantità d’acqua esige nuove opere, queste non possono farsi, se prima non se ne determinano la natura e la qualità e non si paga la somma dovuta per il suolo da occupare e per i danni nel modo stabilito dall’art. 1038. La stessa disposizione si applica anche quando per il passaggio attraverso un acquedotto occorre sostituire una tomba a un ponte canale o viceversa.
596	Art. 1041 Letto dell’acquedotto	1. Quali sono le conseguenze per il proprietario del fondo servente se non ha fatto uso della facoltà di determinare stabilmente il letto dell’acquedotto al tempo della concessione?	È sempre in facoltà del proprietario del fondo servente di far determinare stabilmente il letto dell’acquedotto con l’apposizione di capisaldi o soglie da riportarsi a punti fissi. Se però di tale facoltà egli non ha fatto uso al tempo della concessione dell’acquedotto, deve sopportare la metà delle spese occorrenti.
597	Art. 1041 Letto dell’acquedotto	2. Cosa può fare il proprietario del fondo servente per determinare stabilmente il letto dell’acquedotto?	È sempre in facoltà del proprietario del fondo servente di far determinare stabilmente il letto dell’acquedotto con l’apposizione di capisaldi o soglie da riportarsi a punti fissi. Se però di tale facoltà egli non ha fatto uso al tempo della concessione dell’acquedotto, deve sopportare la metà delle spese occorrenti.
598	Art. 1042 Obblighi inerenti all’uso di corsi contigui a fondi altrui	1. Quali obblighi hanno coloro che si servono di un corso d'acqua che impedisce l'accesso o la continuazione dell'irrigazione ai proprietari dei fondi contigui?	Se un corso d’acqua impedisce ai proprietari dei fondi contigui l’accesso ai medesimi, o la continuazione dell’irrigazione o dello scolo delle acque, coloro che si servono di quel corso sono obbligati, in proporzione del beneficio che ne ritraggono, a costruire e a mantenere i ponti e i loro accessi sufficienti per un comodo e sicuro transito, come pure le botti sotterranee, i ponti-canali o altre opere simili per continuare l’irrigazione o lo scolo, salvi i diritti derivanti dal
599	Art. 1042 Obblighi inerenti all’uso di corsi contigui a fondi altrui	2. In che modo devono essere costruiti e mantenuti i ponti e le opere simili per garantire un comodo e sicuro transito secondo il testo?	Se un corso d’acqua impedisce ai proprietari dei fondi contigui l’accesso ai medesimi, o la continuazione dell’irrigazione o dello scolo delle acque, coloro che si servono di quel corso sono obbligati, in proporzione del beneficio che ne ritraggono, a costruire e a mantenere i ponti e i loro accessi sufficienti per un comodo e sicuro transito, come pure le botti sotterranee, i ponti-canali o altre opere simili per continuare l’irrigazione o lo scolo, salvi i diritti derivanti dal
600	Art. 1043 Scarico coattivo	1. In quali circostanze le disposizioni per il passaggio delle acque si applicano anche allo scarico di acque sovrabbondanti?	Le disposizioni contenute negli articoli precedenti per il passaggio delle acque si applicano anche se il passaggio è domandato al fine di scaricare acque sovrabbondanti che il vicino non consente di ricevere nel suo fondo. Lo scarico può essere anche domandato per acque impure, purché siano adottate le precauzioni atte a evitare qualsiasi pregiudizio o molestia.
601	Art. 1043 Scarico coattivo	2. Quali condizioni devono essere rispettate per poter scaricare acque impure nel fondo di un vicino?	Le disposizioni contenute negli articoli precedenti per il passaggio delle acque si applicano anche se il passaggio è domandato al fine di scaricare acque sovrabbondanti che il vicino non consente di ricevere nel suo fondo. Lo scarico può essere anche domandato per acque impure, purché siano adottate le precauzioni atte a evitare qualsiasi pregiudizio o molestia.
602	Art. 1044 Bonifica	1. Quali sono le condizioni che il proprietario deve rispettare per prosciugare o bonificare le sue terre?	Ferme le disposizioni delle leggi sulla bonifica e sul vincolo forestale, il proprietario che intende prosciugare o bonificare le sue terre con fognature, con colmate o altri mezzi ha diritto, premesso il pagamento dell’indennità e col minor danno possibile, di condurre per fogne o per fossi le acque di scolo attraverso i fondi che separano le sue terre da un corso d’acqua o da qualunque altro colatoio. Se il prosciugamento risulta in contrasto con gli interessi di coloro che utilizzano le acque provenienti dal fondo paludoso, e se gli opposti interessi non si possono conciliare con opportune opere che importino una spesa proporzionata allo scopo, l’autorità giudiziaria dà le disposizioni per assicurare l’interesse prevalente, avuto in ogni caso riguardo alle esigenze generali della produzione. Se si fa luogo al prosciugamento, può essere assegnata una congrua indennità a coloro che al prosciugamento si sono opposti.
603	Art. 1044 Bonifica	2. Cosa accade se il prosciugamento delle terre è in contrasto con gli interessi di coloro che utilizzano le acque provenienti dal fondo paludoso?	Ferme le disposizioni delle leggi sulla bonifica e sul vincolo forestale, il proprietario che intende prosciugare o bonificare le sue terre con fognature, con colmate o altri mezzi ha diritto, premesso il pagamento dell’indennità e col minor danno possibile, di condurre per fogne o per fossi le acque di scolo attraverso i fondi che separano le sue terre da un corso d’acqua o da qualunque altro colatoio. Se il prosciugamento risulta in contrasto con gli interessi di coloro che utilizzano le acque provenienti dal fondo paludoso, e se gli opposti interessi non si possono conciliare con opportune opere che importino una spesa proporzionata allo scopo, l’autorità giudiziaria dà le disposizioni per assicurare l’interesse prevalente, avuto in ogni caso riguardo alle esigenze generali della produzione. Se si fa luogo al prosciugamento, può essere assegnata una congrua indennità a coloro che al prosciugamento si sono opposti.
604	Art. 1044 Bonifica	3. Quali misure può adottare l'autorità giudiziaria quando gli interessi opposti non possono essere conciliati con opportune opere?	Ferme le disposizioni delle leggi sulla bonifica e sul vincolo forestale, il proprietario che intende prosciugare o bonificare le sue terre con fognature, con colmate o altri mezzi ha diritto, premesso il pagamento dell’indennità e col minor danno possibile, di condurre per fogne o per fossi le acque di scolo attraverso i fondi che separano le sue terre da un corso d’acqua o da qualunque altro colatoio. Se il prosciugamento risulta in contrasto con gli interessi di coloro che utilizzano le acque provenienti dal fondo paludoso, e se gli opposti interessi non si possono conciliare con opportune opere che importino una spesa proporzionata allo scopo, l’autorità giudiziaria dà le disposizioni per assicurare l’interesse prevalente, avuto in ogni caso riguardo alle esigenze generali della produzione. Se si fa luogo al prosciugamento, può essere assegnata una congrua indennità a coloro che al prosciugamento si sono opposti.
605	Art. 1045 Utilizzazione di fogne o di fossi altrui	1. Quali condizioni devono rispettare i proprietari dei fondi per poter utilizzare le fogne o le fosse altrui per risanare i propri fondi?	I proprietari dei fondi attraversati da fogne o da fosse altrui, o che altrimenti possono approfittare dei lavori fatti in. forza dell’articolo precedente, hanno facoltà di servirsene per risanare i loro fondi, a condizione che non ne venga danno ai fondi già risanati e che essi sopportino le nuove spese occorrenti per modificare le opere già eseguite, affinche queste siano in grado di servire anche ai fondi attraversati, e inoltre sopportino una parte proporzionale delle spese già fatte e di quelle richieste per il mantenimento delle opere, le quali divengono comuni.
606	Art. 1045 Utilizzazione di fogne o di fossi altrui	2. Quali spese devono essere sostenute dai proprietari dei fondi che decidono di utilizzare le opere già eseguite per risanare i loro fondi?	I proprietari dei fondi attraversati da fogne o da fosse altrui, o che altrimenti possono approfittare dei lavori fatti in. forza dell’articolo precedente, hanno facoltà di servirsene per risanare i loro fondi, a condizione che non ne venga danno ai fondi già risanati e che essi sopportino le nuove spese occorrenti per modificare le opere già eseguite, affinche queste siano in grado di servire anche ai fondi attraversati, e inoltre sopportino una parte proporzionale delle spese già fatte e di quelle richieste per il mantenimento delle opere, le quali divengono comuni.
607	Art. 1046 Norme per l’esecuzione delle opere	1. Quali disposizioni sono applicabili nell'esecuzione delle opere indicate dagli articoli precedenti?	Nell’esecuzione delle opere indicate dagli articoli precedenti sono applicabili le disposizioni del secondo comma dell’art. 1033 e degli artt. 1035 e 1036.
608	Art. 1047 Contenuto della servitù	1. Quali sono gli obblighi di chi ha diritto di derivare acque da corsi d'acqua o serbatoi?	Chi ha diritto di derivare acque da fiumi, torrenti, rivi, canali, laghi o serbatoi può, qualora sia necessario, appoggiare o infiggere una chiusa alle sponde, con l’obbligo però di pagare la indennità e di fare e mantenere le opere atte ad assicurare i fondi da ogni danno.
609	Art. 1047 Contenuto della servitù	2. Cosa deve fare chi appoggia o infigge una chiusa alle sponde per derivare acque?	Chi ha diritto di derivare acque da fiumi, torrenti, rivi, canali, laghi o serbatoi può, qualora sia necessario, appoggiare o infiggere una chiusa alle sponde, con l’obbligo però di pagare la indennità e di fare e mantenere le opere atte ad assicurare i fondi da ogni danno.
610	Art. 1048 Obblighi degli utenti	1. Quali tipi di pregiudizio devono essere evitati tra gli utenti superiori e inferiori nell'uso delle acque?	Nella derivazione e nell’uso delle acque a norma del precedente articolo, deve evitarsi tra gli utenti superiori e gli inferiori ogni vicendevole pregiudizio che possa provenire dallo stagnamento, dal rigurgito o dalla diversione delle acque medesime.
611	Art. 1049 Somministrazione di acqua a un edificio	1. Quali sono le condizioni che giustificano la deduzione dell'acqua di sopravanzo da un fondo vicino?	Se a una casa o alle sue dipendenze manca l’acqua necessaria per l’alimentazione degli uomini o degli animali e per gli altri usi domestici, e non è possibile procurarla senza eccessivo dispendio, il proprietario del fondo vicino deve consentire che sia dedotta l’acqua di sopravanzo nella misura indispensabile per le necessità anzidette. Prima che siano iniziati i lavori, deve pagarsi il valore dell’acqua, che si chiede di dedurre, calcolato per un’annualità. Si devono altresì sostenere tutte le spese per le opere di presa e di derivazione. Si applicano inoltre le disposizioni del primo comma dell’art. 1038. In mancanza di convenzione, la sentenza determina le modalità della derivazione e l’indennità dovuta. Qualora si verifichi un mutamento nelle condizioni originarie, la derivazione può essere soppressa su istanza dell’una o dell’altra parte.
612	Art. 1049 Somministrazione di acqua a un edificio	2. Chi deve sostenere le spese per le opere di presa e di derivazione dell'acqua?	Se a una casa o alle sue dipendenze manca l’acqua necessaria per l’alimentazione degli uomini o degli animali e per gli altri usi domestici, e non è possibile procurarla senza eccessivo dispendio, il proprietario del fondo vicino deve consentire che sia dedotta l’acqua di sopravanzo nella misura indispensabile per le necessità anzidette. Prima che siano iniziati i lavori, deve pagarsi il valore dell’acqua, che si chiede di dedurre, calcolato per un’annualità. Si devono altresì sostenere tutte le spese per le opere di presa e di derivazione. Si applicano inoltre le disposizioni del primo comma dell’art. 1038. In mancanza di convenzione, la sentenza determina le modalità della derivazione e l’indennità dovuta. Qualora si verifichi un mutamento nelle condizioni originarie, la derivazione può essere soppressa su istanza dell’una o dell’altra parte.
613	Art. 1049 Somministrazione di acqua a un edificio	3. Cosa deve essere pagato prima dell'inizio dei lavori per la deduzione dell'acqua?	Se a una casa o alle sue dipendenze manca l’acqua necessaria per l’alimentazione degli uomini o degli animali e per gli altri usi domestici, e non è possibile procurarla senza eccessivo dispendio, il proprietario del fondo vicino deve consentire che sia dedotta l’acqua di sopravanzo nella misura indispensabile per le necessità anzidette. Prima che siano iniziati i lavori, deve pagarsi il valore dell’acqua, che si chiede di dedurre, calcolato per un’annualità. Si devono altresì sostenere tutte le spese per le opere di presa e di derivazione. Si applicano inoltre le disposizioni del primo comma dell’art. 1038. In mancanza di convenzione, la sentenza determina le modalità della derivazione e l’indennità dovuta. Qualora si verifichi un mutamento nelle condizioni originarie, la derivazione può essere soppressa su istanza dell’una o dell’altra parte.
614	Art. 1049 Somministrazione di acqua a un edificio	4. Quali disposizioni si applicano in aggiunta a quelle descritte nel testo?	Se a una casa o alle sue dipendenze manca l’acqua necessaria per l’alimentazione degli uomini o degli animali e per gli altri usi domestici, e non è possibile procurarla senza eccessivo dispendio, il proprietario del fondo vicino deve consentire che sia dedotta l’acqua di sopravanzo nella misura indispensabile per le necessità anzidette. Prima che siano iniziati i lavori, deve pagarsi il valore dell’acqua, che si chiede di dedurre, calcolato per un’annualità. Si devono altresì sostenere tutte le spese per le opere di presa e di derivazione. Si applicano inoltre le disposizioni del primo comma dell’art. 1038. In mancanza di convenzione, la sentenza determina le modalità della derivazione e l’indennità dovuta. Qualora si verifichi un mutamento nelle condizioni originarie, la derivazione può essere soppressa su istanza dell’una o dell’altra parte.
615	Art. 1049 Somministrazione di acqua a un edificio	5. Cosa accade in mancanza di una convenzione tra le parti riguardo alla derivazione dell'acqua?	Se a una casa o alle sue dipendenze manca l’acqua necessaria per l’alimentazione degli uomini o degli animali e per gli altri usi domestici, e non è possibile procurarla senza eccessivo dispendio, il proprietario del fondo vicino deve consentire che sia dedotta l’acqua di sopravanzo nella misura indispensabile per le necessità anzidette. Prima che siano iniziati i lavori, deve pagarsi il valore dell’acqua, che si chiede di dedurre, calcolato per un’annualità. Si devono altresì sostenere tutte le spese per le opere di presa e di derivazione. Si applicano inoltre le disposizioni del primo comma dell’art. 1038. In mancanza di convenzione, la sentenza determina le modalità della derivazione e l’indennità dovuta. Qualora si verifichi un mutamento nelle condizioni originarie, la derivazione può essere soppressa su istanza dell’una o dell’altra parte.
616	Art. 1049 Somministrazione di acqua a un edificio	6. In quali circostanze la derivazione dell'acqua può essere soppressa?	Se a una casa o alle sue dipendenze manca l’acqua necessaria per l’alimentazione degli uomini o degli animali e per gli altri usi domestici, e non è possibile procurarla senza eccessivo dispendio, il proprietario del fondo vicino deve consentire che sia dedotta l’acqua di sopravanzo nella misura indispensabile per le necessità anzidette. Prima che siano iniziati i lavori, deve pagarsi il valore dell’acqua, che si chiede di dedurre, calcolato per un’annualità. Si devono altresì sostenere tutte le spese per le opere di presa e di derivazione. Si applicano inoltre le disposizioni del primo comma dell’art. 1038. In mancanza di convenzione, la sentenza determina le modalità della derivazione e l’indennità dovuta. Qualora si verifichi un mutamento nelle condizioni originarie, la derivazione può essere soppressa su istanza dell’una o dell’altra parte.
617	Art. 1050 Somministrazione di acqua a un fondo	1. In quali circostanze le norme dell'articolo precedente si applicano al proprietario di un fondo che non ha acqua per l'irrigazione?	Le norme stabilite dall’articolo precedente si applicano anche se il proprietario di un fondo non ha acqua per irrigarlo, quando le acque del fondo vicino consentono una parziale somministrazione, dopo soddisfatto ogni bisogno domestico, agricolo o industriale. Le disposizioni di questo articolo e del precedente non si applicano nel caso in cui delle acque si dispone in forza di concessione amministrativa.
618	Art. 1050 Somministrazione di acqua a un fondo	2. Quando le disposizioni dell'articolo e del precedente non si applicano riguardo all'uso delle acque?	Le norme stabilite dall’articolo precedente si applicano anche se il proprietario di un fondo non ha acqua per irrigarlo, quando le acque del fondo vicino consentono una parziale somministrazione, dopo soddisfatto ogni bisogno domestico, agricolo o industriale. Le disposizioni di questo articolo e del precedente non si applicano nel caso in cui delle acque si dispone in forza di concessione amministrativa.
619	Art. 1051 Passaggio coattivo	1. Quali sono le condizioni necessarie affinché un proprietario possa ottenere il passaggio sul fondo vicino?	Il proprietario, il cui fondo è circondato da fondi altrui, e che non ha uscita sulla via pubblica né può procurarsela senza eccessivo dispendio o disagio, ha diritto di ottenere il passaggio sul fondo vicino per la coltivazione e il conveniente uso del proprio fondo. Il passaggio si deve stabilire in quella parte in cui l’accesso alla via pubblica è più breve e riesce di minore danno al fondo sul quale è consentito. Esso può essere stabilito anche mediante sottopassaggio, qualora ciò sia preferibile, avuto riguardo al vantaggio del fondo dominante e al pregiudizio del fondo servente. Le stesse disposizioni si applicano nel caso in cui taluno, avendo un passaggio sul fondo altrui, abbia bisogno ai fini suddetti di ampliarlo per il transito dei veicoli anche a trazione meccanica. Sono esenti da questa servitù le case, i cortili, i giardini e le aie ad esse attinenti.
620	Art. 1051 Passaggio coattivo	2. In quale parte del fondo vicino deve essere stabilito il passaggio per minimizzare il danno?	Il proprietario, il cui fondo è circondato da fondi altrui, e che non ha uscita sulla via pubblica né può procurarsela senza eccessivo dispendio o disagio, ha diritto di ottenere il passaggio sul fondo vicino per la coltivazione e il conveniente uso del proprio fondo. Il passaggio si deve stabilire in quella parte in cui l’accesso alla via pubblica è più breve e riesce di minore danno al fondo sul quale è consentito. Esso può essere stabilito anche mediante sottopassaggio, qualora ciò sia preferibile, avuto riguardo al vantaggio del fondo dominante e al pregiudizio del fondo servente. Le stesse disposizioni si applicano nel caso in cui taluno, avendo un passaggio sul fondo altrui, abbia bisogno ai fini suddetti di ampliarlo per il transito dei veicoli anche a trazione meccanica. Sono esenti da questa servitù le case, i cortili, i giardini e le aie ad esse attinenti.
621	Art. 1051 Passaggio coattivo	3. È possibile stabilire un passaggio mediante sottopassaggio e in quali circostanze?	Il proprietario, il cui fondo è circondato da fondi altrui, e che non ha uscita sulla via pubblica né può procurarsela senza eccessivo dispendio o disagio, ha diritto di ottenere il passaggio sul fondo vicino per la coltivazione e il conveniente uso del proprio fondo. Il passaggio si deve stabilire in quella parte in cui l’accesso alla via pubblica è più breve e riesce di minore danno al fondo sul quale è consentito. Esso può essere stabilito anche mediante sottopassaggio, qualora ciò sia preferibile, avuto riguardo al vantaggio del fondo dominante e al pregiudizio del fondo servente. Le stesse disposizioni si applicano nel caso in cui taluno, avendo un passaggio sul fondo altrui, abbia bisogno ai fini suddetti di ampliarlo per il transito dei veicoli anche a trazione meccanica. Sono esenti da questa servitù le case, i cortili, i giardini e le aie ad esse attinenti.
622	Art. 1051 Passaggio coattivo	4. Quali tipi di proprietà sono esenti dalla servitù di passaggio?	Il proprietario, il cui fondo è circondato da fondi altrui, e che non ha uscita sulla via pubblica né può procurarsela senza eccessivo dispendio o disagio, ha diritto di ottenere il passaggio sul fondo vicino per la coltivazione e il conveniente uso del proprio fondo. Il passaggio si deve stabilire in quella parte in cui l’accesso alla via pubblica è più breve e riesce di minore danno al fondo sul quale è consentito. Esso può essere stabilito anche mediante sottopassaggio, qualora ciò sia preferibile, avuto riguardo al vantaggio del fondo dominante e al pregiudizio del fondo servente. Le stesse disposizioni si applicano nel caso in cui taluno, avendo un passaggio sul fondo altrui, abbia bisogno ai fini suddetti di ampliarlo per il transito dei veicoli anche a trazione meccanica. Sono esenti da questa servitù le case, i cortili, i giardini e le aie ad esse attinenti.
623	Art. 1051 Passaggio coattivo	5. In che modo le disposizioni si applicano nel caso in cui sia necessario ampliare un passaggio esistente per il transito di veicoli a trazione meccanica?	Il proprietario, il cui fondo è circondato da fondi altrui, e che non ha uscita sulla via pubblica né può procurarsela senza eccessivo dispendio o disagio, ha diritto di ottenere il passaggio sul fondo vicino per la coltivazione e il conveniente uso del proprio fondo. Il passaggio si deve stabilire in quella parte in cui l’accesso alla via pubblica è più breve e riesce di minore danno al fondo sul quale è consentito. Esso può essere stabilito anche mediante sottopassaggio, qualora ciò sia preferibile, avuto riguardo al vantaggio del fondo dominante e al pregiudizio del fondo servente. Le stesse disposizioni si applicano nel caso in cui taluno, avendo un passaggio sul fondo altrui, abbia bisogno ai fini suddetti di ampliarlo per il transito dei veicoli anche a trazione meccanica. Sono esenti da questa servitù le case, i cortili, i giardini e le aie ad esse attinenti.
624	Art. 1052 Passaggio coattivo a favore di fondo non intercluso	1. In quali circostanze l'autorità giudiziaria può concedere un passaggio anche se il proprietario del fondo ha già un accesso alla via pubblica?	Le disposizioni dell’articolo precedente si possono applicare anche se il proprietario del fondo ha un accesso alla via pubblica, ma questo è inadatto o insufficiente ai bisogni del fondo e non può essere ampliato. Il passaggio può essere concesso dall’autorità giudiziaria solo quando questa riconosce che la domanda risponde alle esigenze dell’agricoltura o della industria.
625	Art. 1052 Passaggio coattivo a favore di fondo non intercluso	2. Quali settori devono essere considerati dall'autorità giudiziaria per riconoscere la necessità di un passaggio secondo il testo?	Le disposizioni dell’articolo precedente si possono applicare anche se il proprietario del fondo ha un accesso alla via pubblica, ma questo è inadatto o insufficiente ai bisogni del fondo e non può essere ampliato. Il passaggio può essere concesso dall’autorità giudiziaria solo quando questa riconosce che la domanda risponde alle esigenze dell’agricoltura o della industria.
626	Art. 1053 Indennità	1. Quali sono le condizioni che richiedono il pagamento di un'indennità proporzionata al danno cagionato dal passaggio?	Nei casi previsti dai due articoli precedenti è dovuta un’indennità proporzionata al danno cagionato dal passaggio. Qualora, per attuare il passaggio, sia necessario occupare con opere stabili o lasciare incolta una zona del fondo servente, il proprietario che lo domanda deve, prima d’imprendere le opere o d’iniziare il passaggio, pagare il valore della zona predetta nella misura stabilita dal primo comma dell’art. 1038.
627	Art. 1053 Indennità	2. Cosa deve fare il proprietario che richiede il passaggio se è necessario occupare con opere stabili una zona del fondo servente?	Nei casi previsti dai due articoli precedenti è dovuta un’indennità proporzionata al danno cagionato dal passaggio. Qualora, per attuare il passaggio, sia necessario occupare con opere stabili o lasciare incolta una zona del fondo servente, il proprietario che lo domanda deve, prima d’imprendere le opere o d’iniziare il passaggio, pagare il valore della zona predetta nella misura stabilita dal primo comma dell’art. 1038.
628	Art. 1054 Interclusione per effetto di alienazione o di divisione	1. Quali sono le implicazioni legali se un fondo diventa completamente chiuso a causa di un'alienazione?	Se il fondo è divenuto da ogni parte chiuso per effetto di alienazione a
629	Art. 1054 Interclusione per effetto di alienazione o di divisione	2. Quali diritti ha il proprietario di un fondo che è diventato chiuso su tutti i lati per effetto di alienazione?	Se il fondo è divenuto da ogni parte chiuso per effetto di alienazione a
630	Art. 1055 Cessazione dell’interclusione	1. In quali circostanze può essere soppresso un passaggio che cessa di essere necessario?	Se il passaggio cessa di essere necessario, può essere soppresso in qualunque tempo a istanza del proprietario del fondo dominante o del fondo servente. Quest’ultimo deve restituire il compenso ricevuto; ma l’autorità giudiziaria può disporre una riduzione della somma, avuto riguardo alla durata della servitù e al danno sofferto. Se l’indennità fu convenuta in annualità, la prestazione cessa dall’anno successivo.
631	Art. 1055 Cessazione dell’interclusione	2. Chi può richiedere la soppressione del passaggio non più necessario?	Se il passaggio cessa di essere necessario, può essere soppresso in qualunque tempo a istanza del proprietario del fondo dominante o del fondo servente. Quest’ultimo deve restituire il compenso ricevuto; ma l’autorità giudiziaria può disporre una riduzione della somma, avuto riguardo alla durata della servitù e al danno sofferto. Se l’indennità fu convenuta in annualità, la prestazione cessa dall’anno successivo.
632	Art. 1055 Cessazione dell’interclusione	3. Cosa deve fare il proprietario del fondo servente se il passaggio viene soppresso?	Se il passaggio cessa di essere necessario, può essere soppresso in qualunque tempo a istanza del proprietario del fondo dominante o del fondo servente. Quest’ultimo deve restituire il compenso ricevuto; ma l’autorità giudiziaria può disporre una riduzione della somma, avuto riguardo alla durata della servitù e al danno sofferto. Se l’indennità fu convenuta in annualità, la prestazione cessa dall’anno successivo.
633	Art. 1055 Cessazione dell’interclusione	4. Come può l'autorità giudiziaria intervenire riguardo al compenso da restituire in caso di soppressione del passaggio?	Se il passaggio cessa di essere necessario, può essere soppresso in qualunque tempo a istanza del proprietario del fondo dominante o del fondo servente. Quest’ultimo deve restituire il compenso ricevuto; ma l’autorità giudiziaria può disporre una riduzione della somma, avuto riguardo alla durata della servitù e al danno sofferto. Se l’indennità fu convenuta in annualità, la prestazione cessa dall’anno successivo.
634	Art. 1056 Passaggio di condutture elettriche	1. Quali sono le leggi che regolano l'obbligo dei proprietari di dare passaggio alle condutture elettriche sui loro fondi?	Ogni proprietario è tenuto a dare passaggio per i suoi fondi alle condutture elettriche, in conformità delle leggi in materia.
635	Art. 1057 Passaggio di vie funicolari	1. Quali obblighi ha un proprietario riguardo al passaggio di gomene di vie funicolari aeree a uso agrario o industriale sul suo fondo?	Ogni proprietario è parimenti tenuto a lasciar passare sopra il suo fondo le gomene di vie funicolari aeree a uso agrario o industriale e a tollerare sul fondo le opere, i meccanismi e le occupazioni necessarie a tale scopo, in conformità delle leggi in materia.
636	Art. 1057 Passaggio di vie funicolari	2. In che modo le leggi in materia regolano la tolleranza delle opere, meccanismi e occupazioni necessarie per le vie funicolari aeree su un fondo privato?	Ogni proprietario è parimenti tenuto a lasciar passare sopra il suo fondo le gomene di vie funicolari aeree a uso agrario o industriale e a tollerare sul fondo le opere, i meccanismi e le occupazioni necessarie a tale scopo, in conformità delle leggi in materia.
637	Art. 1058 Modi di costituzione	1. Quali sono i modi in cui possono essere costituite le servitù prediali secondo il testo?	Le servitù prediali possono essere costituite per contratto (1061, 1321, 1350 n. 4, 2643 n. 4) o per testamento (649 e seguenti, 2648).
638	Art. 1059 Servitù concessa da uno dei comproprietari	1. In quali circostanze una servitù concessa da uno dei comproprietari di un fondo indiviso è considerata costituita?	La servitù concessa da uno dei comproprietari di un fondo indiviso non è costituita se non quando gli altri l’hanno anch’essi concessa unitamente o separatamente. La concessione, però, fatta da uno dei comproprietari, indipendentemente dagli altri, obbliga il concedente-e i suoi eredi o aventi causa a non porre impedimento all’esercizio del diritto concesso.
639	Art. 1059 Servitù concessa da uno dei comproprietari	2. Quali obblighi derivano per il comproprietario che concede una servitù indipendentemente dagli altri comproprietari?	La servitù concessa da uno dei comproprietari di un fondo indiviso non è costituita se non quando gli altri l’hanno anch’essi concessa unitamente o separatamente. La concessione, però, fatta da uno dei comproprietari, indipendentemente dagli altri, obbliga il concedente-e i suoi eredi o aventi causa a non porre impedimento all’esercizio del diritto concesso.
640	Art. 1060 Servitù costituite dal nudo proprietario Il proprietario può, senza il consenso dell’usufruttuario, imporre sul fondo le servitù che non pregiudicano il diritto di usufrutto.	1. Quali sono le modalità attraverso le quali le servitù non apparenti non possono essere acquisite?	Art. 1061 Servitù non apparenti Le servitù non apparenti non possono acquistarsi per usucapione (1158, att. 158) o per destinazione del padre di famiglia. Non apparenti sono le servitù quando non si hanno opere visibili e permanenti destinate al loro esercizio.
641	Art. 1060 Servitù costituite dal nudo proprietario Il proprietario può, senza il consenso dell’usufruttuario, imporre sul fondo le servitù che non pregiudicano il diritto di usufrutto.	2. Come vengono definite le servitù non apparenti secondo l'Art. 1061?	Art. 1061 Servitù non apparenti Le servitù non apparenti non possono acquistarsi per usucapione (1158, att. 158) o per destinazione del padre di famiglia. Non apparenti sono le servitù quando non si hanno opere visibili e permanenti destinate al loro esercizio.
642	Art. 1062 Destinazione del padre di famiglia	1. In quali circostanze si può considerare stabilita una servitù tra due fondi attualmente divisi?	La destinazione del padre di famiglia ha luogo quando consta, mediante qualunque genere di prova (2697 e seguente), che due fondi, attualmente divisi, sono stati posseduti dallo stesso proprietario, e che questi ha posto o lasciato le cose nello stato dal quale risulta la servitù. Se i due fondi cessarono di appartenere allo stesso proprietario, senza alcuna disposizione relativa alla servitù, questa s’intende stabilita attivamente e passivamente a favore e sopra ciascuno dei fondi separati.
643	Art. 1062 Destinazione del padre di famiglia	2. Cosa accade alla servitù se i due fondi cessano di appartenere allo stesso proprietario senza alcuna disposizione relativa alla servitù?	La destinazione del padre di famiglia ha luogo quando consta, mediante qualunque genere di prova (2697 e seguente), che due fondi, attualmente divisi, sono stati posseduti dallo stesso proprietario, e che questi ha posto o lasciato le cose nello stato dal quale risulta la servitù. Se i due fondi cessarono di appartenere allo stesso proprietario, senza alcuna disposizione relativa alla servitù, questa s’intende stabilita attivamente e passivamente a favore e sopra ciascuno dei fondi separati.
644	Art. 1063 Norme regolatrici	1. Quali norme regolano l'estensione e l'esercizio delle servitù?	L’estensione e l’esercizio delle servitù sono regolati dal
645	Art. 1063 Norme regolatrici	2. In che modo viene determinata l'estensione di una servitù secondo la legge?	L’estensione e l’esercizio delle servitù sono regolati dal
646	Art. 1064 Estensione del diritto di servitù	1. Cosa deve fare il proprietario di un fondo chiuso se esiste un diritto di servitù che richiede il passaggio attraverso il fondo?	Il diritto di servitù comprende tutto ciò che è necessario per usarne. Se il fondo viene chiuso, il proprietario deve lasciarne libero e comodo l’ingresso a chi ha un diritto di servitù che renda necessario il passaggio per il fondo stesso.
647	Art. 1064 Estensione del diritto di servitù	2. Quali sono le implicazioni per l'uso del diritto di servitù quando un fondo è chiuso?	Il diritto di servitù comprende tutto ciò che è necessario per usarne. Se il fondo viene chiuso, il proprietario deve lasciarne libero e comodo l’ingresso a chi ha un diritto di servitù che renda necessario il passaggio per il fondo stesso.
648	Art. 1065 Esercizio conforme al Colui che ha un diritto di servitù non può usarne se non a norma del suo	1. Come si determina il possesso delle servitù nelle questioni legali secondo l'articolo 1066?	Art. 1066 Possesso delle servitù Nelle questioni di possesso delle servitù si ha riguardo alla pratica dell’anno antecedente e, se si tratta di servitù esercitate a intervalli maggiori di un anno, si ha riguardo alla pratica dell’ultimo godimento.
649	Art. 1067 Divieto di aggravare o diminuire l’esercizio della servitù	1. Quali limitazioni sono imposte al proprietario del fondo dominante riguardo alle innovazioni sul fondo servente?	Il proprietario del fondo dominante non può fare innovazioni che rendano più gravosa la condizione del fondo servente. Il proprietario del fondo servente non può compiere alcuna cosa che tenda a diminuire l’esercizio della servitù o a renderlo più incomodo.
650	Art. 1067 Divieto di aggravare o diminuire l’esercizio della servitù	2. Cosa non può fare il proprietario del fondo servente in relazione all'esercizio della servitù?	Il proprietario del fondo dominante non può fare innovazioni che rendano più gravosa la condizione del fondo servente. Il proprietario del fondo servente non può compiere alcuna cosa che tenda a diminuire l’esercizio della servitù o a renderlo più incomodo.
651	Art. 1068 Trasferimento della servitù in luogo diverso	1. In quali circostanze il proprietario del fondo servente può proporre un cambiamento del luogo di esercizio della servitù?	Il proprietario del fondo servente non può trasferire l’esercizio della servitù in luogo diverso da quello nel quale è stata stabilita originariamente. Tuttavia, se l’originario esercizio è divenuto più gravoso per il fondo servente o se impedisce di fare lavori, riparazioni o miglioramenti, il proprietario del fondo servente può offrire al proprietario dell’altro fondo un luogo egualmente comodo per l’esercizio dei suoi diritti, e questi non può ricusarlo. Il cambiamento di luogo per l’esercizio della servitù si può del pari concedere su istanza (Cod. Proc. Civ. 163) del proprietario del fondo dominante, se questi prova che il cambiamento riesce per lui di notevole vantaggio e non reca danno al fondo servente. L’autorità giudiziaria può anche disporre che la servitù sia trasferita su altro fondo del proprietario del fondo servente o di un terzo che vi acconsenta, purché l’esercizio di essa riesca egualmente agevole al proprietario del fondo dominante.
652	Art. 1068 Trasferimento della servitù in luogo diverso	2. Quali condizioni devono essere soddisfatte affinché il proprietario del fondo dominante possa richiedere un cambiamento del luogo di esercizio della servitù?	Il proprietario del fondo servente non può trasferire l’esercizio della servitù in luogo diverso da quello nel quale è stata stabilita originariamente. Tuttavia, se l’originario esercizio è divenuto più gravoso per il fondo servente o se impedisce di fare lavori, riparazioni o miglioramenti, il proprietario del fondo servente può offrire al proprietario dell’altro fondo un luogo egualmente comodo per l’esercizio dei suoi diritti, e questi non può ricusarlo. Il cambiamento di luogo per l’esercizio della servitù si può del pari concedere su istanza (Cod. Proc. Civ. 163) del proprietario del fondo dominante, se questi prova che il cambiamento riesce per lui di notevole vantaggio e non reca danno al fondo servente. L’autorità giudiziaria può anche disporre che la servitù sia trasferita su altro fondo del proprietario del fondo servente o di un terzo che vi acconsenta, purché l’esercizio di essa riesca egualmente agevole al proprietario del fondo dominante.
653	Art. 1068 Trasferimento della servitù in luogo diverso	3. Qual è il ruolo dell'autorità giudiziaria nel trasferimento della servitù su un altro fondo?	Il proprietario del fondo servente non può trasferire l’esercizio della servitù in luogo diverso da quello nel quale è stata stabilita originariamente. Tuttavia, se l’originario esercizio è divenuto più gravoso per il fondo servente o se impedisce di fare lavori, riparazioni o miglioramenti, il proprietario del fondo servente può offrire al proprietario dell’altro fondo un luogo egualmente comodo per l’esercizio dei suoi diritti, e questi non può ricusarlo. Il cambiamento di luogo per l’esercizio della servitù si può del pari concedere su istanza (Cod. Proc. Civ. 163) del proprietario del fondo dominante, se questi prova che il cambiamento riesce per lui di notevole vantaggio e non reca danno al fondo servente. L’autorità giudiziaria può anche disporre che la servitù sia trasferita su altro fondo del proprietario del fondo servente o di un terzo che vi acconsenta, purché l’esercizio di essa riesca egualmente agevole al proprietario del fondo dominante.
654	Art. 1068 Trasferimento della servitù in luogo diverso	4. Cosa deve dimostrare il proprietario del fondo dominante per ottenere un cambiamento del luogo di esercizio della servitù?	Il proprietario del fondo servente non può trasferire l’esercizio della servitù in luogo diverso da quello nel quale è stata stabilita originariamente. Tuttavia, se l’originario esercizio è divenuto più gravoso per il fondo servente o se impedisce di fare lavori, riparazioni o miglioramenti, il proprietario del fondo servente può offrire al proprietario dell’altro fondo un luogo egualmente comodo per l’esercizio dei suoi diritti, e questi non può ricusarlo. Il cambiamento di luogo per l’esercizio della servitù si può del pari concedere su istanza (Cod. Proc. Civ. 163) del proprietario del fondo dominante, se questi prova che il cambiamento riesce per lui di notevole vantaggio e non reca danno al fondo servente. L’autorità giudiziaria può anche disporre che la servitù sia trasferita su altro fondo del proprietario del fondo servente o di un terzo che vi acconsenta, purché l’esercizio di essa riesca egualmente agevole al proprietario del fondo dominante.
655	Art. 1069 Opere sul fondo servente	1. Quali sono le responsabilità del proprietario del fondo dominante nel conservare la servitù?	Il proprietario del fondo dominante, nel fare le opere necessarie per conservare la servitù, deve scegliere il tempo e il modo che siano per recare minore incomodo al proprietario del fondo servente. Egli deve fare le opere a sue spese, salvo che sia diversamente stabilito dal
656	Art. 1069 Opere sul fondo servente	2. Chi sostiene le spese per le opere necessarie alla conservazione della servitù, salvo diversa disposizione?	Il proprietario del fondo dominante, nel fare le opere necessarie per conservare la servitù, deve scegliere il tempo e il modo che siano per recare minore incomodo al proprietario del fondo servente. Egli deve fare le opere a sue spese, salvo che sia diversamente stabilito dal
657	Art. 1070 Abbandono del fondo servente	1. Quali sono le condizioni in cui il proprietario del fondo servente è obbligato a rispettare un diritto di servitù?	Il proprietario del fondo servente, quando è tenuto in forza del
658	Art. 1070 Abbandono del fondo servente	2. In che modo la legge disciplina le responsabilità del proprietario del fondo servente in relazione alla servitù?	Il proprietario del fondo servente, quando è tenuto in forza del
659	Art. 1071 Divisione del fondo dominante o del fondo servente	1. Cosa accade alla servitù se il fondo dominante viene diviso?	Se il fondo dominante viene diviso, la servitù è dovuta a ciascuna porzione, senza che però si renda più gravosa la condizione del fondo servente. Se il fondo servente viene diviso e la servitù ricade su una parte determinata del fondo stesso, le altre parti sono liberate.
660	Art. 1071 Divisione del fondo dominante o del fondo servente	2. Qual è la condizione della servitù se il fondo servente viene diviso e la servitù ricade su una parte determinata del fondo?	Se il fondo dominante viene diviso, la servitù è dovuta a ciascuna porzione, senza che però si renda più gravosa la condizione del fondo servente. Se il fondo servente viene diviso e la servitù ricade su una parte determinata del fondo stesso, le altre parti sono liberate.
661	Art. 1072 Estinzione per confusione	1. In quali circostanze si estingue una servitù secondo il testo?	La servitù si estingue, quando in una sola persona si riunisce la proprietà del fondo dominante con quella del fondo servente.
662	Art. 1073 Estinzione per prescrizione	1. Quando si estingue una servitù per prescrizione?	La servitù si estingue per prescrizione quando non se ne usa per venti anni (2934 e seguenti). Il termine decorre dal giorno in cui si è cessato di esercitarla; ma, se si tratta di servitù negativa o di servitù per il cui esercizio non è necessario il fatto dell’uomo, il termine decorre dal giorno in cui si è verificato un fatto che ne ha impedito l’esercizio. Nelle servitù che si esercitano a intervalli, il termine decorre dal giorno in cui la servitù si sarebbe potuta esercitare e non ne fu ripreso l’esercizio. Agli effetti dell’estinzione si computa anche il tempo per il quale la servitù non fu esercitata dai precedenti titolari. Se il fondo dominante appartiene a più persone in comune, l’uso della servitù fatto da una di esse impedisce l’estinzione riguardo a tutte. La sospensione o l’interruzione della prescrizione (2941 e seguenti) a vantaggio di uno dei comproprietari giova anche agli altri.
663	Art. 1073 Estinzione per prescrizione	2. Da quale giorno decorre il termine di prescrizione per una servitù?	La servitù si estingue per prescrizione quando non se ne usa per venti anni (2934 e seguenti). Il termine decorre dal giorno in cui si è cessato di esercitarla; ma, se si tratta di servitù negativa o di servitù per il cui esercizio non è necessario il fatto dell’uomo, il termine decorre dal giorno in cui si è verificato un fatto che ne ha impedito l’esercizio. Nelle servitù che si esercitano a intervalli, il termine decorre dal giorno in cui la servitù si sarebbe potuta esercitare e non ne fu ripreso l’esercizio. Agli effetti dell’estinzione si computa anche il tempo per il quale la servitù non fu esercitata dai precedenti titolari. Se il fondo dominante appartiene a più persone in comune, l’uso della servitù fatto da una di esse impedisce l’estinzione riguardo a tutte. La sospensione o l’interruzione della prescrizione (2941 e seguenti) a vantaggio di uno dei comproprietari giova anche agli altri.
664	Art. 1073 Estinzione per prescrizione	3. Come si calcola il termine di prescrizione per una servitù negativa?	La servitù si estingue per prescrizione quando non se ne usa per venti anni (2934 e seguenti). Il termine decorre dal giorno in cui si è cessato di esercitarla; ma, se si tratta di servitù negativa o di servitù per il cui esercizio non è necessario il fatto dell’uomo, il termine decorre dal giorno in cui si è verificato un fatto che ne ha impedito l’esercizio. Nelle servitù che si esercitano a intervalli, il termine decorre dal giorno in cui la servitù si sarebbe potuta esercitare e non ne fu ripreso l’esercizio. Agli effetti dell’estinzione si computa anche il tempo per il quale la servitù non fu esercitata dai precedenti titolari. Se il fondo dominante appartiene a più persone in comune, l’uso della servitù fatto da una di esse impedisce l’estinzione riguardo a tutte. La sospensione o l’interruzione della prescrizione (2941 e seguenti) a vantaggio di uno dei comproprietari giova anche agli altri.
665	Art. 1073 Estinzione per prescrizione	4. Cosa accade al termine di prescrizione nelle servitù che si esercitano a intervalli?	La servitù si estingue per prescrizione quando non se ne usa per venti anni (2934 e seguenti). Il termine decorre dal giorno in cui si è cessato di esercitarla; ma, se si tratta di servitù negativa o di servitù per il cui esercizio non è necessario il fatto dell’uomo, il termine decorre dal giorno in cui si è verificato un fatto che ne ha impedito l’esercizio. Nelle servitù che si esercitano a intervalli, il termine decorre dal giorno in cui la servitù si sarebbe potuta esercitare e non ne fu ripreso l’esercizio. Agli effetti dell’estinzione si computa anche il tempo per il quale la servitù non fu esercitata dai precedenti titolari. Se il fondo dominante appartiene a più persone in comune, l’uso della servitù fatto da una di esse impedisce l’estinzione riguardo a tutte. La sospensione o l’interruzione della prescrizione (2941 e seguenti) a vantaggio di uno dei comproprietari giova anche agli altri.
666	Art. 1073 Estinzione per prescrizione	5. Il tempo in cui la servitù non è stata esercitata dai precedenti titolari viene computato per l'estinzione?	La servitù si estingue per prescrizione quando non se ne usa per venti anni (2934 e seguenti). Il termine decorre dal giorno in cui si è cessato di esercitarla; ma, se si tratta di servitù negativa o di servitù per il cui esercizio non è necessario il fatto dell’uomo, il termine decorre dal giorno in cui si è verificato un fatto che ne ha impedito l’esercizio. Nelle servitù che si esercitano a intervalli, il termine decorre dal giorno in cui la servitù si sarebbe potuta esercitare e non ne fu ripreso l’esercizio. Agli effetti dell’estinzione si computa anche il tempo per il quale la servitù non fu esercitata dai precedenti titolari. Se il fondo dominante appartiene a più persone in comune, l’uso della servitù fatto da una di esse impedisce l’estinzione riguardo a tutte. La sospensione o l’interruzione della prescrizione (2941 e seguenti) a vantaggio di uno dei comproprietari giova anche agli altri.
667	Art. 1073 Estinzione per prescrizione	6. Cosa impedisce l'estinzione della servitù se il fondo dominante appartiene a più persone in comune?	La servitù si estingue per prescrizione quando non se ne usa per venti anni (2934 e seguenti). Il termine decorre dal giorno in cui si è cessato di esercitarla; ma, se si tratta di servitù negativa o di servitù per il cui esercizio non è necessario il fatto dell’uomo, il termine decorre dal giorno in cui si è verificato un fatto che ne ha impedito l’esercizio. Nelle servitù che si esercitano a intervalli, il termine decorre dal giorno in cui la servitù si sarebbe potuta esercitare e non ne fu ripreso l’esercizio. Agli effetti dell’estinzione si computa anche il tempo per il quale la servitù non fu esercitata dai precedenti titolari. Se il fondo dominante appartiene a più persone in comune, l’uso della servitù fatto da una di esse impedisce l’estinzione riguardo a tutte. La sospensione o l’interruzione della prescrizione (2941 e seguenti) a vantaggio di uno dei comproprietari giova anche agli altri.
668	Art. 1073 Estinzione per prescrizione	7. In che modo la sospensione o l’interruzione della prescrizione a vantaggio di un comproprietario influisce sugli altri comproprietari?	La servitù si estingue per prescrizione quando non se ne usa per venti anni (2934 e seguenti). Il termine decorre dal giorno in cui si è cessato di esercitarla; ma, se si tratta di servitù negativa o di servitù per il cui esercizio non è necessario il fatto dell’uomo, il termine decorre dal giorno in cui si è verificato un fatto che ne ha impedito l’esercizio. Nelle servitù che si esercitano a intervalli, il termine decorre dal giorno in cui la servitù si sarebbe potuta esercitare e non ne fu ripreso l’esercizio. Agli effetti dell’estinzione si computa anche il tempo per il quale la servitù non fu esercitata dai precedenti titolari. Se il fondo dominante appartiene a più persone in comune, l’uso della servitù fatto da una di esse impedisce l’estinzione riguardo a tutte. La sospensione o l’interruzione della prescrizione (2941 e seguenti) a vantaggio di uno dei comproprietari giova anche agli altri.
669	Art. 1074 Impossibilità di uso e mancanza di utilità	1. Qual è la condizione necessaria per l'estinzione di una servitù in caso di impossibilità di fatto di usarla o di venir meno della sua utilità?	L’impossibilità di fatto di usare della servitù e il venir meno dell’utilità della medesima non fanno estinguere la servitù, se non è decorso il termine indicato dall’articolo precedente.
670	Art. 1075 Esercizio limitato della servitù	1. Quali sono le conseguenze legali se una servitù viene esercitata in modo da trarne un'utilità minore di quella indicata?	La servitù esercitata in modo da trarne un’utilità minore di quella indicata dal
671	Art. 1075 Esercizio limitato della servitù	2. In che modo la legge disciplina l'esercizio di una servitù con un'utilità inferiore rispetto a quella prevista?	La servitù esercitata in modo da trarne un’utilità minore di quella indicata dal
672	Art. 1076 Esercizio della servitù non conforme al L’esercizio di una servitù in tempo diverso da quello determinato dal	1. In quali circostanze cessano le servitù costituite dall'enfiteuta sul fondo enfiteutico secondo l'Art. 1077?	Art. 1077 Servitù costituite sul fondo enfiteutico Le servitù costituite dall’enfiteuta sul fondo enfiteutico cessano quando l’enfiteusi si estingue per decorso del termine, per prescrizione o per devoluzione.
673	Art. 1078 Servitù costituite a favore del fondo enfiteutico, dotale o in usufrutto	1. Le servitù costituite dall’enfiteuta a favore del fondo enfiteutico cessano con l’estinguersi dell’enfiteusi?	Le servitù costituite dall’enfiteuta a favore del fondo enfiteutico non cessano con l’estinguersi dell’enfiteusi. Lo stesso vale per le servitù costituite dall’usufruttuario a favore del fondo di cui ha l’usufrutto o dal marito a favore del fondo dotale (166 bis).
674	Art. 1078 Servitù costituite a favore del fondo enfiteutico, dotale o in usufrutto	2. Le servitù costituite dall’usufruttuario a favore del fondo di cui ha l’usufrutto cessano con la fine dell’usufrutto?	Le servitù costituite dall’enfiteuta a favore del fondo enfiteutico non cessano con l’estinguersi dell’enfiteusi. Lo stesso vale per le servitù costituite dall’usufruttuario a favore del fondo di cui ha l’usufrutto o dal marito a favore del fondo dotale (166 bis).
675	Art. 1079 Accertamento della servitù e altri provvedimenti di tutela	1. Quali azioni può intraprendere il titolare della servitù contro chi ne contesta l'esercizio?	Il titolare della servitù può farne riconoscere in giudizio l’esistenza contro chi ne contesta l’esercizio e può far cessare gli eventuali impedimenti e turbative (1168 e seguenti). Può anche chiedere la rimessione delle cose in pristino, oltre il risarcimento dei danni. (questa azione è estesa anche agli altri diritti di godimento su cosa altrui)
676	Art. 1079 Accertamento della servitù e altri provvedimenti di tutela	2. Oltre a far cessare gli impedimenti e le turbative, quali altre richieste può avanzare il titolare della servitù in giudizio?	Il titolare della servitù può farne riconoscere in giudizio l’esistenza contro chi ne contesta l’esercizio e può far cessare gli eventuali impedimenti e turbative (1168 e seguenti). Può anche chiedere la rimessione delle cose in pristino, oltre il risarcimento dei danni. (questa azione è estesa anche agli altri diritti di godimento su cosa altrui)
677	Art. 1079 Accertamento della servitù e altri provvedimenti di tutela	3. L'azione per il riconoscimento della servitù è estesa anche ad altri diritti di godimento su cosa altrui?	Il titolare della servitù può farne riconoscere in giudizio l’esistenza contro chi ne contesta l’esercizio e può far cessare gli eventuali impedimenti e turbative (1168 e seguenti). Può anche chiedere la rimessione delle cose in pristino, oltre il risarcimento dei danni. (questa azione è estesa anche agli altri diritti di godimento su cosa altrui)
678	Art. 1080 Presa d’acqua continua	1. In quali circostanze si può esercitare il diritto alla presa d'acqua continua?	Il diritto alla presa d’acqua continua si può esercitare in ogni istante.
679	Art. 1081 Modulo d’acqua	1. In che modo deve essere espressa la quantità di acqua nelle servitù in cui è convenuta ed espressa una costante quantità?	Nelle servitù in cui è convenuta ed espressa una costante quantità di acqua, la quantità deve esprimersi in relazione al modulo. Il modulo è l’unità di misura dell’acqua corrente. Esso è un corpo d’acqua che scorre nella costante quantità di cento litri al minuto secondo e si divide in decimi, centesimi e millesimi.
680	Art. 1081 Modulo d’acqua	2. Qual è l'unità di misura dell'acqua corrente nelle servitù?	Nelle servitù in cui è convenuta ed espressa una costante quantità di acqua, la quantità deve esprimersi in relazione al modulo. Il modulo è l’unità di misura dell’acqua corrente. Esso è un corpo d’acqua che scorre nella costante quantità di cento litri al minuto secondo e si divide in decimi, centesimi e millesimi.
681	Art. 1081 Modulo d’acqua	3. Come si divide il modulo, l'unità di misura dell'acqua corrente?	Nelle servitù in cui è convenuta ed espressa una costante quantità di acqua, la quantità deve esprimersi in relazione al modulo. Il modulo è l’unità di misura dell’acqua corrente. Esso è un corpo d’acqua che scorre nella costante quantità di cento litri al minuto secondo e si divide in decimi, centesimi e millesimi.
682	Art. 1082 Forma della bocca e dell’edificio derivatore	1. Quali condizioni permettono alle parti di chiedere la modificazione della bocca e dell'edificio derivatore per eccedenza o deficienza d'acqua?	Quando, per la derivazione di una data e costante quantità di acqua corrente, è stata determinata la forma della bocca e dell’edificio derivatore, le parti non possono chiederne la modificazione per eccedenza o deficienza d’acqua, salvo che l’eccedenza o la deficienza provenga da variazioni seguite nel canale dispensatore o nel corso delle acque in esso correnti. Se la forma non è stata determinata, ma la bocca e l’edificio derivatore sono stati costruiti e posseduti per cinque anni, non è neppure ammesso dopo tale tempo alcun reclamo delle parti per eccedenza o deficienza d’acqua, salvo nel caso di variazione seguita nel canale o nel corso delle acque. In mancanza di
683	Art. 1082 Forma della bocca e dell’edificio derivatore	2. Cosa accade se la forma della bocca e dell'edificio derivatore non è stata determinata ma sono stati costruiti e posseduti per cinque anni?	Quando, per la derivazione di una data e costante quantità di acqua corrente, è stata determinata la forma della bocca e dell’edificio derivatore, le parti non possono chiederne la modificazione per eccedenza o deficienza d’acqua, salvo che l’eccedenza o la deficienza provenga da variazioni seguite nel canale dispensatore o nel corso delle acque in esso correnti. Se la forma non è stata determinata, ma la bocca e l’edificio derivatore sono stati costruiti e posseduti per cinque anni, non è neppure ammesso dopo tale tempo alcun reclamo delle parti per eccedenza o deficienza d’acqua, salvo nel caso di variazione seguita nel canale o nel corso delle acque. In mancanza di
684	Art. 1082 Forma della bocca e dell’edificio derivatore	3. In quali casi è ammesso un reclamo delle parti per eccedenza o deficienza d'acqua dopo cinque anni di possesso della bocca e dell'edificio derivatore?	Quando, per la derivazione di una data e costante quantità di acqua corrente, è stata determinata la forma della bocca e dell’edificio derivatore, le parti non possono chiederne la modificazione per eccedenza o deficienza d’acqua, salvo che l’eccedenza o la deficienza provenga da variazioni seguite nel canale dispensatore o nel corso delle acque in esso correnti. Se la forma non è stata determinata, ma la bocca e l’edificio derivatore sono stati costruiti e posseduti per cinque anni, non è neppure ammesso dopo tale tempo alcun reclamo delle parti per eccedenza o deficienza d’acqua, salvo nel caso di variazione seguita nel canale o nel corso delle acque. In mancanza di
685	Art. 1082 Forma della bocca e dell’edificio derivatore	4. Quali sono le eccezioni che permettono di modificare la bocca e l'edificio derivatore nonostante siano stati costruiti e posseduti per cinque anni?	Quando, per la derivazione di una data e costante quantità di acqua corrente, è stata determinata la forma della bocca e dell’edificio derivatore, le parti non possono chiederne la modificazione per eccedenza o deficienza d’acqua, salvo che l’eccedenza o la deficienza provenga da variazioni seguite nel canale dispensatore o nel corso delle acque in esso correnti. Se la forma non è stata determinata, ma la bocca e l’edificio derivatore sono stati costruiti e posseduti per cinque anni, non è neppure ammesso dopo tale tempo alcun reclamo delle parti per eccedenza o deficienza d’acqua, salvo nel caso di variazione seguita nel canale o nel corso delle acque. In mancanza di
686	Art. 1083 Determinazione della quantità d’acqua	1. In quali circostanze è possibile stabilire la forma della derivazione dell'acqua per assicurare l'uso necessario e impedire l'eccesso?	Quando la quantità d’acqua non è stata determinata, ma la derivazione è stata fatta per un dato scopo, s’intende concessa la quantità necessaria per lo scopo medesimo, e chi vi ha interesse può in ogni tempo fare stabilire la forma della derivazione in modo che ne venga assicurato l’uso necessario e impedito l’eccesso. Se però è stata determinata la forma della bocca e dell’edificio derivatore, o se, in mancanza di titolo, si è posseduta per cinque anni la derivazione in una data forma, non è ammesso reclamo delle parti, se non nel caso indicato dall’articolo precedente.
687	Art. 1083 Determinazione della quantità d’acqua	2. Quali sono le condizioni che impediscono il reclamo delle parti riguardo alla forma della derivazione dell'acqua?	Quando la quantità d’acqua non è stata determinata, ma la derivazione è stata fatta per un dato scopo, s’intende concessa la quantità necessaria per lo scopo medesimo, e chi vi ha interesse può in ogni tempo fare stabilire la forma della derivazione in modo che ne venga assicurato l’uso necessario e impedito l’eccesso. Se però è stata determinata la forma della bocca e dell’edificio derivatore, o se, in mancanza di titolo, si è posseduta per cinque anni la derivazione in una data forma, non è ammesso reclamo delle parti, se non nel caso indicato dall’articolo precedente.
688	Art. 1084 Norme regolatrici della servitù	1. Quali sono le condizioni necessarie per l'esercizio della servitù di presa d'acqua?	Per l’esercizio della servitù di presa d’acqua, quando non dispone il
689	Art. 1084 Norme regolatrici della servitù	2. Cosa accade se non ci sono disposizioni specifiche per l'esercizio della servitù di presa d'acqua?	Per l’esercizio della servitù di presa d’acqua, quando non dispone il
690	Art. 1085 Tempo d’esercizio della servitù	1. In quale periodo dell'anno si esercita il diritto alla presa d'acqua estiva?	Il diritto alla presa d’acqua si esercita, per l’acqua estiva, dall’equinozio di primavera a quello d’autunno; per l’acqua iemale, dall’equinozio di autunno a quello di primavera. La distribuzione d’acqua per giorni e per notti si riferisce al giorno e alla notte naturali. L’uso delle acque nei giorni festivi è regolato dalle feste di precetto vigenti al tempo in cui l’uso fu convenuto o in cui si è incominciato a possedere.
691	Art. 1085 Tempo d’esercizio della servitù	2. Come viene regolata la distribuzione d'acqua tra giorno e notte?	Il diritto alla presa d’acqua si esercita, per l’acqua estiva, dall’equinozio di primavera a quello d’autunno; per l’acqua iemale, dall’equinozio di autunno a quello di primavera. La distribuzione d’acqua per giorni e per notti si riferisce al giorno e alla notte naturali. L’uso delle acque nei giorni festivi è regolato dalle feste di precetto vigenti al tempo in cui l’uso fu convenuto o in cui si è incominciato a possedere.
692	Art. 1085 Tempo d’esercizio della servitù	3. Quali sono i riferimenti temporali per l'uso delle acque nei giorni festivi?	Il diritto alla presa d’acqua si esercita, per l’acqua estiva, dall’equinozio di primavera a quello d’autunno; per l’acqua iemale, dall’equinozio di autunno a quello di primavera. La distribuzione d’acqua per giorni e per notti si riferisce al giorno e alla notte naturali. L’uso delle acque nei giorni festivi è regolato dalle feste di precetto vigenti al tempo in cui l’uso fu convenuto o in cui si è incominciato a possedere.
693	Art. 1085 Tempo d’esercizio della servitù	4. Quando si esercita il diritto alla presa d'acqua iemale?	Il diritto alla presa d’acqua si esercita, per l’acqua estiva, dall’equinozio di primavera a quello d’autunno; per l’acqua iemale, dall’equinozio di autunno a quello di primavera. La distribuzione d’acqua per giorni e per notti si riferisce al giorno e alla notte naturali. L’uso delle acque nei giorni festivi è regolato dalle feste di precetto vigenti al tempo in cui l’uso fu convenuto o in cui si è incominciato a possedere.
694	Art. 1086 Distribuzione per ruota	1. Chi è responsabile del tempo impiegato dall'acqua per giungere alla bocca di derivazione dell'utente nelle distribuzioni per ruota?	Nelle distribuzioni per ruota il tempo che impiega l’acqua per giungere alla bocca di derivazione dell’utente si consuma a suo carico, e la coda dell’acqua appartiene a quello di cui cessa il turno.
695	Art. 1086 Distribuzione per ruota	2. A chi appartiene la coda dell'acqua nelle distribuzioni per ruota?	Nelle distribuzioni per ruota il tempo che impiega l’acqua per giungere alla bocca di derivazione dell’utente si consuma a suo carico, e la coda dell’acqua appartiene a quello di cui cessa il turno.
696	Art. 1087 Acque sorgenti o sfuggite	1. Quali sono le condizioni in cui le acque sorgenti o sfuggite nei canali soggetti a distribuzioni per ruota non possono essere trattenute o derivate da un utente?	Nei canali soggetti a distribuzioni per ruota le acque sorgenti o sfuggite, ma contenute nell’alveo del canale, non possono trattenersi o derivarsi da un utente che al tempo del suo turno.
697	Art. 1087 Acque sorgenti o sfuggite	"2. Cosa si intende per ""al tempo del suo turno"" nel contesto della distribuzione delle acque nei canali?"	Nei canali soggetti a distribuzioni per ruota le acque sorgenti o sfuggite, ma contenute nell’alveo del canale, non possono trattenersi o derivarsi da un utente che al tempo del suo turno.
698	Art. 1087 Acque sorgenti o sfuggite	3. In che modo le acque contenute nell'alveo del canale sono regolate nei canali soggetti a distribuzioni per ruota?	Nei canali soggetti a distribuzioni per ruota le acque sorgenti o sfuggite, ma contenute nell’alveo del canale, non possono trattenersi o derivarsi da un utente che al tempo del suo turno.
699	Art. 1087 Acque sorgenti o sfuggite	4. Quali sono le implicazioni legali per un utente che trattiene o deriva acque sorgenti o sfuggite al di fuori del suo turno nei canali soggetti a distribuzioni per ruota?	Nei canali soggetti a distribuzioni per ruota le acque sorgenti o sfuggite, ma contenute nell’alveo del canale, non possono trattenersi o derivarsi da un utente che al tempo del suo turno.
700	Art. 1088 Variazione del turno tra gli utenti	1. Quali condizioni devono essere rispettate affinché gli utenti possano variare o permutare il turno tra loro?	Gli utenti dei medesimi canali possono variare o permutare tra loro il turno, purché tale cambiamento non rechi danno agli altri.
701	Art. 1089 Acqua impiegata come forza motrice	1. Quali sono le limitazioni imposte a chi ha diritto di servirsi dell'acqua come forza motrice riguardo al corso dell'acqua?	Chi ha diritto di servirsi dell’acqua come forza motrice non può, senza espressa disposizione del titolo, impedirne o rallentarne il corso, procurandone il ribocco o ristagno.
702	Art. 1090 Manutenzione del canale	Mi dispiace, ma il testo fornito è incompleto. Potresti fornire il testo completo o un altro testo per permettermi di formulare le domande?	Nella servitù di presa o di condotta d’acqua, quando il
703	Art. 1091 Obblighi del concedente fino al luogo di consegna dell’acqua	Mi dispiace, ma il testo fornito è incompleto. Potresti fornire il testo completo o più dettagli per permettermi di formulare domande pertinenti?	Se il
704	Art. 1092 Deficienza dell’acqua	1. Chi deve sopportare la deficienza dell'acqua nel momento in cui si verifica?	La deficienza dell’acqua deve essere sopportata da chi ha diritto di prenderla e di usarla nel tempo in cui la deficienza si verifica. Tra diversi utenti la deficienza dell’acqua deve essere sopportata prima da quelli che hanno
705	Art. 1092 Deficienza dell’acqua	2. In che ordine devono sopportare la deficienza dell'acqua i diversi utenti?	La deficienza dell’acqua deve essere sopportata da chi ha diritto di prenderla e di usarla nel tempo in cui la deficienza si verifica. Tra diversi utenti la deficienza dell’acqua deve essere sopportata prima da quelli che hanno
706	Art. 1093 Riduzione della servitù	1. In quali circostanze il proprietario del fondo servente può chiedere una riduzione della servitù?	Se la servitù dà diritto di derivare acqua da un fondo e per fatti indipendenti dalla volontà del proprietario si verifica una diminuzione dell’acqua tale che essa non possa bastare alle esigenze del fondo servente, il proprietario di questo può chiedere una riduzione della servitù, avuto riguardo ai bisogni di ciascun fondo. In questo caso è dovuta una congrua indennità al proprietario del fondo dominante.
707	Art. 1093 Riduzione della servitù	2. Cosa può richiedere il proprietario del fondo servente se l'acqua derivata non basta alle esigenze del suo fondo?	Se la servitù dà diritto di derivare acqua da un fondo e per fatti indipendenti dalla volontà del proprietario si verifica una diminuzione dell’acqua tale che essa non possa bastare alle esigenze del fondo servente, il proprietario di questo può chiedere una riduzione della servitù, avuto riguardo ai bisogni di ciascun fondo. In questo caso è dovuta una congrua indennità al proprietario del fondo dominante.
708	Art. 1093 Riduzione della servitù	3. Qual è la conseguenza per il proprietario del fondo dominante se viene ridotta la servitù a causa della diminuzione dell'acqua?	Se la servitù dà diritto di derivare acqua da un fondo e per fatti indipendenti dalla volontà del proprietario si verifica una diminuzione dell’acqua tale che essa non possa bastare alle esigenze del fondo servente, il proprietario di questo può chiedere una riduzione della servitù, avuto riguardo ai bisogni di ciascun fondo. In questo caso è dovuta una congrua indennità al proprietario del fondo dominante.
709	Art. 1094 Servitù attiva degli scoli	1. In che modo gli scoli o acque colaticce derivanti dall’altrui fondo possono costituire oggetto di servitù?	Gli scoli o acque colaticce derivanti dall’altrui fondo possono costituire oggetto di servitù a favore del fondo che li riceve, all’effetto di impedire la loro diversione.
710	Art. 1095 Usucapione della servitù attiva degli scoli	1. Quali sono le condizioni necessarie affinché il termine per l'usucapione nella servitù attiva degli scoli inizi a decorrere?	Nella servitù attiva degli scoli il termine per l’usucapione comincia a decorrere dal giorno in cui il proprietario del fondo dominante ha fatto sul fondo servente opere visibili e permanenti destinate a raccogliere e condurre i detti scoli a vantaggio del proprio fondo. Quando sul fondo servente è aperto un cavo destinato a raccogliere e condurre gli scoli, il regolare spurgo e la manutenzione delle sponde fanno presumere che il cavo sia opera del proprietario del fondo dominante, purché non vi sia titolo, segno o prova in contrario. Si reputa segno contrario l’esistenza sul cavo di opere costruite o mantenute dal proprietario del fondo in cui il cavo è aperto.
711	Art. 1095 Usucapione della servitù attiva degli scoli	2. In che modo il regolare spurgo e la manutenzione delle sponde del cavo influenzano la presunzione di proprietà del cavo da parte del proprietario del fondo dominante?	Nella servitù attiva degli scoli il termine per l’usucapione comincia a decorrere dal giorno in cui il proprietario del fondo dominante ha fatto sul fondo servente opere visibili e permanenti destinate a raccogliere e condurre i detti scoli a vantaggio del proprio fondo. Quando sul fondo servente è aperto un cavo destinato a raccogliere e condurre gli scoli, il regolare spurgo e la manutenzione delle sponde fanno presumere che il cavo sia opera del proprietario del fondo dominante, purché non vi sia titolo, segno o prova in contrario. Si reputa segno contrario l’esistenza sul cavo di opere costruite o mantenute dal proprietario del fondo in cui il cavo è aperto.
712	Art. 1095 Usucapione della servitù attiva degli scoli	3. Quali elementi possono costituire un segno contrario alla presunzione che il cavo sia opera del proprietario del fondo dominante?	Nella servitù attiva degli scoli il termine per l’usucapione comincia a decorrere dal giorno in cui il proprietario del fondo dominante ha fatto sul fondo servente opere visibili e permanenti destinate a raccogliere e condurre i detti scoli a vantaggio del proprio fondo. Quando sul fondo servente è aperto un cavo destinato a raccogliere e condurre gli scoli, il regolare spurgo e la manutenzione delle sponde fanno presumere che il cavo sia opera del proprietario del fondo dominante, purché non vi sia titolo, segno o prova in contrario. Si reputa segno contrario l’esistenza sul cavo di opere costruite o mantenute dal proprietario del fondo in cui il cavo è aperto.
713	Art. 1096 Diritti del proprietario del fondo servente	1. In che modo la servitù degli scoli influisce sul diritto del proprietario del fondo servente di utilizzare l'acqua?	La servitù degli scoli non toglie al proprietario del fondo servente il diritto di usare liberamente dell’acqua a vantaggio del suo fondo, di cambiare la coltivazione di questo e di abbandonare in tutto o in parte l’irrigazione.
714	Art. 1097 Diritto agli avanzi d’acqua	1. Quali sono le condizioni che impediscono la variazione dell'uso dell'acqua concessa, riservata o posseduta?	Quando l’acqua è concessa, riservata o posseduta per un determinato uso, con restituzione al concedente o ad altri di ciò che ne sopravanza, tale uso non può variarsi a danno del fondo a cui la restituzione è dovuta.
715	Art. 1098 Divieto di deviare acque di scolo o avanzi d’acqua	1. Quali sono le restrizioni imposte al proprietario del fondo vincolato riguardo alla deviazione degli scoli o degli avanzi d'acqua?	Il proprietario del fondo vincolato alla restituzione degli scoli o degli avanzi d’acqua non può deviarne una parte qualunque adducendo di avervi introdotto una maggiore quantità di acqua viva o un diverso corpo ma deve lasciarli discendere nella totalità a favore del fondo dominante.
716	Art. 1099 Sostituzione di acqua viva	1. In che modo il proprietario del fondo soggetto alla servitù degli scoli o degli avanzi d’acqua può liberarsi da tale servitù?	Il proprietario del fondo soggetto alla servitù degli scoli o degli avanzi d’acqua può sempre liberarsi da tale servitù mediante la concessione e l’assicurazione al fondo dominante di un corpo d’acqua viva, la cui quantità è determinata dall’autorità giudiziaria, tenuto conto di tutte le circostanze. 
717	Art. 1099 Sostituzione di acqua viva	2. Chi determina la quantità di acqua viva necessaria per liberarsi dalla servitù degli scoli o degli avanzi d’acqua?	Il proprietario del fondo soggetto alla servitù degli scoli o degli avanzi d’acqua può sempre liberarsi da tale servitù mediante la concessione e l’assicurazione al fondo dominante di un corpo d’acqua viva, la cui quantità è determinata dall’autorità giudiziaria, tenuto conto di tutte le circostanze. 
718	Art. 1099 Sostituzione di acqua viva	3. Quali fattori vengono considerati dall'autorità giudiziaria nel determinare la quantità di acqua viva necessaria per liberarsi dalla servitù?	Il proprietario del fondo soggetto alla servitù degli scoli o degli avanzi d’acqua può sempre liberarsi da tale servitù mediante la concessione e l’assicurazione al fondo dominante di un corpo d’acqua viva, la cui quantità è determinata dall’autorità giudiziaria, tenuto conto di tutte le circostanze. 
719	Art. 1100 Norme regolatrici	1. Quali sono le implicazioni legali quando la proprietà o un altro diritto reale è detenuto in comune da più persone?	Quando la proprietà o altro diritto reale spetta in comune a più persone, se il
720	Art. 1100 Norme regolatrici	2. Quali diritti e doveri hanno i comproprietari in una situazione di proprietà comune?	Quando la proprietà o altro diritto reale spetta in comune a più persone, se il
721	Art. 1100 Norme regolatrici	3. Come viene gestita la divisione dei diritti e delle responsabilità tra più persone che detengono un diritto reale in comune?	Quando la proprietà o altro diritto reale spetta in comune a più persone, se il
722	Art. 1101 Quote dei partecipanti	1. Come si presume siano distribuite le quote dei partecipanti alla comunione?	Le quote dei partecipanti alla comunione si presumono uguali. Il concorso dei partecipanti, tanto nei vantaggi quanto nei pesi della comunione, è in proporzione delle rispettive quote.
723	Art. 1101 Quote dei partecipanti	2. In che modo i partecipanti concorrono nei vantaggi e nei pesi della comunione?	Le quote dei partecipanti alla comunione si presumono uguali. Il concorso dei partecipanti, tanto nei vantaggi quanto nei pesi della comunione, è in proporzione delle rispettive quote.
724	Art. 1102 Uso della cosa comune	1. Quali condizioni deve rispettare un partecipante per servirsi della cosa comune?	Ciascun partecipante può servirsi della cosa comune, purché non ne alteri la destinazione e non impedisca agli altri partecipanti di farne parimenti uso secondo il loro diritto. A tal fine può apportare a proprie spese le modificazioni necessarie per il migliore godimento della cosa. Il partecipante non può estendere il suo diritto sulla cosa comune in danno degli altri partecipanti, se non compie atti idonei a mutare il
725	Art. 1102 Uso della cosa comune	2. È possibile per un partecipante apportare modifiche alla cosa comune? Se sì, a quali condizioni?	Ciascun partecipante può servirsi della cosa comune, purché non ne alteri la destinazione e non impedisca agli altri partecipanti di farne parimenti uso secondo il loro diritto. A tal fine può apportare a proprie spese le modificazioni necessarie per il migliore godimento della cosa. Il partecipante non può estendere il suo diritto sulla cosa comune in danno degli altri partecipanti, se non compie atti idonei a mutare il
726	Art. 1102 Uso della cosa comune	3. In che modo un partecipante può estendere il suo diritto sulla cosa comune senza danneggiare gli altri partecipanti?	Ciascun partecipante può servirsi della cosa comune, purché non ne alteri la destinazione e non impedisca agli altri partecipanti di farne parimenti uso secondo il loro diritto. A tal fine può apportare a proprie spese le modificazioni necessarie per il migliore godimento della cosa. Il partecipante non può estendere il suo diritto sulla cosa comune in danno degli altri partecipanti, se non compie atti idonei a mutare il
727	Art. 1103 Disposizioni della quota	1. Quali sono i limiti entro cui un partecipante può cedere il godimento della cosa ad altri?	Ciascun partecipante può disporre del suo diritto e cedere ad altri il godimento della cosa nei limiti della sua quota. Per le ipoteche costituite da uno dei partecipanti si osservano le disposizioni contenute nel Capo IV del
728	Art. 1103 Disposizioni della quota	2. A quali disposizioni si fa riferimento per le ipoteche costituite da uno dei partecipanti?	Ciascun partecipante può disporre del suo diritto e cedere ad altri il godimento della cosa nei limiti della sua quota. Per le ipoteche costituite da uno dei partecipanti si osservano le disposizioni contenute nel Capo IV del
729	Art. 1103 Disposizioni della quota	3. È possibile per un partecipante disporre del suo diritto in relazione alla sua quota?	Ciascun partecipante può disporre del suo diritto e cedere ad altri il godimento della cosa nei limiti della sua quota. Per le ipoteche costituite da uno dei partecipanti si osservano le disposizioni contenute nel Capo IV del
730	Art. 1104 Obblighi dei partecipanti	1. Quali sono le condizioni che permettono a un partecipante di liberarsi dall'obbligo di contribuire alle spese per la cosa comune?	Ciascun partecipante deve contribuire nelle spese necessarie per la conservazione e per il godimento della cosa comune e nelle spese deliberate dalla maggioranza a norma delle disposizioni seguenti, salva la facoltà di liberarsene con la rinunzia al suo diritto. La rinunzia non giova al partecipante che abbia anche tacitamente approvato la spesa. Il cessionario del partecipante e tenuto in solido (1292 e seguenti) con il cedente a pagare i contributi da questo dovuti e non versati.
731	Art. 1104 Obblighi dei partecipanti	2. In che modo la rinunzia al diritto influisce sull'obbligo di contribuire alle spese deliberate dalla maggioranza?	Ciascun partecipante deve contribuire nelle spese necessarie per la conservazione e per il godimento della cosa comune e nelle spese deliberate dalla maggioranza a norma delle disposizioni seguenti, salva la facoltà di liberarsene con la rinunzia al suo diritto. La rinunzia non giova al partecipante che abbia anche tacitamente approvato la spesa. Il cessionario del partecipante e tenuto in solido (1292 e seguenti) con il cedente a pagare i contributi da questo dovuti e non versati.
732	Art. 1104 Obblighi dei partecipanti	3. Qual è la responsabilità del cessionario riguardo ai contributi non versati dal cedente?	Ciascun partecipante deve contribuire nelle spese necessarie per la conservazione e per il godimento della cosa comune e nelle spese deliberate dalla maggioranza a norma delle disposizioni seguenti, salva la facoltà di liberarsene con la rinunzia al suo diritto. La rinunzia non giova al partecipante che abbia anche tacitamente approvato la spesa. Il cessionario del partecipante e tenuto in solido (1292 e seguenti) con il cedente a pagare i contributi da questo dovuti e non versati.
733	Art. 1105 Amministrazione	1. Quali sono i diritti dei partecipanti nell'amministrazione della cosa comune?	Tutti i partecipanti hanno diritto di concorrere nell’amministrazione della cosa comune. Per gli atti di ordinaria amministrazione le deliberazioni della maggioranza dei partecipanti, calcolata secondo il valore delle loro quote, sono obbligatorie per la minoranza dissenziente. Per la validità delle deliberazioni della maggioranza si richiede che tutti i partecipanti siano stati preventivamente informati dell’oggetto della deliberazione. Se non si prendono i provvedimenti necessari per l’amministrazione della cosa comune o non si forma una maggioranza, ovvero se la deliberazione adottata non viene eseguita, ciascun partecipante può ricorrere alla autorità giudiziaria. Questa provvede in camera di consiglio e può anche nominare un amministratore.
734	Art. 1105 Amministrazione	2. Come si calcola la maggioranza per le deliberazioni di ordinaria amministrazione?	Tutti i partecipanti hanno diritto di concorrere nell’amministrazione della cosa comune. Per gli atti di ordinaria amministrazione le deliberazioni della maggioranza dei partecipanti, calcolata secondo il valore delle loro quote, sono obbligatorie per la minoranza dissenziente. Per la validità delle deliberazioni della maggioranza si richiede che tutti i partecipanti siano stati preventivamente informati dell’oggetto della deliberazione. Se non si prendono i provvedimenti necessari per l’amministrazione della cosa comune o non si forma una maggioranza, ovvero se la deliberazione adottata non viene eseguita, ciascun partecipante può ricorrere alla autorità giudiziaria. Questa provvede in camera di consiglio e può anche nominare un amministratore.
735	Art. 1105 Amministrazione	3. Quali sono i requisiti per la validità delle deliberazioni della maggioranza?	Tutti i partecipanti hanno diritto di concorrere nell’amministrazione della cosa comune. Per gli atti di ordinaria amministrazione le deliberazioni della maggioranza dei partecipanti, calcolata secondo il valore delle loro quote, sono obbligatorie per la minoranza dissenziente. Per la validità delle deliberazioni della maggioranza si richiede che tutti i partecipanti siano stati preventivamente informati dell’oggetto della deliberazione. Se non si prendono i provvedimenti necessari per l’amministrazione della cosa comune o non si forma una maggioranza, ovvero se la deliberazione adottata non viene eseguita, ciascun partecipante può ricorrere alla autorità giudiziaria. Questa provvede in camera di consiglio e può anche nominare un amministratore.
736	Art. 1105 Amministrazione	4. Cosa può fare un partecipante se non si prendono i provvedimenti necessari per l’amministrazione della cosa comune?	Tutti i partecipanti hanno diritto di concorrere nell’amministrazione della cosa comune. Per gli atti di ordinaria amministrazione le deliberazioni della maggioranza dei partecipanti, calcolata secondo il valore delle loro quote, sono obbligatorie per la minoranza dissenziente. Per la validità delle deliberazioni della maggioranza si richiede che tutti i partecipanti siano stati preventivamente informati dell’oggetto della deliberazione. Se non si prendono i provvedimenti necessari per l’amministrazione della cosa comune o non si forma una maggioranza, ovvero se la deliberazione adottata non viene eseguita, ciascun partecipante può ricorrere alla autorità giudiziaria. Questa provvede in camera di consiglio e può anche nominare un amministratore.
737	Art. 1105 Amministrazione	5. Quali azioni può intraprendere l'autorità giudiziaria se viene richiesto il suo intervento?	Tutti i partecipanti hanno diritto di concorrere nell’amministrazione della cosa comune. Per gli atti di ordinaria amministrazione le deliberazioni della maggioranza dei partecipanti, calcolata secondo il valore delle loro quote, sono obbligatorie per la minoranza dissenziente. Per la validità delle deliberazioni della maggioranza si richiede che tutti i partecipanti siano stati preventivamente informati dell’oggetto della deliberazione. Se non si prendono i provvedimenti necessari per l’amministrazione della cosa comune o non si forma una maggioranza, ovvero se la deliberazione adottata non viene eseguita, ciascun partecipante può ricorrere alla autorità giudiziaria. Questa provvede in camera di consiglio e può anche nominare un amministratore.
738	Art. 1106 Regolamento della comunione e nomina di amministratore	1. In che modo può essere formato un regolamento per l'ordinaria amministrazione e il miglior godimento della cosa comune?	Con la maggioranza calcolata nel modo indicato dall’articolo precedente, può essere formato un regolamento per l’ordinaria amministrazione e per il miglior godimento della cosa comune. Nello stesso modo l’amministrazione può essere delegata ad uno o più partecipanti, o anche a un estraneo, determinandosi i poteri e gli obblighi dell’amministratore.
739	Art. 1106 Regolamento della comunione e nomina di amministratore	2. A chi può essere delegata l'amministrazione della cosa comune e come vengono determinati i poteri e gli obblighi dell'amministratore?	Con la maggioranza calcolata nel modo indicato dall’articolo precedente, può essere formato un regolamento per l’ordinaria amministrazione e per il miglior godimento della cosa comune. Nello stesso modo l’amministrazione può essere delegata ad uno o più partecipanti, o anche a un estraneo, determinandosi i poteri e gli obblighi dell’amministratore.
740	Art. 1107 Impugnazione del regolamento	1. Entro quanti giorni i partecipanti dissenzienti possono impugnare il regolamento della comunione davanti all'autorità giudiziaria?	Ciascuno dei partecipanti dissenzienti può impugnare davanti all’autorità giudiziaria il regolamento della comunione entro trenta giorni dalla deliberazione che lo ha approvato. Per gli assenti il termine decorre dal giorno in cui e stata loro comunicata la deliberazione. L’autorità giudiziaria decide con unica sentenza sulle opposizioni proposte. Decorso il termine indicato dal comma precedente senza che il regolamento sia stato impugnato, questo ha effetto anche per gli eredi e gli aventi causa dai singoli partecipanti.
741	Art. 1107 Impugnazione del regolamento	2. Da quale momento decorre il termine per impugnare il regolamento per i partecipanti assenti?	Ciascuno dei partecipanti dissenzienti può impugnare davanti all’autorità giudiziaria il regolamento della comunione entro trenta giorni dalla deliberazione che lo ha approvato. Per gli assenti il termine decorre dal giorno in cui e stata loro comunicata la deliberazione. L’autorità giudiziaria decide con unica sentenza sulle opposizioni proposte. Decorso il termine indicato dal comma precedente senza che il regolamento sia stato impugnato, questo ha effetto anche per gli eredi e gli aventi causa dai singoli partecipanti.
742	Art. 1107 Impugnazione del regolamento	3. Come decide l'autorità giudiziaria sulle opposizioni proposte contro il regolamento della comunione?	Ciascuno dei partecipanti dissenzienti può impugnare davanti all’autorità giudiziaria il regolamento della comunione entro trenta giorni dalla deliberazione che lo ha approvato. Per gli assenti il termine decorre dal giorno in cui e stata loro comunicata la deliberazione. L’autorità giudiziaria decide con unica sentenza sulle opposizioni proposte. Decorso il termine indicato dal comma precedente senza che il regolamento sia stato impugnato, questo ha effetto anche per gli eredi e gli aventi causa dai singoli partecipanti.
743	Art. 1107 Impugnazione del regolamento	4. Quali sono le conseguenze se il regolamento non viene impugnato entro il termine indicato?	Ciascuno dei partecipanti dissenzienti può impugnare davanti all’autorità giudiziaria il regolamento della comunione entro trenta giorni dalla deliberazione che lo ha approvato. Per gli assenti il termine decorre dal giorno in cui e stata loro comunicata la deliberazione. L’autorità giudiziaria decide con unica sentenza sulle opposizioni proposte. Decorso il termine indicato dal comma precedente senza che il regolamento sia stato impugnato, questo ha effetto anche per gli eredi e gli aventi causa dai singoli partecipanti.
744	Art. 1108 Innovazioni e altri atti eccedenti l’ordinaria amministrazione	1. Quali condizioni devono essere soddisfatte affinché le innovazioni dirette al miglioramento della cosa comune possano essere disposte?	Con deliberazione della maggioranza dei partecipanti che rappresenti almeno due terzi del valore complessivo della cosa comune, si possono disporre tutte le innovazioni dirette al miglioramento della cosa o a renderne più comodo o redditizio il godimento, purché esse non pregiudichino il godimento di alcuno dei partecipanti e non importino una spesa eccessivamente gravosa. Nello stesso modo si possono compiere gli altri atti eccedenti l’ordinaria amministrazione, sempre che non risultino pregiudizievoli all’interesse di alcuno dei partecipanti. È necessario il consenso di tutti i partecipanti per gli atti di alienazione o di costituzione di diritti reali sul fondo comune e per le locazioni di durata superiore a nove anni. L’ipoteca può essere tuttavia consentita dalla maggioranza indicata dal primo comma, qualora abbia lo scopo di garantire la restituzione delle somme mutate per la ricostruzione o per il miglioramento della cosa comune.
745	Art. 1108 Innovazioni e altri atti eccedenti l’ordinaria amministrazione	2. Qual è il requisito di maggioranza necessario per consentire un'ipoteca sul fondo comune?	Con deliberazione della maggioranza dei partecipanti che rappresenti almeno due terzi del valore complessivo della cosa comune, si possono disporre tutte le innovazioni dirette al miglioramento della cosa o a renderne più comodo o redditizio il godimento, purché esse non pregiudichino il godimento di alcuno dei partecipanti e non importino una spesa eccessivamente gravosa. Nello stesso modo si possono compiere gli altri atti eccedenti l’ordinaria amministrazione, sempre che non risultino pregiudizievoli all’interesse di alcuno dei partecipanti. È necessario il consenso di tutti i partecipanti per gli atti di alienazione o di costituzione di diritti reali sul fondo comune e per le locazioni di durata superiore a nove anni. L’ipoteca può essere tuttavia consentita dalla maggioranza indicata dal primo comma, qualora abbia lo scopo di garantire la restituzione delle somme mutate per la ricostruzione o per il miglioramento della cosa comune.
746	Art. 1108 Innovazioni e altri atti eccedenti l’ordinaria amministrazione	3. In quali casi è necessario il consenso di tutti i partecipanti per compiere atti sul fondo comune?	Con deliberazione della maggioranza dei partecipanti che rappresenti almeno due terzi del valore complessivo della cosa comune, si possono disporre tutte le innovazioni dirette al miglioramento della cosa o a renderne più comodo o redditizio il godimento, purché esse non pregiudichino il godimento di alcuno dei partecipanti e non importino una spesa eccessivamente gravosa. Nello stesso modo si possono compiere gli altri atti eccedenti l’ordinaria amministrazione, sempre che non risultino pregiudizievoli all’interesse di alcuno dei partecipanti. È necessario il consenso di tutti i partecipanti per gli atti di alienazione o di costituzione di diritti reali sul fondo comune e per le locazioni di durata superiore a nove anni. L’ipoteca può essere tuttavia consentita dalla maggioranza indicata dal primo comma, qualora abbia lo scopo di garantire la restituzione delle somme mutate per la ricostruzione o per il miglioramento della cosa comune.
747	Art. 1108 Innovazioni e altri atti eccedenti l’ordinaria amministrazione	4. Quali atti eccedenti l'ordinaria amministrazione possono essere compiuti con la deliberazione della maggioranza dei partecipanti?	Con deliberazione della maggioranza dei partecipanti che rappresenti almeno due terzi del valore complessivo della cosa comune, si possono disporre tutte le innovazioni dirette al miglioramento della cosa o a renderne più comodo o redditizio il godimento, purché esse non pregiudichino il godimento di alcuno dei partecipanti e non importino una spesa eccessivamente gravosa. Nello stesso modo si possono compiere gli altri atti eccedenti l’ordinaria amministrazione, sempre che non risultino pregiudizievoli all’interesse di alcuno dei partecipanti. È necessario il consenso di tutti i partecipanti per gli atti di alienazione o di costituzione di diritti reali sul fondo comune e per le locazioni di durata superiore a nove anni. L’ipoteca può essere tuttavia consentita dalla maggioranza indicata dal primo comma, qualora abbia lo scopo di garantire la restituzione delle somme mutate per la ricostruzione o per il miglioramento della cosa comune.
748	Art. 1109 Impugnazione delle deliberazioni	1. Quali sono le condizioni in cui un componente della minoranza dissenziente può impugnare una deliberazione della maggioranza?	Ciascuno dei componenti la minoranza dissenziente può impugnare davanti all’autorità giudiziaria le deliberazioni della maggioranza: nel caso previsto dal secondo comma dell’art. 1105, se la deliberazione e gravemente pregiudizievole alla cosa comune; se non è stata osservata la disposizione del terzo comma dell’art. 1105 se la deliberazione relativa a innovazioni o ad altri atti eccedenti l’ordinaria amministrazione e in contrasto con le norme del primo e del secondo comma dell’art. 1108. L’impugnazione deve essere proposta, sotto pena di decadenza (2964 e seguenti), entro trenta giorni dalla deliberazione. Per gli assenti il termine decorre dal giorno in cui è stata loro comunicata la deliberazione. In pendenza del giudizio, l’autorità giudiziaria può ordinare la sospensione del provvedimento deliberato.
749	Art. 1109 Impugnazione delle deliberazioni	2. Entro quale termine deve essere proposta l'impugnazione di una deliberazione da parte della minoranza dissenziente?	Ciascuno dei componenti la minoranza dissenziente può impugnare davanti all’autorità giudiziaria le deliberazioni della maggioranza: nel caso previsto dal secondo comma dell’art. 1105, se la deliberazione e gravemente pregiudizievole alla cosa comune; se non è stata osservata la disposizione del terzo comma dell’art. 1105 se la deliberazione relativa a innovazioni o ad altri atti eccedenti l’ordinaria amministrazione e in contrasto con le norme del primo e del secondo comma dell’art. 1108. L’impugnazione deve essere proposta, sotto pena di decadenza (2964 e seguenti), entro trenta giorni dalla deliberazione. Per gli assenti il termine decorre dal giorno in cui è stata loro comunicata la deliberazione. In pendenza del giudizio, l’autorità giudiziaria può ordinare la sospensione del provvedimento deliberato.
750	Art. 1109 Impugnazione delle deliberazioni	3. Da quando decorre il termine per l'impugnazione per i componenti assenti alla deliberazione?	Ciascuno dei componenti la minoranza dissenziente può impugnare davanti all’autorità giudiziaria le deliberazioni della maggioranza: nel caso previsto dal secondo comma dell’art. 1105, se la deliberazione e gravemente pregiudizievole alla cosa comune; se non è stata osservata la disposizione del terzo comma dell’art. 1105 se la deliberazione relativa a innovazioni o ad altri atti eccedenti l’ordinaria amministrazione e in contrasto con le norme del primo e del secondo comma dell’art. 1108. L’impugnazione deve essere proposta, sotto pena di decadenza (2964 e seguenti), entro trenta giorni dalla deliberazione. Per gli assenti il termine decorre dal giorno in cui è stata loro comunicata la deliberazione. In pendenza del giudizio, l’autorità giudiziaria può ordinare la sospensione del provvedimento deliberato.
751	Art. 1109 Impugnazione delle deliberazioni	4. Quali articoli del codice civile sono menzionati come rilevanti per l'impugnazione delle deliberazioni?	Ciascuno dei componenti la minoranza dissenziente può impugnare davanti all’autorità giudiziaria le deliberazioni della maggioranza: nel caso previsto dal secondo comma dell’art. 1105, se la deliberazione e gravemente pregiudizievole alla cosa comune; se non è stata osservata la disposizione del terzo comma dell’art. 1105 se la deliberazione relativa a innovazioni o ad altri atti eccedenti l’ordinaria amministrazione e in contrasto con le norme del primo e del secondo comma dell’art. 1108. L’impugnazione deve essere proposta, sotto pena di decadenza (2964 e seguenti), entro trenta giorni dalla deliberazione. Per gli assenti il termine decorre dal giorno in cui è stata loro comunicata la deliberazione. In pendenza del giudizio, l’autorità giudiziaria può ordinare la sospensione del provvedimento deliberato.
752	Art. 1109 Impugnazione delle deliberazioni	5. Quale azione può intraprendere l'autorità giudiziaria in pendenza del giudizio sull'impugnazione di una deliberazione?	Ciascuno dei componenti la minoranza dissenziente può impugnare davanti all’autorità giudiziaria le deliberazioni della maggioranza: nel caso previsto dal secondo comma dell’art. 1105, se la deliberazione e gravemente pregiudizievole alla cosa comune; se non è stata osservata la disposizione del terzo comma dell’art. 1105 se la deliberazione relativa a innovazioni o ad altri atti eccedenti l’ordinaria amministrazione e in contrasto con le norme del primo e del secondo comma dell’art. 1108. L’impugnazione deve essere proposta, sotto pena di decadenza (2964 e seguenti), entro trenta giorni dalla deliberazione. Per gli assenti il termine decorre dal giorno in cui è stata loro comunicata la deliberazione. In pendenza del giudizio, l’autorità giudiziaria può ordinare la sospensione del provvedimento deliberato.
753	Art. 1109 Impugnazione delle deliberazioni	6. In quali casi una deliberazione può essere considerata gravemente pregiudizievole alla cosa comune secondo il testo?	Ciascuno dei componenti la minoranza dissenziente può impugnare davanti all’autorità giudiziaria le deliberazioni della maggioranza: nel caso previsto dal secondo comma dell’art. 1105, se la deliberazione e gravemente pregiudizievole alla cosa comune; se non è stata osservata la disposizione del terzo comma dell’art. 1105 se la deliberazione relativa a innovazioni o ad altri atti eccedenti l’ordinaria amministrazione e in contrasto con le norme del primo e del secondo comma dell’art. 1108. L’impugnazione deve essere proposta, sotto pena di decadenza (2964 e seguenti), entro trenta giorni dalla deliberazione. Per gli assenti il termine decorre dal giorno in cui è stata loro comunicata la deliberazione. In pendenza del giudizio, l’autorità giudiziaria può ordinare la sospensione del provvedimento deliberato.
754	Art. 1110 Rimborso di spese	1. Quali sono le condizioni affinché un partecipante possa avere diritto al rimborso delle spese sostenute per la conservazione della cosa comune?	Il partecipante che, in caso di trascuranza degli altri partecipanti o dell’amministratore, ha sostenuto spese necessarie per la conservazione della cosa comune, ha diritto al rimborso.
755	Art. 1111 Scioglimento della comunione	1. Quali sono le condizioni in cui un partecipante può richiedere lo scioglimento della comunione?	Ciascuno dei partecipanti può sempre domandare lo scioglimento della comunione; l’autorità giudiziaria può stabilire una congrua dilazione, in ogni caso non superiore a cinque anni, se l’immediato scioglimento può pregiudicare gli interessi degli altri. Il patto di rimanere in comunione per un tempo non maggiore di dieci anni è valido e ha effetto anche per gli aventi causa dai partecipanti. Se e stato stipulato per un termine maggiore di questo si riduce a dieci anni. Se gravi circostanze lo richiedono, l’autorità giudiziaria può ordinare lo scioglimento della comunione prima del tempo convenuto.
756	Art. 1111 Scioglimento della comunione	2. Qual è il limite massimo di tempo per cui l'autorità giudiziaria può stabilire una dilazione dello scioglimento della comunione?	Ciascuno dei partecipanti può sempre domandare lo scioglimento della comunione; l’autorità giudiziaria può stabilire una congrua dilazione, in ogni caso non superiore a cinque anni, se l’immediato scioglimento può pregiudicare gli interessi degli altri. Il patto di rimanere in comunione per un tempo non maggiore di dieci anni è valido e ha effetto anche per gli aventi causa dai partecipanti. Se e stato stipulato per un termine maggiore di questo si riduce a dieci anni. Se gravi circostanze lo richiedono, l’autorità giudiziaria può ordinare lo scioglimento della comunione prima del tempo convenuto.
757	Art. 1111 Scioglimento della comunione	3. È valido un patto di rimanere in comunione per un periodo superiore a dieci anni?	Ciascuno dei partecipanti può sempre domandare lo scioglimento della comunione; l’autorità giudiziaria può stabilire una congrua dilazione, in ogni caso non superiore a cinque anni, se l’immediato scioglimento può pregiudicare gli interessi degli altri. Il patto di rimanere in comunione per un tempo non maggiore di dieci anni è valido e ha effetto anche per gli aventi causa dai partecipanti. Se e stato stipulato per un termine maggiore di questo si riduce a dieci anni. Se gravi circostanze lo richiedono, l’autorità giudiziaria può ordinare lo scioglimento della comunione prima del tempo convenuto.
758	Art. 1111 Scioglimento della comunione	4. In quali circostanze l'autorità giudiziaria può ordinare lo scioglimento della comunione prima del tempo convenuto?	Ciascuno dei partecipanti può sempre domandare lo scioglimento della comunione; l’autorità giudiziaria può stabilire una congrua dilazione, in ogni caso non superiore a cinque anni, se l’immediato scioglimento può pregiudicare gli interessi degli altri. Il patto di rimanere in comunione per un tempo non maggiore di dieci anni è valido e ha effetto anche per gli aventi causa dai partecipanti. Se e stato stipulato per un termine maggiore di questo si riduce a dieci anni. Se gravi circostanze lo richiedono, l’autorità giudiziaria può ordinare lo scioglimento della comunione prima del tempo convenuto.
759	Art. 1111 Scioglimento della comunione	5. Quali effetti ha un patto di comunione per un tempo non maggiore di dieci anni sugli aventi causa dai partecipanti?	Ciascuno dei partecipanti può sempre domandare lo scioglimento della comunione; l’autorità giudiziaria può stabilire una congrua dilazione, in ogni caso non superiore a cinque anni, se l’immediato scioglimento può pregiudicare gli interessi degli altri. Il patto di rimanere in comunione per un tempo non maggiore di dieci anni è valido e ha effetto anche per gli aventi causa dai partecipanti. Se e stato stipulato per un termine maggiore di questo si riduce a dieci anni. Se gravi circostanze lo richiedono, l’autorità giudiziaria può ordinare lo scioglimento della comunione prima del tempo convenuto.
760	Art. 1112 Cose non soggette a divisione	1. In quali circostanze non può essere richiesto lo scioglimento della comunione secondo il testo?	Lo scioglimento della comunione non può essere chiesto quando si tratta di cose che, se divise, cesserebbero di servire all’uso a cui sono destinate.
761	Art. 1113 Intervento nella divisione e opposizione	1. Quali azioni possono intraprendere i creditori e gli aventi causa da un partecipante se non possono impugnare la divisione già eseguita?	I creditori e gli aventi causa da un partecipante possono intervenire nella divisione a proprie spese, ma non possono impugnare la divisione già eseguita, a meno che abbiano notificato un’opposizione anteriormente alla divisione stessa e salvo sempre ad essi l’esperimento dell’azione revocatoria o dell’azione surrogatoria (2900 e seguenti). Nella divisione che ha per oggetto beni immobili, l’opposizione, per l’effetto indicato dal comma precedente, deve essere trascritta prima della trascrizione dell’atto di divisione e, se si tratta di divisione giudiziale, prima della trascrizione della relativa domanda. Devono essere chiamati a intervenire, perché la divisione abbia effetto nei loro confronti, i creditori iscritti e coloro che hanno acquistato diritti sull’immobile in virtù di atti soggetti a trascrizione e trascritti prima della trascrizione dell’atto di divisione o della trascrizione della domanda di divisione giudiziale. Nessuna ragione di prelevamento in natura per crediti nascenti dalla comunione può opporsi contro le persone indicate dal comma precedente, eccetto le ragioni di prelevamento nascenti da
762	Art. 1113 Intervento nella divisione e opposizione	2. Quando deve essere trascritta l'opposizione nella divisione che ha per oggetto beni immobili?	I creditori e gli aventi causa da un partecipante possono intervenire nella divisione a proprie spese, ma non possono impugnare la divisione già eseguita, a meno che abbiano notificato un’opposizione anteriormente alla divisione stessa e salvo sempre ad essi l’esperimento dell’azione revocatoria o dell’azione surrogatoria (2900 e seguenti). Nella divisione che ha per oggetto beni immobili, l’opposizione, per l’effetto indicato dal comma precedente, deve essere trascritta prima della trascrizione dell’atto di divisione e, se si tratta di divisione giudiziale, prima della trascrizione della relativa domanda. Devono essere chiamati a intervenire, perché la divisione abbia effetto nei loro confronti, i creditori iscritti e coloro che hanno acquistato diritti sull’immobile in virtù di atti soggetti a trascrizione e trascritti prima della trascrizione dell’atto di divisione o della trascrizione della domanda di divisione giudiziale. Nessuna ragione di prelevamento in natura per crediti nascenti dalla comunione può opporsi contro le persone indicate dal comma precedente, eccetto le ragioni di prelevamento nascenti da
763	Art. 1113 Intervento nella divisione e opposizione	3. Chi deve essere chiamato a intervenire affinché la divisione abbia effetto nei loro confronti?	I creditori e gli aventi causa da un partecipante possono intervenire nella divisione a proprie spese, ma non possono impugnare la divisione già eseguita, a meno che abbiano notificato un’opposizione anteriormente alla divisione stessa e salvo sempre ad essi l’esperimento dell’azione revocatoria o dell’azione surrogatoria (2900 e seguenti). Nella divisione che ha per oggetto beni immobili, l’opposizione, per l’effetto indicato dal comma precedente, deve essere trascritta prima della trascrizione dell’atto di divisione e, se si tratta di divisione giudiziale, prima della trascrizione della relativa domanda. Devono essere chiamati a intervenire, perché la divisione abbia effetto nei loro confronti, i creditori iscritti e coloro che hanno acquistato diritti sull’immobile in virtù di atti soggetti a trascrizione e trascritti prima della trascrizione dell’atto di divisione o della trascrizione della domanda di divisione giudiziale. Nessuna ragione di prelevamento in natura per crediti nascenti dalla comunione può opporsi contro le persone indicate dal comma precedente, eccetto le ragioni di prelevamento nascenti da
764	Art. 1113 Intervento nella divisione e opposizione	4. Quali diritti devono essere trascritti prima della trascrizione dell'atto di divisione o della domanda di divisione giudiziale?	I creditori e gli aventi causa da un partecipante possono intervenire nella divisione a proprie spese, ma non possono impugnare la divisione già eseguita, a meno che abbiano notificato un’opposizione anteriormente alla divisione stessa e salvo sempre ad essi l’esperimento dell’azione revocatoria o dell’azione surrogatoria (2900 e seguenti). Nella divisione che ha per oggetto beni immobili, l’opposizione, per l’effetto indicato dal comma precedente, deve essere trascritta prima della trascrizione dell’atto di divisione e, se si tratta di divisione giudiziale, prima della trascrizione della relativa domanda. Devono essere chiamati a intervenire, perché la divisione abbia effetto nei loro confronti, i creditori iscritti e coloro che hanno acquistato diritti sull’immobile in virtù di atti soggetti a trascrizione e trascritti prima della trascrizione dell’atto di divisione o della trascrizione della domanda di divisione giudiziale. Nessuna ragione di prelevamento in natura per crediti nascenti dalla comunione può opporsi contro le persone indicate dal comma precedente, eccetto le ragioni di prelevamento nascenti da
765	Art. 1113 Intervento nella divisione e opposizione	5. Quali eccezioni esistono per opporsi alle persone indicate riguardo alle ragioni di prelevamento in natura per crediti nascenti dalla comunione?	I creditori e gli aventi causa da un partecipante possono intervenire nella divisione a proprie spese, ma non possono impugnare la divisione già eseguita, a meno che abbiano notificato un’opposizione anteriormente alla divisione stessa e salvo sempre ad essi l’esperimento dell’azione revocatoria o dell’azione surrogatoria (2900 e seguenti). Nella divisione che ha per oggetto beni immobili, l’opposizione, per l’effetto indicato dal comma precedente, deve essere trascritta prima della trascrizione dell’atto di divisione e, se si tratta di divisione giudiziale, prima della trascrizione della relativa domanda. Devono essere chiamati a intervenire, perché la divisione abbia effetto nei loro confronti, i creditori iscritti e coloro che hanno acquistato diritti sull’immobile in virtù di atti soggetti a trascrizione e trascritti prima della trascrizione dell’atto di divisione o della trascrizione della domanda di divisione giudiziale. Nessuna ragione di prelevamento in natura per crediti nascenti dalla comunione può opporsi contro le persone indicate dal comma precedente, eccetto le ragioni di prelevamento nascenti da
766	Art. 1114 Divisione in natura	1. In quali circostanze la divisione di un bene può avvenire in natura secondo il testo?	La divisione ha luogo in natura, se la cosa può essere comodamente divisa in parti corrispondenti alle quote dei partecipanti (718 e seguenti).
767	Art. 1115 Obbligazioni solidali dei partecipanti	1. Quali obbligazioni possono essere estinte da ciascun partecipante in relazione alla cosa comune?	Ciascun partecipante può esigere che siano estinte le obbligazioni in solido contratte per la cosa comune, le quali siano scadute o scadano entro l’anno dalla domanda di divisione. La somma per estinguere le obbligazioni si preleva dal prezzo di vendita della cosa comune, e, se la divisione ha luogo in natura, si procede alla vendita di una congrua frazione della cosa, salvo diverso accordo tra i condividenti. Il partecipante che ha pagato il debito in solido e non ha ottenuto rimborso concorre nella divisione per una maggiore quota corrispondente al suo diritto verso gli altri condividenti.
768	Art. 1115 Obbligazioni solidali dei partecipanti	2. Come viene determinata la somma necessaria per estinguere le obbligazioni in solido contratte per la cosa comune?	Ciascun partecipante può esigere che siano estinte le obbligazioni in solido contratte per la cosa comune, le quali siano scadute o scadano entro l’anno dalla domanda di divisione. La somma per estinguere le obbligazioni si preleva dal prezzo di vendita della cosa comune, e, se la divisione ha luogo in natura, si procede alla vendita di una congrua frazione della cosa, salvo diverso accordo tra i condividenti. Il partecipante che ha pagato il debito in solido e non ha ottenuto rimborso concorre nella divisione per una maggiore quota corrispondente al suo diritto verso gli altri condividenti.
769	Art. 1115 Obbligazioni solidali dei partecipanti	3. In che modo un partecipante che ha pagato il debito in solido senza ottenere rimborso partecipa alla divisione della cosa comune?	Ciascun partecipante può esigere che siano estinte le obbligazioni in solido contratte per la cosa comune, le quali siano scadute o scadano entro l’anno dalla domanda di divisione. La somma per estinguere le obbligazioni si preleva dal prezzo di vendita della cosa comune, e, se la divisione ha luogo in natura, si procede alla vendita di una congrua frazione della cosa, salvo diverso accordo tra i condividenti. Il partecipante che ha pagato il debito in solido e non ha ottenuto rimborso concorre nella divisione per una maggiore quota corrispondente al suo diritto verso gli altri condividenti.
770	Art. 1116 Applicabilità delle norme sulla divisione ereditaria	1. Quali norme si applicano alla divisione delle cose comuni secondo il testo?	Alla divisione delle cose comuni si applicano le norme sulla divisione dell’eredità (713 e seguenti, 757 e seguenti), in quanto non siano in contrasto con quelle sopra stabilite. vedi ora L. 11 dicembre 2012, n. 220 - Disciplina del condominio negli edifici
771	Art. 1116 Applicabilità delle norme sulla divisione ereditaria	2. In che modo la legge 11 dicembre 2012, n. 220, influenza la disciplina del condominio negli edifici?	Alla divisione delle cose comuni si applicano le norme sulla divisione dell’eredità (713 e seguenti, 757 e seguenti), in quanto non siano in contrasto con quelle sopra stabilite. vedi ora L. 11 dicembre 2012, n. 220 - Disciplina del condominio negli edifici
772	Art. 1117 Parti comuni dell’edificio	1. Quali sono le parti di un edificio che sono considerate di proprietà comune dei proprietari dei diversi piani o porzioni di piani?	Sono oggetto di proprietà comune dei proprietari dei diversi piani o porzioni di piani di un edificio, se il contrario non risulta dal titolo: il suolo su cui sorge l’edificio, le fondazioni, i muri maestri, i tetti e i lastrici solari, le scale, i portoni d’ingresso, i vestiboli, gli anditi, i portici, i cortili e in genere tutte le parti dell’edificio necessarie all’uso comune; i locali per la portineria e per l’alloggio del portiere, per la lavanderia, per il riscaldamento centrale, per gli stenditoi e per altri simili servizi in comune; le opere, le installazioni, i manufatti di qualunque genere che servono all’uso e al godimento comune, come gli ascensori, i pozzi, le cisterne, gli acquedotti e inoltre le fognature e i canali di scarico, gli impianti per l’acqua, per il gas, per l’energia elettrica, per il riscaldamento e simili, fino al punto di diramazione degli impianti ai locali di proprietà esclusiva dei singoli condomini.
773	Art. 1117 Parti comuni dell’edificio	2. In che modo il titolo può influenzare la proprietà comune delle parti di un edificio?	Sono oggetto di proprietà comune dei proprietari dei diversi piani o porzioni di piani di un edificio, se il contrario non risulta dal titolo: il suolo su cui sorge l’edificio, le fondazioni, i muri maestri, i tetti e i lastrici solari, le scale, i portoni d’ingresso, i vestiboli, gli anditi, i portici, i cortili e in genere tutte le parti dell’edificio necessarie all’uso comune; i locali per la portineria e per l’alloggio del portiere, per la lavanderia, per il riscaldamento centrale, per gli stenditoi e per altri simili servizi in comune; le opere, le installazioni, i manufatti di qualunque genere che servono all’uso e al godimento comune, come gli ascensori, i pozzi, le cisterne, gli acquedotti e inoltre le fognature e i canali di scarico, gli impianti per l’acqua, per il gas, per l’energia elettrica, per il riscaldamento e simili, fino al punto di diramazione degli impianti ai locali di proprietà esclusiva dei singoli condomini.
774	Art. 1117 Parti comuni dell’edificio	3. Quali servizi e impianti sono inclusi nella proprietà comune fino al punto di diramazione ai locali di proprietà esclusiva?	Sono oggetto di proprietà comune dei proprietari dei diversi piani o porzioni di piani di un edificio, se il contrario non risulta dal titolo: il suolo su cui sorge l’edificio, le fondazioni, i muri maestri, i tetti e i lastrici solari, le scale, i portoni d’ingresso, i vestiboli, gli anditi, i portici, i cortili e in genere tutte le parti dell’edificio necessarie all’uso comune; i locali per la portineria e per l’alloggio del portiere, per la lavanderia, per il riscaldamento centrale, per gli stenditoi e per altri simili servizi in comune; le opere, le installazioni, i manufatti di qualunque genere che servono all’uso e al godimento comune, come gli ascensori, i pozzi, le cisterne, gli acquedotti e inoltre le fognature e i canali di scarico, gli impianti per l’acqua, per il gas, per l’energia elettrica, per il riscaldamento e simili, fino al punto di diramazione degli impianti ai locali di proprietà esclusiva dei singoli condomini.
775	Art. 1117 Parti comuni dell’edificio	4. Quali sono alcuni esempi di opere e installazioni che servono all'uso e al godimento comune in un edificio?	Sono oggetto di proprietà comune dei proprietari dei diversi piani o porzioni di piani di un edificio, se il contrario non risulta dal titolo: il suolo su cui sorge l’edificio, le fondazioni, i muri maestri, i tetti e i lastrici solari, le scale, i portoni d’ingresso, i vestiboli, gli anditi, i portici, i cortili e in genere tutte le parti dell’edificio necessarie all’uso comune; i locali per la portineria e per l’alloggio del portiere, per la lavanderia, per il riscaldamento centrale, per gli stenditoi e per altri simili servizi in comune; le opere, le installazioni, i manufatti di qualunque genere che servono all’uso e al godimento comune, come gli ascensori, i pozzi, le cisterne, gli acquedotti e inoltre le fognature e i canali di scarico, gli impianti per l’acqua, per il gas, per l’energia elettrica, per il riscaldamento e simili, fino al punto di diramazione degli impianti ai locali di proprietà esclusiva dei singoli condomini.
776	Art. 1118 Diritti dei partecipanti sulle cose comuni	1. Come viene determinato il diritto di ciascun condomino sulle cose comuni secondo il testo?	Il diritto di ciascun condomino sulle cose indicate dall’articolo precedente e proporzionato al valore del piano o porzione di piano che gli appartiene, se il
777	Art. 1118 Diritti dei partecipanti sulle cose comuni	2. A quale articolo si fa riferimento per le cose comuni nel contesto del diritto condominiale?	Il diritto di ciascun condomino sulle cose indicate dall’articolo precedente e proporzionato al valore del piano o porzione di piano che gli appartiene, se il
778	Art. 1118 Diritti dei partecipanti sulle cose comuni	3. Qual è il criterio utilizzato per proporzionare il diritto di ciascun condomino sulle cose comuni?	Il diritto di ciascun condomino sulle cose indicate dall’articolo precedente e proporzionato al valore del piano o porzione di piano che gli appartiene, se il
779	Art. 1119 Indivisibilità	1. In quali circostanze le parti comuni di un edificio possono essere soggette a divisione?	Le parti comuni dell’edificio non sono soggette a divisione, a meno che la divisione possa farsi senza rendere più incomodo l’uso della cosa a ciascun condomino.
780	Art. 1120 Innovazioni	1. Quali sono le condizioni che vietano le innovazioni nei condomini secondo il testo?	I condomini, con la maggioranza indicata dal quinto comma dell’art. 1136, possono disporre tutte le innovazioni dirette al miglioramento o all’uso più comodo o al maggior rendimento delle cose comuni. Sono vietate le innovazioni che possano recare pregiudizio alla stabilita o alla sicurezza del fabbricato, che ne alterino il decoro architettonico o che rendano talune parti comuni dell’edificio inservibili all’uso o al godimento anche di un solo condomino.
781	Art. 1120 Innovazioni	2. Quale maggioranza è richiesta per disporre innovazioni nelle cose comuni di un condominio?	I condomini, con la maggioranza indicata dal quinto comma dell’art. 1136, possono disporre tutte le innovazioni dirette al miglioramento o all’uso più comodo o al maggior rendimento delle cose comuni. Sono vietate le innovazioni che possano recare pregiudizio alla stabilita o alla sicurezza del fabbricato, che ne alterino il decoro architettonico o che rendano talune parti comuni dell’edificio inservibili all’uso o al godimento anche di un solo condomino.
782	Art. 1121 Innovazioni gravose o voluttuarie	1. In quali circostanze i condomini possono essere esonerati dal contributo nella spesa per un'innovazione?	Qualora l’innovazione importi una spesa molto gravosa o abbia carattere voluttuario rispetto alle particolari condizioni e all’importanza dell’edificio, e consista in opere, impianti o manufatti suscettibili di utilizzazione separata, i condomini che non intendono trarne vantaggio sono esonerati da qualsiasi contributo nella spesa. Se l’utilizzazione separata non è possibile, l’innovazione non è consentita, salvo che la maggioranza dei condomini che l’ha deliberata o accettata intenda sopportarne integralmente la spesa. Nel caso previsto dal primo comma i condomini e i loro eredi o aventi causa possono tuttavia, in qualunque tempo, partecipare ai vantaggi dell’innovazione, contribuendo nelle spese di esecuzione e di manutenzione dell’opera.
783	Art. 1121 Innovazioni gravose o voluttuarie	2. Cosa accade se l'utilizzazione separata di un'innovazione non è possibile?	Qualora l’innovazione importi una spesa molto gravosa o abbia carattere voluttuario rispetto alle particolari condizioni e all’importanza dell’edificio, e consista in opere, impianti o manufatti suscettibili di utilizzazione separata, i condomini che non intendono trarne vantaggio sono esonerati da qualsiasi contributo nella spesa. Se l’utilizzazione separata non è possibile, l’innovazione non è consentita, salvo che la maggioranza dei condomini che l’ha deliberata o accettata intenda sopportarne integralmente la spesa. Nel caso previsto dal primo comma i condomini e i loro eredi o aventi causa possono tuttavia, in qualunque tempo, partecipare ai vantaggi dell’innovazione, contribuendo nelle spese di esecuzione e di manutenzione dell’opera.
784	Art. 1121 Innovazioni gravose o voluttuarie	3. Quali diritti hanno i condomini o i loro eredi riguardo alla partecipazione ai vantaggi di un'innovazione in un secondo momento?	Qualora l’innovazione importi una spesa molto gravosa o abbia carattere voluttuario rispetto alle particolari condizioni e all’importanza dell’edificio, e consista in opere, impianti o manufatti suscettibili di utilizzazione separata, i condomini che non intendono trarne vantaggio sono esonerati da qualsiasi contributo nella spesa. Se l’utilizzazione separata non è possibile, l’innovazione non è consentita, salvo che la maggioranza dei condomini che l’ha deliberata o accettata intenda sopportarne integralmente la spesa. Nel caso previsto dal primo comma i condomini e i loro eredi o aventi causa possono tuttavia, in qualunque tempo, partecipare ai vantaggi dell’innovazione, contribuendo nelle spese di esecuzione e di manutenzione dell’opera.
785	Art. 1122 Opere su parti di proprietà o uso individuale	1. Quali sono le limitazioni imposte al condomino riguardo l'esecuzione di opere nella sua unità immobiliare o nelle parti comuni?	Nell'unità immobiliare di sua proprietà ovvero nelle parti normalmente destinate all'uso comune, che siano state attribuite in proprietà esclusiva o destinate all'uso individuale, il condomino non può eseguire opere che rechino danno alle parti comuni ovvero determinino pregiudizio alla stabilità, alla sicurezza o al decoro architettonico dell'edificio.  In ogni caso è data preventiva notizia all'amministratore che ne riferisce all'assemblea.
786	Art. 1122 Opere su parti di proprietà o uso individuale	2. Qual è il ruolo dell'amministratore di condominio quando un condomino intende eseguire opere che potrebbero influire sulle parti comuni?	Nell'unità immobiliare di sua proprietà ovvero nelle parti normalmente destinate all'uso comune, che siano state attribuite in proprietà esclusiva o destinate all'uso individuale, il condomino non può eseguire opere che rechino danno alle parti comuni ovvero determinino pregiudizio alla stabilità, alla sicurezza o al decoro architettonico dell'edificio.  In ogni caso è data preventiva notizia all'amministratore che ne riferisce all'assemblea.
787	Art. 1122 Bis Impianti non centralizzati di ricezione radiotelevisiva e di produzione di energia da fonti rinnovabili	1. Quali sono le condizioni per l'installazione di impianti non centralizzati per la ricezione radiotelevisiva in un edificio?	Le installazioni di impianti non centralizzati per la ricezione radiotelevisiva e per l'accesso a qualunque altro genere di flusso informativo, anche da satellite o via cavo, e i relativi collegamenti fino al punto di diramazione per le singole utenze sono realizzati in modo da recare il minor pregiudizio alle parti comuni e alle unità immobiliari di proprietà individuale, preservando in ogni caso il decoro architettonico dell'edificio, salvo quanto previsto in materia di reti pubbliche.  E' consentita l'installazione di impianti per la produzione di energia da fonti rinnovabili destinati al servizio di singole unità del condominio sul lastrico solare, su ogni altra idonea superficie comune e sulle parti di proprietà individuale dell'interessato.  Qualora si rendano necessarie modificazioni delle parti comuni, l'interessato ne dà comunicazione all'amministratore indicando il contenuto specifico e le modalità di esecuzione degli interventi. L'assemblea può prescrivere, con la maggioranza di cui al quinto comma dell'articolo 1136, adeguate modalità alternative di esecuzione o imporre cautele a salvaguardia della stabilità, della sicurezza o del decoro architettonico dell'edificio e, ai fini dell'installazione degli impianti di cui al secondo comma, provvede, a richiesta degli interessati, a ripartire l'uso del lastrico solare e delle altre superfici comuni, salvaguardando le diverse forme di utilizzo previste dal regolamento di condominio o comunque in atto. L'assemblea, con la medesima maggioranza, può altresì subordinare l'esecuzione alla prestazione, da parte dell'interessato, di idonea garanzia per i danni eventuali.  L'accesso alle unità immobiliari di proprietà individuale deve essere consentito ove necessario per la progettazione e per l'esecuzione delle opere. non sono soggetti ad autorizzazione gli impianti destinati alle singole unità abitative.
788	Art. 1122 Bis Impianti non centralizzati di ricezione radiotelevisiva e di produzione di energia da fonti rinnovabili	2. È possibile installare impianti per la produzione di energia da fonti rinnovabili su superfici comuni di un condominio?	Le installazioni di impianti non centralizzati per la ricezione radiotelevisiva e per l'accesso a qualunque altro genere di flusso informativo, anche da satellite o via cavo, e i relativi collegamenti fino al punto di diramazione per le singole utenze sono realizzati in modo da recare il minor pregiudizio alle parti comuni e alle unità immobiliari di proprietà individuale, preservando in ogni caso il decoro architettonico dell'edificio, salvo quanto previsto in materia di reti pubbliche.  E' consentita l'installazione di impianti per la produzione di energia da fonti rinnovabili destinati al servizio di singole unità del condominio sul lastrico solare, su ogni altra idonea superficie comune e sulle parti di proprietà individuale dell'interessato.  Qualora si rendano necessarie modificazioni delle parti comuni, l'interessato ne dà comunicazione all'amministratore indicando il contenuto specifico e le modalità di esecuzione degli interventi. L'assemblea può prescrivere, con la maggioranza di cui al quinto comma dell'articolo 1136, adeguate modalità alternative di esecuzione o imporre cautele a salvaguardia della stabilità, della sicurezza o del decoro architettonico dell'edificio e, ai fini dell'installazione degli impianti di cui al secondo comma, provvede, a richiesta degli interessati, a ripartire l'uso del lastrico solare e delle altre superfici comuni, salvaguardando le diverse forme di utilizzo previste dal regolamento di condominio o comunque in atto. L'assemblea, con la medesima maggioranza, può altresì subordinare l'esecuzione alla prestazione, da parte dell'interessato, di idonea garanzia per i danni eventuali.  L'accesso alle unità immobiliari di proprietà individuale deve essere consentito ove necessario per la progettazione e per l'esecuzione delle opere. non sono soggetti ad autorizzazione gli impianti destinati alle singole unità abitative.
789	Art. 1122 Bis Impianti non centralizzati di ricezione radiotelevisiva e di produzione di energia da fonti rinnovabili	3. Cosa deve fare un interessato se sono necessarie modificazioni delle parti comuni per l'installazione di impianti?	Le installazioni di impianti non centralizzati per la ricezione radiotelevisiva e per l'accesso a qualunque altro genere di flusso informativo, anche da satellite o via cavo, e i relativi collegamenti fino al punto di diramazione per le singole utenze sono realizzati in modo da recare il minor pregiudizio alle parti comuni e alle unità immobiliari di proprietà individuale, preservando in ogni caso il decoro architettonico dell'edificio, salvo quanto previsto in materia di reti pubbliche.  E' consentita l'installazione di impianti per la produzione di energia da fonti rinnovabili destinati al servizio di singole unità del condominio sul lastrico solare, su ogni altra idonea superficie comune e sulle parti di proprietà individuale dell'interessato.  Qualora si rendano necessarie modificazioni delle parti comuni, l'interessato ne dà comunicazione all'amministratore indicando il contenuto specifico e le modalità di esecuzione degli interventi. L'assemblea può prescrivere, con la maggioranza di cui al quinto comma dell'articolo 1136, adeguate modalità alternative di esecuzione o imporre cautele a salvaguardia della stabilità, della sicurezza o del decoro architettonico dell'edificio e, ai fini dell'installazione degli impianti di cui al secondo comma, provvede, a richiesta degli interessati, a ripartire l'uso del lastrico solare e delle altre superfici comuni, salvaguardando le diverse forme di utilizzo previste dal regolamento di condominio o comunque in atto. L'assemblea, con la medesima maggioranza, può altresì subordinare l'esecuzione alla prestazione, da parte dell'interessato, di idonea garanzia per i danni eventuali.  L'accesso alle unità immobiliari di proprietà individuale deve essere consentito ove necessario per la progettazione e per l'esecuzione delle opere. non sono soggetti ad autorizzazione gli impianti destinati alle singole unità abitative.
790	Art. 1122 Bis Impianti non centralizzati di ricezione radiotelevisiva e di produzione di energia da fonti rinnovabili	4. Quali poteri ha l'assemblea condominiale riguardo alle modalità di esecuzione degli interventi per l'installazione di impianti?	Le installazioni di impianti non centralizzati per la ricezione radiotelevisiva e per l'accesso a qualunque altro genere di flusso informativo, anche da satellite o via cavo, e i relativi collegamenti fino al punto di diramazione per le singole utenze sono realizzati in modo da recare il minor pregiudizio alle parti comuni e alle unità immobiliari di proprietà individuale, preservando in ogni caso il decoro architettonico dell'edificio, salvo quanto previsto in materia di reti pubbliche.  E' consentita l'installazione di impianti per la produzione di energia da fonti rinnovabili destinati al servizio di singole unità del condominio sul lastrico solare, su ogni altra idonea superficie comune e sulle parti di proprietà individuale dell'interessato.  Qualora si rendano necessarie modificazioni delle parti comuni, l'interessato ne dà comunicazione all'amministratore indicando il contenuto specifico e le modalità di esecuzione degli interventi. L'assemblea può prescrivere, con la maggioranza di cui al quinto comma dell'articolo 1136, adeguate modalità alternative di esecuzione o imporre cautele a salvaguardia della stabilità, della sicurezza o del decoro architettonico dell'edificio e, ai fini dell'installazione degli impianti di cui al secondo comma, provvede, a richiesta degli interessati, a ripartire l'uso del lastrico solare e delle altre superfici comuni, salvaguardando le diverse forme di utilizzo previste dal regolamento di condominio o comunque in atto. L'assemblea, con la medesima maggioranza, può altresì subordinare l'esecuzione alla prestazione, da parte dell'interessato, di idonea garanzia per i danni eventuali.  L'accesso alle unità immobiliari di proprietà individuale deve essere consentito ove necessario per la progettazione e per l'esecuzione delle opere. non sono soggetti ad autorizzazione gli impianti destinati alle singole unità abitative.
791	Art. 1122 Bis Impianti non centralizzati di ricezione radiotelevisiva e di produzione di energia da fonti rinnovabili	5. In che modo l'assemblea può gestire l'uso del lastrico solare e delle altre superfici comuni per l'installazione di impianti?	Le installazioni di impianti non centralizzati per la ricezione radiotelevisiva e per l'accesso a qualunque altro genere di flusso informativo, anche da satellite o via cavo, e i relativi collegamenti fino al punto di diramazione per le singole utenze sono realizzati in modo da recare il minor pregiudizio alle parti comuni e alle unità immobiliari di proprietà individuale, preservando in ogni caso il decoro architettonico dell'edificio, salvo quanto previsto in materia di reti pubbliche.  E' consentita l'installazione di impianti per la produzione di energia da fonti rinnovabili destinati al servizio di singole unità del condominio sul lastrico solare, su ogni altra idonea superficie comune e sulle parti di proprietà individuale dell'interessato.  Qualora si rendano necessarie modificazioni delle parti comuni, l'interessato ne dà comunicazione all'amministratore indicando il contenuto specifico e le modalità di esecuzione degli interventi. L'assemblea può prescrivere, con la maggioranza di cui al quinto comma dell'articolo 1136, adeguate modalità alternative di esecuzione o imporre cautele a salvaguardia della stabilità, della sicurezza o del decoro architettonico dell'edificio e, ai fini dell'installazione degli impianti di cui al secondo comma, provvede, a richiesta degli interessati, a ripartire l'uso del lastrico solare e delle altre superfici comuni, salvaguardando le diverse forme di utilizzo previste dal regolamento di condominio o comunque in atto. L'assemblea, con la medesima maggioranza, può altresì subordinare l'esecuzione alla prestazione, da parte dell'interessato, di idonea garanzia per i danni eventuali.  L'accesso alle unità immobiliari di proprietà individuale deve essere consentito ove necessario per la progettazione e per l'esecuzione delle opere. non sono soggetti ad autorizzazione gli impianti destinati alle singole unità abitative.
792	Art. 1122 Bis Impianti non centralizzati di ricezione radiotelevisiva e di produzione di energia da fonti rinnovabili	6. Quali garanzie può richiedere l'assemblea all'interessato per l'esecuzione degli impianti?	Le installazioni di impianti non centralizzati per la ricezione radiotelevisiva e per l'accesso a qualunque altro genere di flusso informativo, anche da satellite o via cavo, e i relativi collegamenti fino al punto di diramazione per le singole utenze sono realizzati in modo da recare il minor pregiudizio alle parti comuni e alle unità immobiliari di proprietà individuale, preservando in ogni caso il decoro architettonico dell'edificio, salvo quanto previsto in materia di reti pubbliche.  E' consentita l'installazione di impianti per la produzione di energia da fonti rinnovabili destinati al servizio di singole unità del condominio sul lastrico solare, su ogni altra idonea superficie comune e sulle parti di proprietà individuale dell'interessato.  Qualora si rendano necessarie modificazioni delle parti comuni, l'interessato ne dà comunicazione all'amministratore indicando il contenuto specifico e le modalità di esecuzione degli interventi. L'assemblea può prescrivere, con la maggioranza di cui al quinto comma dell'articolo 1136, adeguate modalità alternative di esecuzione o imporre cautele a salvaguardia della stabilità, della sicurezza o del decoro architettonico dell'edificio e, ai fini dell'installazione degli impianti di cui al secondo comma, provvede, a richiesta degli interessati, a ripartire l'uso del lastrico solare e delle altre superfici comuni, salvaguardando le diverse forme di utilizzo previste dal regolamento di condominio o comunque in atto. L'assemblea, con la medesima maggioranza, può altresì subordinare l'esecuzione alla prestazione, da parte dell'interessato, di idonea garanzia per i danni eventuali.  L'accesso alle unità immobiliari di proprietà individuale deve essere consentito ove necessario per la progettazione e per l'esecuzione delle opere. non sono soggetti ad autorizzazione gli impianti destinati alle singole unità abitative.
793	Art. 1122 Bis Impianti non centralizzati di ricezione radiotelevisiva e di produzione di energia da fonti rinnovabili	7. Quando è necessario consentire l'accesso alle unità immobiliari di proprietà individuale per l'installazione di impianti?	Le installazioni di impianti non centralizzati per la ricezione radiotelevisiva e per l'accesso a qualunque altro genere di flusso informativo, anche da satellite o via cavo, e i relativi collegamenti fino al punto di diramazione per le singole utenze sono realizzati in modo da recare il minor pregiudizio alle parti comuni e alle unità immobiliari di proprietà individuale, preservando in ogni caso il decoro architettonico dell'edificio, salvo quanto previsto in materia di reti pubbliche.  E' consentita l'installazione di impianti per la produzione di energia da fonti rinnovabili destinati al servizio di singole unità del condominio sul lastrico solare, su ogni altra idonea superficie comune e sulle parti di proprietà individuale dell'interessato.  Qualora si rendano necessarie modificazioni delle parti comuni, l'interessato ne dà comunicazione all'amministratore indicando il contenuto specifico e le modalità di esecuzione degli interventi. L'assemblea può prescrivere, con la maggioranza di cui al quinto comma dell'articolo 1136, adeguate modalità alternative di esecuzione o imporre cautele a salvaguardia della stabilità, della sicurezza o del decoro architettonico dell'edificio e, ai fini dell'installazione degli impianti di cui al secondo comma, provvede, a richiesta degli interessati, a ripartire l'uso del lastrico solare e delle altre superfici comuni, salvaguardando le diverse forme di utilizzo previste dal regolamento di condominio o comunque in atto. L'assemblea, con la medesima maggioranza, può altresì subordinare l'esecuzione alla prestazione, da parte dell'interessato, di idonea garanzia per i danni eventuali.  L'accesso alle unità immobiliari di proprietà individuale deve essere consentito ove necessario per la progettazione e per l'esecuzione delle opere. non sono soggetti ad autorizzazione gli impianti destinati alle singole unità abitative.
794	Art. 1122 Bis Impianti non centralizzati di ricezione radiotelevisiva e di produzione di energia da fonti rinnovabili	8. Gli impianti destinati alle singole unità abitative sono soggetti ad autorizzazione?	Le installazioni di impianti non centralizzati per la ricezione radiotelevisiva e per l'accesso a qualunque altro genere di flusso informativo, anche da satellite o via cavo, e i relativi collegamenti fino al punto di diramazione per le singole utenze sono realizzati in modo da recare il minor pregiudizio alle parti comuni e alle unità immobiliari di proprietà individuale, preservando in ogni caso il decoro architettonico dell'edificio, salvo quanto previsto in materia di reti pubbliche.  E' consentita l'installazione di impianti per la produzione di energia da fonti rinnovabili destinati al servizio di singole unità del condominio sul lastrico solare, su ogni altra idonea superficie comune e sulle parti di proprietà individuale dell'interessato.  Qualora si rendano necessarie modificazioni delle parti comuni, l'interessato ne dà comunicazione all'amministratore indicando il contenuto specifico e le modalità di esecuzione degli interventi. L'assemblea può prescrivere, con la maggioranza di cui al quinto comma dell'articolo 1136, adeguate modalità alternative di esecuzione o imporre cautele a salvaguardia della stabilità, della sicurezza o del decoro architettonico dell'edificio e, ai fini dell'installazione degli impianti di cui al secondo comma, provvede, a richiesta degli interessati, a ripartire l'uso del lastrico solare e delle altre superfici comuni, salvaguardando le diverse forme di utilizzo previste dal regolamento di condominio o comunque in atto. L'assemblea, con la medesima maggioranza, può altresì subordinare l'esecuzione alla prestazione, da parte dell'interessato, di idonea garanzia per i danni eventuali.  L'accesso alle unità immobiliari di proprietà individuale deve essere consentito ove necessario per la progettazione e per l'esecuzione delle opere. non sono soggetti ad autorizzazione gli impianti destinati alle singole unità abitative.
795	Art. 1122 Ter Impianti di videosorveglianza sulle parti comuni	1. Qual è la maggioranza richiesta dall'assemblea per approvare l'installazione di impianti di videosorveglianza sulle parti comuni dell'edificio secondo l'articolo 1136?	Le deliberazioni concernenti l'installazione sulle parti comuni dell'edificio di impianti volti a consentire la videosorveglianza su di esse sono approvate dall'assemblea con la maggioranza di cui al secondo comma dell'articolo 1136.
796	Art. 1123 Ripartizione delle spese	1. Come vengono ripartite le spese per la conservazione e il godimento delle parti comuni dell'edificio tra i condomini?	Le spese necessarie per la conservazione e per il godimento delle parti comuni dell’edificio, per la prestazione dei servizi nell’interesse comune e per le innovazioni deliberate dalla maggioranza sono sostenute dai condomini in misura proporzionale al valore della proprietà di ciascuno, salvo diversa convenzione (1104, att. 68 e seguenti). Se si tratta di cose destinate a servire i condomini in misura diversa, le spese sono ripartite in proporzione dell’uso che ciascuno può farne. Qualora un edificio abbia più scale, cortili, lastrici solari, opere o impianti destinati a servire una parte dell’intero fabbricato, le spese relative alla loro manutenzione sono a carico del gruppo di condomini che ne trae utilità (att. 63).
797	Art. 1123 Ripartizione delle spese	2. In che modo vengono suddivise le spese per le cose destinate a servire i condomini in misura diversa?	Le spese necessarie per la conservazione e per il godimento delle parti comuni dell’edificio, per la prestazione dei servizi nell’interesse comune e per le innovazioni deliberate dalla maggioranza sono sostenute dai condomini in misura proporzionale al valore della proprietà di ciascuno, salvo diversa convenzione (1104, att. 68 e seguenti). Se si tratta di cose destinate a servire i condomini in misura diversa, le spese sono ripartite in proporzione dell’uso che ciascuno può farne. Qualora un edificio abbia più scale, cortili, lastrici solari, opere o impianti destinati a servire una parte dell’intero fabbricato, le spese relative alla loro manutenzione sono a carico del gruppo di condomini che ne trae utilità (att. 63).
798	Art. 1123 Ripartizione delle spese	3. Chi è responsabile delle spese di manutenzione per scale, cortili, lastrici solari, opere o impianti che servono solo una parte dell'edificio?	Le spese necessarie per la conservazione e per il godimento delle parti comuni dell’edificio, per la prestazione dei servizi nell’interesse comune e per le innovazioni deliberate dalla maggioranza sono sostenute dai condomini in misura proporzionale al valore della proprietà di ciascuno, salvo diversa convenzione (1104, att. 68 e seguenti). Se si tratta di cose destinate a servire i condomini in misura diversa, le spese sono ripartite in proporzione dell’uso che ciascuno può farne. Qualora un edificio abbia più scale, cortili, lastrici solari, opere o impianti destinati a servire una parte dell’intero fabbricato, le spese relative alla loro manutenzione sono a carico del gruppo di condomini che ne trae utilità (att. 63).
799	Art. 1124 Manutenzione e sostituzione delle scale e degli ascensori	1. Come viene ripartita la spesa per la manutenzione e sostituzione delle scale e degli ascensori tra i proprietari delle unità immobiliari?	Le scale e gli ascensori sono mantenuti e sostituiti dai proprietari delle unità immobiliari a cui servono. La spesa relativa è ripartita tra essi, per metà in ragione del valore delle singole unità immobiliari e per l'altra metà esclusivamente in misura proporzionale all'altezza di ciascun piano dal suolo.  Al fine del concorso nella metà della spesa, che è ripartita in ragione del valore, si considerano come piani le cantine, i palchi morti, le soffitte o camere a tetto e i lastrici solari, qualora non siano di proprietà comune.
800	Art. 1124 Manutenzione e sostituzione delle scale e degli ascensori	2. Quali elementi vengono considerati come piani ai fini del concorso nella metà della spesa ripartita in ragione del valore?	Le scale e gli ascensori sono mantenuti e sostituiti dai proprietari delle unità immobiliari a cui servono. La spesa relativa è ripartita tra essi, per metà in ragione del valore delle singole unità immobiliari e per l'altra metà esclusivamente in misura proporzionale all'altezza di ciascun piano dal suolo.  Al fine del concorso nella metà della spesa, che è ripartita in ragione del valore, si considerano come piani le cantine, i palchi morti, le soffitte o camere a tetto e i lastrici solari, qualora non siano di proprietà comune.
801	Art. 1124 Manutenzione e sostituzione delle scale e degli ascensori	3. In che modo l'altezza di ciascun piano dal suolo influisce sulla ripartizione delle spese per scale e ascensori?	Le scale e gli ascensori sono mantenuti e sostituiti dai proprietari delle unità immobiliari a cui servono. La spesa relativa è ripartita tra essi, per metà in ragione del valore delle singole unità immobiliari e per l'altra metà esclusivamente in misura proporzionale all'altezza di ciascun piano dal suolo.  Al fine del concorso nella metà della spesa, che è ripartita in ragione del valore, si considerano come piani le cantine, i palchi morti, le soffitte o camere a tetto e i lastrici solari, qualora non siano di proprietà comune.
802	Art. 1125 Manutenzione e ricostruzione dei soffitti, delle volte e dei solai	1. Chi è responsabile della copertura del pavimento secondo il testo?	Le spese per la manutenzione e ricostruzione dei soffitti, delle volte e dei solai sono sostenute in parti eguali dai proprietari dei due piani l’uno all’altro sovrastanti, restando a carico del proprietario del piano superiore la copertura del pavimento e a carico del proprietario del piano inferiore l’intonaco, la tinta e la decorazione del soffitto.
803	Art. 1125 Manutenzione e ricostruzione dei soffitti, delle volte e dei solai	2. Come vengono suddivise le spese per la manutenzione e ricostruzione dei soffitti tra i proprietari dei due piani?	Le spese per la manutenzione e ricostruzione dei soffitti, delle volte e dei solai sono sostenute in parti eguali dai proprietari dei due piani l’uno all’altro sovrastanti, restando a carico del proprietario del piano superiore la copertura del pavimento e a carico del proprietario del piano inferiore l’intonaco, la tinta e la decorazione del soffitto.
804	Art. 1125 Manutenzione e ricostruzione dei soffitti, delle volte e dei solai	3. Quali spese sono a carico del proprietario del piano inferiore?	Le spese per la manutenzione e ricostruzione dei soffitti, delle volte e dei solai sono sostenute in parti eguali dai proprietari dei due piani l’uno all’altro sovrastanti, restando a carico del proprietario del piano superiore la copertura del pavimento e a carico del proprietario del piano inferiore l’intonaco, la tinta e la decorazione del soffitto.
805	Art. 1126 Lastrici solari di uso esclusivo	1. Qual è la proporzione di spesa per le riparazioni del lastrico solare a carico dei condomini che ne hanno l'uso esclusivo?	Quando l’uso dei lastrici solari o di una parte di essi non è comune a tutti i condomini, quelli che ne hanno l’uso esclusivo sono tenuti a contribuire per un terzo nella spesa delle riparazioni o ricostruzioni del lastrico; gli altri due terzi sono a carico di tutti i condomini dell’edificio o della parte di questo a cui il lastrico solare serve, in proporzione del valore del piano o della porzione di piano di ciascuno (att. 68 e seguenti).
806	Art. 1126 Lastrici solari di uso esclusivo	2. Come viene suddivisa la spesa per le riparazioni del lastrico solare tra i condomini dell'edificio quando l'uso non è comune a tutti?	Quando l’uso dei lastrici solari o di una parte di essi non è comune a tutti i condomini, quelli che ne hanno l’uso esclusivo sono tenuti a contribuire per un terzo nella spesa delle riparazioni o ricostruzioni del lastrico; gli altri due terzi sono a carico di tutti i condomini dell’edificio o della parte di questo a cui il lastrico solare serve, in proporzione del valore del piano o della porzione di piano di ciascuno (att. 68 e seguenti).
807	Art. 1127 Costruzione sopra l’ultimo piano dell’edificio	1. Quali sono le condizioni che impediscono al proprietario dell'ultimo piano di elevare nuovi piani o fabbriche?	Il proprietario dell’ultimo piano dell’edificio può elevare nuovi piani o nuove fabbriche, salvo che risulti altrimenti dal titolo. La stessa facoltà spetta a chi è proprietario esclusivo del lastrico solare. La sopraelevazione non è ammessa se le condizioni statiche dell’edificio non la consentono. I condomini possono altresì opporsi alla sopraelevazione, se questa pregiudica l’aspetto architettonico dell’edificio ovvero diminuisce notevolmente l’aria o la luce dei piani sottostanti. Chi fa la sopraelevazione deve corrispondere agli altri condomini un’indennità pari al valore attuale dell’area da occuparsi con la nuova fabbrica, diviso per il numero dei piani, ivi compreso quello da edificare, e detratto l’importo della quota a lui spettante. Egli e inoltre tenuto a ricostruire il lastrico solare di cui tutti o parte dei condomini avevano il diritto di usare.
808	Art. 1127 Costruzione sopra l’ultimo piano dell’edificio	2. In quali circostanze i condomini possono opporsi alla sopraelevazione?	Il proprietario dell’ultimo piano dell’edificio può elevare nuovi piani o nuove fabbriche, salvo che risulti altrimenti dal titolo. La stessa facoltà spetta a chi è proprietario esclusivo del lastrico solare. La sopraelevazione non è ammessa se le condizioni statiche dell’edificio non la consentono. I condomini possono altresì opporsi alla sopraelevazione, se questa pregiudica l’aspetto architettonico dell’edificio ovvero diminuisce notevolmente l’aria o la luce dei piani sottostanti. Chi fa la sopraelevazione deve corrispondere agli altri condomini un’indennità pari al valore attuale dell’area da occuparsi con la nuova fabbrica, diviso per il numero dei piani, ivi compreso quello da edificare, e detratto l’importo della quota a lui spettante. Egli e inoltre tenuto a ricostruire il lastrico solare di cui tutti o parte dei condomini avevano il diritto di usare.
809	Art. 1127 Costruzione sopra l’ultimo piano dell’edificio	3. Cosa deve fare chi realizza la sopraelevazione in termini di indennità verso gli altri condomini?	Il proprietario dell’ultimo piano dell’edificio può elevare nuovi piani o nuove fabbriche, salvo che risulti altrimenti dal titolo. La stessa facoltà spetta a chi è proprietario esclusivo del lastrico solare. La sopraelevazione non è ammessa se le condizioni statiche dell’edificio non la consentono. I condomini possono altresì opporsi alla sopraelevazione, se questa pregiudica l’aspetto architettonico dell’edificio ovvero diminuisce notevolmente l’aria o la luce dei piani sottostanti. Chi fa la sopraelevazione deve corrispondere agli altri condomini un’indennità pari al valore attuale dell’area da occuparsi con la nuova fabbrica, diviso per il numero dei piani, ivi compreso quello da edificare, e detratto l’importo della quota a lui spettante. Egli e inoltre tenuto a ricostruire il lastrico solare di cui tutti o parte dei condomini avevano il diritto di usare.
810	Art. 1127 Costruzione sopra l’ultimo piano dell’edificio	4. Quali diritti devono essere rispettati riguardo al lastrico solare in caso di sopraelevazione?	Il proprietario dell’ultimo piano dell’edificio può elevare nuovi piani o nuove fabbriche, salvo che risulti altrimenti dal titolo. La stessa facoltà spetta a chi è proprietario esclusivo del lastrico solare. La sopraelevazione non è ammessa se le condizioni statiche dell’edificio non la consentono. I condomini possono altresì opporsi alla sopraelevazione, se questa pregiudica l’aspetto architettonico dell’edificio ovvero diminuisce notevolmente l’aria o la luce dei piani sottostanti. Chi fa la sopraelevazione deve corrispondere agli altri condomini un’indennità pari al valore attuale dell’area da occuparsi con la nuova fabbrica, diviso per il numero dei piani, ivi compreso quello da edificare, e detratto l’importo della quota a lui spettante. Egli e inoltre tenuto a ricostruire il lastrico solare di cui tutti o parte dei condomini avevano il diritto di usare.
811	Art. 1127 Costruzione sopra l’ultimo piano dell’edificio	5. Come si calcola l'indennità che chi fa la sopraelevazione deve corrispondere agli altri condomini?	Il proprietario dell’ultimo piano dell’edificio può elevare nuovi piani o nuove fabbriche, salvo che risulti altrimenti dal titolo. La stessa facoltà spetta a chi è proprietario esclusivo del lastrico solare. La sopraelevazione non è ammessa se le condizioni statiche dell’edificio non la consentono. I condomini possono altresì opporsi alla sopraelevazione, se questa pregiudica l’aspetto architettonico dell’edificio ovvero diminuisce notevolmente l’aria o la luce dei piani sottostanti. Chi fa la sopraelevazione deve corrispondere agli altri condomini un’indennità pari al valore attuale dell’area da occuparsi con la nuova fabbrica, diviso per il numero dei piani, ivi compreso quello da edificare, e detratto l’importo della quota a lui spettante. Egli e inoltre tenuto a ricostruire il lastrico solare di cui tutti o parte dei condomini avevano il diritto di usare.
812	Art. 1127 Costruzione sopra l’ultimo piano dell’edificio	6. Chi ha la facoltà di elevare nuovi piani o fabbriche sull'edificio?	Il proprietario dell’ultimo piano dell’edificio può elevare nuovi piani o nuove fabbriche, salvo che risulti altrimenti dal titolo. La stessa facoltà spetta a chi è proprietario esclusivo del lastrico solare. La sopraelevazione non è ammessa se le condizioni statiche dell’edificio non la consentono. I condomini possono altresì opporsi alla sopraelevazione, se questa pregiudica l’aspetto architettonico dell’edificio ovvero diminuisce notevolmente l’aria o la luce dei piani sottostanti. Chi fa la sopraelevazione deve corrispondere agli altri condomini un’indennità pari al valore attuale dell’area da occuparsi con la nuova fabbrica, diviso per il numero dei piani, ivi compreso quello da edificare, e detratto l’importo della quota a lui spettante. Egli e inoltre tenuto a ricostruire il lastrico solare di cui tutti o parte dei condomini avevano il diritto di usare.
813	Art. 1128 Perimento totale o parziale dell’edificio	1. Cosa può richiedere ciascun condomino se l'edificio perisce interamente o per una parte che rappresenti i tre quarti del suo valore?	Se l’edificio perisce interamente o per una parte che rappresenti i tre quarti del suo valore, ciascuno dei condomini può richiedere la vendita all’asta del suolo e dei materiali, salvo che sia stato diversamente convenuto. Nel caso di perimento di una parte minore, l’assemblea dei condomini delibera circa la ricostruzione delle parti comuni dell’edificio, e ciascuno è tenuto a concorrervi in proporzione dei suoi diritti sulle parti stesse. L’indennità corrisposta per l’assicurazione relativa alle parti comuni e destinata alla ricostruzione di queste. Il condomino che non intende partecipare alla ricostruzione dell’edificio è tenuto a cedere agli altri condomini i suoi diritti, anche sulle parti di sua esclusiva proprietà, secondo la stima che ne sarà fatta, salvo che non preferisca cedere i diritti stessi ad alcuni soltanto dei condomini.
814	Art. 1128 Perimento totale o parziale dell’edificio	2. Chi delibera circa la ricostruzione delle parti comuni dell'edificio nel caso di perimento di una parte minore?	Se l’edificio perisce interamente o per una parte che rappresenti i tre quarti del suo valore, ciascuno dei condomini può richiedere la vendita all’asta del suolo e dei materiali, salvo che sia stato diversamente convenuto. Nel caso di perimento di una parte minore, l’assemblea dei condomini delibera circa la ricostruzione delle parti comuni dell’edificio, e ciascuno è tenuto a concorrervi in proporzione dei suoi diritti sulle parti stesse. L’indennità corrisposta per l’assicurazione relativa alle parti comuni e destinata alla ricostruzione di queste. Il condomino che non intende partecipare alla ricostruzione dell’edificio è tenuto a cedere agli altri condomini i suoi diritti, anche sulle parti di sua esclusiva proprietà, secondo la stima che ne sarà fatta, salvo che non preferisca cedere i diritti stessi ad alcuni soltanto dei condomini.
815	Art. 1128 Perimento totale o parziale dell’edificio	3. A cosa è destinata l'indennità corrisposta per l'assicurazione relativa alle parti comuni?	Se l’edificio perisce interamente o per una parte che rappresenti i tre quarti del suo valore, ciascuno dei condomini può richiedere la vendita all’asta del suolo e dei materiali, salvo che sia stato diversamente convenuto. Nel caso di perimento di una parte minore, l’assemblea dei condomini delibera circa la ricostruzione delle parti comuni dell’edificio, e ciascuno è tenuto a concorrervi in proporzione dei suoi diritti sulle parti stesse. L’indennità corrisposta per l’assicurazione relativa alle parti comuni e destinata alla ricostruzione di queste. Il condomino che non intende partecipare alla ricostruzione dell’edificio è tenuto a cedere agli altri condomini i suoi diritti, anche sulle parti di sua esclusiva proprietà, secondo la stima che ne sarà fatta, salvo che non preferisca cedere i diritti stessi ad alcuni soltanto dei condomini.
816	Art. 1128 Perimento totale o parziale dell’edificio	4. Cosa deve fare il condomino che non intende partecipare alla ricostruzione dell'edificio?	Se l’edificio perisce interamente o per una parte che rappresenti i tre quarti del suo valore, ciascuno dei condomini può richiedere la vendita all’asta del suolo e dei materiali, salvo che sia stato diversamente convenuto. Nel caso di perimento di una parte minore, l’assemblea dei condomini delibera circa la ricostruzione delle parti comuni dell’edificio, e ciascuno è tenuto a concorrervi in proporzione dei suoi diritti sulle parti stesse. L’indennità corrisposta per l’assicurazione relativa alle parti comuni e destinata alla ricostruzione di queste. Il condomino che non intende partecipare alla ricostruzione dell’edificio è tenuto a cedere agli altri condomini i suoi diritti, anche sulle parti di sua esclusiva proprietà, secondo la stima che ne sarà fatta, salvo che non preferisca cedere i diritti stessi ad alcuni soltanto dei condomini.
817	Art. 1129 Nomina e revoca dell’amministratore	1. Qual è il numero minimo di condomini necessario affinché l'assemblea debba nominare un amministratore?	Quando i condomini sono più di quattro, l’assemblea nomina un amministratore. Se l’assemblea non provvede, la nomina è fatta dall’autorità giudiziaria, su ricorso di uno o più condomini. L’amministratore dura in carica un anno e può essere revocato in ogni tempo dall’assemblea. Può altresì essere revocato dall’autorità giudiziaria, su ricorso di ciascun condomino, oltre che nel caso previsto dall’ultimo comma dell’art. 1131, se per due anni non ha reso il conto della sua gestione, ovvero se vi sono fondati sospetti di gravi irregolarità (att. 64). La nomina e la cessazione per qualunque causa dell’amministratore dall’ufficio sono annotate in apposito registro (att. 71).
818	Art. 1129 Nomina e revoca dell’amministratore	2. Chi può intervenire per nominare un amministratore se l'assemblea non provvede?	Quando i condomini sono più di quattro, l’assemblea nomina un amministratore. Se l’assemblea non provvede, la nomina è fatta dall’autorità giudiziaria, su ricorso di uno o più condomini. L’amministratore dura in carica un anno e può essere revocato in ogni tempo dall’assemblea. Può altresì essere revocato dall’autorità giudiziaria, su ricorso di ciascun condomino, oltre che nel caso previsto dall’ultimo comma dell’art. 1131, se per due anni non ha reso il conto della sua gestione, ovvero se vi sono fondati sospetti di gravi irregolarità (att. 64). La nomina e la cessazione per qualunque causa dell’amministratore dall’ufficio sono annotate in apposito registro (att. 71).
819	Art. 1129 Nomina e revoca dell’amministratore	3. Qual è la durata del mandato di un amministratore di condominio?	Quando i condomini sono più di quattro, l’assemblea nomina un amministratore. Se l’assemblea non provvede, la nomina è fatta dall’autorità giudiziaria, su ricorso di uno o più condomini. L’amministratore dura in carica un anno e può essere revocato in ogni tempo dall’assemblea. Può altresì essere revocato dall’autorità giudiziaria, su ricorso di ciascun condomino, oltre che nel caso previsto dall’ultimo comma dell’art. 1131, se per due anni non ha reso il conto della sua gestione, ovvero se vi sono fondati sospetti di gravi irregolarità (att. 64). La nomina e la cessazione per qualunque causa dell’amministratore dall’ufficio sono annotate in apposito registro (att. 71).
820	Art. 1129 Nomina e revoca dell’amministratore	4. In quali circostanze l'autorità giudiziaria può revocare un amministratore su ricorso di un condomino?	Quando i condomini sono più di quattro, l’assemblea nomina un amministratore. Se l’assemblea non provvede, la nomina è fatta dall’autorità giudiziaria, su ricorso di uno o più condomini. L’amministratore dura in carica un anno e può essere revocato in ogni tempo dall’assemblea. Può altresì essere revocato dall’autorità giudiziaria, su ricorso di ciascun condomino, oltre che nel caso previsto dall’ultimo comma dell’art. 1131, se per due anni non ha reso il conto della sua gestione, ovvero se vi sono fondati sospetti di gravi irregolarità (att. 64). La nomina e la cessazione per qualunque causa dell’amministratore dall’ufficio sono annotate in apposito registro (att. 71).
821	Art. 1129 Nomina e revoca dell’amministratore	5. Dove vengono annotate la nomina e la cessazione dell'amministratore dall'ufficio?	Quando i condomini sono più di quattro, l’assemblea nomina un amministratore. Se l’assemblea non provvede, la nomina è fatta dall’autorità giudiziaria, su ricorso di uno o più condomini. L’amministratore dura in carica un anno e può essere revocato in ogni tempo dall’assemblea. Può altresì essere revocato dall’autorità giudiziaria, su ricorso di ciascun condomino, oltre che nel caso previsto dall’ultimo comma dell’art. 1131, se per due anni non ha reso il conto della sua gestione, ovvero se vi sono fondati sospetti di gravi irregolarità (att. 64). La nomina e la cessazione per qualunque causa dell’amministratore dall’ufficio sono annotate in apposito registro (att. 71).
822	Art. 1130 Attribuzioni dell’amministratore	1. Quali sono i compiti dell'amministratore riguardo le deliberazioni dell'assemblea dei condomini?	L’amministratore deve: eseguire le deliberazioni dell’assemblea dei condomini e curare l’osservanza del regolamento di condominio; disciplinare l’uso delle cose comuni e la prestazione dei servizi nell’interesse comune, in modo che ne sia assicurato il miglior godimento a tutti i condomini; riscuotere i contributi ed erogare le spese occorrenti per la manutenzione ordinaria delle parti comuni dell’edificio e per l’esercizio dei servizi comuni; compiere gli atti conservativi dei diritti inerenti alle parti comuni dell’edificio. Egli, alla fine di ciascun anno, deve rendere il conto della sua gestione.
823	Art. 1130 Attribuzioni dell’amministratore	2. In che modo l'amministratore deve disciplinare l'uso delle cose comuni?	L’amministratore deve: eseguire le deliberazioni dell’assemblea dei condomini e curare l’osservanza del regolamento di condominio; disciplinare l’uso delle cose comuni e la prestazione dei servizi nell’interesse comune, in modo che ne sia assicurato il miglior godimento a tutti i condomini; riscuotere i contributi ed erogare le spese occorrenti per la manutenzione ordinaria delle parti comuni dell’edificio e per l’esercizio dei servizi comuni; compiere gli atti conservativi dei diritti inerenti alle parti comuni dell’edificio. Egli, alla fine di ciascun anno, deve rendere il conto della sua gestione.
824	Art. 1130 Attribuzioni dell’amministratore	3. Quali responsabilità ha l'amministratore nella riscossione dei contributi condominiali?	L’amministratore deve: eseguire le deliberazioni dell’assemblea dei condomini e curare l’osservanza del regolamento di condominio; disciplinare l’uso delle cose comuni e la prestazione dei servizi nell’interesse comune, in modo che ne sia assicurato il miglior godimento a tutti i condomini; riscuotere i contributi ed erogare le spese occorrenti per la manutenzione ordinaria delle parti comuni dell’edificio e per l’esercizio dei servizi comuni; compiere gli atti conservativi dei diritti inerenti alle parti comuni dell’edificio. Egli, alla fine di ciascun anno, deve rendere il conto della sua gestione.
825	Art. 1130 Attribuzioni dell’amministratore	4. Cosa deve fare l'amministratore per garantire il miglior godimento delle cose comuni a tutti i condomini?	L’amministratore deve: eseguire le deliberazioni dell’assemblea dei condomini e curare l’osservanza del regolamento di condominio; disciplinare l’uso delle cose comuni e la prestazione dei servizi nell’interesse comune, in modo che ne sia assicurato il miglior godimento a tutti i condomini; riscuotere i contributi ed erogare le spese occorrenti per la manutenzione ordinaria delle parti comuni dell’edificio e per l’esercizio dei servizi comuni; compiere gli atti conservativi dei diritti inerenti alle parti comuni dell’edificio. Egli, alla fine di ciascun anno, deve rendere il conto della sua gestione.
826	Art. 1130 Attribuzioni dell’amministratore	5. Quali atti deve compiere l'amministratore per conservare i diritti inerenti alle parti comuni dell'edificio?	L’amministratore deve: eseguire le deliberazioni dell’assemblea dei condomini e curare l’osservanza del regolamento di condominio; disciplinare l’uso delle cose comuni e la prestazione dei servizi nell’interesse comune, in modo che ne sia assicurato il miglior godimento a tutti i condomini; riscuotere i contributi ed erogare le spese occorrenti per la manutenzione ordinaria delle parti comuni dell’edificio e per l’esercizio dei servizi comuni; compiere gli atti conservativi dei diritti inerenti alle parti comuni dell’edificio. Egli, alla fine di ciascun anno, deve rendere il conto della sua gestione.
827	Art. 1130 Attribuzioni dell’amministratore	6. Cosa è tenuto a fare l'amministratore alla fine di ciascun anno riguardo alla sua gestione?	L’amministratore deve: eseguire le deliberazioni dell’assemblea dei condomini e curare l’osservanza del regolamento di condominio; disciplinare l’uso delle cose comuni e la prestazione dei servizi nell’interesse comune, in modo che ne sia assicurato il miglior godimento a tutti i condomini; riscuotere i contributi ed erogare le spese occorrenti per la manutenzione ordinaria delle parti comuni dell’edificio e per l’esercizio dei servizi comuni; compiere gli atti conservativi dei diritti inerenti alle parti comuni dell’edificio. Egli, alla fine di ciascun anno, deve rendere il conto della sua gestione.
828	Art. 1131 Rappresentanza	1. Quali sono i limiti entro cui l'amministratore può agire in giudizio contro i condomini o i terzi?	Nei limiti delle attribuzioni stabilite dall’articolo precedente o dei maggiori poteri conferitigli dal regolamento di condominio o dall’assemblea, l’amministratore ha la rappresentanza dei partecipanti e può agire in giudizio sia contro i condomini sia contro i terzi. Può essere convenuto in giudizio per qualunque azione concernente le parti comuni dell’edificio; a lui sono notificati i provvedimenti dell’autorità amministrativa che si riferiscono allo stesso oggetto. Qualora la citazione o il provvedimento abbia un contenuto che esorbita dalle attribuzioni dell’amministratore, questi e tenuto a darne senza indugio notizia all’assemblea dei condomini. L’amministratore che non adempie a quest’obbligo può essere revocato (att. 64) ed è tenuto al risarcimento dei danni.
829	Art. 1131 Rappresentanza	2. In quali circostanze l'amministratore può essere convenuto in giudizio?	Nei limiti delle attribuzioni stabilite dall’articolo precedente o dei maggiori poteri conferitigli dal regolamento di condominio o dall’assemblea, l’amministratore ha la rappresentanza dei partecipanti e può agire in giudizio sia contro i condomini sia contro i terzi. Può essere convenuto in giudizio per qualunque azione concernente le parti comuni dell’edificio; a lui sono notificati i provvedimenti dell’autorità amministrativa che si riferiscono allo stesso oggetto. Qualora la citazione o il provvedimento abbia un contenuto che esorbita dalle attribuzioni dell’amministratore, questi e tenuto a darne senza indugio notizia all’assemblea dei condomini. L’amministratore che non adempie a quest’obbligo può essere revocato (att. 64) ed è tenuto al risarcimento dei danni.
830	Art. 1131 Rappresentanza	3. Cosa deve fare l'amministratore se riceve una citazione o un provvedimento che esorbita dalle sue attribuzioni?	Nei limiti delle attribuzioni stabilite dall’articolo precedente o dei maggiori poteri conferitigli dal regolamento di condominio o dall’assemblea, l’amministratore ha la rappresentanza dei partecipanti e può agire in giudizio sia contro i condomini sia contro i terzi. Può essere convenuto in giudizio per qualunque azione concernente le parti comuni dell’edificio; a lui sono notificati i provvedimenti dell’autorità amministrativa che si riferiscono allo stesso oggetto. Qualora la citazione o il provvedimento abbia un contenuto che esorbita dalle attribuzioni dell’amministratore, questi e tenuto a darne senza indugio notizia all’assemblea dei condomini. L’amministratore che non adempie a quest’obbligo può essere revocato (att. 64) ed è tenuto al risarcimento dei danni.
831	Art. 1131 Rappresentanza	4. Quali sono le conseguenze per l'amministratore che non informa l'assemblea dei condomini di una citazione o provvedimento eccedente le sue attribuzioni?	Nei limiti delle attribuzioni stabilite dall’articolo precedente o dei maggiori poteri conferitigli dal regolamento di condominio o dall’assemblea, l’amministratore ha la rappresentanza dei partecipanti e può agire in giudizio sia contro i condomini sia contro i terzi. Può essere convenuto in giudizio per qualunque azione concernente le parti comuni dell’edificio; a lui sono notificati i provvedimenti dell’autorità amministrativa che si riferiscono allo stesso oggetto. Qualora la citazione o il provvedimento abbia un contenuto che esorbita dalle attribuzioni dell’amministratore, questi e tenuto a darne senza indugio notizia all’assemblea dei condomini. L’amministratore che non adempie a quest’obbligo può essere revocato (att. 64) ed è tenuto al risarcimento dei danni.
832	Art. 1131 Rappresentanza	5. Quali poteri può conferire il regolamento di condominio o l'assemblea all'amministratore oltre a quelli stabiliti dall'articolo precedente?	Nei limiti delle attribuzioni stabilite dall’articolo precedente o dei maggiori poteri conferitigli dal regolamento di condominio o dall’assemblea, l’amministratore ha la rappresentanza dei partecipanti e può agire in giudizio sia contro i condomini sia contro i terzi. Può essere convenuto in giudizio per qualunque azione concernente le parti comuni dell’edificio; a lui sono notificati i provvedimenti dell’autorità amministrativa che si riferiscono allo stesso oggetto. Qualora la citazione o il provvedimento abbia un contenuto che esorbita dalle attribuzioni dell’amministratore, questi e tenuto a darne senza indugio notizia all’assemblea dei condomini. L’amministratore che non adempie a quest’obbligo può essere revocato (att. 64) ed è tenuto al risarcimento dei danni.
833	Art. 1132 Dissenso dei condomini rispetto alle liti	1. Quali sono i diritti del condomino dissenziente in caso di soccombenza nella lite promossa dall'assemblea dei condomini?	Qualora l’assemblea dei condomini abbia deliberato di promuovere una lite o di resistere a una domanda, il condomino dissenziente, con atto notificato all’amministratore, può separare la propria responsabilità in ordine alle conseguenze della lite per il caso di soccombenza. L’atto deve essere notificato entro trenta giorni da quello in cui il condomino ha avuto notizia della deliberazione. Il condomino dissenziente ha diritto di rivalsa per ciò che abbia dovuto pagare alla parte vittoriosa. Se l’esito della lite è stato favorevole al condominio, il condomino dissenziente che ne abbia tratto vantaggio è tenuto a concorrere nelle spese del giudizio che non sia stato possibile ripetere dalla parte soccombente.
834	Art. 1132 Dissenso dei condomini rispetto alle liti	2. Entro quanti giorni il condomino dissenziente deve notificare all’amministratore la separazione della propria responsabilità?	Qualora l’assemblea dei condomini abbia deliberato di promuovere una lite o di resistere a una domanda, il condomino dissenziente, con atto notificato all’amministratore, può separare la propria responsabilità in ordine alle conseguenze della lite per il caso di soccombenza. L’atto deve essere notificato entro trenta giorni da quello in cui il condomino ha avuto notizia della deliberazione. Il condomino dissenziente ha diritto di rivalsa per ciò che abbia dovuto pagare alla parte vittoriosa. Se l’esito della lite è stato favorevole al condominio, il condomino dissenziente che ne abbia tratto vantaggio è tenuto a concorrere nelle spese del giudizio che non sia stato possibile ripetere dalla parte soccombente.
835	Art. 1132 Dissenso dei condomini rispetto alle liti	3. Cosa accade se l'esito della lite è favorevole al condominio e il condomino dissenziente ne trae vantaggio?	Qualora l’assemblea dei condomini abbia deliberato di promuovere una lite o di resistere a una domanda, il condomino dissenziente, con atto notificato all’amministratore, può separare la propria responsabilità in ordine alle conseguenze della lite per il caso di soccombenza. L’atto deve essere notificato entro trenta giorni da quello in cui il condomino ha avuto notizia della deliberazione. Il condomino dissenziente ha diritto di rivalsa per ciò che abbia dovuto pagare alla parte vittoriosa. Se l’esito della lite è stato favorevole al condominio, il condomino dissenziente che ne abbia tratto vantaggio è tenuto a concorrere nelle spese del giudizio che non sia stato possibile ripetere dalla parte soccombente.
836	Art. 1132 Dissenso dei condomini rispetto alle liti	4. In che modo il condomino dissenziente può separare la propria responsabilità dalle conseguenze della lite deliberata dall'assemblea dei condomini?	Qualora l’assemblea dei condomini abbia deliberato di promuovere una lite o di resistere a una domanda, il condomino dissenziente, con atto notificato all’amministratore, può separare la propria responsabilità in ordine alle conseguenze della lite per il caso di soccombenza. L’atto deve essere notificato entro trenta giorni da quello in cui il condomino ha avuto notizia della deliberazione. Il condomino dissenziente ha diritto di rivalsa per ciò che abbia dovuto pagare alla parte vittoriosa. Se l’esito della lite è stato favorevole al condominio, il condomino dissenziente che ne abbia tratto vantaggio è tenuto a concorrere nelle spese del giudizio che non sia stato possibile ripetere dalla parte soccombente.
837	Art. 1133 Provvedimenti presi dall’amministratore	1. Quali sono le opzioni di ricorso disponibili per i condomini contro i provvedimenti dell'amministratore?	I provvedimenti presi dall’amministratore nell’ambito dei suoi poteri sono obbligatori per i condomini. Contro i provvedimenti dell’amministratore e ammesso ricorso all’assemblea, senza pregiudizio del ricorso all’autorità giudiziaria nei casi e nel termine previsti dall’art. 1137.
838	Art. 1133 Provvedimenti presi dall’amministratore	2. In quali casi e termini è possibile ricorrere all'autorità giudiziaria contro i provvedimenti dell'amministratore secondo l'art. 1137?	I provvedimenti presi dall’amministratore nell’ambito dei suoi poteri sono obbligatori per i condomini. Contro i provvedimenti dell’amministratore e ammesso ricorso all’assemblea, senza pregiudizio del ricorso all’autorità giudiziaria nei casi e nel termine previsti dall’art. 1137.
839	Art. 1134 Spese fatte dal condomino	1. In quali circostanze un condomino può ottenere il rimborso per spese effettuate senza autorizzazione dell'amministratore o dell'assemblea?	Il condomino che ha fatto spese per le cose comuni senza autorizzazione dell’amministratore o dell’assemblea non ha diritto al rimborso, salvo che si tratti di spesa urgente.
840	Art. 1135 Attribuzioni dell’assemblea dei condomini	1. Quali sono le responsabilità dell'assemblea dei condomini riguardo alla conferma dell'amministratore?	Oltre a quanto e stabilito dagli articoli precedenti, l’assemblea dei condomini provvede (att. 66): alla conferma dell’amministratore e dell’eventuale sua retribuzione; all’approvazione del preventivo delle spese occorrenti durante l’anno e alla relativa ripartizione tra i condomini; all’approvazione del rendiconto annuale dell’amministratore e all’impiego del residuo attivo della gestione; alle opere di manutenzione straordinaria, costituendo, se occorre, un fondo speciale. L’amministratore non può ordinare lavori di manutenzione straordinaria, salvo che rivestano carattere urgente, ma in questo caso deve riferirne nella prima assemblea.
841	Art. 1135 Attribuzioni dell’assemblea dei condomini	2. Cosa deve approvare l'assemblea dei condomini in merito alle spese annuali?	Oltre a quanto e stabilito dagli articoli precedenti, l’assemblea dei condomini provvede (att. 66): alla conferma dell’amministratore e dell’eventuale sua retribuzione; all’approvazione del preventivo delle spese occorrenti durante l’anno e alla relativa ripartizione tra i condomini; all’approvazione del rendiconto annuale dell’amministratore e all’impiego del residuo attivo della gestione; alle opere di manutenzione straordinaria, costituendo, se occorre, un fondo speciale. L’amministratore non può ordinare lavori di manutenzione straordinaria, salvo che rivestano carattere urgente, ma in questo caso deve riferirne nella prima assemblea.
842	Art. 1135 Attribuzioni dell’assemblea dei condomini	3. Qual è il ruolo dell'assemblea dei condomini nell'approvazione del rendiconto annuale dell'amministratore?	Oltre a quanto e stabilito dagli articoli precedenti, l’assemblea dei condomini provvede (att. 66): alla conferma dell’amministratore e dell’eventuale sua retribuzione; all’approvazione del preventivo delle spese occorrenti durante l’anno e alla relativa ripartizione tra i condomini; all’approvazione del rendiconto annuale dell’amministratore e all’impiego del residuo attivo della gestione; alle opere di manutenzione straordinaria, costituendo, se occorre, un fondo speciale. L’amministratore non può ordinare lavori di manutenzione straordinaria, salvo che rivestano carattere urgente, ma in questo caso deve riferirne nella prima assemblea.
843	Art. 1135 Attribuzioni dell’assemblea dei condomini	4. In quali circostanze l'amministratore può ordinare lavori di manutenzione straordinaria senza l'approvazione preventiva dell'assemblea?	Oltre a quanto e stabilito dagli articoli precedenti, l’assemblea dei condomini provvede (att. 66): alla conferma dell’amministratore e dell’eventuale sua retribuzione; all’approvazione del preventivo delle spese occorrenti durante l’anno e alla relativa ripartizione tra i condomini; all’approvazione del rendiconto annuale dell’amministratore e all’impiego del residuo attivo della gestione; alle opere di manutenzione straordinaria, costituendo, se occorre, un fondo speciale. L’amministratore non può ordinare lavori di manutenzione straordinaria, salvo che rivestano carattere urgente, ma in questo caso deve riferirne nella prima assemblea.
844	Art. 1135 Attribuzioni dell’assemblea dei condomini	5. Cosa deve fare l'amministratore se ordina lavori di manutenzione straordinaria urgenti?	Oltre a quanto e stabilito dagli articoli precedenti, l’assemblea dei condomini provvede (att. 66): alla conferma dell’amministratore e dell’eventuale sua retribuzione; all’approvazione del preventivo delle spese occorrenti durante l’anno e alla relativa ripartizione tra i condomini; all’approvazione del rendiconto annuale dell’amministratore e all’impiego del residuo attivo della gestione; alle opere di manutenzione straordinaria, costituendo, se occorre, un fondo speciale. L’amministratore non può ordinare lavori di manutenzione straordinaria, salvo che rivestano carattere urgente, ma in questo caso deve riferirne nella prima assemblea.
845	Art. 1135 Attribuzioni dell’assemblea dei condomini	6. Quali azioni può intraprendere l'assemblea dei condomini riguardo alle opere di manutenzione straordinaria?	Oltre a quanto e stabilito dagli articoli precedenti, l’assemblea dei condomini provvede (att. 66): alla conferma dell’amministratore e dell’eventuale sua retribuzione; all’approvazione del preventivo delle spese occorrenti durante l’anno e alla relativa ripartizione tra i condomini; all’approvazione del rendiconto annuale dell’amministratore e all’impiego del residuo attivo della gestione; alle opere di manutenzione straordinaria, costituendo, se occorre, un fondo speciale. L’amministratore non può ordinare lavori di manutenzione straordinaria, salvo che rivestano carattere urgente, ma in questo caso deve riferirne nella prima assemblea.
846	Art. 1136 Costituzione dell’assemblea e validità delle deliberazioni	1. Qual è il quorum necessario per costituire regolarmente l'assemblea condominiale?	L’assemblea è regolarmente costituita con l’intervento di tanti condomini che rappresentino i due terzi del valore dell’intero edificio e i due terzi dei partecipanti al condominio (att. 67 e seguenti). Sono valide le deliberazioni approvate con un numero di voti che rappresenti la maggioranza degli intervenuti e almeno la metà del valore dell’edificio. Se l’assemblea non può deliberare per mancanza di numero, l’assemblea di seconda convocazione delibera in un giorno successivo a quello della prima e in ogni caso, non oltre dieci giorni dalla medesima; la deliberazione è valida se riporta un numero di voti che rappresenti il terzo dei partecipanti al condominio e almeno un terzo del valore dell’edificio. Le deliberazioni che concernono la nomina e la revoca dell’amministratore o le liti attive e passive relative a materie che esorbitano dalle attribuzioni dell’amministratore medesimo, nonché le deliberazioni che concernono la ricostruzione dell’edificio o riparazioni straordinarie di notevole entità devono essere sempre prese con la maggioranza stabilita dal secondo comma. Le deliberazioni che hanno per oggetto le innovazioni previste dal primo comma dell’art. 1120 devono essere sempre approvate con un numero di voti che rappresenti la maggioranza dei partecipanti al condominio e i due terzi del valore dell’edificio. L’assemblea non può deliberare, se non consta che tutti i condomini sono stati invitati alla riunione. Delle deliberazioni dell’assemblea si redige processo verbale da trascriversi in un registro tenuto dall’amministratore. NOTE Deroghe alle maggioranze previste dagli artt. 1120 e 1136 sono previste nelle seguenti leggi: legge 9 gennaio 1989 n. 13, art. 2 (eliminazione delle barriere architettoniche); legge 24 marzo 1989 n. 122, art. 9 (realizzazione dei parcheggi nei condomini); legge 2 gennaio 1991 n 10, art. 26 (contenimento dei consumi energetici); legge 17 febbraio 1992 n. 127, art 15 (recupero del patrimonio edilizio).
847	Art. 1136 Costituzione dell’assemblea e validità delle deliberazioni	2. Quali sono i requisiti di validità delle deliberazioni approvate in assemblea?	L’assemblea è regolarmente costituita con l’intervento di tanti condomini che rappresentino i due terzi del valore dell’intero edificio e i due terzi dei partecipanti al condominio (att. 67 e seguenti). Sono valide le deliberazioni approvate con un numero di voti che rappresenti la maggioranza degli intervenuti e almeno la metà del valore dell’edificio. Se l’assemblea non può deliberare per mancanza di numero, l’assemblea di seconda convocazione delibera in un giorno successivo a quello della prima e in ogni caso, non oltre dieci giorni dalla medesima; la deliberazione è valida se riporta un numero di voti che rappresenti il terzo dei partecipanti al condominio e almeno un terzo del valore dell’edificio. Le deliberazioni che concernono la nomina e la revoca dell’amministratore o le liti attive e passive relative a materie che esorbitano dalle attribuzioni dell’amministratore medesimo, nonché le deliberazioni che concernono la ricostruzione dell’edificio o riparazioni straordinarie di notevole entità devono essere sempre prese con la maggioranza stabilita dal secondo comma. Le deliberazioni che hanno per oggetto le innovazioni previste dal primo comma dell’art. 1120 devono essere sempre approvate con un numero di voti che rappresenti la maggioranza dei partecipanti al condominio e i due terzi del valore dell’edificio. L’assemblea non può deliberare, se non consta che tutti i condomini sono stati invitati alla riunione. Delle deliberazioni dell’assemblea si redige processo verbale da trascriversi in un registro tenuto dall’amministratore. NOTE Deroghe alle maggioranze previste dagli artt. 1120 e 1136 sono previste nelle seguenti leggi: legge 9 gennaio 1989 n. 13, art. 2 (eliminazione delle barriere architettoniche); legge 24 marzo 1989 n. 122, art. 9 (realizzazione dei parcheggi nei condomini); legge 2 gennaio 1991 n 10, art. 26 (contenimento dei consumi energetici); legge 17 febbraio 1992 n. 127, art 15 (recupero del patrimonio edilizio).
848	Art. 1136 Costituzione dell’assemblea e validità delle deliberazioni	3. Cosa accade se l'assemblea non può deliberare per mancanza di numero?	L’assemblea è regolarmente costituita con l’intervento di tanti condomini che rappresentino i due terzi del valore dell’intero edificio e i due terzi dei partecipanti al condominio (att. 67 e seguenti). Sono valide le deliberazioni approvate con un numero di voti che rappresenti la maggioranza degli intervenuti e almeno la metà del valore dell’edificio. Se l’assemblea non può deliberare per mancanza di numero, l’assemblea di seconda convocazione delibera in un giorno successivo a quello della prima e in ogni caso, non oltre dieci giorni dalla medesima; la deliberazione è valida se riporta un numero di voti che rappresenti il terzo dei partecipanti al condominio e almeno un terzo del valore dell’edificio. Le deliberazioni che concernono la nomina e la revoca dell’amministratore o le liti attive e passive relative a materie che esorbitano dalle attribuzioni dell’amministratore medesimo, nonché le deliberazioni che concernono la ricostruzione dell’edificio o riparazioni straordinarie di notevole entità devono essere sempre prese con la maggioranza stabilita dal secondo comma. Le deliberazioni che hanno per oggetto le innovazioni previste dal primo comma dell’art. 1120 devono essere sempre approvate con un numero di voti che rappresenti la maggioranza dei partecipanti al condominio e i due terzi del valore dell’edificio. L’assemblea non può deliberare, se non consta che tutti i condomini sono stati invitati alla riunione. Delle deliberazioni dell’assemblea si redige processo verbale da trascriversi in un registro tenuto dall’amministratore. NOTE Deroghe alle maggioranze previste dagli artt. 1120 e 1136 sono previste nelle seguenti leggi: legge 9 gennaio 1989 n. 13, art. 2 (eliminazione delle barriere architettoniche); legge 24 marzo 1989 n. 122, art. 9 (realizzazione dei parcheggi nei condomini); legge 2 gennaio 1991 n 10, art. 26 (contenimento dei consumi energetici); legge 17 febbraio 1992 n. 127, art 15 (recupero del patrimonio edilizio).
849	Art. 1136 Costituzione dell’assemblea e validità delle deliberazioni	4. Entro quanti giorni deve essere convocata l'assemblea di seconda convocazione?	L’assemblea è regolarmente costituita con l’intervento di tanti condomini che rappresentino i due terzi del valore dell’intero edificio e i due terzi dei partecipanti al condominio (att. 67 e seguenti). Sono valide le deliberazioni approvate con un numero di voti che rappresenti la maggioranza degli intervenuti e almeno la metà del valore dell’edificio. Se l’assemblea non può deliberare per mancanza di numero, l’assemblea di seconda convocazione delibera in un giorno successivo a quello della prima e in ogni caso, non oltre dieci giorni dalla medesima; la deliberazione è valida se riporta un numero di voti che rappresenti il terzo dei partecipanti al condominio e almeno un terzo del valore dell’edificio. Le deliberazioni che concernono la nomina e la revoca dell’amministratore o le liti attive e passive relative a materie che esorbitano dalle attribuzioni dell’amministratore medesimo, nonché le deliberazioni che concernono la ricostruzione dell’edificio o riparazioni straordinarie di notevole entità devono essere sempre prese con la maggioranza stabilita dal secondo comma. Le deliberazioni che hanno per oggetto le innovazioni previste dal primo comma dell’art. 1120 devono essere sempre approvate con un numero di voti che rappresenti la maggioranza dei partecipanti al condominio e i due terzi del valore dell’edificio. L’assemblea non può deliberare, se non consta che tutti i condomini sono stati invitati alla riunione. Delle deliberazioni dell’assemblea si redige processo verbale da trascriversi in un registro tenuto dall’amministratore. NOTE Deroghe alle maggioranze previste dagli artt. 1120 e 1136 sono previste nelle seguenti leggi: legge 9 gennaio 1989 n. 13, art. 2 (eliminazione delle barriere architettoniche); legge 24 marzo 1989 n. 122, art. 9 (realizzazione dei parcheggi nei condomini); legge 2 gennaio 1991 n 10, art. 26 (contenimento dei consumi energetici); legge 17 febbraio 1992 n. 127, art 15 (recupero del patrimonio edilizio).
850	Art. 1136 Costituzione dell’assemblea e validità delle deliberazioni	5. Qual è il quorum richiesto per la validità delle deliberazioni in seconda convocazione?	L’assemblea è regolarmente costituita con l’intervento di tanti condomini che rappresentino i due terzi del valore dell’intero edificio e i due terzi dei partecipanti al condominio (att. 67 e seguenti). Sono valide le deliberazioni approvate con un numero di voti che rappresenti la maggioranza degli intervenuti e almeno la metà del valore dell’edificio. Se l’assemblea non può deliberare per mancanza di numero, l’assemblea di seconda convocazione delibera in un giorno successivo a quello della prima e in ogni caso, non oltre dieci giorni dalla medesima; la deliberazione è valida se riporta un numero di voti che rappresenti il terzo dei partecipanti al condominio e almeno un terzo del valore dell’edificio. Le deliberazioni che concernono la nomina e la revoca dell’amministratore o le liti attive e passive relative a materie che esorbitano dalle attribuzioni dell’amministratore medesimo, nonché le deliberazioni che concernono la ricostruzione dell’edificio o riparazioni straordinarie di notevole entità devono essere sempre prese con la maggioranza stabilita dal secondo comma. Le deliberazioni che hanno per oggetto le innovazioni previste dal primo comma dell’art. 1120 devono essere sempre approvate con un numero di voti che rappresenti la maggioranza dei partecipanti al condominio e i due terzi del valore dell’edificio. L’assemblea non può deliberare, se non consta che tutti i condomini sono stati invitati alla riunione. Delle deliberazioni dell’assemblea si redige processo verbale da trascriversi in un registro tenuto dall’amministratore. NOTE Deroghe alle maggioranze previste dagli artt. 1120 e 1136 sono previste nelle seguenti leggi: legge 9 gennaio 1989 n. 13, art. 2 (eliminazione delle barriere architettoniche); legge 24 marzo 1989 n. 122, art. 9 (realizzazione dei parcheggi nei condomini); legge 2 gennaio 1991 n 10, art. 26 (contenimento dei consumi energetici); legge 17 febbraio 1992 n. 127, art 15 (recupero del patrimonio edilizio).
851	Art. 1136 Costituzione dell’assemblea e validità delle deliberazioni	6. Quali deliberazioni richiedono la maggioranza stabilita dal secondo comma?	L’assemblea è regolarmente costituita con l’intervento di tanti condomini che rappresentino i due terzi del valore dell’intero edificio e i due terzi dei partecipanti al condominio (att. 67 e seguenti). Sono valide le deliberazioni approvate con un numero di voti che rappresenti la maggioranza degli intervenuti e almeno la metà del valore dell’edificio. Se l’assemblea non può deliberare per mancanza di numero, l’assemblea di seconda convocazione delibera in un giorno successivo a quello della prima e in ogni caso, non oltre dieci giorni dalla medesima; la deliberazione è valida se riporta un numero di voti che rappresenti il terzo dei partecipanti al condominio e almeno un terzo del valore dell’edificio. Le deliberazioni che concernono la nomina e la revoca dell’amministratore o le liti attive e passive relative a materie che esorbitano dalle attribuzioni dell’amministratore medesimo, nonché le deliberazioni che concernono la ricostruzione dell’edificio o riparazioni straordinarie di notevole entità devono essere sempre prese con la maggioranza stabilita dal secondo comma. Le deliberazioni che hanno per oggetto le innovazioni previste dal primo comma dell’art. 1120 devono essere sempre approvate con un numero di voti che rappresenti la maggioranza dei partecipanti al condominio e i due terzi del valore dell’edificio. L’assemblea non può deliberare, se non consta che tutti i condomini sono stati invitati alla riunione. Delle deliberazioni dell’assemblea si redige processo verbale da trascriversi in un registro tenuto dall’amministratore. NOTE Deroghe alle maggioranze previste dagli artt. 1120 e 1136 sono previste nelle seguenti leggi: legge 9 gennaio 1989 n. 13, art. 2 (eliminazione delle barriere architettoniche); legge 24 marzo 1989 n. 122, art. 9 (realizzazione dei parcheggi nei condomini); legge 2 gennaio 1991 n 10, art. 26 (contenimento dei consumi energetici); legge 17 febbraio 1992 n. 127, art 15 (recupero del patrimonio edilizio).
852	Art. 1136 Costituzione dell’assemblea e validità delle deliberazioni	7. Qual è il quorum necessario per approvare le innovazioni previste dall'art. 1120?	L’assemblea è regolarmente costituita con l’intervento di tanti condomini che rappresentino i due terzi del valore dell’intero edificio e i due terzi dei partecipanti al condominio (att. 67 e seguenti). Sono valide le deliberazioni approvate con un numero di voti che rappresenti la maggioranza degli intervenuti e almeno la metà del valore dell’edificio. Se l’assemblea non può deliberare per mancanza di numero, l’assemblea di seconda convocazione delibera in un giorno successivo a quello della prima e in ogni caso, non oltre dieci giorni dalla medesima; la deliberazione è valida se riporta un numero di voti che rappresenti il terzo dei partecipanti al condominio e almeno un terzo del valore dell’edificio. Le deliberazioni che concernono la nomina e la revoca dell’amministratore o le liti attive e passive relative a materie che esorbitano dalle attribuzioni dell’amministratore medesimo, nonché le deliberazioni che concernono la ricostruzione dell’edificio o riparazioni straordinarie di notevole entità devono essere sempre prese con la maggioranza stabilita dal secondo comma. Le deliberazioni che hanno per oggetto le innovazioni previste dal primo comma dell’art. 1120 devono essere sempre approvate con un numero di voti che rappresenti la maggioranza dei partecipanti al condominio e i due terzi del valore dell’edificio. L’assemblea non può deliberare, se non consta che tutti i condomini sono stati invitati alla riunione. Delle deliberazioni dell’assemblea si redige processo verbale da trascriversi in un registro tenuto dall’amministratore. NOTE Deroghe alle maggioranze previste dagli artt. 1120 e 1136 sono previste nelle seguenti leggi: legge 9 gennaio 1989 n. 13, art. 2 (eliminazione delle barriere architettoniche); legge 24 marzo 1989 n. 122, art. 9 (realizzazione dei parcheggi nei condomini); legge 2 gennaio 1991 n 10, art. 26 (contenimento dei consumi energetici); legge 17 febbraio 1992 n. 127, art 15 (recupero del patrimonio edilizio).
853	Art. 1136 Costituzione dell’assemblea e validità delle deliberazioni	8. Cosa è necessario affinché l'assemblea possa deliberare?	L’assemblea è regolarmente costituita con l’intervento di tanti condomini che rappresentino i due terzi del valore dell’intero edificio e i due terzi dei partecipanti al condominio (att. 67 e seguenti). Sono valide le deliberazioni approvate con un numero di voti che rappresenti la maggioranza degli intervenuti e almeno la metà del valore dell’edificio. Se l’assemblea non può deliberare per mancanza di numero, l’assemblea di seconda convocazione delibera in un giorno successivo a quello della prima e in ogni caso, non oltre dieci giorni dalla medesima; la deliberazione è valida se riporta un numero di voti che rappresenti il terzo dei partecipanti al condominio e almeno un terzo del valore dell’edificio. Le deliberazioni che concernono la nomina e la revoca dell’amministratore o le liti attive e passive relative a materie che esorbitano dalle attribuzioni dell’amministratore medesimo, nonché le deliberazioni che concernono la ricostruzione dell’edificio o riparazioni straordinarie di notevole entità devono essere sempre prese con la maggioranza stabilita dal secondo comma. Le deliberazioni che hanno per oggetto le innovazioni previste dal primo comma dell’art. 1120 devono essere sempre approvate con un numero di voti che rappresenti la maggioranza dei partecipanti al condominio e i due terzi del valore dell’edificio. L’assemblea non può deliberare, se non consta che tutti i condomini sono stati invitati alla riunione. Delle deliberazioni dell’assemblea si redige processo verbale da trascriversi in un registro tenuto dall’amministratore. NOTE Deroghe alle maggioranze previste dagli artt. 1120 e 1136 sono previste nelle seguenti leggi: legge 9 gennaio 1989 n. 13, art. 2 (eliminazione delle barriere architettoniche); legge 24 marzo 1989 n. 122, art. 9 (realizzazione dei parcheggi nei condomini); legge 2 gennaio 1991 n 10, art. 26 (contenimento dei consumi energetici); legge 17 febbraio 1992 n. 127, art 15 (recupero del patrimonio edilizio).
854	Art. 1136 Costituzione dell’assemblea e validità delle deliberazioni	9. Dove vengono trascritte le deliberazioni dell'assemblea?	L’assemblea è regolarmente costituita con l’intervento di tanti condomini che rappresentino i due terzi del valore dell’intero edificio e i due terzi dei partecipanti al condominio (att. 67 e seguenti). Sono valide le deliberazioni approvate con un numero di voti che rappresenti la maggioranza degli intervenuti e almeno la metà del valore dell’edificio. Se l’assemblea non può deliberare per mancanza di numero, l’assemblea di seconda convocazione delibera in un giorno successivo a quello della prima e in ogni caso, non oltre dieci giorni dalla medesima; la deliberazione è valida se riporta un numero di voti che rappresenti il terzo dei partecipanti al condominio e almeno un terzo del valore dell’edificio. Le deliberazioni che concernono la nomina e la revoca dell’amministratore o le liti attive e passive relative a materie che esorbitano dalle attribuzioni dell’amministratore medesimo, nonché le deliberazioni che concernono la ricostruzione dell’edificio o riparazioni straordinarie di notevole entità devono essere sempre prese con la maggioranza stabilita dal secondo comma. Le deliberazioni che hanno per oggetto le innovazioni previste dal primo comma dell’art. 1120 devono essere sempre approvate con un numero di voti che rappresenti la maggioranza dei partecipanti al condominio e i due terzi del valore dell’edificio. L’assemblea non può deliberare, se non consta che tutti i condomini sono stati invitati alla riunione. Delle deliberazioni dell’assemblea si redige processo verbale da trascriversi in un registro tenuto dall’amministratore. NOTE Deroghe alle maggioranze previste dagli artt. 1120 e 1136 sono previste nelle seguenti leggi: legge 9 gennaio 1989 n. 13, art. 2 (eliminazione delle barriere architettoniche); legge 24 marzo 1989 n. 122, art. 9 (realizzazione dei parcheggi nei condomini); legge 2 gennaio 1991 n 10, art. 26 (contenimento dei consumi energetici); legge 17 febbraio 1992 n. 127, art 15 (recupero del patrimonio edilizio).
855	Art. 1136 Costituzione dell’assemblea e validità delle deliberazioni	10. Quali leggi prevedono deroghe alle maggioranze stabilite dagli artt. 1120 e 1136?	L’assemblea è regolarmente costituita con l’intervento di tanti condomini che rappresentino i due terzi del valore dell’intero edificio e i due terzi dei partecipanti al condominio (att. 67 e seguenti). Sono valide le deliberazioni approvate con un numero di voti che rappresenti la maggioranza degli intervenuti e almeno la metà del valore dell’edificio. Se l’assemblea non può deliberare per mancanza di numero, l’assemblea di seconda convocazione delibera in un giorno successivo a quello della prima e in ogni caso, non oltre dieci giorni dalla medesima; la deliberazione è valida se riporta un numero di voti che rappresenti il terzo dei partecipanti al condominio e almeno un terzo del valore dell’edificio. Le deliberazioni che concernono la nomina e la revoca dell’amministratore o le liti attive e passive relative a materie che esorbitano dalle attribuzioni dell’amministratore medesimo, nonché le deliberazioni che concernono la ricostruzione dell’edificio o riparazioni straordinarie di notevole entità devono essere sempre prese con la maggioranza stabilita dal secondo comma. Le deliberazioni che hanno per oggetto le innovazioni previste dal primo comma dell’art. 1120 devono essere sempre approvate con un numero di voti che rappresenti la maggioranza dei partecipanti al condominio e i due terzi del valore dell’edificio. L’assemblea non può deliberare, se non consta che tutti i condomini sono stati invitati alla riunione. Delle deliberazioni dell’assemblea si redige processo verbale da trascriversi in un registro tenuto dall’amministratore. NOTE Deroghe alle maggioranze previste dagli artt. 1120 e 1136 sono previste nelle seguenti leggi: legge 9 gennaio 1989 n. 13, art. 2 (eliminazione delle barriere architettoniche); legge 24 marzo 1989 n. 122, art. 9 (realizzazione dei parcheggi nei condomini); legge 2 gennaio 1991 n 10, art. 26 (contenimento dei consumi energetici); legge 17 febbraio 1992 n. 127, art 15 (recupero del patrimonio edilizio).
856	Art. 1136 Costituzione dell’assemblea e validità delle deliberazioni	11. Qual è l'articolo di legge che riguarda l'eliminazione delle barriere architettoniche?	L’assemblea è regolarmente costituita con l’intervento di tanti condomini che rappresentino i due terzi del valore dell’intero edificio e i due terzi dei partecipanti al condominio (att. 67 e seguenti). Sono valide le deliberazioni approvate con un numero di voti che rappresenti la maggioranza degli intervenuti e almeno la metà del valore dell’edificio. Se l’assemblea non può deliberare per mancanza di numero, l’assemblea di seconda convocazione delibera in un giorno successivo a quello della prima e in ogni caso, non oltre dieci giorni dalla medesima; la deliberazione è valida se riporta un numero di voti che rappresenti il terzo dei partecipanti al condominio e almeno un terzo del valore dell’edificio. Le deliberazioni che concernono la nomina e la revoca dell’amministratore o le liti attive e passive relative a materie che esorbitano dalle attribuzioni dell’amministratore medesimo, nonché le deliberazioni che concernono la ricostruzione dell’edificio o riparazioni straordinarie di notevole entità devono essere sempre prese con la maggioranza stabilita dal secondo comma. Le deliberazioni che hanno per oggetto le innovazioni previste dal primo comma dell’art. 1120 devono essere sempre approvate con un numero di voti che rappresenti la maggioranza dei partecipanti al condominio e i due terzi del valore dell’edificio. L’assemblea non può deliberare, se non consta che tutti i condomini sono stati invitati alla riunione. Delle deliberazioni dell’assemblea si redige processo verbale da trascriversi in un registro tenuto dall’amministratore. NOTE Deroghe alle maggioranze previste dagli artt. 1120 e 1136 sono previste nelle seguenti leggi: legge 9 gennaio 1989 n. 13, art. 2 (eliminazione delle barriere architettoniche); legge 24 marzo 1989 n. 122, art. 9 (realizzazione dei parcheggi nei condomini); legge 2 gennaio 1991 n 10, art. 26 (contenimento dei consumi energetici); legge 17 febbraio 1992 n. 127, art 15 (recupero del patrimonio edilizio).
857	Art. 1136 Costituzione dell’assemblea e validità delle deliberazioni	12. Quale legge disciplina la realizzazione dei parcheggi nei condomini?	L’assemblea è regolarmente costituita con l’intervento di tanti condomini che rappresentino i due terzi del valore dell’intero edificio e i due terzi dei partecipanti al condominio (att. 67 e seguenti). Sono valide le deliberazioni approvate con un numero di voti che rappresenti la maggioranza degli intervenuti e almeno la metà del valore dell’edificio. Se l’assemblea non può deliberare per mancanza di numero, l’assemblea di seconda convocazione delibera in un giorno successivo a quello della prima e in ogni caso, non oltre dieci giorni dalla medesima; la deliberazione è valida se riporta un numero di voti che rappresenti il terzo dei partecipanti al condominio e almeno un terzo del valore dell’edificio. Le deliberazioni che concernono la nomina e la revoca dell’amministratore o le liti attive e passive relative a materie che esorbitano dalle attribuzioni dell’amministratore medesimo, nonché le deliberazioni che concernono la ricostruzione dell’edificio o riparazioni straordinarie di notevole entità devono essere sempre prese con la maggioranza stabilita dal secondo comma. Le deliberazioni che hanno per oggetto le innovazioni previste dal primo comma dell’art. 1120 devono essere sempre approvate con un numero di voti che rappresenti la maggioranza dei partecipanti al condominio e i due terzi del valore dell’edificio. L’assemblea non può deliberare, se non consta che tutti i condomini sono stati invitati alla riunione. Delle deliberazioni dell’assemblea si redige processo verbale da trascriversi in un registro tenuto dall’amministratore. NOTE Deroghe alle maggioranze previste dagli artt. 1120 e 1136 sono previste nelle seguenti leggi: legge 9 gennaio 1989 n. 13, art. 2 (eliminazione delle barriere architettoniche); legge 24 marzo 1989 n. 122, art. 9 (realizzazione dei parcheggi nei condomini); legge 2 gennaio 1991 n 10, art. 26 (contenimento dei consumi energetici); legge 17 febbraio 1992 n. 127, art 15 (recupero del patrimonio edilizio).
858	Art. 1136 Costituzione dell’assemblea e validità delle deliberazioni	13. Qual è l'articolo di legge che si occupa del contenimento dei consumi energetici?	L’assemblea è regolarmente costituita con l’intervento di tanti condomini che rappresentino i due terzi del valore dell’intero edificio e i due terzi dei partecipanti al condominio (att. 67 e seguenti). Sono valide le deliberazioni approvate con un numero di voti che rappresenti la maggioranza degli intervenuti e almeno la metà del valore dell’edificio. Se l’assemblea non può deliberare per mancanza di numero, l’assemblea di seconda convocazione delibera in un giorno successivo a quello della prima e in ogni caso, non oltre dieci giorni dalla medesima; la deliberazione è valida se riporta un numero di voti che rappresenti il terzo dei partecipanti al condominio e almeno un terzo del valore dell’edificio. Le deliberazioni che concernono la nomina e la revoca dell’amministratore o le liti attive e passive relative a materie che esorbitano dalle attribuzioni dell’amministratore medesimo, nonché le deliberazioni che concernono la ricostruzione dell’edificio o riparazioni straordinarie di notevole entità devono essere sempre prese con la maggioranza stabilita dal secondo comma. Le deliberazioni che hanno per oggetto le innovazioni previste dal primo comma dell’art. 1120 devono essere sempre approvate con un numero di voti che rappresenti la maggioranza dei partecipanti al condominio e i due terzi del valore dell’edificio. L’assemblea non può deliberare, se non consta che tutti i condomini sono stati invitati alla riunione. Delle deliberazioni dell’assemblea si redige processo verbale da trascriversi in un registro tenuto dall’amministratore. NOTE Deroghe alle maggioranze previste dagli artt. 1120 e 1136 sono previste nelle seguenti leggi: legge 9 gennaio 1989 n. 13, art. 2 (eliminazione delle barriere architettoniche); legge 24 marzo 1989 n. 122, art. 9 (realizzazione dei parcheggi nei condomini); legge 2 gennaio 1991 n 10, art. 26 (contenimento dei consumi energetici); legge 17 febbraio 1992 n. 127, art 15 (recupero del patrimonio edilizio).
859	Art. 1137 Impugnazione delle deliberazioni dell’assemblea	1. Quali sono le conseguenze per i condomini delle deliberazioni prese dall'assemblea a norma degli articoli precedenti?	Le deliberazioni prese dall’assemblea a norma degli articoli precedenti sono obbligatorie per tutti i condomini. Contro le deliberazioni contrarie alla legge o al regolamento di condominio, ogni condomino dissenziente può fare ricorso all’autorità giudiziaria, ma il ricorso non sospende l’esecuzione del provvedimento, salvo che la sospensione sia ordinata dall’autorità stessa. Il ricorso deve essere proposto, sotto pena di decadenza (2964 e seguenti), entro trenta giorni, che decorrono dalla data della deliberazione per i dissenzienti e dalla data di comunicazione per gli assenti.
860	Art. 1137 Impugnazione delle deliberazioni dell’assemblea	2. In quali circostanze un condomino dissenziente può fare ricorso all'autorità giudiziaria contro una deliberazione dell'assemblea?	Le deliberazioni prese dall’assemblea a norma degli articoli precedenti sono obbligatorie per tutti i condomini. Contro le deliberazioni contrarie alla legge o al regolamento di condominio, ogni condomino dissenziente può fare ricorso all’autorità giudiziaria, ma il ricorso non sospende l’esecuzione del provvedimento, salvo che la sospensione sia ordinata dall’autorità stessa. Il ricorso deve essere proposto, sotto pena di decadenza (2964 e seguenti), entro trenta giorni, che decorrono dalla data della deliberazione per i dissenzienti e dalla data di comunicazione per gli assenti.
861	Art. 1137 Impugnazione delle deliberazioni dell’assemblea	3. Qual è il termine entro cui un condomino deve proporre ricorso contro una deliberazione contraria alla legge o al regolamento di condominio?	Le deliberazioni prese dall’assemblea a norma degli articoli precedenti sono obbligatorie per tutti i condomini. Contro le deliberazioni contrarie alla legge o al regolamento di condominio, ogni condomino dissenziente può fare ricorso all’autorità giudiziaria, ma il ricorso non sospende l’esecuzione del provvedimento, salvo che la sospensione sia ordinata dall’autorità stessa. Il ricorso deve essere proposto, sotto pena di decadenza (2964 e seguenti), entro trenta giorni, che decorrono dalla data della deliberazione per i dissenzienti e dalla data di comunicazione per gli assenti.
862	Art. 1138 Regolamento di condominio	1. Quali sono le condizioni che richiedono la formazione di un regolamento di condominio in un edificio?	Quando in un edificio il numero dei condomini e superiore a dieci, deve essere formato un regolamento, il quale contenga le norme circa l’uso delle cose comuni e la ripartizione delle spese, secondo i diritti e gli obblighi spettanti a ciascun condomino, nonché le norme per la tutela del decoro dell’edificio e quelle relative all’amministrazione (att. 68 e seguenti, 155) Ciascun condomino può prendere l’iniziativa per la formazione del regolamento di condominio o per la revisione di quello esistente. Il regolamento deve essere approvato dall’assemblea con la maggioranza stabilita dal secondo comma dell’art. 1136 e trascritto nel registro indicato dall’ultimo comma dell’art. 1129 (att. 71). Esso può essere impugnato a norma dell’art. 1107. Le norme del regolamento non possono in alcun modo menomare i diritti di ciascun condomino, quali risultano dagli atti di acquisto e dalle convenzioni, e in nessun caso possono derogare alle disposizioni degli artt. 1118 secondo comma, 1119, 1120, 1129, 1131, 1132, 1136 e 1137 (att. 72, 155).
863	Art. 1138 Regolamento di condominio	2. Chi può prendere l'iniziativa per la formazione o la revisione del regolamento di condominio?	Quando in un edificio il numero dei condomini e superiore a dieci, deve essere formato un regolamento, il quale contenga le norme circa l’uso delle cose comuni e la ripartizione delle spese, secondo i diritti e gli obblighi spettanti a ciascun condomino, nonché le norme per la tutela del decoro dell’edificio e quelle relative all’amministrazione (att. 68 e seguenti, 155) Ciascun condomino può prendere l’iniziativa per la formazione del regolamento di condominio o per la revisione di quello esistente. Il regolamento deve essere approvato dall’assemblea con la maggioranza stabilita dal secondo comma dell’art. 1136 e trascritto nel registro indicato dall’ultimo comma dell’art. 1129 (att. 71). Esso può essere impugnato a norma dell’art. 1107. Le norme del regolamento non possono in alcun modo menomare i diritti di ciascun condomino, quali risultano dagli atti di acquisto e dalle convenzioni, e in nessun caso possono derogare alle disposizioni degli artt. 1118 secondo comma, 1119, 1120, 1129, 1131, 1132, 1136 e 1137 (att. 72, 155).
864	Art. 1138 Regolamento di condominio	3. Qual è la procedura per l'approvazione del regolamento di condominio da parte dell'assemblea?	Quando in un edificio il numero dei condomini e superiore a dieci, deve essere formato un regolamento, il quale contenga le norme circa l’uso delle cose comuni e la ripartizione delle spese, secondo i diritti e gli obblighi spettanti a ciascun condomino, nonché le norme per la tutela del decoro dell’edificio e quelle relative all’amministrazione (att. 68 e seguenti, 155) Ciascun condomino può prendere l’iniziativa per la formazione del regolamento di condominio o per la revisione di quello esistente. Il regolamento deve essere approvato dall’assemblea con la maggioranza stabilita dal secondo comma dell’art. 1136 e trascritto nel registro indicato dall’ultimo comma dell’art. 1129 (att. 71). Esso può essere impugnato a norma dell’art. 1107. Le norme del regolamento non possono in alcun modo menomare i diritti di ciascun condomino, quali risultano dagli atti di acquisto e dalle convenzioni, e in nessun caso possono derogare alle disposizioni degli artt. 1118 secondo comma, 1119, 1120, 1129, 1131, 1132, 1136 e 1137 (att. 72, 155).
865	Art. 1138 Regolamento di condominio	4. In che modo le norme del regolamento di condominio devono rispettare i diritti dei condomini?	Quando in un edificio il numero dei condomini e superiore a dieci, deve essere formato un regolamento, il quale contenga le norme circa l’uso delle cose comuni e la ripartizione delle spese, secondo i diritti e gli obblighi spettanti a ciascun condomino, nonché le norme per la tutela del decoro dell’edificio e quelle relative all’amministrazione (att. 68 e seguenti, 155) Ciascun condomino può prendere l’iniziativa per la formazione del regolamento di condominio o per la revisione di quello esistente. Il regolamento deve essere approvato dall’assemblea con la maggioranza stabilita dal secondo comma dell’art. 1136 e trascritto nel registro indicato dall’ultimo comma dell’art. 1129 (att. 71). Esso può essere impugnato a norma dell’art. 1107. Le norme del regolamento non possono in alcun modo menomare i diritti di ciascun condomino, quali risultano dagli atti di acquisto e dalle convenzioni, e in nessun caso possono derogare alle disposizioni degli artt. 1118 secondo comma, 1119, 1120, 1129, 1131, 1132, 1136 e 1137 (att. 72, 155).
866	Art. 1139 Rinvio alle norme sulla comunione	1. Quali norme si applicano quando non è espressamente previsto da questo Capo?	Per quanto non è espressamente previsto da questo Capo (att. 156) si osservano le norme sulla comunione in generale (att. 61-72). 
867	Art. 1140 Possesso	1. Qual è la definizione di possesso secondo il testo?	Il possesso è il potere sulla cosa che si manifesta in un’attività corrispondente all’esercizio della proprietà o di altro diritto reale. Si può possedere direttamente o per mezzo di altra persona, che ha la detenzione della cosa.
868	Art. 1140 Possesso	2. In che modo si può esercitare il possesso su una cosa?	Il possesso è il potere sulla cosa che si manifesta in un’attività corrispondente all’esercizio della proprietà o di altro diritto reale. Si può possedere direttamente o per mezzo di altra persona, che ha la detenzione della cosa.
869	Art. 1141 Mutamento della detenzione in possesso	1. Cosa si presume riguardo al possesso quando si esercita il potere di fatto?	Si presume il possesso in colui che esercita il potere di fatto, quando non si prova che ha cominciato a esercitarlo semplicemente come detenzione. Se alcuno ha cominciato ad avere la detenzione, non può acquistare il possesso finché il titolo non venga ad essere mutato per causa proveniente da un terzo o in forza di opposizione da lui fatta contro il possessore. Ciò vale anche per i successori a titolo universale. Il possesso attuale non fa presumere il possesso anteriore, salvo che il possessore abbia un
870	Art. 1141 Mutamento della detenzione in possesso	2. In quali circostanze una persona che ha iniziato con la detenzione può acquisire il possesso?	Si presume il possesso in colui che esercita il potere di fatto, quando non si prova che ha cominciato a esercitarlo semplicemente come detenzione. Se alcuno ha cominciato ad avere la detenzione, non può acquistare il possesso finché il titolo non venga ad essere mutato per causa proveniente da un terzo o in forza di opposizione da lui fatta contro il possessore. Ciò vale anche per i successori a titolo universale. Il possesso attuale non fa presumere il possesso anteriore, salvo che il possessore abbia un
871	Art. 1141 Mutamento della detenzione in possesso	3. Come si applica la regola del possesso e detenzione ai successori a titolo universale?	Si presume il possesso in colui che esercita il potere di fatto, quando non si prova che ha cominciato a esercitarlo semplicemente come detenzione. Se alcuno ha cominciato ad avere la detenzione, non può acquistare il possesso finché il titolo non venga ad essere mutato per causa proveniente da un terzo o in forza di opposizione da lui fatta contro il possessore. Ciò vale anche per i successori a titolo universale. Il possesso attuale non fa presumere il possesso anteriore, salvo che il possessore abbia un
872	Art. 1141 Mutamento della detenzione in possesso	4. Il possesso attuale può presumere il possesso anteriore? Se sì, in quali condizioni?	Si presume il possesso in colui che esercita il potere di fatto, quando non si prova che ha cominciato a esercitarlo semplicemente come detenzione. Se alcuno ha cominciato ad avere la detenzione, non può acquistare il possesso finché il titolo non venga ad essere mutato per causa proveniente da un terzo o in forza di opposizione da lui fatta contro il possessore. Ciò vale anche per i successori a titolo universale. Il possesso attuale non fa presumere il possesso anteriore, salvo che il possessore abbia un
873	Art. 1142 Presunzione di possesso intermedio	1. Qual è il presupposto legale riguardante il possesso di un bene da parte di un possessore attuale che ha posseduto in un tempo più remoto?	Il possessore attuale che ha posseduto in tempo più remoto si presuppone che abbia posseduto anche nel tempo intermedio.
874	Art. 1143 Presunzione di possesso anteriore	1. In quali circostanze il possesso attuale può far presumere il possesso anteriore?	Il possesso attuale non fa presumere il possesso anteriore, salvo che il possessore abbia un titolo a fondamento del suo possesso; in questo caso si presume che egli abbia posseduto dalla data del titolo.
875	Art. 1143 Presunzione di possesso anteriore	2. Cosa si presume riguardo al possesso se il possessore ha un titolo a fondamento del suo possesso?	Il possesso attuale non fa presumere il possesso anteriore, salvo che il possessore abbia un titolo a fondamento del suo possesso; in questo caso si presume che egli abbia posseduto dalla data del titolo.
876	Art. 1144 Atti di tolleranza	1. Quali sono le implicazioni legali degli atti compiuti con l'altrui tolleranza in relazione all'acquisto del possesso?	Gli atti compiuti con l’altrui tolleranza non possono servire di fondamento all’acquisto del possesso.
877	Art. 1145 Possesso di cose fuori commercio	1. Qual è l'effetto del possesso di cose di cui non si può acquistare la proprietà?	Il possesso delle cose di cui non si può acquistare la proprietà è senza effetto. Tuttavia nei rapporti tra privati è concessa l’azione di spoglio rispetto ai beni appartenenti al pubblico demanio e ai beni delle province e dei comuni soggetti al regime proprio del demanio pubblico. Se trattasi di esercizio di facoltà, le quali possono formare oggetto di concessione da parte della pubblica amministrazione, e data altresì l’azione di manutenzione.
878	Art. 1145 Possesso di cose fuori commercio	2. In quali casi è concessa l'azione di spoglio nei rapporti tra privati?	Il possesso delle cose di cui non si può acquistare la proprietà è senza effetto. Tuttavia nei rapporti tra privati è concessa l’azione di spoglio rispetto ai beni appartenenti al pubblico demanio e ai beni delle province e dei comuni soggetti al regime proprio del demanio pubblico. Se trattasi di esercizio di facoltà, le quali possono formare oggetto di concessione da parte della pubblica amministrazione, e data altresì l’azione di manutenzione.
879	Art. 1145 Possesso di cose fuori commercio	3. Quando è data l'azione di manutenzione in relazione ai beni demaniali?	Il possesso delle cose di cui non si può acquistare la proprietà è senza effetto. Tuttavia nei rapporti tra privati è concessa l’azione di spoglio rispetto ai beni appartenenti al pubblico demanio e ai beni delle province e dei comuni soggetti al regime proprio del demanio pubblico. Se trattasi di esercizio di facoltà, le quali possono formare oggetto di concessione da parte della pubblica amministrazione, e data altresì l’azione di manutenzione.
880	Art. 1146 Successione nel possesso. Accessione del possesso	1. In che modo il possesso continua nell'erede a partire dall'apertura della successione?	Il possesso continua nell’erede con effetto dall’apertura della successione. Il successore a titolo particolare può unire al proprio possesso quello del suo autore per goderne gli effetti.
881	Art. 1146 Successione nel possesso. Accessione del possesso	2. Quali vantaggi può ottenere un successore a titolo particolare unendo al proprio possesso quello del suo autore?	Il possesso continua nell’erede con effetto dall’apertura della successione. Il successore a titolo particolare può unire al proprio possesso quello del suo autore per goderne gli effetti.
882	Art. 1147 Possesso di buona fede	1. Chi è considerato possessore di buona fede secondo il testo?	È possessore di buona fede chi possiede ignorando di ledere l’altrui diritto. La buona fede non giova se l’ignoranza dipende da colpa grave. La buona fede e presunta e basta che vi sia stata al tempo dell’acquisto.
883	Art. 1147 Possesso di buona fede	2. In quali circostanze la buona fede non giova al possessore?	È possessore di buona fede chi possiede ignorando di ledere l’altrui diritto. La buona fede non giova se l’ignoranza dipende da colpa grave. La buona fede e presunta e basta che vi sia stata al tempo dell’acquisto.
884	Art. 1147 Possesso di buona fede	3. Quando è sufficiente che la buona fede sia presente per essere presunta?	È possessore di buona fede chi possiede ignorando di ledere l’altrui diritto. La buona fede non giova se l’ignoranza dipende da colpa grave. La buona fede e presunta e basta che vi sia stata al tempo dell’acquisto.
885	Art. 1148 Acquisto dei frutti	1. Quali frutti può fare propri il possessore di buona fede fino al giorno della domanda giudiziale?	Il possessore di buona fede fa suoi i frutti naturali separati fino al giorno della domanda giudiziale e i frutti civili maturati fino allo stesso giorno (820 e seguente). Egli, fino alla restituzione della cosa risponde verso il rivendicante dei frutti percepiti dopo la domanda giudiziale e di quelli che avrebbe potuto percepire dopo tale data, usando la diligenza di un buon padre di famiglia.
886	Art. 1148 Acquisto dei frutti	2. Di quali frutti risponde il possessore di buona fede verso il rivendicante dopo la domanda giudiziale?	Il possessore di buona fede fa suoi i frutti naturali separati fino al giorno della domanda giudiziale e i frutti civili maturati fino allo stesso giorno (820 e seguente). Egli, fino alla restituzione della cosa risponde verso il rivendicante dei frutti percepiti dopo la domanda giudiziale e di quelli che avrebbe potuto percepire dopo tale data, usando la diligenza di un buon padre di famiglia.
887	Art. 1149 Rimborso delle spese per la produzione e il raccolto dei frutti	1. Quali sono le condizioni in cui un possessore ha diritto al rimborso delle spese per i frutti indebitamente percepiti secondo il secondo comma dell’art. 821?	Il possessore che è tenuto a restituire i frutti indebitamente percepiti ha diritto al rimborso delle spese a norma del secondo comma dell’art. 821.
888	Art. 1150 Riparazioni, miglioramenti e addizioni	1. Quali diritti ha il possessore di mala fede riguardo al rimborso delle spese per le riparazioni straordinarie?	Il possessore, anche se di mala fede ha diritto al rimborso delle spese fatte per le riparazioni straordinarie. Ha anche diritto a indennità per i miglioramenti recati alla cosa, purché sussistano al tempo della restituzione. L’indennità si deve corrispondere nella misura dell’aumento di valore conseguito dalla cosa per effetto dei miglioramenti, se il possessore è di buona fede; se il possessore è di mala fede, nella minor somma tra l’importo della spesa e l’aumento di valore. Se il possessore è tenuto alla restituzione dei frutti, gli spetta anche il rimborso delle spese fatte per le riparazioni ordinarie, limitatamente al tempo per il quale la restituzione è dovuta. Per le addizioni fatte dal possessore sulla cosa si applica il disposto dell’art. 936. Tuttavia, se le addizioni costituiscono miglioramento e il possessore è di buona fede, e dovuta una indennità nella misura dell’aumento di valore conseguito dalla cosa (att. 157).
889	Art. 1150 Riparazioni, miglioramenti e addizioni	2. In che misura viene calcolata l'indennità per i miglioramenti apportati alla cosa se il possessore è di buona fede?	Il possessore, anche se di mala fede ha diritto al rimborso delle spese fatte per le riparazioni straordinarie. Ha anche diritto a indennità per i miglioramenti recati alla cosa, purché sussistano al tempo della restituzione. L’indennità si deve corrispondere nella misura dell’aumento di valore conseguito dalla cosa per effetto dei miglioramenti, se il possessore è di buona fede; se il possessore è di mala fede, nella minor somma tra l’importo della spesa e l’aumento di valore. Se il possessore è tenuto alla restituzione dei frutti, gli spetta anche il rimborso delle spese fatte per le riparazioni ordinarie, limitatamente al tempo per il quale la restituzione è dovuta. Per le addizioni fatte dal possessore sulla cosa si applica il disposto dell’art. 936. Tuttavia, se le addizioni costituiscono miglioramento e il possessore è di buona fede, e dovuta una indennità nella misura dell’aumento di valore conseguito dalla cosa (att. 157).
890	Art. 1150 Riparazioni, miglioramenti e addizioni	3. Come viene determinata l'indennità per i miglioramenti se il possessore è di mala fede?	Il possessore, anche se di mala fede ha diritto al rimborso delle spese fatte per le riparazioni straordinarie. Ha anche diritto a indennità per i miglioramenti recati alla cosa, purché sussistano al tempo della restituzione. L’indennità si deve corrispondere nella misura dell’aumento di valore conseguito dalla cosa per effetto dei miglioramenti, se il possessore è di buona fede; se il possessore è di mala fede, nella minor somma tra l’importo della spesa e l’aumento di valore. Se il possessore è tenuto alla restituzione dei frutti, gli spetta anche il rimborso delle spese fatte per le riparazioni ordinarie, limitatamente al tempo per il quale la restituzione è dovuta. Per le addizioni fatte dal possessore sulla cosa si applica il disposto dell’art. 936. Tuttavia, se le addizioni costituiscono miglioramento e il possessore è di buona fede, e dovuta una indennità nella misura dell’aumento di valore conseguito dalla cosa (att. 157).
891	Art. 1150 Riparazioni, miglioramenti e addizioni	4. Quali spese possono essere rimborsate al possessore se è tenuto alla restituzione dei frutti?	Il possessore, anche se di mala fede ha diritto al rimborso delle spese fatte per le riparazioni straordinarie. Ha anche diritto a indennità per i miglioramenti recati alla cosa, purché sussistano al tempo della restituzione. L’indennità si deve corrispondere nella misura dell’aumento di valore conseguito dalla cosa per effetto dei miglioramenti, se il possessore è di buona fede; se il possessore è di mala fede, nella minor somma tra l’importo della spesa e l’aumento di valore. Se il possessore è tenuto alla restituzione dei frutti, gli spetta anche il rimborso delle spese fatte per le riparazioni ordinarie, limitatamente al tempo per il quale la restituzione è dovuta. Per le addizioni fatte dal possessore sulla cosa si applica il disposto dell’art. 936. Tuttavia, se le addizioni costituiscono miglioramento e il possessore è di buona fede, e dovuta una indennità nella misura dell’aumento di valore conseguito dalla cosa (att. 157).
892	Art. 1150 Riparazioni, miglioramenti e addizioni	5. In che modo si applica l'articolo 936 alle addizioni fatte dal possessore sulla cosa?	Il possessore, anche se di mala fede ha diritto al rimborso delle spese fatte per le riparazioni straordinarie. Ha anche diritto a indennità per i miglioramenti recati alla cosa, purché sussistano al tempo della restituzione. L’indennità si deve corrispondere nella misura dell’aumento di valore conseguito dalla cosa per effetto dei miglioramenti, se il possessore è di buona fede; se il possessore è di mala fede, nella minor somma tra l’importo della spesa e l’aumento di valore. Se il possessore è tenuto alla restituzione dei frutti, gli spetta anche il rimborso delle spese fatte per le riparazioni ordinarie, limitatamente al tempo per il quale la restituzione è dovuta. Per le addizioni fatte dal possessore sulla cosa si applica il disposto dell’art. 936. Tuttavia, se le addizioni costituiscono miglioramento e il possessore è di buona fede, e dovuta una indennità nella misura dell’aumento di valore conseguito dalla cosa (att. 157).
893	Art. 1150 Riparazioni, miglioramenti e addizioni	6. Quali condizioni devono sussistere affinché un possessore di buona fede riceva un'indennità per le addizioni che costituiscono miglioramento?	Il possessore, anche se di mala fede ha diritto al rimborso delle spese fatte per le riparazioni straordinarie. Ha anche diritto a indennità per i miglioramenti recati alla cosa, purché sussistano al tempo della restituzione. L’indennità si deve corrispondere nella misura dell’aumento di valore conseguito dalla cosa per effetto dei miglioramenti, se il possessore è di buona fede; se il possessore è di mala fede, nella minor somma tra l’importo della spesa e l’aumento di valore. Se il possessore è tenuto alla restituzione dei frutti, gli spetta anche il rimborso delle spese fatte per le riparazioni ordinarie, limitatamente al tempo per il quale la restituzione è dovuta. Per le addizioni fatte dal possessore sulla cosa si applica il disposto dell’art. 936. Tuttavia, se le addizioni costituiscono miglioramento e il possessore è di buona fede, e dovuta una indennità nella misura dell’aumento di valore conseguito dalla cosa (att. 157).
894	Art. 1150 Riparazioni, miglioramenti e addizioni	7. Qual è la differenza nel calcolo dell'indennità per i miglioramenti tra un possessore di buona fede e uno di mala fede?	Il possessore, anche se di mala fede ha diritto al rimborso delle spese fatte per le riparazioni straordinarie. Ha anche diritto a indennità per i miglioramenti recati alla cosa, purché sussistano al tempo della restituzione. L’indennità si deve corrispondere nella misura dell’aumento di valore conseguito dalla cosa per effetto dei miglioramenti, se il possessore è di buona fede; se il possessore è di mala fede, nella minor somma tra l’importo della spesa e l’aumento di valore. Se il possessore è tenuto alla restituzione dei frutti, gli spetta anche il rimborso delle spese fatte per le riparazioni ordinarie, limitatamente al tempo per il quale la restituzione è dovuta. Per le addizioni fatte dal possessore sulla cosa si applica il disposto dell’art. 936. Tuttavia, se le addizioni costituiscono miglioramento e il possessore è di buona fede, e dovuta una indennità nella misura dell’aumento di valore conseguito dalla cosa (att. 157).
895	Art. 1151 Pagamento delle indennità	1. In quali circostanze l'autorità giudiziaria può disporre il pagamento rateale delle indennità previste dall'articolo precedente?	L’autorità giudiziaria, avuto riguardo alle circostanze, può disporre che il pagamento delle indennità previste dall’articolo precedente sia fatto ratealmente, ordinando, in questo caso, le opportune garanzie.
896	Art. 1151 Pagamento delle indennità	2. Quali garanzie può ordinare l'autorità giudiziaria quando dispone il pagamento rateale delle indennità?	L’autorità giudiziaria, avuto riguardo alle circostanze, può disporre che il pagamento delle indennità previste dall’articolo precedente sia fatto ratealmente, ordinando, in questo caso, le opportune garanzie.
897	Art. 1152 Ritenzione a favore del possessore di buona fede	1. Quali condizioni devono essere soddisfatte affinché il possessore di buona fede possa ritenere la cosa durante un giudizio di rivendicazione?	Il possessore di buona fede può ritenere la cosa finché non gli siano corrisposte le indennità dovute, purché queste siano state domandate nel corso del giudizio di rivendicazione e sia stata fornita una prova generica della sussistenza delle riparazioni e dei miglioramenti. Egli ha lo stesso diritto finché non siano prestate le garanzie ordinate dall’autorità giudiziaria nel caso previsto dall’articolo precedente.
898	Art. 1152 Ritenzione a favore del possessore di buona fede	2. In quale circostanza l'autorità giudiziaria può ordinare garanzie che permettono al possessore di buona fede di mantenere il possesso della cosa?	Il possessore di buona fede può ritenere la cosa finché non gli siano corrisposte le indennità dovute, purché queste siano state domandate nel corso del giudizio di rivendicazione e sia stata fornita una prova generica della sussistenza delle riparazioni e dei miglioramenti. Egli ha lo stesso diritto finché non siano prestate le garanzie ordinate dall’autorità giudiziaria nel caso previsto dall’articolo precedente.
899	Art. 1153 Effetti dell’acquisto del possesso	1. Quali condizioni devono sussistere affinché un acquirente in buona fede acquisti la proprietà di beni mobili da chi non ne è proprietario?	Colui al quale sono alienati beni mobili da parte di chi non ne è proprietario, ne acquista la proprietà mediante il possesso, purché sia in buona fede al momento della consegna e sussista un titolo idoneo al trasferimento della proprietà. La proprietà si acquista libera da diritti altrui sulla cosa, se questi non risultano dal titolo e vi è la buona fede dell’acquirente. Nello stesso modo si acquistano diritti di usufrutto, di uso e di pegno.
900	Art. 1153 Effetti dell’acquisto del possesso	2. In che modo la buona fede dell'acquirente influisce sull'acquisto della proprietà libera da diritti altrui?	Colui al quale sono alienati beni mobili da parte di chi non ne è proprietario, ne acquista la proprietà mediante il possesso, purché sia in buona fede al momento della consegna e sussista un titolo idoneo al trasferimento della proprietà. La proprietà si acquista libera da diritti altrui sulla cosa, se questi non risultano dal titolo e vi è la buona fede dell’acquirente. Nello stesso modo si acquistano diritti di usufrutto, di uso e di pegno.
901	Art. 1153 Effetti dell’acquisto del possesso	3. Oltre alla proprietà, quali altri diritti possono essere acquisiti nello stesso modo descritto nel testo?	Colui al quale sono alienati beni mobili da parte di chi non ne è proprietario, ne acquista la proprietà mediante il possesso, purché sia in buona fede al momento della consegna e sussista un titolo idoneo al trasferimento della proprietà. La proprietà si acquista libera da diritti altrui sulla cosa, se questi non risultano dal titolo e vi è la buona fede dell’acquirente. Nello stesso modo si acquistano diritti di usufrutto, di uso e di pegno.
902	Art. 1154 Conoscenza dell’illegittima provenienza della cosa	1. Quali sono le conseguenze legali per chi acquista un bene conoscendo la sua illegittima provenienza?	A colui che ha acquistato conoscendo l’illegittima provenienza della cosa, non giova l’erronea credenza che il suo autore o un precedente possessore ne sia divenuto proprietario.
903	Art. 1155 Acquisto di buona fede e precedente alienazione ad altri	1. Cosa determina la preferenza tra più acquirenti di un bene mobile alienato con successivi contratti?	Se taluno con successivi contratti aliena a più persone un bene mobile, quella tra esse che ne ha acquistato in buona fede il possesso è preferita alle altre, anche se il suo titolo è di data posteriore.
904	Art. 1156 Universalità di mobili e mobili iscritti in pubblici registri	1. Quali tipi di beni non sono soggetti alle disposizioni degli articoli precedenti?	Le disposizioni degli articoli precedenti non si applicano alle universalità di mobili e ai beni mobili iscritti in pubblici registri (815 e seguente, 2683 e seguenti; Cod. Nav. 146 e seguenti,753 e seguenti).
905	Art. 1156 Universalità di mobili e mobili iscritti in pubblici registri	2. Gli articoli precedenti si applicano ai beni mobili iscritti in pubblici registri?	Le disposizioni degli articoli precedenti non si applicano alle universalità di mobili e ai beni mobili iscritti in pubblici registri (815 e seguente, 2683 e seguenti; Cod. Nav. 146 e seguenti,753 e seguenti).
906	Art. 1156 Universalità di mobili e mobili iscritti in pubblici registri	3. A quali codici fanno riferimento le eccezioni menzionate nel testo?	Le disposizioni degli articoli precedenti non si applicano alle universalità di mobili e ai beni mobili iscritti in pubblici registri (815 e seguente, 2683 e seguenti; Cod. Nav. 146 e seguenti,753 e seguenti).
907	Art. 1157 Possesso di titoli di credito	1. Quali sono gli effetti del possesso di buona fede dei titoli di credito secondo il titolo V del libro IV del 1944?	Gli effetti del possesso di buona fede dei titoli di credito sono regolati dal titolo V del libro IV (1944)
908	Art. 1158 Usucapione dei beni immobili e dei diritti reali immobiliari	1. Qual è il periodo di tempo necessario per acquisire la proprietà dei beni immobili attraverso il possesso continuato?	La proprietà dei beni immobili e gli altri diritti reali di godimento sui beni medesimi si acquistano in virtù del possesso continuato per venti anni.
909	Art. 1159 Usucapione decennale	1. Quali sono i requisiti necessari affinché l'acquirente in buona fede possa usucapire un immobile da chi non è proprietario?	Colui che acquista in buona fede da chi non è proprietario un immobile, in forza di un titolo che sia idoneo a trasferire la proprietà e che sia stato debitamente trascritto (2643 n. 1) ne compie l’usucapione in suo favore col decorso di dieci anni dalla data della trascrizione.
910	Art. 1159 Usucapione decennale	2. Quanto tempo deve trascorrere dalla data della trascrizione affinché si compia l'usucapione in favore dell'acquirente in buona fede?	Colui che acquista in buona fede da chi non è proprietario un immobile, in forza di un titolo che sia idoneo a trasferire la proprietà e che sia stato debitamente trascritto (2643 n. 1) ne compie l’usucapione in suo favore col decorso di dieci anni dalla data della trascrizione.
911	Art. 1159 Usucapione decennale	3. Che tipo di titolo è richiesto per trasferire la proprietà di un immobile a un acquirente in buona fede?	Colui che acquista in buona fede da chi non è proprietario un immobile, in forza di un titolo che sia idoneo a trasferire la proprietà e che sia stato debitamente trascritto (2643 n. 1) ne compie l’usucapione in suo favore col decorso di dieci anni dalla data della trascrizione.
912	Art. 1159 Usucapione decennale	4. Qual è il ruolo della trascrizione nel processo di usucapione per un acquirente in buona fede?	Colui che acquista in buona fede da chi non è proprietario un immobile, in forza di un titolo che sia idoneo a trasferire la proprietà e che sia stato debitamente trascritto (2643 n. 1) ne compie l’usucapione in suo favore col decorso di dieci anni dalla data della trascrizione.
913	Art. 1159-bis Usucapione speciale per la piccola proprietà rurale	1. Qual è il periodo di possesso continuato necessario per acquisire la proprietà di fondi rustici con annessi fabbricati situati in comuni classificati montani?	La proprietà dei fondi rustici con annessi fabbricati situati in comuni classificati montani dalla legge si acquista in virtù del possesso continuato per quindici anni. Colui che acquista in buona fede da chi non è proprietario, in forza di un titolo che sia idoneo a trasferire la proprietà e che sia debitamente trascritto, un fondo rustico con annessi fabbricati, situati in comuni classificati montani dalla legge, ne compie l’usucapione in suo favore col decorso di cinque anni dalla data di trascrizione. La legge speciale stabilisce la procedura, le modalità e le agevolazioni per la regolarizzazione del titolo di proprietà. Le disposizioni di cui ai commi precedenti si applicano anche ai fondi rustici con annessi fabbricati, situati in comuni non classificati montani dalla legge, aventi un reddito non superiore ai limiti fissati dalla legge speciale.
914	Art. 1159-bis Usucapione speciale per la piccola proprietà rurale	2. In quali circostanze l'usucapione di un fondo rustico con annessi fabbricati situati in comuni classificati montani si compie in cinque anni?	La proprietà dei fondi rustici con annessi fabbricati situati in comuni classificati montani dalla legge si acquista in virtù del possesso continuato per quindici anni. Colui che acquista in buona fede da chi non è proprietario, in forza di un titolo che sia idoneo a trasferire la proprietà e che sia debitamente trascritto, un fondo rustico con annessi fabbricati, situati in comuni classificati montani dalla legge, ne compie l’usucapione in suo favore col decorso di cinque anni dalla data di trascrizione. La legge speciale stabilisce la procedura, le modalità e le agevolazioni per la regolarizzazione del titolo di proprietà. Le disposizioni di cui ai commi precedenti si applicano anche ai fondi rustici con annessi fabbricati, situati in comuni non classificati montani dalla legge, aventi un reddito non superiore ai limiti fissati dalla legge speciale.
915	Art. 1159-bis Usucapione speciale per la piccola proprietà rurale	3. Quali sono le condizioni per l'applicazione delle disposizioni relative all'acquisizione della proprietà di fondi rustici in comuni non classificati montani?	La proprietà dei fondi rustici con annessi fabbricati situati in comuni classificati montani dalla legge si acquista in virtù del possesso continuato per quindici anni. Colui che acquista in buona fede da chi non è proprietario, in forza di un titolo che sia idoneo a trasferire la proprietà e che sia debitamente trascritto, un fondo rustico con annessi fabbricati, situati in comuni classificati montani dalla legge, ne compie l’usucapione in suo favore col decorso di cinque anni dalla data di trascrizione. La legge speciale stabilisce la procedura, le modalità e le agevolazioni per la regolarizzazione del titolo di proprietà. Le disposizioni di cui ai commi precedenti si applicano anche ai fondi rustici con annessi fabbricati, situati in comuni non classificati montani dalla legge, aventi un reddito non superiore ai limiti fissati dalla legge speciale.
916	Art. 1159-bis Usucapione speciale per la piccola proprietà rurale	4. Cosa stabilisce la legge speciale riguardo alla regolarizzazione del titolo di proprietà per i fondi rustici con annessi fabbricati?	La proprietà dei fondi rustici con annessi fabbricati situati in comuni classificati montani dalla legge si acquista in virtù del possesso continuato per quindici anni. Colui che acquista in buona fede da chi non è proprietario, in forza di un titolo che sia idoneo a trasferire la proprietà e che sia debitamente trascritto, un fondo rustico con annessi fabbricati, situati in comuni classificati montani dalla legge, ne compie l’usucapione in suo favore col decorso di cinque anni dalla data di trascrizione. La legge speciale stabilisce la procedura, le modalità e le agevolazioni per la regolarizzazione del titolo di proprietà. Le disposizioni di cui ai commi precedenti si applicano anche ai fondi rustici con annessi fabbricati, situati in comuni non classificati montani dalla legge, aventi un reddito non superiore ai limiti fissati dalla legge speciale.
917	Art. 1160 Usucapione delle universalità di mobili	1. Qual è il periodo di tempo necessario per l'usucapione di un'universalità di mobili o di diritti reali di godimento sopra la medesima in assenza di buona fede?	L’usucapione di un’universalità di mobili o di diritti reali di godimento sopra la medesima si compie in virtù del possesso continuato per venti anni. Nel caso di acquisto in buona fede da chi non e proprietario, in forza di titolo idoneo, l’usucapione si compie con il decorso di dieci anni.
918	Art. 1160 Usucapione delle universalità di mobili	2. Quanto tempo è richiesto per l'usucapione in caso di acquisto in buona fede da chi non è proprietario, in forza di titolo idoneo?	L’usucapione di un’universalità di mobili o di diritti reali di godimento sopra la medesima si compie in virtù del possesso continuato per venti anni. Nel caso di acquisto in buona fede da chi non e proprietario, in forza di titolo idoneo, l’usucapione si compie con il decorso di dieci anni.
919	Art. 1161 Usucapione dei beni mobili	1. Qual è il periodo di tempo necessario per acquisire la proprietà dei beni mobili tramite usucapione se il possesso è stato acquisito in buona fede?	In mancanza di titolo idoneo, la proprietà dei beni mobili e gli altri diritti reali di godimento sui beni medesimi si acquistano in virtù del possesso continuato per dieci anni, qualora il possesso sia stato acquistato in buona fede. Se il possessore è di mala fede, l’usucapione si compie con il decorso di venti anni.
920	Art. 1161 Usucapione dei beni mobili	2. Quanto tempo deve trascorrere affinché si compia l'usucapione se il possessore è di mala fede?	In mancanza di titolo idoneo, la proprietà dei beni mobili e gli altri diritti reali di godimento sui beni medesimi si acquistano in virtù del possesso continuato per dieci anni, qualora il possesso sia stato acquistato in buona fede. Se il possessore è di mala fede, l’usucapione si compie con il decorso di venti anni.
921	Art. 1162 Usucapione di beni mobili iscritti in pubblici registri	1. Quali sono le condizioni necessarie affinché l'usucapione di un bene mobile iscritto in pubblici registri si compia in tre anni?	Colui che acquista in buona fede da chi non è proprietario un bene mobile iscritto in pubblici registri (815, 2683; Cod. Nav. 146 e seguenti, 753 e seguenti), in forza di un titolo che sia idoneo a trasferire la proprietà e che sia stato debitamente trascritto, ne compie in suo favore l’usucapione col decorso di tre anni dalla data della trascrizione. Se non concorrono le condizioni previste dal comma precedente, l’usucapione si compie col decorso di dieci anni. Le stesse disposizioni si applicano nel caso di acquisto degli altri diritti reali di godimento.
922	Art. 1162 Usucapione di beni mobili iscritti in pubblici registri	2. Cosa accade se non si verificano le condizioni per l'usucapione triennale di un bene mobile iscritto in pubblici registri?	Colui che acquista in buona fede da chi non è proprietario un bene mobile iscritto in pubblici registri (815, 2683; Cod. Nav. 146 e seguenti, 753 e seguenti), in forza di un titolo che sia idoneo a trasferire la proprietà e che sia stato debitamente trascritto, ne compie in suo favore l’usucapione col decorso di tre anni dalla data della trascrizione. Se non concorrono le condizioni previste dal comma precedente, l’usucapione si compie col decorso di dieci anni. Le stesse disposizioni si applicano nel caso di acquisto degli altri diritti reali di godimento.
923	Art. 1162 Usucapione di beni mobili iscritti in pubblici registri	3. In che modo l'usucapione si applica agli altri diritti reali di godimento secondo il testo?	Colui che acquista in buona fede da chi non è proprietario un bene mobile iscritto in pubblici registri (815, 2683; Cod. Nav. 146 e seguenti, 753 e seguenti), in forza di un titolo che sia idoneo a trasferire la proprietà e che sia stato debitamente trascritto, ne compie in suo favore l’usucapione col decorso di tre anni dalla data della trascrizione. Se non concorrono le condizioni previste dal comma precedente, l’usucapione si compie col decorso di dieci anni. Le stesse disposizioni si applicano nel caso di acquisto degli altri diritti reali di godimento.
924	Art. 1162 Usucapione di beni mobili iscritti in pubblici registri	4. Qual è il ruolo della trascrizione nel processo di usucapione di un bene mobile iscritto in pubblici registri?	Colui che acquista in buona fede da chi non è proprietario un bene mobile iscritto in pubblici registri (815, 2683; Cod. Nav. 146 e seguenti, 753 e seguenti), in forza di un titolo che sia idoneo a trasferire la proprietà e che sia stato debitamente trascritto, ne compie in suo favore l’usucapione col decorso di tre anni dalla data della trascrizione. Se non concorrono le condizioni previste dal comma precedente, l’usucapione si compie col decorso di dieci anni. Le stesse disposizioni si applicano nel caso di acquisto degli altri diritti reali di godimento.
925	Art. 1162 Usucapione di beni mobili iscritti in pubblici registri	5. Quali sono i requisiti del titolo necessario per trasferire la proprietà di un bene mobile iscritto in pubblici registri?	Colui che acquista in buona fede da chi non è proprietario un bene mobile iscritto in pubblici registri (815, 2683; Cod. Nav. 146 e seguenti, 753 e seguenti), in forza di un titolo che sia idoneo a trasferire la proprietà e che sia stato debitamente trascritto, ne compie in suo favore l’usucapione col decorso di tre anni dalla data della trascrizione. Se non concorrono le condizioni previste dal comma precedente, l’usucapione si compie col decorso di dieci anni. Le stesse disposizioni si applicano nel caso di acquisto degli altri diritti reali di godimento.
926	Art. 1163 Vizi del possesso	1. Quando inizia a giovare per l'usucapione il possesso acquistato in modo violento o clandestino?	Il possesso acquistato in modo violento o clandestino non giova per l’usucapione se non dal momento in cui la violenza o la clandestinità è cessata.
927	Art. 1164 Interversione del possesso	1. In quali circostanze il possesso corrispondente all’esercizio di un diritto reale su cosa altrui può portare all'usucapione della proprietà?	Chi ha il possesso corrispondente all’esercizio di un diritto reale su cosa altrui non può usucapire la proprietà della cosa stessa, se il titolo del suo possesso non è mutato per causa proveniente da un terzo o in forza di opposizione da lui fatta contro il diritto del proprietario. Il tempo necessario per l’usucapione decorre dalla data in cui il titolo del possesso è stato mutato.
928	Art. 1164 Interversione del possesso	2. Da quale momento inizia a decorrere il tempo necessario per l’usucapione secondo il testo?	Chi ha il possesso corrispondente all’esercizio di un diritto reale su cosa altrui non può usucapire la proprietà della cosa stessa, se il titolo del suo possesso non è mutato per causa proveniente da un terzo o in forza di opposizione da lui fatta contro il diritto del proprietario. Il tempo necessario per l’usucapione decorre dalla data in cui il titolo del possesso è stato mutato.
929	Art. 1165 Applicazione di norme sulla prescrizione	1. Quali disposizioni generali si applicano all'usucapione in relazione alla prescrizione?	Le disposizioni generali sulla prescrizione (2934 e seguenti), quelle relative alle cause di sospensione e d’interruzione (2941 e seguenti) e al computo dei termini (2962 e seguenti) si osservano, in quanto applicabili, rispetto all’usucapione.
930	Art. 1166 Inefficacia delle cause di impedimento e di sospensione rispetto al terzo possessore	1. Quali impedimenti non hanno luogo riguardo al terzo possessore di un immobile nell'usucapione ventennale?	Nell’usucapione ventennale non hanno luogo, riguardo al terzo possessore di un immobile o di un diritto reale sopra un immobile, ne l’impedimento derivante da condizione o da termine, ne le cause di sospensione indicate dall’art. 2942. L’impedimento derivante da condizione o da termine e le cause di sospensione menzionate nel detto articolo non sono nemmeno opponibili al terzo possessore nella prescrizione per non uso dei diritti reali sui beni da lui posseduti.
931	Art. 1166 Inefficacia delle cause di impedimento e di sospensione rispetto al terzo possessore	2. Le cause di sospensione indicate dall'art. 2942 sono opponibili al terzo possessore nella prescrizione per non uso dei diritti reali sui beni posseduti?	Nell’usucapione ventennale non hanno luogo, riguardo al terzo possessore di un immobile o di un diritto reale sopra un immobile, ne l’impedimento derivante da condizione o da termine, ne le cause di sospensione indicate dall’art. 2942. L’impedimento derivante da condizione o da termine e le cause di sospensione menzionate nel detto articolo non sono nemmeno opponibili al terzo possessore nella prescrizione per non uso dei diritti reali sui beni da lui posseduti.
932	Art. 1167 Interruzione dell’usucapione per perdita di possesso	1. In quali circostanze l'usucapione viene interrotta?	L’usucapione è interrotta quando il possessore è stato privato del possesso per oltre un anno. L’interruzione si ha come non avvenuta se è stata proposta l’azione diretta a ricuperare il possesso e questo è stato ricuperato.
933	Art. 1167 Interruzione dell’usucapione per perdita di possesso	2. Cosa accade se viene proposta un'azione per recuperare il possesso e il possesso viene effettivamente recuperato?	L’usucapione è interrotta quando il possessore è stato privato del possesso per oltre un anno. L’interruzione si ha come non avvenuta se è stata proposta l’azione diretta a ricuperare il possesso e questo è stato ricuperato.
934	Art. 1168 Azione di reintegrazione	1. Entro quale termine può essere richiesta la reintegrazione del possesso da chi è stato spogliato violentemente o occultamente?	Chi è stato violentemente od occultamente spogliato del possesso può, entro l’anno dal sofferto spoglio, chiedere contro l’autore di esso la reintegrazione del possesso medesimo. L’azione è concessa altresì a chi ha la detenzione della cosa, tranne il caso che l’abbia per ragioni di servizio o di ospitalità. Se lo spoglio è clandestino, il termine per chiedere la reintegrazione decorre dal giorno della scoperta dello spoglio. La reintegrazione deve ordinarsi dal giudice sulla semplice notorietà del fatto, senza dilazione (Cod. Proc. Civ. 703 e seguenti).
935	Art. 1168 Azione di reintegrazione	2. Chi può chiedere la reintegrazione del possesso oltre a chi è stato spogliato?	Chi è stato violentemente od occultamente spogliato del possesso può, entro l’anno dal sofferto spoglio, chiedere contro l’autore di esso la reintegrazione del possesso medesimo. L’azione è concessa altresì a chi ha la detenzione della cosa, tranne il caso che l’abbia per ragioni di servizio o di ospitalità. Se lo spoglio è clandestino, il termine per chiedere la reintegrazione decorre dal giorno della scoperta dello spoglio. La reintegrazione deve ordinarsi dal giudice sulla semplice notorietà del fatto, senza dilazione (Cod. Proc. Civ. 703 e seguenti).
936	Art. 1168 Azione di reintegrazione	3. Da quando decorre il termine per chiedere la reintegrazione in caso di spoglio clandestino?	Chi è stato violentemente od occultamente spogliato del possesso può, entro l’anno dal sofferto spoglio, chiedere contro l’autore di esso la reintegrazione del possesso medesimo. L’azione è concessa altresì a chi ha la detenzione della cosa, tranne il caso che l’abbia per ragioni di servizio o di ospitalità. Se lo spoglio è clandestino, il termine per chiedere la reintegrazione decorre dal giorno della scoperta dello spoglio. La reintegrazione deve ordinarsi dal giudice sulla semplice notorietà del fatto, senza dilazione (Cod. Proc. Civ. 703 e seguenti).
937	Art. 1168 Azione di reintegrazione	4. Su quale base deve il giudice ordinare la reintegrazione del possesso?	Chi è stato violentemente od occultamente spogliato del possesso può, entro l’anno dal sofferto spoglio, chiedere contro l’autore di esso la reintegrazione del possesso medesimo. L’azione è concessa altresì a chi ha la detenzione della cosa, tranne il caso che l’abbia per ragioni di servizio o di ospitalità. Se lo spoglio è clandestino, il termine per chiedere la reintegrazione decorre dal giorno della scoperta dello spoglio. La reintegrazione deve ordinarsi dal giudice sulla semplice notorietà del fatto, senza dilazione (Cod. Proc. Civ. 703 e seguenti).
938	Art. 1169 Reintegrazione contro l’acquirente consapevole dello spoglio	1. In quali circostanze si può domandare la reintegrazione contro chi è nel possesso in virtù di un acquisto a titolo particolare?	La reintegrazione si può domandare anche contro chi è nel possesso in virtù di un acquisto a titolo particolare, fatto con la conoscenza dell’avvenuto spoglio.
939	Art. 1170 Azione di manutenzione	1. Quali sono i requisiti temporali per poter chiedere la manutenzione del possesso di un immobile?	Chi è stato molestato nel possesso di un immobile, di un diritto reale sopra un immobile o di un’universalità di mobili può, entro l’anno dalla turbativa, chiedere la manutenzione del possesso medesimo (Cod. Proc. Civ. 703 e seguenti). L’azione è data se il possesso dura da oltre un anno, continuo e non interrotto, e non è stato acquistato violentemente o clandestinamente. Qualora il possesso sia stato acquistato in modo violento o clandestino, l’azione può nondimeno esercitarsi, decorso un anno dal giorno in cui la violenza o la clandestinità è cessata. Anche colui che ha subito uno spoglio non violento o clandestino può chiedere di essere rimesso nel possesso, se ricorrono le condizioni indicate dal comma precedente.
940	Art. 1170 Azione di manutenzione	2. In quali circostanze l'azione di manutenzione del possesso può essere esercitata anche se il possesso è stato acquisito violentemente o clandestinamente?	Chi è stato molestato nel possesso di un immobile, di un diritto reale sopra un immobile o di un’universalità di mobili può, entro l’anno dalla turbativa, chiedere la manutenzione del possesso medesimo (Cod. Proc. Civ. 703 e seguenti). L’azione è data se il possesso dura da oltre un anno, continuo e non interrotto, e non è stato acquistato violentemente o clandestinamente. Qualora il possesso sia stato acquistato in modo violento o clandestino, l’azione può nondimeno esercitarsi, decorso un anno dal giorno in cui la violenza o la clandestinità è cessata. Anche colui che ha subito uno spoglio non violento o clandestino può chiedere di essere rimesso nel possesso, se ricorrono le condizioni indicate dal comma precedente.
941	Art. 1170 Azione di manutenzione	3. Quali condizioni devono sussistere affinché una persona che ha subito uno spoglio non violento o clandestino possa chiedere di essere rimessa nel possesso?	Chi è stato molestato nel possesso di un immobile, di un diritto reale sopra un immobile o di un’universalità di mobili può, entro l’anno dalla turbativa, chiedere la manutenzione del possesso medesimo (Cod. Proc. Civ. 703 e seguenti). L’azione è data se il possesso dura da oltre un anno, continuo e non interrotto, e non è stato acquistato violentemente o clandestinamente. Qualora il possesso sia stato acquistato in modo violento o clandestino, l’azione può nondimeno esercitarsi, decorso un anno dal giorno in cui la violenza o la clandestinità è cessata. Anche colui che ha subito uno spoglio non violento o clandestino può chiedere di essere rimesso nel possesso, se ricorrono le condizioni indicate dal comma precedente.
942	Art. 1170 Azione di manutenzione	4. Entro quale termine deve essere esercitata l'azione di manutenzione del possesso in caso di turbativa?	Chi è stato molestato nel possesso di un immobile, di un diritto reale sopra un immobile o di un’universalità di mobili può, entro l’anno dalla turbativa, chiedere la manutenzione del possesso medesimo (Cod. Proc. Civ. 703 e seguenti). L’azione è data se il possesso dura da oltre un anno, continuo e non interrotto, e non è stato acquistato violentemente o clandestinamente. Qualora il possesso sia stato acquistato in modo violento o clandestino, l’azione può nondimeno esercitarsi, decorso un anno dal giorno in cui la violenza o la clandestinità è cessata. Anche colui che ha subito uno spoglio non violento o clandestino può chiedere di essere rimesso nel possesso, se ricorrono le condizioni indicate dal comma precedente.
943	Art. 1171 Denunzia di nuova opera	1. Quali soggetti possono denunciare una nuova opera all'autorità giudiziaria secondo il testo?	Il proprietario, il titolare di altro diritto reale di godimento o il possessore, il quale ha ragione di temere che da una nuova opera, da altri intrapresa sul proprio come sull’altrui fondo, sia per derivare danno alla cosa che forma l’oggetto del suo diritto o del suo possesso, può denunziare all’autorità giudiziaria la nuova opera, purché questa non sia terminata e non sia trascorso un anno dal suo inizio. L’autorità giudiziaria, presa sommaria cognizione del fatto, può vietare la continuazione della opera, ovvero permetterla, ordinando le opportune cautele: nel primo caso, per il risarcimento del danno prodotto dalla sospensione dell’opera, qualora le opposizioni al suo proseguimento risultino infondate nella decisione del merito; nel secondo caso, per la demolizione o riduzione dell’opera e per il risarcimento del danno che possa soffrirne il denunziante, se questi ottiene sentenza favorevole, nonostante la permessa continuazione (Cod. Proc. Civ. 688 e seguenti).
944	Art. 1171 Denunzia di nuova opera	2. Entro quale termine temporale deve essere presentata la denuncia di una nuova opera per evitare danni?	Il proprietario, il titolare di altro diritto reale di godimento o il possessore, il quale ha ragione di temere che da una nuova opera, da altri intrapresa sul proprio come sull’altrui fondo, sia per derivare danno alla cosa che forma l’oggetto del suo diritto o del suo possesso, può denunziare all’autorità giudiziaria la nuova opera, purché questa non sia terminata e non sia trascorso un anno dal suo inizio. L’autorità giudiziaria, presa sommaria cognizione del fatto, può vietare la continuazione della opera, ovvero permetterla, ordinando le opportune cautele: nel primo caso, per il risarcimento del danno prodotto dalla sospensione dell’opera, qualora le opposizioni al suo proseguimento risultino infondate nella decisione del merito; nel secondo caso, per la demolizione o riduzione dell’opera e per il risarcimento del danno che possa soffrirne il denunziante, se questi ottiene sentenza favorevole, nonostante la permessa continuazione (Cod. Proc. Civ. 688 e seguenti).
945	Art. 1171 Denunzia di nuova opera	3. Quali sono le possibili decisioni che l'autorità giudiziaria può prendere dopo aver preso sommaria cognizione del fatto?	Il proprietario, il titolare di altro diritto reale di godimento o il possessore, il quale ha ragione di temere che da una nuova opera, da altri intrapresa sul proprio come sull’altrui fondo, sia per derivare danno alla cosa che forma l’oggetto del suo diritto o del suo possesso, può denunziare all’autorità giudiziaria la nuova opera, purché questa non sia terminata e non sia trascorso un anno dal suo inizio. L’autorità giudiziaria, presa sommaria cognizione del fatto, può vietare la continuazione della opera, ovvero permetterla, ordinando le opportune cautele: nel primo caso, per il risarcimento del danno prodotto dalla sospensione dell’opera, qualora le opposizioni al suo proseguimento risultino infondate nella decisione del merito; nel secondo caso, per la demolizione o riduzione dell’opera e per il risarcimento del danno che possa soffrirne il denunziante, se questi ottiene sentenza favorevole, nonostante la permessa continuazione (Cod. Proc. Civ. 688 e seguenti).
946	Art. 1171 Denunzia di nuova opera	4. Quali conseguenze possono derivare dalla decisione dell'autorità giudiziaria di permettere la continuazione dell'opera?	Il proprietario, il titolare di altro diritto reale di godimento o il possessore, il quale ha ragione di temere che da una nuova opera, da altri intrapresa sul proprio come sull’altrui fondo, sia per derivare danno alla cosa che forma l’oggetto del suo diritto o del suo possesso, può denunziare all’autorità giudiziaria la nuova opera, purché questa non sia terminata e non sia trascorso un anno dal suo inizio. L’autorità giudiziaria, presa sommaria cognizione del fatto, può vietare la continuazione della opera, ovvero permetterla, ordinando le opportune cautele: nel primo caso, per il risarcimento del danno prodotto dalla sospensione dell’opera, qualora le opposizioni al suo proseguimento risultino infondate nella decisione del merito; nel secondo caso, per la demolizione o riduzione dell’opera e per il risarcimento del danno che possa soffrirne il denunziante, se questi ottiene sentenza favorevole, nonostante la permessa continuazione (Cod. Proc. Civ. 688 e seguenti).
947	Art. 1172 Denunzia di danno temuto	1. Quali soggetti possono denunciare un pericolo imminente derivante da un edificio, albero o altra cosa all'autorità giudiziaria?	Il proprietario, il titolare di altro diritto reale di godimento o il possessore, il quale ha ragione di temere che da qualsiasi edificio, albero o altra cosa sovrasti pericolo di un danno grave e prossimo alla cosa che forma l’oggetto del suo diritto o del suo possesso, può denunziare il fatto all’autorità giudiziaria e ottenere, secondo le circostanze, che si provveda per ovviare al pericolo (Cod. Proc. Civ. 688 e seguenti). L’autorità giudiziaria, qualora ne sia il caso, dispone idonea garanzia (1179; Cod. Proc. Civ. 119) per i danni eventuali.
948	Art. 1172 Denunzia di danno temuto	2. Quali misure può adottare l'autorità giudiziaria per ovviare al pericolo denunciato?	Il proprietario, il titolare di altro diritto reale di godimento o il possessore, il quale ha ragione di temere che da qualsiasi edificio, albero o altra cosa sovrasti pericolo di un danno grave e prossimo alla cosa che forma l’oggetto del suo diritto o del suo possesso, può denunziare il fatto all’autorità giudiziaria e ottenere, secondo le circostanze, che si provveda per ovviare al pericolo (Cod. Proc. Civ. 688 e seguenti). L’autorità giudiziaria, qualora ne sia il caso, dispone idonea garanzia (1179; Cod. Proc. Civ. 119) per i danni eventuali.
