Articolo di riferimento	Query	Passage
Art. 1 Capacità giuridica	1. Quando si acquisisce la capacità giuridica secondo il testo?	La capacità giuridica si acquista dal momento della nascita.I diritti che la legge riconosce a favore del concepito sono subordinati all’evento della nascita.
Art. 1 Capacità giuridica	2. A quale condizione sono subordinati i diritti riconosciuti al concepito dalla legge?	La capacità giuridica si acquista dal momento della nascita.I diritti che la legge riconosce a favore del concepito sono subordinati all’evento della nascita.
Art. 2 Maggiore età. Capacità di agire	1. A quale età si acquisisce la maggiore età secondo il testo?	La maggiore età è fissata al compimento del diciottesimo anno. Con la maggiore età si acquista la capacità di compiere tutti gli atti per i quali non sia stabilita una età diversa.Sono salve le leggi speciali che stabiliscono un’età inferiore in materia di capacità a prestare il proprio lavoro.In tal caso il minore è abilitato all’esercizio dei diritti e delle azioni che dipendono dal contratto di lavoro.
Art. 2 Maggiore età. Capacità di agire	2. Quali atti può compiere una persona al raggiungimento della maggiore età?	La maggiore età è fissata al compimento del diciottesimo anno. Con la maggiore età si acquista la capacità di compiere tutti gli atti per i quali non sia stabilita una età diversa.Sono salve le leggi speciali che stabiliscono un’età inferiore in materia di capacità a prestare il proprio lavoro.In tal caso il minore è abilitato all’esercizio dei diritti e delle azioni che dipendono dal contratto di lavoro.
Art. 2 Maggiore età. Capacità di agire	3. Esistono leggi speciali che stabiliscono un’età inferiore per la capacità di prestare il proprio lavoro?	La maggiore età è fissata al compimento del diciottesimo anno. Con la maggiore età si acquista la capacità di compiere tutti gli atti per i quali non sia stabilita una età diversa.Sono salve le leggi speciali che stabiliscono un’età inferiore in materia di capacità a prestare il proprio lavoro.In tal caso il minore è abilitato all’esercizio dei diritti e delle azioni che dipendono dal contratto di lavoro.
Art. 2 Maggiore età. Capacità di agire	4. Quali diritti e azioni può esercitare un minore abilitato in base a un contratto di lavoro?	La maggiore età è fissata al compimento del diciottesimo anno. Con la maggiore età si acquista la capacità di compiere tutti gli atti per i quali non sia stabilita una età diversa.Sono salve le leggi speciali che stabiliscono un’età inferiore in materia di capacità a prestare il proprio lavoro.In tal caso il minore è abilitato all’esercizio dei diritti e delle azioni che dipendono dal contratto di lavoro.
Art. 4 Commorienza	1. Cosa si considera quando non è chiaro quale persona sia morta prima in un caso in cui un effetto giuridico dipende dalla sopravvivenza di una persona a un’altra?	Quando un effetto giuridico dipende dalla sopravvivenza di una persona a un’altra e non consta quale di esse sia morta prima, tutte si considerano morte nello stesso momento.
Art. 5 Atti di disposizione del proprio corpo	1. Quali sono le condizioni che vietano gli atti di disposizione del proprio corpo?	Gli atti di disposizione del proprio corpo sono vietati quando cagionino una diminuzione permanente della integrità fisica, o quando siano altrimenti contrari alla legge, all’ordine pubblico o al buon costume.Nota. A norma dell'art. 1 della L. 19 settembre 2012 n. 167, in deroga al divieto di cui a questo articolo è ammesso disporre a titolo gratuito di polmone, pancreas e intestino al fine esclusivo di trapianto tra persone viventi.
Art. 5 Atti di disposizione del proprio corpo	2. Quali organi possono essere disposti a titolo gratuito per trapianto tra persone viventi secondo l'art. 1 della L. 19 settembre 2012 n. 167?	Gli atti di disposizione del proprio corpo sono vietati quando cagionino una diminuzione permanente della integrità fisica, o quando siano altrimenti contrari alla legge, all’ordine pubblico o al buon costume.Nota. A norma dell'art. 1 della L. 19 settembre 2012 n. 167, in deroga al divieto di cui a questo articolo è ammesso disporre a titolo gratuito di polmone, pancreas e intestino al fine esclusivo di trapianto tra persone viventi.
Art. 5 Atti di disposizione del proprio corpo	3. In quali casi è ammesso disporre del proprio corpo in deroga al divieto previsto dall'articolo?	Gli atti di disposizione del proprio corpo sono vietati quando cagionino una diminuzione permanente della integrità fisica, o quando siano altrimenti contrari alla legge, all’ordine pubblico o al buon costume.Nota. A norma dell'art. 1 della L. 19 settembre 2012 n. 167, in deroga al divieto di cui a questo articolo è ammesso disporre a titolo gratuito di polmone, pancreas e intestino al fine esclusivo di trapianto tra persone viventi.
Art. 6 Diritto al nome	1. Quali elementi sono compresi nel nome di una persona secondo il testo?	Ogni persona ha diritto al nome che le è per legge attribuito.Nel nome si comprendono il prenome e il cognome.Non sono ammessi cambiamenti, aggiunte o rettifiche al nome, se non nei casi e con le formalità dalla legge indicati.
Art. 6 Diritto al nome	2. In quali circostanze sono ammessi cambiamenti, aggiunte o rettifiche al nome di una persona?	Ogni persona ha diritto al nome che le è per legge attribuito.Nel nome si comprendono il prenome e il cognome.Non sono ammessi cambiamenti, aggiunte o rettifiche al nome, se non nei casi e con le formalità dalla legge indicati.
Art. 6 Diritto al nome	3. Chi attribuisce il nome a una persona secondo il testo?	Ogni persona ha diritto al nome che le è per legge attribuito.Nel nome si comprendono il prenome e il cognome.Non sono ammessi cambiamenti, aggiunte o rettifiche al nome, se non nei casi e con le formalità dalla legge indicati.
Art. 7 Tutela del diritto al nome	1. Quali azioni può intraprendere una persona se il suo diritto all'uso del proprio nome viene contestato o se subisce un pregiudizio dall'uso indebito del suo nome da parte di altri?	La persona, alla quale si contesti il diritto all’uso del proprio nome o che possa risentire pregiudizio dall’uso che altri indebitamente ne faccia, può chiedere giudizialmente la cessazione del fatto lesivo, salvo il risarcimento dei danni.L’autorità giudiziaria può ordinare che la sentenza sia pubblicata in uno o più giornali.
Art. 7 Tutela del diritto al nome	2. Quali misure può adottare l'autorità giudiziaria in caso di sentenza favorevole alla persona che ha subito un pregiudizio dall'uso indebito del proprio nome?	La persona, alla quale si contesti il diritto all’uso del proprio nome o che possa risentire pregiudizio dall’uso che altri indebitamente ne faccia, può chiedere giudizialmente la cessazione del fatto lesivo, salvo il risarcimento dei danni.L’autorità giudiziaria può ordinare che la sentenza sia pubblicata in uno o più giornali.
Art. 8 Tutela del nome per ragioni familiari	1. Chi può promuovere l'azione nel caso previsto dall'articolo precedente, pur non portando il nome contestato o indebitamente usato?	Nel caso previsto dall’articolo precedente, l’azione può essere promossa anche da chi, pur non portando il nome contestato o indebitamente usato, abbia alla tutela del nome un interesse fondato su ragioni familiari degne d’essere protette.
Art. 9 Tutela dello pseudonimo	1. In che modo lo pseudonimo può essere tutelato ai sensi dell'art. 7?	Lo pseudonimo, usato da una persona in modo che abbia acquistato l’importanza del nome, può essere tutelato ai sensi dell’art. 7.
Art. 10 Abuso dell’immagine altrui	1. In quali casi l'autorità giudiziaria può disporre che cessi l'abuso dell'esposizione o pubblicazione dell'immagine di una persona o dei suoi congiunti?	Qualora l’immagine di una persona o dei genitori, del coniuge o dei figli sia stata esposta o pubblicata fuori dei casi in cui l’esposizione o la pubblicazione è dalla legge consentita, ovvero con pregiudizio al decoro o alla reputazione della persona stessa o dei detti congiunti, l’autorità giudiziaria, su richiesta dell’interessato, può disporre che cessi l’abuso, salvo il risarcimento dei danni.Indice
Art. 10 Abuso dell’immagine altrui	2. Quali sono le condizioni necessarie affinché l'autorità giudiziaria possa intervenire su richiesta dell'interessato riguardo all'esposizione o pubblicazione dell'immagine?	Qualora l’immagine di una persona o dei genitori, del coniuge o dei figli sia stata esposta o pubblicata fuori dei casi in cui l’esposizione o la pubblicazione è dalla legge consentita, ovvero con pregiudizio al decoro o alla reputazione della persona stessa o dei detti congiunti, l’autorità giudiziaria, su richiesta dell’interessato, può disporre che cessi l’abuso, salvo il risarcimento dei danni.Indice
Art. 11 Persone giuridiche pubbliche	1. Quali enti pubblici sono riconosciuti come persone giuridiche e godono dei diritti secondo le leggi e gli usi osservati come diritto pubblico?	Le Province e i Comuni, nonché gli enti pubblici riconosciuti come persone giuridiche, godono dei diritti secondo le leggi e gli usi osservati come diritto pubblico (824  e seguenti).
Art. 13 Società	1. Quali disposizioni regolano le società secondo il libro V del codice civile?	Le società sono regolate dalle disposizioni contenute nel libro V (2247 e seguenti).
Art. 14 Atto costitutivo	1. Le associazioni devono essere costituite con atto pubblico?	Le associazioni e le fondazioni devono essere costituite con atto pubblico.La fondazione può essere disposta anche con testamento.
Art. 14 Atto costitutivo	2. In quale altro modo, oltre all'atto pubblico, può essere disposta una fondazione?	Le associazioni e le fondazioni devono essere costituite con atto pubblico.La fondazione può essere disposta anche con testamento.
Art. 15 Revoca dell’atto costitutivo della fondazione	1. In quali circostanze il fondatore può revocare l'atto di fondazione?	L’atto di fondazione può essere revocato dal fondatore fino a quando non sia intervenuto il riconoscimento, ovvero il fondatore non abbia fatto iniziare l’attività dell’opera da lui disposta.La facoltà di revoca non si trasmette agli eredi.
Art. 15 Revoca dell’atto costitutivo della fondazione	2. La facoltà di revoca dell'atto di fondazione si trasmette agli eredi del fondatore?	L’atto di fondazione può essere revocato dal fondatore fino a quando non sia intervenuto il riconoscimento, ovvero il fondatore non abbia fatto iniziare l’attività dell’opera da lui disposta.La facoltà di revoca non si trasmette agli eredi.
Art. 16 Atto costitutivo e statuto. Modificazioni	1. Quali elementi devono essere inclusi nell'atto costitutivo e nello statuto di un ente?	L’atto costitutivo e lo statuto devono contenere la denominazione dell’ente, l’indicazione dello scopo, del patrimonio e della sede, nonché le norme sull’ordinamento e sulla amministrazione. Devono anche determinare, quando trattasi di associazioni, i diritti e gli obblighi degli associati e le condizioni della loro ammissione; e, quando trattasi di fondazioni, i criteri e le modalità di erogazione delle rendite.L’atto costitutivo e lo statuto possono inoltre contenere le norme relative alla estinzione dell’ente e alla devoluzione del patrimonio, e, per le fondazioni, anche quelle relative alla loro trasformazione.
Art. 16 Atto costitutivo e statuto. Modificazioni	2. Quali specifiche devono essere indicate nell'atto costitutivo e nello statuto di un'associazione riguardo agli associati?	L’atto costitutivo e lo statuto devono contenere la denominazione dell’ente, l’indicazione dello scopo, del patrimonio e della sede, nonché le norme sull’ordinamento e sulla amministrazione. Devono anche determinare, quando trattasi di associazioni, i diritti e gli obblighi degli associati e le condizioni della loro ammissione; e, quando trattasi di fondazioni, i criteri e le modalità di erogazione delle rendite.L’atto costitutivo e lo statuto possono inoltre contenere le norme relative alla estinzione dell’ente e alla devoluzione del patrimonio, e, per le fondazioni, anche quelle relative alla loro trasformazione.
Art. 16 Atto costitutivo e statuto. Modificazioni	3. Cosa devono determinare l'atto costitutivo e lo statuto di una fondazione in merito alle rendite?	L’atto costitutivo e lo statuto devono contenere la denominazione dell’ente, l’indicazione dello scopo, del patrimonio e della sede, nonché le norme sull’ordinamento e sulla amministrazione. Devono anche determinare, quando trattasi di associazioni, i diritti e gli obblighi degli associati e le condizioni della loro ammissione; e, quando trattasi di fondazioni, i criteri e le modalità di erogazione delle rendite.L’atto costitutivo e lo statuto possono inoltre contenere le norme relative alla estinzione dell’ente e alla devoluzione del patrimonio, e, per le fondazioni, anche quelle relative alla loro trasformazione.
Art. 16 Atto costitutivo e statuto. Modificazioni	4. Quali norme aggiuntive possono essere incluse nell'atto costitutivo e nello statuto di un ente?	L’atto costitutivo e lo statuto devono contenere la denominazione dell’ente, l’indicazione dello scopo, del patrimonio e della sede, nonché le norme sull’ordinamento e sulla amministrazione. Devono anche determinare, quando trattasi di associazioni, i diritti e gli obblighi degli associati e le condizioni della loro ammissione; e, quando trattasi di fondazioni, i criteri e le modalità di erogazione delle rendite.L’atto costitutivo e lo statuto possono inoltre contenere le norme relative alla estinzione dell’ente e alla devoluzione del patrimonio, e, per le fondazioni, anche quelle relative alla loro trasformazione.
Art. 18 Responsabilità degli amministratori	1. Quali sono le condizioni in cui un amministratore è esente da responsabilità per un atto che ha causato danno all'ente?	Gli amministratori sono responsabili verso l’ente secondo le norme del mandato (1710 e seguenti). È però esente da responsabilità quello degli amministratori il quale non abbia partecipato all’atto che ha causato il danno, salvo il caso in cui, essendo a cognizione che l’atto si stava per compiere, egli non abbia fatto constare del proprio dissenso.
Art. 18 Responsabilità degli amministratori	2. Cosa deve fare un amministratore per non essere ritenuto responsabile se è a conoscenza che un atto dannoso si sta per compiere?	Gli amministratori sono responsabili verso l’ente secondo le norme del mandato (1710 e seguenti). È però esente da responsabilità quello degli amministratori il quale non abbia partecipato all’atto che ha causato il danno, salvo il caso in cui, essendo a cognizione che l’atto si stava per compiere, egli non abbia fatto constare del proprio dissenso.
Art. 19 Limitazioni del potere di rappresentanza	1. Quali sono le condizioni in cui le limitazioni del potere di rappresentanza possono essere opposte ai terzi?	Le limitazioni del potere di rappresentanza, che non risultano dal registro indicato nell’art. 33, non possono essere opposte ai terzi, salvo che si provi che essi ne erano a conoscenza.
Art. 20 Convocazione dell’assemblea delle associazioni	1. Con quale frequenza gli amministratori devono convocare l'assemblea delle associazioni per l'approvazione del bilancio?	L’assemblea delle associazioni deve essere convocata dagli amministratori una volta l’anno per l’approvazione del bilancio.L’assemblea deve essere inoltre convocata quando se ne ravvisa la necessità o quando ne è fatta richiesta motivata da almeno un decimo degli associati. In quest’ultimo caso, se gli amministratori non vi provvedono, la convocazione può essere ordinata dal Presidente del tribunale (2367, att. 8).
Art. 20 Convocazione dell’assemblea delle associazioni	2. Chi può ordinare la convocazione dell'assemblea se gli amministratori non vi provvedono su richiesta di almeno un decimo degli associati?	L’assemblea delle associazioni deve essere convocata dagli amministratori una volta l’anno per l’approvazione del bilancio.L’assemblea deve essere inoltre convocata quando se ne ravvisa la necessità o quando ne è fatta richiesta motivata da almeno un decimo degli associati. In quest’ultimo caso, se gli amministratori non vi provvedono, la convocazione può essere ordinata dal Presidente del tribunale (2367, att. 8).
Art. 20 Convocazione dell’assemblea delle associazioni	3. In quali circostanze, oltre all'approvazione del bilancio, deve essere convocata l'assemblea delle associazioni?	L’assemblea delle associazioni deve essere convocata dagli amministratori una volta l’anno per l’approvazione del bilancio.L’assemblea deve essere inoltre convocata quando se ne ravvisa la necessità o quando ne è fatta richiesta motivata da almeno un decimo degli associati. In quest’ultimo caso, se gli amministratori non vi provvedono, la convocazione può essere ordinata dal Presidente del tribunale (2367, att. 8).
Art. 21 Deliberazioni dell’assemblea	1. Qual è il quorum necessario per la validità delle deliberazioni dell'assemblea in prima convocazione?	Le deliberazioni dell’assemblea sono prese a maggioranza di voti e con la presenza di almeno la metà degli associati. In seconda convocazione la deliberazione è valida qualunque sia il numero degli intervenuti. Nelle deliberazioni di approvazione del bilancio e in quelle che riguardano la loro responsabilità gli amministratori non hanno voto.Per modificare l’atto costitutivo o lo statuto, se in essi non è altrimenti disposto, occorrono la presenza di almeno tre quarti degli associati e il voto favorevole della maggioranza dei presenti.Per deliberare lo scioglimento dell’associazione e la devoluzione del patrimonio occorre il voto favorevole di almeno tre quarti degli associati.
Art. 21 Deliberazioni dell’assemblea	2. In quali circostanze la deliberazione è valida in seconda convocazione?	Le deliberazioni dell’assemblea sono prese a maggioranza di voti e con la presenza di almeno la metà degli associati. In seconda convocazione la deliberazione è valida qualunque sia il numero degli intervenuti. Nelle deliberazioni di approvazione del bilancio e in quelle che riguardano la loro responsabilità gli amministratori non hanno voto.Per modificare l’atto costitutivo o lo statuto, se in essi non è altrimenti disposto, occorrono la presenza di almeno tre quarti degli associati e il voto favorevole della maggioranza dei presenti.Per deliberare lo scioglimento dell’associazione e la devoluzione del patrimonio occorre il voto favorevole di almeno tre quarti degli associati.
Art. 21 Deliberazioni dell’assemblea	3. Gli amministratori possono votare nelle deliberazioni di approvazione del bilancio?	Le deliberazioni dell’assemblea sono prese a maggioranza di voti e con la presenza di almeno la metà degli associati. In seconda convocazione la deliberazione è valida qualunque sia il numero degli intervenuti. Nelle deliberazioni di approvazione del bilancio e in quelle che riguardano la loro responsabilità gli amministratori non hanno voto.Per modificare l’atto costitutivo o lo statuto, se in essi non è altrimenti disposto, occorrono la presenza di almeno tre quarti degli associati e il voto favorevole della maggioranza dei presenti.Per deliberare lo scioglimento dell’associazione e la devoluzione del patrimonio occorre il voto favorevole di almeno tre quarti degli associati.
Art. 21 Deliberazioni dell’assemblea	4. Quali sono i requisiti per modificare l'atto costitutivo o lo statuto dell'associazione?	Le deliberazioni dell’assemblea sono prese a maggioranza di voti e con la presenza di almeno la metà degli associati. In seconda convocazione la deliberazione è valida qualunque sia il numero degli intervenuti. Nelle deliberazioni di approvazione del bilancio e in quelle che riguardano la loro responsabilità gli amministratori non hanno voto.Per modificare l’atto costitutivo o lo statuto, se in essi non è altrimenti disposto, occorrono la presenza di almeno tre quarti degli associati e il voto favorevole della maggioranza dei presenti.Per deliberare lo scioglimento dell’associazione e la devoluzione del patrimonio occorre il voto favorevole di almeno tre quarti degli associati.
Art. 21 Deliberazioni dell’assemblea	5. Qual è il quorum richiesto per deliberare lo scioglimento dell'associazione e la devoluzione del patrimonio?	Le deliberazioni dell’assemblea sono prese a maggioranza di voti e con la presenza di almeno la metà degli associati. In seconda convocazione la deliberazione è valida qualunque sia il numero degli intervenuti. Nelle deliberazioni di approvazione del bilancio e in quelle che riguardano la loro responsabilità gli amministratori non hanno voto.Per modificare l’atto costitutivo o lo statuto, se in essi non è altrimenti disposto, occorrono la presenza di almeno tre quarti degli associati e il voto favorevole della maggioranza dei presenti.Per deliberare lo scioglimento dell’associazione e la devoluzione del patrimonio occorre il voto favorevole di almeno tre quarti degli associati.
Art. 22 Azioni di responsabilità contro gli amministratori	1. Chi delibera le azioni di responsabilità contro gli amministratori delle associazioni per fatti da loro compiuti?	Le azioni di responsabilità contro gli amministratori delle associazioni per fatti da loro compiuti sono deliberate dall’assemblea e sono esercitate dai nuovi amministratori o dai liquidatori.
Art. 22 Azioni di responsabilità contro gli amministratori	2. Chi esercita le azioni di responsabilità contro gli amministratori delle associazioni dopo che sono state deliberate dall'assemblea?	Le azioni di responsabilità contro gli amministratori delle associazioni per fatti da loro compiuti sono deliberate dall’assemblea e sono esercitate dai nuovi amministratori o dai liquidatori.
Art. 23 Annullamento e sospensione delle deliberazioni	1. Chi può richiedere l'annullamento delle deliberazioni dell'assemblea contrarie alla legge, all'atto costitutivo o allo statuto?	Le deliberazioni dell’assemblea contrarie alla legge, all’atto costitutivo o allo statuto possono essere annullate su istanza degli organi dell’ente, di qualunque associato o del pubblico ministero.L’annullamento della deliberazione non pregiudica i diritti acquistati dai terzi di buona fede in base ad atti compiuti in esecuzione della deliberazione medesima.Il Presidente del tribunale o il giudice istruttore, sentiti gli amministratori dell’associazione, può sospendere, su istanza di colui che l’ha proposto l’impugnazione, l’esecuzione della deliberazione impugnata, quando sussistono gravi motivi. Il decreto di sospensione deve essere motivato ed è notificato agli amministratori (att. 10).L’esecuzione delle deliberazioni contrarie all’ordine pubblico o al buon costume può essere sospesa anche dall’autorità governativa (att. 9, 16).
Art. 23 Annullamento e sospensione delle deliberazioni	2. Quali diritti non vengono pregiudicati dall'annullamento della deliberazione?	Le deliberazioni dell’assemblea contrarie alla legge, all’atto costitutivo o allo statuto possono essere annullate su istanza degli organi dell’ente, di qualunque associato o del pubblico ministero.L’annullamento della deliberazione non pregiudica i diritti acquistati dai terzi di buona fede in base ad atti compiuti in esecuzione della deliberazione medesima.Il Presidente del tribunale o il giudice istruttore, sentiti gli amministratori dell’associazione, può sospendere, su istanza di colui che l’ha proposto l’impugnazione, l’esecuzione della deliberazione impugnata, quando sussistono gravi motivi. Il decreto di sospensione deve essere motivato ed è notificato agli amministratori (att. 10).L’esecuzione delle deliberazioni contrarie all’ordine pubblico o al buon costume può essere sospesa anche dall’autorità governativa (att. 9, 16).
Art. 23 Annullamento e sospensione delle deliberazioni	3. Chi può sospendere l'esecuzione della deliberazione impugnata e in quali circostanze?	Le deliberazioni dell’assemblea contrarie alla legge, all’atto costitutivo o allo statuto possono essere annullate su istanza degli organi dell’ente, di qualunque associato o del pubblico ministero.L’annullamento della deliberazione non pregiudica i diritti acquistati dai terzi di buona fede in base ad atti compiuti in esecuzione della deliberazione medesima.Il Presidente del tribunale o il giudice istruttore, sentiti gli amministratori dell’associazione, può sospendere, su istanza di colui che l’ha proposto l’impugnazione, l’esecuzione della deliberazione impugnata, quando sussistono gravi motivi. Il decreto di sospensione deve essere motivato ed è notificato agli amministratori (att. 10).L’esecuzione delle deliberazioni contrarie all’ordine pubblico o al buon costume può essere sospesa anche dall’autorità governativa (att. 9, 16).
Art. 23 Annullamento e sospensione delle deliberazioni	4. Quali sono i requisiti per il decreto di sospensione dell'esecuzione della deliberazione impugnata?	Le deliberazioni dell’assemblea contrarie alla legge, all’atto costitutivo o allo statuto possono essere annullate su istanza degli organi dell’ente, di qualunque associato o del pubblico ministero.L’annullamento della deliberazione non pregiudica i diritti acquistati dai terzi di buona fede in base ad atti compiuti in esecuzione della deliberazione medesima.Il Presidente del tribunale o il giudice istruttore, sentiti gli amministratori dell’associazione, può sospendere, su istanza di colui che l’ha proposto l’impugnazione, l’esecuzione della deliberazione impugnata, quando sussistono gravi motivi. Il decreto di sospensione deve essere motivato ed è notificato agli amministratori (att. 10).L’esecuzione delle deliberazioni contrarie all’ordine pubblico o al buon costume può essere sospesa anche dall’autorità governativa (att. 9, 16).
Art. 23 Annullamento e sospensione delle deliberazioni	5. Quali autorità possono sospendere l'esecuzione delle deliberazioni contrarie all'ordine pubblico o al buon costume?	Le deliberazioni dell’assemblea contrarie alla legge, all’atto costitutivo o allo statuto possono essere annullate su istanza degli organi dell’ente, di qualunque associato o del pubblico ministero.L’annullamento della deliberazione non pregiudica i diritti acquistati dai terzi di buona fede in base ad atti compiuti in esecuzione della deliberazione medesima.Il Presidente del tribunale o il giudice istruttore, sentiti gli amministratori dell’associazione, può sospendere, su istanza di colui che l’ha proposto l’impugnazione, l’esecuzione della deliberazione impugnata, quando sussistono gravi motivi. Il decreto di sospensione deve essere motivato ed è notificato agli amministratori (att. 10).L’esecuzione delle deliberazioni contrarie all’ordine pubblico o al buon costume può essere sospesa anche dall’autorità governativa (att. 9, 16).
Art. 24 Recesso ed esclusione degli associati	1. In quali casi la qualità di associato può essere trasmessa?	La qualità di associato non è trasmissibile, salvo che la trasmissione sia consentita dall’atto costitutivo o dallo statuto.L’associato può sempre recedere dall’associazione se non ha assunto l’obbligo di farne parte per un tempo determinato. La dichiarazione di recesso deve essere comunicata per iscritto agli amministratori e ha effetto con lo scadere dell’anno in corso, purché sia fatta almeno tre mesi prima.L’esclusione d’un associato non può essere deliberata dall’assemblea che per gravi motivi; l’associato può ricorrere all’autorità giudiziaria entro sei mesi dal giorno in cui gli è stata notificata la deliberazione.Gli associati, che abbiano receduto o siano stati esclusi o che comunque abbiano cessato di appartenere all’associazione, non possono ripetere i contributi versati, né hanno alcun diritto sul patrimonio dell’associazione.
Art. 24 Recesso ed esclusione degli associati	2. Quali sono le condizioni per cui un associato può recedere dall'associazione?	La qualità di associato non è trasmissibile, salvo che la trasmissione sia consentita dall’atto costitutivo o dallo statuto.L’associato può sempre recedere dall’associazione se non ha assunto l’obbligo di farne parte per un tempo determinato. La dichiarazione di recesso deve essere comunicata per iscritto agli amministratori e ha effetto con lo scadere dell’anno in corso, purché sia fatta almeno tre mesi prima.L’esclusione d’un associato non può essere deliberata dall’assemblea che per gravi motivi; l’associato può ricorrere all’autorità giudiziaria entro sei mesi dal giorno in cui gli è stata notificata la deliberazione.Gli associati, che abbiano receduto o siano stati esclusi o che comunque abbiano cessato di appartenere all’associazione, non possono ripetere i contributi versati, né hanno alcun diritto sul patrimonio dell’associazione.
Art. 24 Recesso ed esclusione degli associati	3. Come deve essere comunicata la dichiarazione di recesso dall'associazione?	La qualità di associato non è trasmissibile, salvo che la trasmissione sia consentita dall’atto costitutivo o dallo statuto.L’associato può sempre recedere dall’associazione se non ha assunto l’obbligo di farne parte per un tempo determinato. La dichiarazione di recesso deve essere comunicata per iscritto agli amministratori e ha effetto con lo scadere dell’anno in corso, purché sia fatta almeno tre mesi prima.L’esclusione d’un associato non può essere deliberata dall’assemblea che per gravi motivi; l’associato può ricorrere all’autorità giudiziaria entro sei mesi dal giorno in cui gli è stata notificata la deliberazione.Gli associati, che abbiano receduto o siano stati esclusi o che comunque abbiano cessato di appartenere all’associazione, non possono ripetere i contributi versati, né hanno alcun diritto sul patrimonio dell’associazione.
Art. 24 Recesso ed esclusione degli associati	4. Quando ha effetto il recesso di un associato se la dichiarazione è fatta almeno tre mesi prima della fine dell'anno in corso?	La qualità di associato non è trasmissibile, salvo che la trasmissione sia consentita dall’atto costitutivo o dallo statuto.L’associato può sempre recedere dall’associazione se non ha assunto l’obbligo di farne parte per un tempo determinato. La dichiarazione di recesso deve essere comunicata per iscritto agli amministratori e ha effetto con lo scadere dell’anno in corso, purché sia fatta almeno tre mesi prima.L’esclusione d’un associato non può essere deliberata dall’assemblea che per gravi motivi; l’associato può ricorrere all’autorità giudiziaria entro sei mesi dal giorno in cui gli è stata notificata la deliberazione.Gli associati, che abbiano receduto o siano stati esclusi o che comunque abbiano cessato di appartenere all’associazione, non possono ripetere i contributi versati, né hanno alcun diritto sul patrimonio dell’associazione.
Art. 24 Recesso ed esclusione degli associati	5. Per quali motivi l'assemblea può deliberare l'esclusione di un associato?	La qualità di associato non è trasmissibile, salvo che la trasmissione sia consentita dall’atto costitutivo o dallo statuto.L’associato può sempre recedere dall’associazione se non ha assunto l’obbligo di farne parte per un tempo determinato. La dichiarazione di recesso deve essere comunicata per iscritto agli amministratori e ha effetto con lo scadere dell’anno in corso, purché sia fatta almeno tre mesi prima.L’esclusione d’un associato non può essere deliberata dall’assemblea che per gravi motivi; l’associato può ricorrere all’autorità giudiziaria entro sei mesi dal giorno in cui gli è stata notificata la deliberazione.Gli associati, che abbiano receduto o siano stati esclusi o che comunque abbiano cessato di appartenere all’associazione, non possono ripetere i contributi versati, né hanno alcun diritto sul patrimonio dell’associazione.
Art. 24 Recesso ed esclusione degli associati	6. Entro quanto tempo un associato escluso può ricorrere all'autorità giudiziaria contro la deliberazione di esclusione?	La qualità di associato non è trasmissibile, salvo che la trasmissione sia consentita dall’atto costitutivo o dallo statuto.L’associato può sempre recedere dall’associazione se non ha assunto l’obbligo di farne parte per un tempo determinato. La dichiarazione di recesso deve essere comunicata per iscritto agli amministratori e ha effetto con lo scadere dell’anno in corso, purché sia fatta almeno tre mesi prima.L’esclusione d’un associato non può essere deliberata dall’assemblea che per gravi motivi; l’associato può ricorrere all’autorità giudiziaria entro sei mesi dal giorno in cui gli è stata notificata la deliberazione.Gli associati, che abbiano receduto o siano stati esclusi o che comunque abbiano cessato di appartenere all’associazione, non possono ripetere i contributi versati, né hanno alcun diritto sul patrimonio dell’associazione.
Art. 25 Controllo sull’amministrazione delle fondazioni	1. Quali sono le circostanze in cui l'autorità governativa può provvedere alla nomina e alla sostituzione degli amministratori di una fondazione?	L’autorità governativa esercita il controllo e la vigilanza sull’amministrazione delle fondazioni; provvede alla nomina e alla sostituzione degli amministratori o dei rappresentanti, quando le disposizioni contenute nell’atto di fondazione non possono attuarsi; annulla, sentiti gli amministratori, con provvedimento definitivo, le deliberazioni contrarie a norme imperative, all’atto di fondazione, all’ordine pubblico o al buon costume; può sciogliere l’amministrazione e nominare un commissario straordinario, qualora gli amministratori non agiscano in conformità dello statuto e dello scopo della fondazione o della legge.L’annullamento della deliberazione non pregiudica i diritti acquistati dai terzi di buona fede in base ad atti compiuti in esecuzione della deliberazione medesima.Le azioni contro gli amministratori per fatti riguardanti la loro responsabilità devono essere autorizzate dall’autorità governativa e sono esercitate dal commissario straordinario, dai liquidatori o dai nuovi amministratori.
Art. 25 Controllo sull’amministrazione delle fondazioni	2. In quali casi l'autorità governativa può annullare le deliberazioni di una fondazione?	L’autorità governativa esercita il controllo e la vigilanza sull’amministrazione delle fondazioni; provvede alla nomina e alla sostituzione degli amministratori o dei rappresentanti, quando le disposizioni contenute nell’atto di fondazione non possono attuarsi; annulla, sentiti gli amministratori, con provvedimento definitivo, le deliberazioni contrarie a norme imperative, all’atto di fondazione, all’ordine pubblico o al buon costume; può sciogliere l’amministrazione e nominare un commissario straordinario, qualora gli amministratori non agiscano in conformità dello statuto e dello scopo della fondazione o della legge.L’annullamento della deliberazione non pregiudica i diritti acquistati dai terzi di buona fede in base ad atti compiuti in esecuzione della deliberazione medesima.Le azioni contro gli amministratori per fatti riguardanti la loro responsabilità devono essere autorizzate dall’autorità governativa e sono esercitate dal commissario straordinario, dai liquidatori o dai nuovi amministratori.
Art. 25 Controllo sull’amministrazione delle fondazioni	3. Quali sono le conseguenze dell'annullamento di una deliberazione per i diritti dei terzi di buona fede?	L’autorità governativa esercita il controllo e la vigilanza sull’amministrazione delle fondazioni; provvede alla nomina e alla sostituzione degli amministratori o dei rappresentanti, quando le disposizioni contenute nell’atto di fondazione non possono attuarsi; annulla, sentiti gli amministratori, con provvedimento definitivo, le deliberazioni contrarie a norme imperative, all’atto di fondazione, all’ordine pubblico o al buon costume; può sciogliere l’amministrazione e nominare un commissario straordinario, qualora gli amministratori non agiscano in conformità dello statuto e dello scopo della fondazione o della legge.L’annullamento della deliberazione non pregiudica i diritti acquistati dai terzi di buona fede in base ad atti compiuti in esecuzione della deliberazione medesima.Le azioni contro gli amministratori per fatti riguardanti la loro responsabilità devono essere autorizzate dall’autorità governativa e sono esercitate dal commissario straordinario, dai liquidatori o dai nuovi amministratori.
Art. 25 Controllo sull’amministrazione delle fondazioni	4. Chi può esercitare le azioni contro gli amministratori per fatti riguardanti la loro responsabilità?	L’autorità governativa esercita il controllo e la vigilanza sull’amministrazione delle fondazioni; provvede alla nomina e alla sostituzione degli amministratori o dei rappresentanti, quando le disposizioni contenute nell’atto di fondazione non possono attuarsi; annulla, sentiti gli amministratori, con provvedimento definitivo, le deliberazioni contrarie a norme imperative, all’atto di fondazione, all’ordine pubblico o al buon costume; può sciogliere l’amministrazione e nominare un commissario straordinario, qualora gli amministratori non agiscano in conformità dello statuto e dello scopo della fondazione o della legge.L’annullamento della deliberazione non pregiudica i diritti acquistati dai terzi di buona fede in base ad atti compiuti in esecuzione della deliberazione medesima.Le azioni contro gli amministratori per fatti riguardanti la loro responsabilità devono essere autorizzate dall’autorità governativa e sono esercitate dal commissario straordinario, dai liquidatori o dai nuovi amministratori.
Art. 25 Controllo sull’amministrazione delle fondazioni	5. Quali sono le condizioni che possono portare allo scioglimento dell'amministrazione di una fondazione da parte dell'autorità governativa?	L’autorità governativa esercita il controllo e la vigilanza sull’amministrazione delle fondazioni; provvede alla nomina e alla sostituzione degli amministratori o dei rappresentanti, quando le disposizioni contenute nell’atto di fondazione non possono attuarsi; annulla, sentiti gli amministratori, con provvedimento definitivo, le deliberazioni contrarie a norme imperative, all’atto di fondazione, all’ordine pubblico o al buon costume; può sciogliere l’amministrazione e nominare un commissario straordinario, qualora gli amministratori non agiscano in conformità dello statuto e dello scopo della fondazione o della legge.L’annullamento della deliberazione non pregiudica i diritti acquistati dai terzi di buona fede in base ad atti compiuti in esecuzione della deliberazione medesima.Le azioni contro gli amministratori per fatti riguardanti la loro responsabilità devono essere autorizzate dall’autorità governativa e sono esercitate dal commissario straordinario, dai liquidatori o dai nuovi amministratori.
Art. 25 Controllo sull’amministrazione delle fondazioni	6. Qual è il ruolo del commissario straordinario in relazione alle azioni contro gli amministratori di una fondazione?	L’autorità governativa esercita il controllo e la vigilanza sull’amministrazione delle fondazioni; provvede alla nomina e alla sostituzione degli amministratori o dei rappresentanti, quando le disposizioni contenute nell’atto di fondazione non possono attuarsi; annulla, sentiti gli amministratori, con provvedimento definitivo, le deliberazioni contrarie a norme imperative, all’atto di fondazione, all’ordine pubblico o al buon costume; può sciogliere l’amministrazione e nominare un commissario straordinario, qualora gli amministratori non agiscano in conformità dello statuto e dello scopo della fondazione o della legge.L’annullamento della deliberazione non pregiudica i diritti acquistati dai terzi di buona fede in base ad atti compiuti in esecuzione della deliberazione medesima.Le azioni contro gli amministratori per fatti riguardanti la loro responsabilità devono essere autorizzate dall’autorità governativa e sono esercitate dal commissario straordinario, dai liquidatori o dai nuovi amministratori.
Art. 26 Coordinamento di attività e unificazione di amministrazione	1. In quali circostanze l'autorità governativa può disporre il coordinamento delle attività di più fondazioni?	L’autorità governativa può disporre il coordinamento della attività di più fondazioni ovvero l’unificazione della loro amministrazione, rispettando, per quanto è possibile, la volontà del fondatore.
Art. 26 Coordinamento di attività e unificazione di amministrazione	2. Quali misure deve adottare l'autorità governativa per rispettare la volontà del fondatore quando unifica l'amministrazione di più fondazioni?	L’autorità governativa può disporre il coordinamento della attività di più fondazioni ovvero l’unificazione della loro amministrazione, rispettando, per quanto è possibile, la volontà del fondatore.
Art. 27 Estinzione della persona giuridica	1. Quali sono le cause di estinzione di una persona giuridica oltre a quelle previste nell'atto costitutivo e nello statuto?	Oltre che per le cause previste nell’atto costitutivo e nello statuto, la persona giuridica si estingue quando lo scopo è stato raggiunto o è divenuto impossibile.Le associazioni si estinguono inoltre quando tutti gli associati sono venuti a mancare.
Art. 27 Estinzione della persona giuridica	2. In quale ulteriore circostanza si estinguono le associazioni?	Oltre che per le cause previste nell’atto costitutivo e nello statuto, la persona giuridica si estingue quando lo scopo è stato raggiunto o è divenuto impossibile.Le associazioni si estinguono inoltre quando tutti gli associati sono venuti a mancare.
Art. 28 Trasformazione delle fondazioni	1. In quali circostanze l'autorità governativa può provvedere alla trasformazione di una fondazione anziché dichiararla estinta?	Quando lo scopo è esaurito o divenuto impossibile o di scarsa utilità, o il patrimonio e divenuto insufficiente, l’autorità governativa, anziché dichiarare estinta la fondazione, può provvedere alla sua trasformazione, allontanandosi il meno possibile dalla volontà del fondatore.La trasformazione non e ammessa quando i fatti che vi darebbero luogo sono considerati nell’atto di fondazione come causa di estinzione della persona giuridica e di devoluzione dei beni a terze persone.Le disposizioni del primo comma di questo articolo e dell’art. 26 non si applicano alle fondazioni destinate a vantaggio soltanto di una o più famiglie determinate (att. 10).
Art. 28 Trasformazione delle fondazioni	2. Quando la trasformazione di una fondazione non è ammessa secondo il testo?	Quando lo scopo è esaurito o divenuto impossibile o di scarsa utilità, o il patrimonio e divenuto insufficiente, l’autorità governativa, anziché dichiarare estinta la fondazione, può provvedere alla sua trasformazione, allontanandosi il meno possibile dalla volontà del fondatore.La trasformazione non e ammessa quando i fatti che vi darebbero luogo sono considerati nell’atto di fondazione come causa di estinzione della persona giuridica e di devoluzione dei beni a terze persone.Le disposizioni del primo comma di questo articolo e dell’art. 26 non si applicano alle fondazioni destinate a vantaggio soltanto di una o più famiglie determinate (att. 10).
Art. 28 Trasformazione delle fondazioni	3. A quali fondazioni non si applicano le disposizioni del primo comma dell'articolo e dell'art. 26?	Quando lo scopo è esaurito o divenuto impossibile o di scarsa utilità, o il patrimonio e divenuto insufficiente, l’autorità governativa, anziché dichiarare estinta la fondazione, può provvedere alla sua trasformazione, allontanandosi il meno possibile dalla volontà del fondatore.La trasformazione non e ammessa quando i fatti che vi darebbero luogo sono considerati nell’atto di fondazione come causa di estinzione della persona giuridica e di devoluzione dei beni a terze persone.Le disposizioni del primo comma di questo articolo e dell’art. 26 non si applicano alle fondazioni destinate a vantaggio soltanto di una o più famiglie determinate (att. 10).
Art. 29 Divieto di nuove operazioni	1. Quali sono le circostanze in cui gli amministratori non possono compiere nuove operazioni?	Gli amministratori non possono compiere nuove operazioni, appena è stato loro comunicato il provvedimento che dichiara l’estinzione della persona giuridica o il provvedimento con cui l’autorità, a norma di legge, ha ordinato lo scioglimento dell’associazione, o appena è stata adottata dall’assemblea la deliberazione di scioglimento dell’associazione medesima. Qualora trasgrediscano a questo divieto, assumono responsabilità personale e solidale.
Art. 29 Divieto di nuove operazioni	2. Quali sono le conseguenze per gli amministratori che trasgrediscono il divieto di compiere nuove operazioni dopo la comunicazione del provvedimento di estinzione o scioglimento?	Gli amministratori non possono compiere nuove operazioni, appena è stato loro comunicato il provvedimento che dichiara l’estinzione della persona giuridica o il provvedimento con cui l’autorità, a norma di legge, ha ordinato lo scioglimento dell’associazione, o appena è stata adottata dall’assemblea la deliberazione di scioglimento dell’associazione medesima. Qualora trasgrediscano a questo divieto, assumono responsabilità personale e solidale.
Art. 30 Liquidazione	1. Quali norme regolano la liquidazione del patrimonio in caso di estinzione di una persona giuridica o scioglimento di un'associazione?	Dichiarata l’estinzione della persona giuridica o disposto lo scioglimento dell’associazione, si procede alla liquidazione del patrimonio secondo le norme di attuazione del codice (att. 11, 21).
Art. 31 Devoluzione dei beni	1. Cosa accade ai beni di una persona giuridica dopo la liquidazione se l'atto costitutivo o lo statuto non dispongono nulla?	I beni della persona giuridica, che restano dopo esaurita la liquidazione, sono devoluti in conformità dell’atto costitutivo o dello statuto.Qualora questi non dispongano, se trattasi di fondazione, provvede l’autorità governativa, attribuendo i beni ad altri enti che hanno fini analoghi, se trattasi di associazione, si osservano le deliberazioni dell’assemblea che ha stabilito lo scioglimento e, quando anche queste mancano, provvede nello stesso modo l’autorità governativa.I creditori che durante la liquidazione non hanno fatto valere il loro credito possono chiedere il pagamento a coloro ai quali i beni sono stati devoluti, entro l’anno della chiusura della liquidazione, in proporzione e nei limiti di ciò che hanno ricevuto (30, 42, 2312, 2324, 2964 e seguenti).
Art. 31 Devoluzione dei beni	2. Chi provvede alla devoluzione dei beni di una fondazione in assenza di disposizioni nell'atto costitutivo o nello statuto?	I beni della persona giuridica, che restano dopo esaurita la liquidazione, sono devoluti in conformità dell’atto costitutivo o dello statuto.Qualora questi non dispongano, se trattasi di fondazione, provvede l’autorità governativa, attribuendo i beni ad altri enti che hanno fini analoghi, se trattasi di associazione, si osservano le deliberazioni dell’assemblea che ha stabilito lo scioglimento e, quando anche queste mancano, provvede nello stesso modo l’autorità governativa.I creditori che durante la liquidazione non hanno fatto valere il loro credito possono chiedere il pagamento a coloro ai quali i beni sono stati devoluti, entro l’anno della chiusura della liquidazione, in proporzione e nei limiti di ciò che hanno ricevuto (30, 42, 2312, 2324, 2964 e seguenti).
Art. 31 Devoluzione dei beni	3. Quali sono le modalità di devoluzione dei beni di un'associazione in caso di scioglimento senza deliberazioni dell'assemblea?	I beni della persona giuridica, che restano dopo esaurita la liquidazione, sono devoluti in conformità dell’atto costitutivo o dello statuto.Qualora questi non dispongano, se trattasi di fondazione, provvede l’autorità governativa, attribuendo i beni ad altri enti che hanno fini analoghi, se trattasi di associazione, si osservano le deliberazioni dell’assemblea che ha stabilito lo scioglimento e, quando anche queste mancano, provvede nello stesso modo l’autorità governativa.I creditori che durante la liquidazione non hanno fatto valere il loro credito possono chiedere il pagamento a coloro ai quali i beni sono stati devoluti, entro l’anno della chiusura della liquidazione, in proporzione e nei limiti di ciò che hanno ricevuto (30, 42, 2312, 2324, 2964 e seguenti).
Art. 31 Devoluzione dei beni	4. Entro quale termine i creditori possono chiedere il pagamento ai destinatari dei beni devoluti durante la liquidazione?	I beni della persona giuridica, che restano dopo esaurita la liquidazione, sono devoluti in conformità dell’atto costitutivo o dello statuto.Qualora questi non dispongano, se trattasi di fondazione, provvede l’autorità governativa, attribuendo i beni ad altri enti che hanno fini analoghi, se trattasi di associazione, si osservano le deliberazioni dell’assemblea che ha stabilito lo scioglimento e, quando anche queste mancano, provvede nello stesso modo l’autorità governativa.I creditori che durante la liquidazione non hanno fatto valere il loro credito possono chiedere il pagamento a coloro ai quali i beni sono stati devoluti, entro l’anno della chiusura della liquidazione, in proporzione e nei limiti di ciò che hanno ricevuto (30, 42, 2312, 2324, 2964 e seguenti).
Art. 32 Devoluzione dei beni con destinazione particolare	1. Cosa accade ai beni donati o lasciati a un ente con destinazione a scopo diverso da quello proprio dell'ente in caso di trasformazione o scioglimento dell'ente stesso?	Nel caso di trasformazione o di scioglimento di un ente, al quale sono stati donati o lasciati beni con destinazione a scopo diverso da quello proprio dell’ente, l’autorità governativa devolve tali beni, con lo stesso onere, ad altre persone giuridiche, che hanno fini analoghi.
Art. 32 Devoluzione dei beni con destinazione particolare	2. Chi è responsabile della devoluzione dei beni donati o lasciati a un ente in caso di trasformazione o scioglimento dell'ente?	Nel caso di trasformazione o di scioglimento di un ente, al quale sono stati donati o lasciati beni con destinazione a scopo diverso da quello proprio dell’ente, l’autorità governativa devolve tali beni, con lo stesso onere, ad altre persone giuridiche, che hanno fini analoghi.
Art. 32 Devoluzione dei beni con destinazione particolare	3. A chi vengono devoluti i beni donati o lasciati a un ente con destinazione a scopo diverso da quello proprio dell'ente in caso di trasformazione o scioglimento dell'ente?	Nel caso di trasformazione o di scioglimento di un ente, al quale sono stati donati o lasciati beni con destinazione a scopo diverso da quello proprio dell’ente, l’autorità governativa devolve tali beni, con lo stesso onere, ad altre persone giuridiche, che hanno fini analoghi.
Art. 32 Devoluzione dei beni con destinazione particolare	4. Quali condizioni devono essere rispettate nella devoluzione dei beni donati o lasciati a un ente in caso di trasformazione o scioglimento dell'ente?	Nel caso di trasformazione o di scioglimento di un ente, al quale sono stati donati o lasciati beni con destinazione a scopo diverso da quello proprio dell’ente, l’autorità governativa devolve tali beni, con lo stesso onere, ad altre persone giuridiche, che hanno fini analoghi.
Art. 35 Disposizione penale 	1. Quali sono le conseguenze legali per gli amministratori e i liquidatori che non richiedono le iscrizioni prescritte?	Gli amministratori e i liquidatori che non richiedono le iscrizioni prescritte
Art. 36 Ordinamento e amministrazione delle associazioni non riconosciute	1. Come sono regolati l'ordinamento interno e l'amministrazione delle associazioni non riconosciute come persone giuridiche?	L’ordinamento interno e l’amministrazione delle associazioni non riconosciute come persone giuridiche sono regolati dagli accordi degli associati.Le dette associazioni possono stare in giudizio nella persona di coloro ai quali, secondo questi accordi, e conferita la presidenza o la direzione (Cod. Proc. Civ. 75, 78).
Art. 36 Ordinamento e amministrazione delle associazioni non riconosciute	2. Chi può rappresentare in giudizio le associazioni non riconosciute come persone giuridiche?	L’ordinamento interno e l’amministrazione delle associazioni non riconosciute come persone giuridiche sono regolati dagli accordi degli associati.Le dette associazioni possono stare in giudizio nella persona di coloro ai quali, secondo questi accordi, e conferita la presidenza o la direzione (Cod. Proc. Civ. 75, 78).
Art. 37 Fondo comune	1. Quali elementi costituiscono il fondo comune di un'associazione secondo il testo?	I contributi degli associati e i beni acquistati con questi contributi costituiscono il fondo comune dell’associazione. Finche questa dura, i singoli associati non possono chiedere la divisione del fondo comune, né pretendere la quota in caso di recesso.
Art. 37 Fondo comune	2. Cosa non possono fare i singoli associati riguardo al fondo comune durante la durata dell'associazione?	I contributi degli associati e i beni acquistati con questi contributi costituiscono il fondo comune dell’associazione. Finche questa dura, i singoli associati non possono chiedere la divisione del fondo comune, né pretendere la quota in caso di recesso.
Art. 38 Obbligazioni	1. Quali sono le conseguenze per le persone che hanno agito in nome e per conto dell'associazione in relazione alle obbligazioni assunte?	Per le obbligazioni assunte dalle persone che rappresentano l’associazione i terzi possono far valere i loro diritti sul fondo comune. Delle obbligazioni stesse rispondono anche personalmente e solidalmente (1292 e seguenti) le persone che hanno agito in nome e per conto dell’associazione (41, 2267, 2291, 2317, 2320, 2331, 2508, 2615, Cod. Proc. Civ. 19).
Art. 38 Obbligazioni	2. Su quale patrimonio possono far valere i loro diritti i terzi per le obbligazioni assunte dalle persone che rappresentano l'associazione?	Per le obbligazioni assunte dalle persone che rappresentano l’associazione i terzi possono far valere i loro diritti sul fondo comune. Delle obbligazioni stesse rispondono anche personalmente e solidalmente (1292 e seguenti) le persone che hanno agito in nome e per conto dell’associazione (41, 2267, 2291, 2317, 2320, 2331, 2508, 2615, Cod. Proc. Civ. 19).
Art. 39 Comitati	1. Quali tipi di comitati sono regolati dalle disposizioni seguenti nel testo?	I comitati di soccorso o di beneficenza e i comitati promotori di opere pubbliche, monumenti, esposizioni, mostre, festeggiamenti e simili sono regolati dalle disposizioni seguenti, salvo quanto e stabilito nelle leggi speciali.
Art. 40 Responsabilità degli organizzatori	1. Quali sono le responsabilità degli organizzatori e dei gestori dei fondi raccolti riguardo alla conservazione e alla destinazione dei fondi?	Gli organizzatori e coloro che assumono la gestione dei fondi raccolti sono responsabili personalmente e solidalmente (1292 e seguenti) della conservazione dei fondi e della loro destinazione allo scopo annunziato.
Art. 41 Responsabilità dei componenti. Rappresentanza in giudizio	1. Cosa accade ai componenti di un comitato che non ha ottenuto la personalità giuridica in relazione alle obbligazioni assunte?	Qualora il comitato non abbia ottenuto la personalità giuridica, i suoi componenti rispondono personalmente e solidalmente (1292 e seguenti) delle obbligazioni assunte. I sottoscrittori sono tenuti soltanto a effettuare le oblazioni promesse.Il comitato può stare in giudizio nella persona del presidente (36, 1387, Cod. Proc. Civ. 75).
Art. 41 Responsabilità dei componenti. Rappresentanza in giudizio	2. Quali sono gli obblighi dei sottoscrittori nei confronti del comitato?	Qualora il comitato non abbia ottenuto la personalità giuridica, i suoi componenti rispondono personalmente e solidalmente (1292 e seguenti) delle obbligazioni assunte. I sottoscrittori sono tenuti soltanto a effettuare le oblazioni promesse.Il comitato può stare in giudizio nella persona del presidente (36, 1387, Cod. Proc. Civ. 75).
Art. 41 Responsabilità dei componenti. Rappresentanza in giudizio	3. In che modo il comitato può stare in giudizio?	Qualora il comitato non abbia ottenuto la personalità giuridica, i suoi componenti rispondono personalmente e solidalmente (1292 e seguenti) delle obbligazioni assunte. I sottoscrittori sono tenuti soltanto a effettuare le oblazioni promesse.Il comitato può stare in giudizio nella persona del presidente (36, 1387, Cod. Proc. Civ. 75).
Art. 42 Diversa destinazione dei fondi	1. Cosa accade se i fondi raccolti sono insufficienti allo scopo prefissato?	Qualora i fondi raccolti siano insufficienti allo scopo, o questo non sia più attuabile, o, raggiunto lo scopo, si abbia un residuo di fondi, l’autorità governativa stabilisce la devoluzione dei beni, se questa non è stata disciplinata al momento della costituzione.
Art. 42 Diversa destinazione dei fondi	2. Chi stabilisce la devoluzione dei beni se questa non è stata disciplinata al momento della costituzione?	Qualora i fondi raccolti siano insufficienti allo scopo, o questo non sia più attuabile, o, raggiunto lo scopo, si abbia un residuo di fondi, l’autorità governativa stabilisce la devoluzione dei beni, se questa non è stata disciplinata al momento della costituzione.
Art. 42 Diversa destinazione dei fondi	3. Quali sono le circostanze in cui l'autorità governativa interviene per stabilire la devoluzione dei beni?	Qualora i fondi raccolti siano insufficienti allo scopo, o questo non sia più attuabile, o, raggiunto lo scopo, si abbia un residuo di fondi, l’autorità governativa stabilisce la devoluzione dei beni, se questa non è stata disciplinata al momento della costituzione.
Art. 42 Diversa destinazione dei fondi	4. Cosa succede ai fondi residui una volta raggiunto lo scopo prefissato?	Qualora i fondi raccolti siano insufficienti allo scopo, o questo non sia più attuabile, o, raggiunto lo scopo, si abbia un residuo di fondi, l’autorità governativa stabilisce la devoluzione dei beni, se questa non è stata disciplinata al momento della costituzione.
Art. 42 Diversa destinazione dei fondi	5. In che situazione l'autorità governativa deve intervenire per la devoluzione dei beni raccolti?	Qualora i fondi raccolti siano insufficienti allo scopo, o questo non sia più attuabile, o, raggiunto lo scopo, si abbia un residuo di fondi, l’autorità governativa stabilisce la devoluzione dei beni, se questa non è stata disciplinata al momento della costituzione.
Art. 43 Domicilio e residenza	1. Qual è la definizione di domicilio secondo il Codice di Procedura Civile?	Il domicilio di una persona è nel luogo in cui essa ha stabilito la sede principale dei suoi affari e interessi (Cod. Proc. Civ. 139, costit. 14).La residenza è nel luogo in cui la persona ha la dimora abituale.
Art. 43 Domicilio e residenza	2. Dove si trova il domicilio di una persona?	Il domicilio di una persona è nel luogo in cui essa ha stabilito la sede principale dei suoi affari e interessi (Cod. Proc. Civ. 139, costit. 14).La residenza è nel luogo in cui la persona ha la dimora abituale.
Art. 43 Domicilio e residenza	3. Come viene definita la residenza di una persona?	Il domicilio di una persona è nel luogo in cui essa ha stabilito la sede principale dei suoi affari e interessi (Cod. Proc. Civ. 139, costit. 14).La residenza è nel luogo in cui la persona ha la dimora abituale.
Art. 43 Domicilio e residenza	4. Qual è la differenza tra domicilio e residenza secondo il testo?	Il domicilio di una persona è nel luogo in cui essa ha stabilito la sede principale dei suoi affari e interessi (Cod. Proc. Civ. 139, costit. 14).La residenza è nel luogo in cui la persona ha la dimora abituale.
Art. 44 Trasferimento della residenza e del domicilio	1. In che modo il trasferimento della residenza deve essere denunciato per essere opponibile ai terzi di buona fede?	Il trasferimento della residenza non può essere opposto ai terzi di buona fede, se non è stato denunciato nei modi prescritti dalla legge (att. 31).Quando una persona ha nel medesimo luogo il domicilio e la residenza e trasferisce questa altrove, di fronte ai terzi di buona fede si considera trasferito pure il domicilio, se non si è fatta una diversa dichiarazione nell’atto in cui e stato denunciato il trasferimento della residenza.
Art. 44 Trasferimento della residenza e del domicilio	2. Cosa si considera trasferito di fronte ai terzi di buona fede quando una persona trasferisce la residenza altrove, avendo nel medesimo luogo sia il domicilio che la residenza?	Il trasferimento della residenza non può essere opposto ai terzi di buona fede, se non è stato denunciato nei modi prescritti dalla legge (att. 31).Quando una persona ha nel medesimo luogo il domicilio e la residenza e trasferisce questa altrove, di fronte ai terzi di buona fede si considera trasferito pure il domicilio, se non si è fatta una diversa dichiarazione nell’atto in cui e stato denunciato il trasferimento della residenza.
Art. 45 Domicilio dei coniugi del minore e dell’interdetto	1. Dove ha il domicilio ciascuno dei coniugi?	Ciascuno dei coniugi ha il proprio domicilio nel luogo in cui ha stabilito la sede principale dei propri affari o interessi.Il minore ha il domicilio nel luogo di residenza della famiglia o quello del tutore. Se i genitori sono separati o il loro matrimonio è stato annullato o sciolto o ne sono cessati gli effetti civili o comunque non hanno la stessa residenza, il minore ha il domicilio del genitore con il quale convive.L’interdetto ha il domicilio del tutore.
Art. 45 Domicilio dei coniugi del minore e dell’interdetto	2. Qual è il domicilio del minore se i genitori sono separati?	Ciascuno dei coniugi ha il proprio domicilio nel luogo in cui ha stabilito la sede principale dei propri affari o interessi.Il minore ha il domicilio nel luogo di residenza della famiglia o quello del tutore. Se i genitori sono separati o il loro matrimonio è stato annullato o sciolto o ne sono cessati gli effetti civili o comunque non hanno la stessa residenza, il minore ha il domicilio del genitore con il quale convive.L’interdetto ha il domicilio del tutore.
Art. 45 Domicilio dei coniugi del minore e dell’interdetto	3. In quale luogo ha il domicilio il minore se i genitori non hanno la stessa residenza?	Ciascuno dei coniugi ha il proprio domicilio nel luogo in cui ha stabilito la sede principale dei propri affari o interessi.Il minore ha il domicilio nel luogo di residenza della famiglia o quello del tutore. Se i genitori sono separati o il loro matrimonio è stato annullato o sciolto o ne sono cessati gli effetti civili o comunque non hanno la stessa residenza, il minore ha il domicilio del genitore con il quale convive.L’interdetto ha il domicilio del tutore.
Art. 45 Domicilio dei coniugi del minore e dell’interdetto	4. Qual è il domicilio dell'interdetto?	Ciascuno dei coniugi ha il proprio domicilio nel luogo in cui ha stabilito la sede principale dei propri affari o interessi.Il minore ha il domicilio nel luogo di residenza della famiglia o quello del tutore. Se i genitori sono separati o il loro matrimonio è stato annullato o sciolto o ne sono cessati gli effetti civili o comunque non hanno la stessa residenza, il minore ha il domicilio del genitore con il quale convive.L’interdetto ha il domicilio del tutore.
Art. 46 Sede delle persone giuridiche	1. Cosa si intende per sede effettiva di una persona giuridica quando è diversa da quella stabilita ai sensi dell’art. 16 o risultante dal registro?	Quando la legge fa dipendere determinati effetti dalla residenza o dal domicilio, per le persone giuridiche si ha riguardo al luogo in cui e stabilita la loro sede (Cod. Proc. Civ. 141, 145).Nei casi in cui la sede stabilita ai sensi dell’art. 16 o la sede risultante dal registro è diversa da quella effettiva, i terzi possono considerare come sede della persona giuridica anche questa ultima.
Art. 46 Sede delle persone giuridiche	2. In quali circostanze i terzi possono considerare la sede effettiva di una persona giuridica diversa da quella risultante dal registro?	Quando la legge fa dipendere determinati effetti dalla residenza o dal domicilio, per le persone giuridiche si ha riguardo al luogo in cui e stabilita la loro sede (Cod. Proc. Civ. 141, 145).Nei casi in cui la sede stabilita ai sensi dell’art. 16 o la sede risultante dal registro è diversa da quella effettiva, i terzi possono considerare come sede della persona giuridica anche questa ultima.
Art. 47 Elezione di domicilio	1. Quali sono i requisiti per eleggere un domicilio speciale per determinati atti o affari?	Si può eleggere domicilio speciale per determinati atti o affari.Questa elezione deve farsi espressamente per iscritto.
Art. 47 Elezione di domicilio	2. In quale forma deve essere fatta l'elezione di domicilio speciale?	Si può eleggere domicilio speciale per determinati atti o affari.Questa elezione deve farsi espressamente per iscritto.
Art. 48 Curatore dello scomparso	1. Quali soggetti possono richiedere la nomina di un curatore per una persona scomparsa?	Quando una persona non è più comparsa nel luogo del suo ultimo domicilio o dell’ultima sua residenza e non se ne hanno più notizie, il tribunale dell’ultimo domicilio o dell’ultima residenza su istanza degli interessati o dei presunti successori legittimi, o del pubblico ministero, può nominare un curatore che rappresenti, la persona in giudizio o nella formazione degli inventari e dei conti e nelle liquidazioni o divisioni in cui sia interessata, e può dare gli altri provvedimenti necessari alla conservazione del patrimonio dello scomparso (Cod. Proc. Civ. 721).Se vi è un legale rappresentante, non si fa luogo alla nomina del curatore. Se vi è un procuratore, il tribunale provvede soltanto per gli atti che il medesimo non può fare.
Art. 48 Curatore dello scomparso	2. In quali circostanze il tribunale non procede alla nomina di un curatore per una persona scomparsa?	Quando una persona non è più comparsa nel luogo del suo ultimo domicilio o dell’ultima sua residenza e non se ne hanno più notizie, il tribunale dell’ultimo domicilio o dell’ultima residenza su istanza degli interessati o dei presunti successori legittimi, o del pubblico ministero, può nominare un curatore che rappresenti, la persona in giudizio o nella formazione degli inventari e dei conti e nelle liquidazioni o divisioni in cui sia interessata, e può dare gli altri provvedimenti necessari alla conservazione del patrimonio dello scomparso (Cod. Proc. Civ. 721).Se vi è un legale rappresentante, non si fa luogo alla nomina del curatore. Se vi è un procuratore, il tribunale provvede soltanto per gli atti che il medesimo non può fare.
Art. 48 Curatore dello scomparso	3. Quali sono i compiti del curatore nominato dal tribunale per una persona scomparsa?	Quando una persona non è più comparsa nel luogo del suo ultimo domicilio o dell’ultima sua residenza e non se ne hanno più notizie, il tribunale dell’ultimo domicilio o dell’ultima residenza su istanza degli interessati o dei presunti successori legittimi, o del pubblico ministero, può nominare un curatore che rappresenti, la persona in giudizio o nella formazione degli inventari e dei conti e nelle liquidazioni o divisioni in cui sia interessata, e può dare gli altri provvedimenti necessari alla conservazione del patrimonio dello scomparso (Cod. Proc. Civ. 721).Se vi è un legale rappresentante, non si fa luogo alla nomina del curatore. Se vi è un procuratore, il tribunale provvede soltanto per gli atti che il medesimo non può fare.
Art. 49 Dichiarazione di assenza	1. Chi può domandare al tribunale competente che sia dichiarata l'assenza di una persona scomparsa?	Trascorsi due anni dal giorno a cui risale l’ultima notizia, i presunti successori legittimi e chiunque ragionevolmente creda di avere sui beni dello scomparso diritti dipendenti dalla morte di lui possono domandare al tribunale competente, secondo l’articolo precedente, che ne sia dichiarata l’assenza (Cod. Proc. Civ. 722 e seguenti).
Art. 49 Dichiarazione di assenza	2. Qual è il periodo di tempo che deve trascorrere dall'ultima notizia della persona scomparsa prima che si possa domandare la dichiarazione di assenza?	Trascorsi due anni dal giorno a cui risale l’ultima notizia, i presunti successori legittimi e chiunque ragionevolmente creda di avere sui beni dello scomparso diritti dipendenti dalla morte di lui possono domandare al tribunale competente, secondo l’articolo precedente, che ne sia dichiarata l’assenza (Cod. Proc. Civ. 722 e seguenti).
Art. 49 Dichiarazione di assenza	3. Quali diritti devono dipendere dalla morte dello scomparso per poter domandare la dichiarazione di assenza?	Trascorsi due anni dal giorno a cui risale l’ultima notizia, i presunti successori legittimi e chiunque ragionevolmente creda di avere sui beni dello scomparso diritti dipendenti dalla morte di lui possono domandare al tribunale competente, secondo l’articolo precedente, che ne sia dichiarata l’assenza (Cod. Proc. Civ. 722 e seguenti).
Art. 49 Dichiarazione di assenza	4. A quale articolo del Codice di Procedura Civile si fa riferimento per la dichiarazione di assenza?	Trascorsi due anni dal giorno a cui risale l’ultima notizia, i presunti successori legittimi e chiunque ragionevolmente creda di avere sui beni dello scomparso diritti dipendenti dalla morte di lui possono domandare al tribunale competente, secondo l’articolo precedente, che ne sia dichiarata l’assenza (Cod. Proc. Civ. 722 e seguenti).
Art. 50 Immissione nel possesso temporaneo dei beni	1. Chi può ordinare l'apertura degli atti di ultima volontà dell'assente una volta divenuta eseguibile la sentenza che dichiara l'assenza?	Divenuta eseguibile la sentenza che dichiara l’assenza, il tribunale, su istanza di chiunque vi abbia interesse o del pubblico ministero, ordina l’apertura degli atti di ultima volontà dell’assente, se vi sono.Coloro che sarebbero eredi testamentari o legittimi, se l’assente fosse morto nel giorno a cui risale l’ultima notizia di lui, o i loro rispettivi eredi possono domandare l’immissione nel possesso temporaneo dei beni.I legatari, i donatari e tutti quelli ai quali spetterebbero diritti dipendenti dalla morte dell’assente possono domandare di essere ammessi all’esercizio temporaneo di questi diritti.Coloro che per effetto della morte dell’assente sarebbero liberati da obbligazioni possono essere temporaneamente esonerati dall’adempimento di esse salvo che si tratti delle obbligazioni alimentari previste dall’art. 434.Per ottenere l’immissione nel possesso l’esercizio temporaneo dei diritti o la liberazione temporanea delle obbligazioni si deve dare cauzione nella somma determinata dal tribunale, se taluno non sia in grado di darla il tribunale può stabilire altre cautele, avuto riguardo alla qualità delle persone e alla loro parentela con l’assente.
Art. 50 Immissione nel possesso temporaneo dei beni	2. Chi può domandare l'immissione nel possesso temporaneo dei beni dell'assente?	Divenuta eseguibile la sentenza che dichiara l’assenza, il tribunale, su istanza di chiunque vi abbia interesse o del pubblico ministero, ordina l’apertura degli atti di ultima volontà dell’assente, se vi sono.Coloro che sarebbero eredi testamentari o legittimi, se l’assente fosse morto nel giorno a cui risale l’ultima notizia di lui, o i loro rispettivi eredi possono domandare l’immissione nel possesso temporaneo dei beni.I legatari, i donatari e tutti quelli ai quali spetterebbero diritti dipendenti dalla morte dell’assente possono domandare di essere ammessi all’esercizio temporaneo di questi diritti.Coloro che per effetto della morte dell’assente sarebbero liberati da obbligazioni possono essere temporaneamente esonerati dall’adempimento di esse salvo che si tratti delle obbligazioni alimentari previste dall’art. 434.Per ottenere l’immissione nel possesso l’esercizio temporaneo dei diritti o la liberazione temporanea delle obbligazioni si deve dare cauzione nella somma determinata dal tribunale, se taluno non sia in grado di darla il tribunale può stabilire altre cautele, avuto riguardo alla qualità delle persone e alla loro parentela con l’assente.
Art. 50 Immissione nel possesso temporaneo dei beni	3. Quali diritti possono essere esercitati temporaneamente dai legatari, donatari e altri aventi diritto in caso di assenza?	Divenuta eseguibile la sentenza che dichiara l’assenza, il tribunale, su istanza di chiunque vi abbia interesse o del pubblico ministero, ordina l’apertura degli atti di ultima volontà dell’assente, se vi sono.Coloro che sarebbero eredi testamentari o legittimi, se l’assente fosse morto nel giorno a cui risale l’ultima notizia di lui, o i loro rispettivi eredi possono domandare l’immissione nel possesso temporaneo dei beni.I legatari, i donatari e tutti quelli ai quali spetterebbero diritti dipendenti dalla morte dell’assente possono domandare di essere ammessi all’esercizio temporaneo di questi diritti.Coloro che per effetto della morte dell’assente sarebbero liberati da obbligazioni possono essere temporaneamente esonerati dall’adempimento di esse salvo che si tratti delle obbligazioni alimentari previste dall’art. 434.Per ottenere l’immissione nel possesso l’esercizio temporaneo dei diritti o la liberazione temporanea delle obbligazioni si deve dare cauzione nella somma determinata dal tribunale, se taluno non sia in grado di darla il tribunale può stabilire altre cautele, avuto riguardo alla qualità delle persone e alla loro parentela con l’assente.
Art. 50 Immissione nel possesso temporaneo dei beni	4. Quali obbligazioni possono essere temporaneamente esonerate per effetto della morte dell'assente, e quale eccezione è prevista?	Divenuta eseguibile la sentenza che dichiara l’assenza, il tribunale, su istanza di chiunque vi abbia interesse o del pubblico ministero, ordina l’apertura degli atti di ultima volontà dell’assente, se vi sono.Coloro che sarebbero eredi testamentari o legittimi, se l’assente fosse morto nel giorno a cui risale l’ultima notizia di lui, o i loro rispettivi eredi possono domandare l’immissione nel possesso temporaneo dei beni.I legatari, i donatari e tutti quelli ai quali spetterebbero diritti dipendenti dalla morte dell’assente possono domandare di essere ammessi all’esercizio temporaneo di questi diritti.Coloro che per effetto della morte dell’assente sarebbero liberati da obbligazioni possono essere temporaneamente esonerati dall’adempimento di esse salvo che si tratti delle obbligazioni alimentari previste dall’art. 434.Per ottenere l’immissione nel possesso l’esercizio temporaneo dei diritti o la liberazione temporanea delle obbligazioni si deve dare cauzione nella somma determinata dal tribunale, se taluno non sia in grado di darla il tribunale può stabilire altre cautele, avuto riguardo alla qualità delle persone e alla loro parentela con l’assente.
Art. 50 Immissione nel possesso temporaneo dei beni	5. Quali misure può adottare il tribunale se una persona non è in grado di fornire la cauzione richiesta per l'immissione nel possesso o l'esercizio temporaneo dei diritti?	Divenuta eseguibile la sentenza che dichiara l’assenza, il tribunale, su istanza di chiunque vi abbia interesse o del pubblico ministero, ordina l’apertura degli atti di ultima volontà dell’assente, se vi sono.Coloro che sarebbero eredi testamentari o legittimi, se l’assente fosse morto nel giorno a cui risale l’ultima notizia di lui, o i loro rispettivi eredi possono domandare l’immissione nel possesso temporaneo dei beni.I legatari, i donatari e tutti quelli ai quali spetterebbero diritti dipendenti dalla morte dell’assente possono domandare di essere ammessi all’esercizio temporaneo di questi diritti.Coloro che per effetto della morte dell’assente sarebbero liberati da obbligazioni possono essere temporaneamente esonerati dall’adempimento di esse salvo che si tratti delle obbligazioni alimentari previste dall’art. 434.Per ottenere l’immissione nel possesso l’esercizio temporaneo dei diritti o la liberazione temporanea delle obbligazioni si deve dare cauzione nella somma determinata dal tribunale, se taluno non sia in grado di darla il tribunale può stabilire altre cautele, avuto riguardo alla qualità delle persone e alla loro parentela con l’assente.
Art. 51 Assegno alimentare a favore del coniuge dell’assente	1. In quali circostanze il coniuge dell'assente può ottenere un assegno alimentare dal tribunale?	Il coniuge dell’assente, oltre ciò che gli spetta per effetto del regime patrimoniale dei coniugi e per titolo di successione, può ottenere dal tribunale, in caso di bisogno, un assegno alimentare da determinarsi secondo le condizioni della famiglia e l’entità del patrimonio dell’assente.
Art. 52 Effetti della immissione nel possesso temporaneo	1. Quali sono i requisiti procedurali necessari per l'immissione nel possesso temporaneo dei beni secondo il Codice di Procedura Civile?	L’immissione nel possesso temporaneo dei beni deve essere preceduto dalla formazione dell’inventario dei beni (Cod. Proc. Civ. 769 e seguenti).Essa attribuisce a coloro che l’ottengono e ai loro successori l’amministrazione dei beni dell’assente, la rappresentanza di lui in giudizio e il godimento delle rendite dei beni nei limiti stabiliti nell’articolo seguente.
Art. 52 Effetti della immissione nel possesso temporaneo	2. Quali diritti e responsabilità vengono attribuiti a coloro che ottengono il possesso temporaneo dei beni di un assente?	L’immissione nel possesso temporaneo dei beni deve essere preceduto dalla formazione dell’inventario dei beni (Cod. Proc. Civ. 769 e seguenti).Essa attribuisce a coloro che l’ottengono e ai loro successori l’amministrazione dei beni dell’assente, la rappresentanza di lui in giudizio e il godimento delle rendite dei beni nei limiti stabiliti nell’articolo seguente.
Art. 53 Godimento dei beni	1. Quali categorie di persone possono trattenere la totalità delle rendite quando sono immesse nel possesso temporaneo dei beni?	Gli ascendenti, i discendenti e il coniuge immessi nel possesso temporaneo dei beni ritengono a loro profitto la totalità delle rendite. Gli altri devono riservare all’assente il terzo delle rendite.
Art. 53 Godimento dei beni	2. Quale frazione delle rendite devono riservare all'assente le persone diverse dagli ascendenti, discendenti e coniuge?	Gli ascendenti, i discendenti e il coniuge immessi nel possesso temporaneo dei beni ritengono a loro profitto la totalità delle rendite. Gli altri devono riservare all’assente il terzo delle rendite.
Art. 54 Limiti alla disponibilità dei beni	1. In quali circostanze coloro che hanno ottenuto l’immissione nel possesso temporaneo dei beni possono alienarli, ipotecarli o sottoporli a pegno?	Coloro che hanno ottenuto l’immissione nel possesso temporaneo dei beni non possono alienarli, ipotecarli o sottoporli a pegno, se non per necessità o utilità evidente riconosciuta dal tribunale.Il tribunale nell’autorizzare questi atti dispone circa l’uso e l’impiego delle somme ricavate.
Art. 54 Limiti alla disponibilità dei beni	2. Qual è il ruolo del tribunale nell'autorizzare gli atti di alienazione, ipoteca o pegno dei beni in possesso temporaneo?	Coloro che hanno ottenuto l’immissione nel possesso temporaneo dei beni non possono alienarli, ipotecarli o sottoporli a pegno, se non per necessità o utilità evidente riconosciuta dal tribunale.Il tribunale nell’autorizzare questi atti dispone circa l’uso e l’impiego delle somme ricavate.
Art. 55 Immissione di altri nel possesso temporaneo	1. Quali diritti può esercitare una persona che prova di avere un diritto prevalente o eguale a quello del possessore durante il possesso temporaneo?	Se durante il possesso temporaneo taluno prova di avere avuto, al giorno a cui risale l’ultima notizia dell’assente, un diritto prevalente o eguale a quello del possessore, può escludere questo dal possesso o farvisi associare; ma non ha diritto ai frutti se non dal giorno della domanda giudiziale.
Art. 55 Immissione di altri nel possesso temporaneo	2. Da quale momento una persona che esclude o si associa al possessore ha diritto ai frutti?	Se durante il possesso temporaneo taluno prova di avere avuto, al giorno a cui risale l’ultima notizia dell’assente, un diritto prevalente o eguale a quello del possessore, può escludere questo dal possesso o farvisi associare; ma non ha diritto ai frutti se non dal giorno della domanda giudiziale.
Art. 56 Ritorno dell’assente o prova della sua esistenza	1. Cosa accade agli effetti della dichiarazione di assenza se l'assente ritorna o è provata la sua esistenza durante il possesso temporaneo?	Se durante il possesso temporaneo l’assente ritorna o è provata l’esistenza di lui, cessano gli effetti della dichiarazione di assenza, salva, se occorre, l’adozione di provvedimenti per la conservazione del patrimonio a norma dell’art. 48.I possessori temporanei dei beni devono restituirli; ma fino al giorno della loro costituzione in mora continuano a godere i vantaggi attribuiti dagli artt. 52 e 53, e gli atti compiuti ai sensi dell’art. 54 restano irrevocabili.Se l’assenza e stata volontaria e non è giustificata, l’assente perde il diritto di farsi restituire le rendite riservategli dalla norma dell’art. 53.
Art. 56 Ritorno dell’assente o prova della sua esistenza	2. Quali vantaggi continuano a godere i possessori temporanei dei beni fino al giorno della loro costituzione in mora?	Se durante il possesso temporaneo l’assente ritorna o è provata l’esistenza di lui, cessano gli effetti della dichiarazione di assenza, salva, se occorre, l’adozione di provvedimenti per la conservazione del patrimonio a norma dell’art. 48.I possessori temporanei dei beni devono restituirli; ma fino al giorno della loro costituzione in mora continuano a godere i vantaggi attribuiti dagli artt. 52 e 53, e gli atti compiuti ai sensi dell’art. 54 restano irrevocabili.Se l’assenza e stata volontaria e non è giustificata, l’assente perde il diritto di farsi restituire le rendite riservategli dalla norma dell’art. 53.
Art. 56 Ritorno dell’assente o prova della sua esistenza	3. Gli atti compiuti ai sensi dell'art. 54 sono revocabili se l'assente ritorna?	Se durante il possesso temporaneo l’assente ritorna o è provata l’esistenza di lui, cessano gli effetti della dichiarazione di assenza, salva, se occorre, l’adozione di provvedimenti per la conservazione del patrimonio a norma dell’art. 48.I possessori temporanei dei beni devono restituirli; ma fino al giorno della loro costituzione in mora continuano a godere i vantaggi attribuiti dagli artt. 52 e 53, e gli atti compiuti ai sensi dell’art. 54 restano irrevocabili.Se l’assenza e stata volontaria e non è giustificata, l’assente perde il diritto di farsi restituire le rendite riservategli dalla norma dell’art. 53.
Art. 56 Ritorno dell’assente o prova della sua esistenza	4. Quali conseguenze subisce l'assente se l'assenza è stata volontaria e non giustificata?	Se durante il possesso temporaneo l’assente ritorna o è provata l’esistenza di lui, cessano gli effetti della dichiarazione di assenza, salva, se occorre, l’adozione di provvedimenti per la conservazione del patrimonio a norma dell’art. 48.I possessori temporanei dei beni devono restituirli; ma fino al giorno della loro costituzione in mora continuano a godere i vantaggi attribuiti dagli artt. 52 e 53, e gli atti compiuti ai sensi dell’art. 54 restano irrevocabili.Se l’assenza e stata volontaria e non è giustificata, l’assente perde il diritto di farsi restituire le rendite riservategli dalla norma dell’art. 53.
Art. 57 Prova della morte dell’assente	1. Cosa accade alla successione se durante il possesso temporaneo è provata la morte dell’assente?	Se durante il possesso temporaneo è provata la morte dell’assente, la successione si apre a vantaggio di coloro che al momento della morte erano i suoi eredi o legatari.Si applica anche in questo caso la disposizione del secondo comma dell’articolo precedente.
Art. 57 Prova della morte dell’assente	2. Quale disposizione si applica anche in caso di morte dell’assente durante il possesso temporaneo?	Se durante il possesso temporaneo è provata la morte dell’assente, la successione si apre a vantaggio di coloro che al momento della morte erano i suoi eredi o legatari.Si applica anche in questo caso la disposizione del secondo comma dell’articolo precedente.
Art. 58 Dichiarazione di morte presunta dell’assente	1. Qual è il periodo minimo di tempo che deve trascorrere dall'ultima notizia dell'assente affinché il tribunale possa dichiarare la morte presunta?	Quando sono trascorsi dieci anni dal giorno a cui risale l’ultima notizia dell’assente, il tribunale competente secondo l’art. 48, su istanza del pubblico ministero o di taluna delle persone indicate nei capoversi dell’art. 50, può con sentenza dichiarare presunta la morte dell’assente nel giorno a cui risale l’ultima notizia.In nessun caso la sentenza può essere pronunziata se non sono trascorsi nove anni dal raggiungimento della maggiore età dell’assente.Può essere dichiarata la morte presunta anche se sia mancata la dichiarazione di assenza.
Art. 58 Dichiarazione di morte presunta dell’assente	2. Chi può presentare istanza per la dichiarazione di morte presunta di un assente?	Quando sono trascorsi dieci anni dal giorno a cui risale l’ultima notizia dell’assente, il tribunale competente secondo l’art. 48, su istanza del pubblico ministero o di taluna delle persone indicate nei capoversi dell’art. 50, può con sentenza dichiarare presunta la morte dell’assente nel giorno a cui risale l’ultima notizia.In nessun caso la sentenza può essere pronunziata se non sono trascorsi nove anni dal raggiungimento della maggiore età dell’assente.Può essere dichiarata la morte presunta anche se sia mancata la dichiarazione di assenza.
Art. 58 Dichiarazione di morte presunta dell’assente	3. Qual è il periodo minimo di tempo che deve trascorrere dal raggiungimento della maggiore età dell'assente affinché la sentenza di morte presunta possa essere pronunziata?	Quando sono trascorsi dieci anni dal giorno a cui risale l’ultima notizia dell’assente, il tribunale competente secondo l’art. 48, su istanza del pubblico ministero o di taluna delle persone indicate nei capoversi dell’art. 50, può con sentenza dichiarare presunta la morte dell’assente nel giorno a cui risale l’ultima notizia.In nessun caso la sentenza può essere pronunziata se non sono trascorsi nove anni dal raggiungimento della maggiore età dell’assente.Può essere dichiarata la morte presunta anche se sia mancata la dichiarazione di assenza.
Art. 58 Dichiarazione di morte presunta dell’assente	4. È possibile dichiarare la morte presunta di un assente senza una precedente dichiarazione di assenza?	Quando sono trascorsi dieci anni dal giorno a cui risale l’ultima notizia dell’assente, il tribunale competente secondo l’art. 48, su istanza del pubblico ministero o di taluna delle persone indicate nei capoversi dell’art. 50, può con sentenza dichiarare presunta la morte dell’assente nel giorno a cui risale l’ultima notizia.In nessun caso la sentenza può essere pronunziata se non sono trascorsi nove anni dal raggiungimento della maggiore età dell’assente.Può essere dichiarata la morte presunta anche se sia mancata la dichiarazione di assenza.
Art. 59 Termine per la rinnovazione dell’istanza	1. Quali sono le tempistiche minime per riproporre un'istanza rigettata?	L’istanza, quando è stata rigettata, non può essere riproposta prima che siano decorsi almeno due anni.
Art. 60 Altri casi di dichiarazione di morte presunta	1. In quali casi può essere dichiarata la morte presunta di una persona scomparsa in operazioni belliche?	Oltre che nel caso indicato nell’art. 58, può essere dichiarata la morte presunta nei casi seguenti: 1) quando alcuno è scomparso in operazioni belliche alle quali ha preso parte, sia nei corpi armati, sia al seguito di essi, o alle quali si è comunque trovato presente, senza che si abbiano più notizie di lui, e sono trascorsi due anni dall’entrata in vigore del trattato di pace o, in mancanza di questo, tre anni dalla fine dell’anno in cui sono cessate le ostilità; 2) quando alcuno e stato fatto prigioniero dal nemico, o da questo internato o comunque trasportato in paese straniero, e sono trascorsi due anni dall’entrata in vigore del trattato di pace, o, in mancanza di questo, tre anni dalla fine dell’anno in cui sono cessate le ostilità, senza che si siano avute notizie di lui dopo l’entrata in vigore del trattato di pace ovvero dopo la cessazione delle ostilità; 3) quando alcuno e scomparso per un infortunio e non si hanno più notizie di lui, dopo due anni dal giorno dell’infortunio o, se il giorno non e conosciuto, dopo due anni dalla fine del mese o, se neppure il mese è conosciuto, dalla fine dell’anno in cui l’infortunio e avvenuto.
Art. 60 Altri casi di dichiarazione di morte presunta	2. Qual è il periodo di tempo necessario per dichiarare la morte presunta di una persona fatta prigioniera dal nemico senza che si abbiano più notizie di lei?	Oltre che nel caso indicato nell’art. 58, può essere dichiarata la morte presunta nei casi seguenti: 1) quando alcuno è scomparso in operazioni belliche alle quali ha preso parte, sia nei corpi armati, sia al seguito di essi, o alle quali si è comunque trovato presente, senza che si abbiano più notizie di lui, e sono trascorsi due anni dall’entrata in vigore del trattato di pace o, in mancanza di questo, tre anni dalla fine dell’anno in cui sono cessate le ostilità; 2) quando alcuno e stato fatto prigioniero dal nemico, o da questo internato o comunque trasportato in paese straniero, e sono trascorsi due anni dall’entrata in vigore del trattato di pace, o, in mancanza di questo, tre anni dalla fine dell’anno in cui sono cessate le ostilità, senza che si siano avute notizie di lui dopo l’entrata in vigore del trattato di pace ovvero dopo la cessazione delle ostilità; 3) quando alcuno e scomparso per un infortunio e non si hanno più notizie di lui, dopo due anni dal giorno dell’infortunio o, se il giorno non e conosciuto, dopo due anni dalla fine del mese o, se neppure il mese è conosciuto, dalla fine dell’anno in cui l’infortunio e avvenuto.
Art. 60 Altri casi di dichiarazione di morte presunta	3. Quali sono le condizioni per dichiarare la morte presunta di una persona scomparsa a causa di un infortunio?	Oltre che nel caso indicato nell’art. 58, può essere dichiarata la morte presunta nei casi seguenti: 1) quando alcuno è scomparso in operazioni belliche alle quali ha preso parte, sia nei corpi armati, sia al seguito di essi, o alle quali si è comunque trovato presente, senza che si abbiano più notizie di lui, e sono trascorsi due anni dall’entrata in vigore del trattato di pace o, in mancanza di questo, tre anni dalla fine dell’anno in cui sono cessate le ostilità; 2) quando alcuno e stato fatto prigioniero dal nemico, o da questo internato o comunque trasportato in paese straniero, e sono trascorsi due anni dall’entrata in vigore del trattato di pace, o, in mancanza di questo, tre anni dalla fine dell’anno in cui sono cessate le ostilità, senza che si siano avute notizie di lui dopo l’entrata in vigore del trattato di pace ovvero dopo la cessazione delle ostilità; 3) quando alcuno e scomparso per un infortunio e non si hanno più notizie di lui, dopo due anni dal giorno dell’infortunio o, se il giorno non e conosciuto, dopo due anni dalla fine del mese o, se neppure il mese è conosciuto, dalla fine dell’anno in cui l’infortunio e avvenuto.
Art. 61 Data della morte presunta	1. Cosa determina la sentenza nei casi previsti dai nn. 1 e 3 dell’articolo precedente?	Nei casi previsti dai nn. 1 e 3 dell’articolo precedente, la sentenza determina il giorno e possibilmente l’ora a cui risale la scomparsa nell’operazione bellica o nell’infortunio, e nel caso indicato dal n. 2 il giorno a cui risale l’ultima notizia.Qualora non possa determinarsi l’ora, la morte presunta si ha per avvenuta alla fine del giorno indicato.
Art. 61 Data della morte presunta	2. Quando si ha per avvenuta la morte presunta se non può determinarsi l’ora?	Nei casi previsti dai nn. 1 e 3 dell’articolo precedente, la sentenza determina il giorno e possibilmente l’ora a cui risale la scomparsa nell’operazione bellica o nell’infortunio, e nel caso indicato dal n. 2 il giorno a cui risale l’ultima notizia.Qualora non possa determinarsi l’ora, la morte presunta si ha per avvenuta alla fine del giorno indicato.
Art. 62 Condizioni e forme della dichiarazione di morte presunta	1. In quali casi può essere domandata la dichiarazione di morte presunta secondo l'art. 60?	La dichiarazione di morte presunta nei casi indicati dall’art. 60 può essere domandata quando non si e potuto procedere agli accertamenti richiesti dalla legge per la compilazione dell’atto di morte.Questa dichiarazione è pronunziata con sentenza del tribunale su istanza del pubblico ministero o di alcuna delle persone indicate nei capoversi dell’art. 50.Il tribunale, qualora non ritenga di accogliere l’istanza di dichiarazione di morte presunta, può dichiarare l’assenza dello scomparso (49 e seguenti; Cod. Proc. Civ. 726).
Art. 62 Condizioni e forme della dichiarazione di morte presunta	2. Chi può presentare l'istanza per la dichiarazione di morte presunta?	La dichiarazione di morte presunta nei casi indicati dall’art. 60 può essere domandata quando non si e potuto procedere agli accertamenti richiesti dalla legge per la compilazione dell’atto di morte.Questa dichiarazione è pronunziata con sentenza del tribunale su istanza del pubblico ministero o di alcuna delle persone indicate nei capoversi dell’art. 50.Il tribunale, qualora non ritenga di accogliere l’istanza di dichiarazione di morte presunta, può dichiarare l’assenza dello scomparso (49 e seguenti; Cod. Proc. Civ. 726).
Art. 62 Condizioni e forme della dichiarazione di morte presunta	3. Quale autorità pronuncia la dichiarazione di morte presunta?	La dichiarazione di morte presunta nei casi indicati dall’art. 60 può essere domandata quando non si e potuto procedere agli accertamenti richiesti dalla legge per la compilazione dell’atto di morte.Questa dichiarazione è pronunziata con sentenza del tribunale su istanza del pubblico ministero o di alcuna delle persone indicate nei capoversi dell’art. 50.Il tribunale, qualora non ritenga di accogliere l’istanza di dichiarazione di morte presunta, può dichiarare l’assenza dello scomparso (49 e seguenti; Cod. Proc. Civ. 726).
Art. 62 Condizioni e forme della dichiarazione di morte presunta	4. Cosa può dichiarare il tribunale se non accoglie l'istanza di dichiarazione di morte presunta?	La dichiarazione di morte presunta nei casi indicati dall’art. 60 può essere domandata quando non si e potuto procedere agli accertamenti richiesti dalla legge per la compilazione dell’atto di morte.Questa dichiarazione è pronunziata con sentenza del tribunale su istanza del pubblico ministero o di alcuna delle persone indicate nei capoversi dell’art. 50.Il tribunale, qualora non ritenga di accogliere l’istanza di dichiarazione di morte presunta, può dichiarare l’assenza dello scomparso (49 e seguenti; Cod. Proc. Civ. 726).
Art. 62 Condizioni e forme della dichiarazione di morte presunta	5. Quali articoli del Codice di Procedura Civile sono citati in relazione alla dichiarazione di assenza dello scomparso?	La dichiarazione di morte presunta nei casi indicati dall’art. 60 può essere domandata quando non si e potuto procedere agli accertamenti richiesti dalla legge per la compilazione dell’atto di morte.Questa dichiarazione è pronunziata con sentenza del tribunale su istanza del pubblico ministero o di alcuna delle persone indicate nei capoversi dell’art. 50.Il tribunale, qualora non ritenga di accogliere l’istanza di dichiarazione di morte presunta, può dichiarare l’assenza dello scomparso (49 e seguenti; Cod. Proc. Civ. 726).
Art. 63 Effetti della dichiarazione di morte presunta dell’assente	1. Cosa possono fare coloro che ottennero l’immissione nel possesso temporaneo dei beni dell’assente una volta divenuta eseguibile la sentenza indicata nell’art. 58?	Divenuta eseguibile la sentenza indicata nell’art. 58, coloro che ottennero l’immissione nel possesso temporaneo dei beni dell’assente o i loro successori possono disporre liberamente dei beni.Coloro ai quali fu concesso l’esercizio temporaneo dei diritti o la liberazione temporanea dalle obbligazioni di cui all’art. 50 conseguono l’esercizio definitivo dei diritti o la liberazione definitiva dalle obbligazioni.Si estinguono inoltre le obbligazioni. alimentari indicate nel quarto comma dell’art. 50.In ogni caso cessano le cauzioni e le altre cautele che sono state imposte.
Art. 63 Effetti della dichiarazione di morte presunta dell’assente	2. Quali diritti conseguono coloro ai quali fu concesso l’esercizio temporaneo dei diritti di cui all’art. 50?	Divenuta eseguibile la sentenza indicata nell’art. 58, coloro che ottennero l’immissione nel possesso temporaneo dei beni dell’assente o i loro successori possono disporre liberamente dei beni.Coloro ai quali fu concesso l’esercizio temporaneo dei diritti o la liberazione temporanea dalle obbligazioni di cui all’art. 50 conseguono l’esercizio definitivo dei diritti o la liberazione definitiva dalle obbligazioni.Si estinguono inoltre le obbligazioni. alimentari indicate nel quarto comma dell’art. 50.In ogni caso cessano le cauzioni e le altre cautele che sono state imposte.
Art. 63 Effetti della dichiarazione di morte presunta dell’assente	3. Cosa accade alle obbligazioni alimentari indicate nel quarto comma dell’art. 50 una volta divenuta eseguibile la sentenza?	Divenuta eseguibile la sentenza indicata nell’art. 58, coloro che ottennero l’immissione nel possesso temporaneo dei beni dell’assente o i loro successori possono disporre liberamente dei beni.Coloro ai quali fu concesso l’esercizio temporaneo dei diritti o la liberazione temporanea dalle obbligazioni di cui all’art. 50 conseguono l’esercizio definitivo dei diritti o la liberazione definitiva dalle obbligazioni.Si estinguono inoltre le obbligazioni. alimentari indicate nel quarto comma dell’art. 50.In ogni caso cessano le cauzioni e le altre cautele che sono state imposte.
Art. 63 Effetti della dichiarazione di morte presunta dell’assente	4. Quali misure cessano in ogni caso una volta divenuta eseguibile la sentenza indicata nell’art. 58?	Divenuta eseguibile la sentenza indicata nell’art. 58, coloro che ottennero l’immissione nel possesso temporaneo dei beni dell’assente o i loro successori possono disporre liberamente dei beni.Coloro ai quali fu concesso l’esercizio temporaneo dei diritti o la liberazione temporanea dalle obbligazioni di cui all’art. 50 conseguono l’esercizio definitivo dei diritti o la liberazione definitiva dalle obbligazioni.Si estinguono inoltre le obbligazioni. alimentari indicate nel quarto comma dell’art. 50.In ogni caso cessano le cauzioni e le altre cautele che sono state imposte.
Art. 63 Effetti della dichiarazione di morte presunta dell’assente	5. Chi può disporre liberamente dei beni una volta divenuta eseguibile la sentenza indicata nell’art. 58?	Divenuta eseguibile la sentenza indicata nell’art. 58, coloro che ottennero l’immissione nel possesso temporaneo dei beni dell’assente o i loro successori possono disporre liberamente dei beni.Coloro ai quali fu concesso l’esercizio temporaneo dei diritti o la liberazione temporanea dalle obbligazioni di cui all’art. 50 conseguono l’esercizio definitivo dei diritti o la liberazione definitiva dalle obbligazioni.Si estinguono inoltre le obbligazioni. alimentari indicate nel quarto comma dell’art. 50.In ogni caso cessano le cauzioni e le altre cautele che sono state imposte.
Art. 63 Effetti della dichiarazione di morte presunta dell’assente	6. Cosa accade alle cauzioni e alle altre cautele imposte una volta divenuta eseguibile la sentenza?	Divenuta eseguibile la sentenza indicata nell’art. 58, coloro che ottennero l’immissione nel possesso temporaneo dei beni dell’assente o i loro successori possono disporre liberamente dei beni.Coloro ai quali fu concesso l’esercizio temporaneo dei diritti o la liberazione temporanea dalle obbligazioni di cui all’art. 50 conseguono l’esercizio definitivo dei diritti o la liberazione definitiva dalle obbligazioni.Si estinguono inoltre le obbligazioni. alimentari indicate nel quarto comma dell’art. 50.In ogni caso cessano le cauzioni e le altre cautele che sono state imposte.
Art. 64 Immissione nel possesso e inventario	1. Quali sono le condizioni per cui gli aventi diritto conseguono il pieno esercizio dei diritti loro spettanti secondo il testo?	Se non v’e stata immissione nel possesso temporaneo dei beni, gli aventi diritto indicati nei capoversi dell’art. 50 o i loro successori conseguono il pieno esercizio dei diritti loro spettanti, quando è diventata eseguibile la sentenza menzionata nell’art. 58.Coloro che prendono possesso dei beni devono fare precedere l’inventario dei beni (Cod. Proc. Civ. 769 e seguenti).Parimenti devono far precedere l’inventario dei beni coloro che succedono per effetto della dichiarazione di morte presunta nei casi indicati dall’art. 60.
Art. 64 Immissione nel possesso e inventario	2. Cosa devono fare coloro che prendono possesso dei beni prima di esercitare i loro diritti?	Se non v’e stata immissione nel possesso temporaneo dei beni, gli aventi diritto indicati nei capoversi dell’art. 50 o i loro successori conseguono il pieno esercizio dei diritti loro spettanti, quando è diventata eseguibile la sentenza menzionata nell’art. 58.Coloro che prendono possesso dei beni devono fare precedere l’inventario dei beni (Cod. Proc. Civ. 769 e seguenti).Parimenti devono far precedere l’inventario dei beni coloro che succedono per effetto della dichiarazione di morte presunta nei casi indicati dall’art. 60.
Art. 64 Immissione nel possesso e inventario	3. In quali casi coloro che succedono per effetto della dichiarazione di morte presunta devono far precedere l'inventario dei beni?	Se non v’e stata immissione nel possesso temporaneo dei beni, gli aventi diritto indicati nei capoversi dell’art. 50 o i loro successori conseguono il pieno esercizio dei diritti loro spettanti, quando è diventata eseguibile la sentenza menzionata nell’art. 58.Coloro che prendono possesso dei beni devono fare precedere l’inventario dei beni (Cod. Proc. Civ. 769 e seguenti).Parimenti devono far precedere l’inventario dei beni coloro che succedono per effetto della dichiarazione di morte presunta nei casi indicati dall’art. 60.
Art. 65 Nuovo matrimonio del coniuge	1. Quando il coniuge può contrarre un nuovo matrimonio dopo la dichiarazione di morte presunta?	Divenuta eseguibile la sentenza che dichiara la morte presunta, il coniuge può contrarre nuovo matrimonio.
Art. 66 Prova dell’esistenza della persona di cui è stata dichiarata la morte presunta	1. Cosa accade ai beni di una persona dichiarata morta presunta se essa ritorna o ne è provata l'esistenza?	La persona di cui e stata dichiarata la morte presunta, se ritorna o ne è provata l’esistenza, ricupera i beni nello stato in cui si trovano e ha diritto di conseguire il prezzo di quelli alienati, quando esso sia tuttora dovuto, o i beni nei quali sia stato investito.Essa ha altresì diritto di pretendere l’adempimento delle obbligazioni considerate estinte ai sensi del secondo comma dell’art. 63.Se è provata la data della sua morte, il diritto previsto nel primo comma di questo articolo compete a coloro che a quella data sarebbero stati i suoi eredi o legatari. Questi possono inoltre pretendere l’adempimento delle obbligazioni considerate estinte ai sensi del secondo comma dell’art. 63 per il tempo anteriore alla data della morte.Sono salvi in ogni caso gli effetti delle prescrizioni e delle usucapioni (1158 e seguenti; 2934 e seguenti).
Art. 66 Prova dell’esistenza della persona di cui è stata dichiarata la morte presunta	2. Quali diritti ha la persona dichiarata morta presunta riguardo ai beni alienati se ritorna o ne è provata l'esistenza?	La persona di cui e stata dichiarata la morte presunta, se ritorna o ne è provata l’esistenza, ricupera i beni nello stato in cui si trovano e ha diritto di conseguire il prezzo di quelli alienati, quando esso sia tuttora dovuto, o i beni nei quali sia stato investito.Essa ha altresì diritto di pretendere l’adempimento delle obbligazioni considerate estinte ai sensi del secondo comma dell’art. 63.Se è provata la data della sua morte, il diritto previsto nel primo comma di questo articolo compete a coloro che a quella data sarebbero stati i suoi eredi o legatari. Questi possono inoltre pretendere l’adempimento delle obbligazioni considerate estinte ai sensi del secondo comma dell’art. 63 per il tempo anteriore alla data della morte.Sono salvi in ogni caso gli effetti delle prescrizioni e delle usucapioni (1158 e seguenti; 2934 e seguenti).
Art. 66 Prova dell’esistenza della persona di cui è stata dichiarata la morte presunta	3. Quali obbligazioni può pretendere di adempiere la persona dichiarata morta presunta se ritorna o ne è provata l'esistenza?	La persona di cui e stata dichiarata la morte presunta, se ritorna o ne è provata l’esistenza, ricupera i beni nello stato in cui si trovano e ha diritto di conseguire il prezzo di quelli alienati, quando esso sia tuttora dovuto, o i beni nei quali sia stato investito.Essa ha altresì diritto di pretendere l’adempimento delle obbligazioni considerate estinte ai sensi del secondo comma dell’art. 63.Se è provata la data della sua morte, il diritto previsto nel primo comma di questo articolo compete a coloro che a quella data sarebbero stati i suoi eredi o legatari. Questi possono inoltre pretendere l’adempimento delle obbligazioni considerate estinte ai sensi del secondo comma dell’art. 63 per il tempo anteriore alla data della morte.Sono salvi in ogni caso gli effetti delle prescrizioni e delle usucapioni (1158 e seguenti; 2934 e seguenti).
Art. 66 Prova dell’esistenza della persona di cui è stata dichiarata la morte presunta	4. Chi ha diritto di conseguire i beni e le obbligazioni se è provata la data della morte della persona dichiarata morta presunta?	La persona di cui e stata dichiarata la morte presunta, se ritorna o ne è provata l’esistenza, ricupera i beni nello stato in cui si trovano e ha diritto di conseguire il prezzo di quelli alienati, quando esso sia tuttora dovuto, o i beni nei quali sia stato investito.Essa ha altresì diritto di pretendere l’adempimento delle obbligazioni considerate estinte ai sensi del secondo comma dell’art. 63.Se è provata la data della sua morte, il diritto previsto nel primo comma di questo articolo compete a coloro che a quella data sarebbero stati i suoi eredi o legatari. Questi possono inoltre pretendere l’adempimento delle obbligazioni considerate estinte ai sensi del secondo comma dell’art. 63 per il tempo anteriore alla data della morte.Sono salvi in ogni caso gli effetti delle prescrizioni e delle usucapioni (1158 e seguenti; 2934 e seguenti).
Art. 66 Prova dell’esistenza della persona di cui è stata dichiarata la morte presunta	5. Cosa possono pretendere gli eredi o legatari della persona dichiarata morta presunta se è provata la data della sua morte?	La persona di cui e stata dichiarata la morte presunta, se ritorna o ne è provata l’esistenza, ricupera i beni nello stato in cui si trovano e ha diritto di conseguire il prezzo di quelli alienati, quando esso sia tuttora dovuto, o i beni nei quali sia stato investito.Essa ha altresì diritto di pretendere l’adempimento delle obbligazioni considerate estinte ai sensi del secondo comma dell’art. 63.Se è provata la data della sua morte, il diritto previsto nel primo comma di questo articolo compete a coloro che a quella data sarebbero stati i suoi eredi o legatari. Questi possono inoltre pretendere l’adempimento delle obbligazioni considerate estinte ai sensi del secondo comma dell’art. 63 per il tempo anteriore alla data della morte.Sono salvi in ogni caso gli effetti delle prescrizioni e delle usucapioni (1158 e seguenti; 2934 e seguenti).
Art. 66 Prova dell’esistenza della persona di cui è stata dichiarata la morte presunta	6. Quali effetti sono salvi in ogni caso riguardo ai beni e alle obbligazioni della persona dichiarata morta presunta?	La persona di cui e stata dichiarata la morte presunta, se ritorna o ne è provata l’esistenza, ricupera i beni nello stato in cui si trovano e ha diritto di conseguire il prezzo di quelli alienati, quando esso sia tuttora dovuto, o i beni nei quali sia stato investito.Essa ha altresì diritto di pretendere l’adempimento delle obbligazioni considerate estinte ai sensi del secondo comma dell’art. 63.Se è provata la data della sua morte, il diritto previsto nel primo comma di questo articolo compete a coloro che a quella data sarebbero stati i suoi eredi o legatari. Questi possono inoltre pretendere l’adempimento delle obbligazioni considerate estinte ai sensi del secondo comma dell’art. 63 per il tempo anteriore alla data della morte.Sono salvi in ogni caso gli effetti delle prescrizioni e delle usucapioni (1158 e seguenti; 2934 e seguenti).
Art. 67 Dichiarazione di esistenza o accertamento della morte	1. Chi può richiedere la dichiarazione di esistenza della persona di cui è stata dichiarata la morte presunta?	La dichiarazione di esistenza della persona di cui e stata dichiarata la morte presunta e l’accertamento della morte possono essere sempre fatti, su richiesta del pubblico ministero o di qualunque interessato, in contraddittorio di tutti coloro che furono parti nel giudizio in cui fu dichiarata la morte presunta.
Art. 68 Nullità del nuovo matrimonio	1. In quali circostanze un matrimonio contratto a norma dell’art. 65 è considerato nullo?	Il matrimonio contratto a norma dell’art. 65 è nullo, qualora la persona della quale fu dichiarata la morte presunta ritorni o ne sia accertata l’esistenza.Sono salvi gli effetti civili del matrimonio dichiarato nullo.La nullità non può essere pronunziata nel caso in cui è accertata la morte, anche se avvenuta in una data posteriore a quella del matrimonio.
Art. 68 Nullità del nuovo matrimonio	2. Quali sono gli effetti civili di un matrimonio dichiarato nullo secondo l’art. 65?	Il matrimonio contratto a norma dell’art. 65 è nullo, qualora la persona della quale fu dichiarata la morte presunta ritorni o ne sia accertata l’esistenza.Sono salvi gli effetti civili del matrimonio dichiarato nullo.La nullità non può essere pronunziata nel caso in cui è accertata la morte, anche se avvenuta in una data posteriore a quella del matrimonio.
Art. 68 Nullità del nuovo matrimonio	3. Quando non può essere pronunciata la nullità di un matrimonio contratto a norma dell’art. 65?	Il matrimonio contratto a norma dell’art. 65 è nullo, qualora la persona della quale fu dichiarata la morte presunta ritorni o ne sia accertata l’esistenza.Sono salvi gli effetti civili del matrimonio dichiarato nullo.La nullità non può essere pronunziata nel caso in cui è accertata la morte, anche se avvenuta in una data posteriore a quella del matrimonio.
Art. 69 Diritti spettanti alla persona di cui si ignora l’esistenza	1. Quali sono le condizioni necessarie per reclamare un diritto in nome di una persona di cui si ignora l'esistenza?	Nessuno e ammesso a reclamare un diritto in nome della persona di cui si ignora l’esistenza, se non prova che la persona esisteva quando il diritto e nato.
Art. 70 Successione alla quale sarebbe chiamata la persona di cui si ignora l’esistenza	1. Cosa devono fare coloro ai quali è devoluta la successione quando s’ignora l’esistenza di una persona chiamata alla successione?	Quando s’apre una successione alla quale sarebbe chiamata in tutto o in parte una persona di cui s’ignora l’esistenza, la successione e devoluta a coloro ai quali sarebbe spettata in mancanza della detta persona, salvo il diritto di rappresentazione (467 e seguenti).Coloro ai quali e devoluta la successione devono innanzi tutto procedere all’inventario dei beni (Cod. Proc. Civ. 769 e seguenti) e devono dare cauzione (1179; Cod. Proc. Civ. 50, 725).
Art. 70 Successione alla quale sarebbe chiamata la persona di cui si ignora l’esistenza	2. Quali articoli del Codice di Procedura Civile sono citati in relazione all'inventario dei beni e alla cauzione?	Quando s’apre una successione alla quale sarebbe chiamata in tutto o in parte una persona di cui s’ignora l’esistenza, la successione e devoluta a coloro ai quali sarebbe spettata in mancanza della detta persona, salvo il diritto di rappresentazione (467 e seguenti).Coloro ai quali e devoluta la successione devono innanzi tutto procedere all’inventario dei beni (Cod. Proc. Civ. 769 e seguenti) e devono dare cauzione (1179; Cod. Proc. Civ. 50, 725).
Art. 71 Estinzione dei diritti spettanti alla persona di cui si ignora l’esistenza	1. Quali diritti non sono pregiudicati dalle disposizioni degli articoli precedenti?	Le disposizioni degli articoli precedenti non pregiudicano la petizione di eredità (533 e seguenti) né gli altri diritti spettanti alla persona di cui s’ignora l’esistenza o ai suoi eredi o aventi causa, salvi gli effetti della prescrizione (2934 e seguenti) o dell’usucapione (1158 e seguenti).La restituzione dei frutti non è dovuta se non dal giorno della costituzione in mora.
Art. 71 Estinzione dei diritti spettanti alla persona di cui si ignora l’esistenza	2. Da quale momento è dovuta la restituzione dei frutti?	Le disposizioni degli articoli precedenti non pregiudicano la petizione di eredità (533 e seguenti) né gli altri diritti spettanti alla persona di cui s’ignora l’esistenza o ai suoi eredi o aventi causa, salvi gli effetti della prescrizione (2934 e seguenti) o dell’usucapione (1158 e seguenti).La restituzione dei frutti non è dovuta se non dal giorno della costituzione in mora.
Art. 72 Successione a cui sarebbe chiamata la persona della quale è stata dichiarata la morte presunta	1. Cosa devono fare coloro ai quali è devoluta la successione in mancanza di una persona di cui è stata dichiarata la morte presunta?	Quando s’apre una successione alla quale sarebbe chiamata in tutto o in parte una persona di cui è stata dichiarata la morte presunta (58 e seguenti), coloro ai quali, in sua mancanza, e devoluta la successione devono innanzi tutto procedere all’inventario dei beni (Cod. Proc. Civ. 769).
Art. 73 Estinzione dei diritti spettanti alla persona di cui è stata dichiarata la morte presunta	1. Cosa può fare la persona di cui è stata dichiarata la morte presunta se ritorna o ne è provata l’esistenza al momento dell’apertura della successione?	Se la persona di cui è stata dichiarata la morte presunta ritorna o ne è provata l’esistenza al momento dell’apertura della successione, essa o i suoi eredi o aventi causa possono esercitare la petizione di eredita (533 e seguenti) e far valere ogni altro diritto, ma non possono recuperare i beni se non nello stato in cui si trovano, e non possono ripetere che il prezzo di quelli alienati, quando è ancora dovuto, o i beni nei quali esso e stato investito, salvi gli effetti della prescrizione o dell’usucapione (1158 e seguenti; 2934 e seguenti).Si applica la disposizione del secondo comma dell’art. 71.
Art. 73 Estinzione dei diritti spettanti alla persona di cui è stata dichiarata la morte presunta	2. Quali limitazioni esistono per la persona di cui è stata dichiarata la morte presunta nel recuperare i beni?	Se la persona di cui è stata dichiarata la morte presunta ritorna o ne è provata l’esistenza al momento dell’apertura della successione, essa o i suoi eredi o aventi causa possono esercitare la petizione di eredita (533 e seguenti) e far valere ogni altro diritto, ma non possono recuperare i beni se non nello stato in cui si trovano, e non possono ripetere che il prezzo di quelli alienati, quando è ancora dovuto, o i beni nei quali esso e stato investito, salvi gli effetti della prescrizione o dell’usucapione (1158 e seguenti; 2934 e seguenti).Si applica la disposizione del secondo comma dell’art. 71.
Art. 73 Estinzione dei diritti spettanti alla persona di cui è stata dichiarata la morte presunta	3. Cosa può recuperare la persona di cui è stata dichiarata la morte presunta riguardo ai beni alienati?	Se la persona di cui è stata dichiarata la morte presunta ritorna o ne è provata l’esistenza al momento dell’apertura della successione, essa o i suoi eredi o aventi causa possono esercitare la petizione di eredita (533 e seguenti) e far valere ogni altro diritto, ma non possono recuperare i beni se non nello stato in cui si trovano, e non possono ripetere che il prezzo di quelli alienati, quando è ancora dovuto, o i beni nei quali esso e stato investito, salvi gli effetti della prescrizione o dell’usucapione (1158 e seguenti; 2934 e seguenti).Si applica la disposizione del secondo comma dell’art. 71.
Art. 73 Estinzione dei diritti spettanti alla persona di cui è stata dichiarata la morte presunta	4. Quali effetti giuridici devono essere considerati in relazione alla prescrizione o all’usucapione per la persona di cui è stata dichiarata la morte presunta?	Se la persona di cui è stata dichiarata la morte presunta ritorna o ne è provata l’esistenza al momento dell’apertura della successione, essa o i suoi eredi o aventi causa possono esercitare la petizione di eredita (533 e seguenti) e far valere ogni altro diritto, ma non possono recuperare i beni se non nello stato in cui si trovano, e non possono ripetere che il prezzo di quelli alienati, quando è ancora dovuto, o i beni nei quali esso e stato investito, salvi gli effetti della prescrizione o dell’usucapione (1158 e seguenti; 2934 e seguenti).Si applica la disposizione del secondo comma dell’art. 71.
Art. 74 Parentela	1. Quali sono i casi in cui il vincolo di parentela non sorge secondo gli articoli 291 e seguenti?	La parentela è il vincolo tra le persone che discendono da uno stesso stipite, sia nel caso in cui la filiazione è avvenuta all'interno del matrimonio, sia nel caso in cui è avvenuta al di fuori di esso, sia nel caso in cui il figlio è adottivo. Il vincolo di parentela non sorge nei casi di adozione di persone maggiori di età, di cui agli articoli 291 e seguenti.1
Art. 74 Parentela	2. La filiazione avvenuta al di fuori del matrimonio crea un vincolo di parentela?	La parentela è il vincolo tra le persone che discendono da uno stesso stipite, sia nel caso in cui la filiazione è avvenuta all'interno del matrimonio, sia nel caso in cui è avvenuta al di fuori di esso, sia nel caso in cui il figlio è adottivo. Il vincolo di parentela non sorge nei casi di adozione di persone maggiori di età, di cui agli articoli 291 e seguenti.1
Art. 75 Linee della parentela	1. Qual è la definizione di parenti in linea retta secondo il testo?	Sono parenti in linea retta le persone di cui l’una discende dall’altra; in linea collaterale quelle che, pur avendo uno stipite comune, non discendono l’una dall’altra.
Art. 75 Linee della parentela	2. Come vengono definiti i parenti che hanno uno stipite comune ma non discendono l'uno dall'altro?	Sono parenti in linea retta le persone di cui l’una discende dall’altra; in linea collaterale quelle che, pur avendo uno stipite comune, non discendono l’una dall’altra.
Art. 76 Computo dei gradi	1. Come si computano i gradi nella linea retta?	Nella linea retta si computano altrettanti gradi quante sono le generazioni, escluso lo stipite.Nella linea collaterale i gradi si computano dalle generazioni, salendo da uno dei parenti fino allo stipite comune e da questo discendendo all’altro parente, sempre restando escluso lo stipite.
Art. 76 Computo dei gradi	2. Qual è il metodo per calcolare i gradi nella linea collaterale?	Nella linea retta si computano altrettanti gradi quante sono le generazioni, escluso lo stipite.Nella linea collaterale i gradi si computano dalle generazioni, salendo da uno dei parenti fino allo stipite comune e da questo discendendo all’altro parente, sempre restando escluso lo stipite.
Art. 77 Limite della parentela	1. Quali sono gli effetti specialmente determinati per cui la legge riconosce il vincolo di parentela oltre il sesto grado?	La legge non riconosce il vincolo di parentela oltre il sesto grado, salvo che per alcuni effetti specialmente determinati.
Art. 78 Affinità	1. Che cos'è l'affinità secondo il testo?	L’affinità è il vincolo tra un coniuge e i parenti dell’altro coniuge.Nella linea e nel grado in cui taluno è parente d’uno dei due coniugi, egli è affine dell’altro coniuge.L’affinità non cessa per la morte, anche senza prole, del coniuge da cui deriva, salvo che per alcuni effetti specialmente determinati. Cessa se il matrimonio è dichiarato nullo (117 e seguenti), salvi gli effetti di cui all’art. 87, n. 4.
Art. 78 Affinità	2. In che modo si determina la linea e il grado di affinità tra i coniugi e i parenti dell'altro coniuge?	L’affinità è il vincolo tra un coniuge e i parenti dell’altro coniuge.Nella linea e nel grado in cui taluno è parente d’uno dei due coniugi, egli è affine dell’altro coniuge.L’affinità non cessa per la morte, anche senza prole, del coniuge da cui deriva, salvo che per alcuni effetti specialmente determinati. Cessa se il matrimonio è dichiarato nullo (117 e seguenti), salvi gli effetti di cui all’art. 87, n. 4.
Art. 78 Affinità	3. L'affinità cessa con la morte del coniuge da cui deriva?	L’affinità è il vincolo tra un coniuge e i parenti dell’altro coniuge.Nella linea e nel grado in cui taluno è parente d’uno dei due coniugi, egli è affine dell’altro coniuge.L’affinità non cessa per la morte, anche senza prole, del coniuge da cui deriva, salvo che per alcuni effetti specialmente determinati. Cessa se il matrimonio è dichiarato nullo (117 e seguenti), salvi gli effetti di cui all’art. 87, n. 4.
Art. 78 Affinità	4. Quali sono le condizioni in cui l'affinità cessa secondo il testo?	L’affinità è il vincolo tra un coniuge e i parenti dell’altro coniuge.Nella linea e nel grado in cui taluno è parente d’uno dei due coniugi, egli è affine dell’altro coniuge.L’affinità non cessa per la morte, anche senza prole, del coniuge da cui deriva, salvo che per alcuni effetti specialmente determinati. Cessa se il matrimonio è dichiarato nullo (117 e seguenti), salvi gli effetti di cui all’art. 87, n. 4.
Art. 79 Effetti	1. La promessa di matrimonio obbliga a contrarre il matrimonio o ad eseguire ciò che si fosse convenuto in caso di non adempimento?	La promessa di matrimonio non obbliga a contrarlo ne ad eseguire ciò che si fosse convenuto per il caso di non adempimento.
Art. 80 Restituzione dei doni	1. Entro quale termine il promittente può domandare la restituzione dei doni fatti a causa della promessa di matrimonio?	Il promittente può domandare la restituzione dei doni fatti a causa della promessa di matrimonio, se questo non è stato contratto.La domanda non è proponibile dopo un anno dal giorno in cui s’e avuto il rifiuto di celebrare il matrimonio o dal giorno della morte di uno dei promittenti.
Art. 80 Restituzione dei doni	2. Quali sono le condizioni che rendono non proponibile la domanda di restituzione dei doni fatti a causa della promessa di matrimonio?	Il promittente può domandare la restituzione dei doni fatti a causa della promessa di matrimonio, se questo non è stato contratto.La domanda non è proponibile dopo un anno dal giorno in cui s’e avuto il rifiuto di celebrare il matrimonio o dal giorno della morte di uno dei promittenti.
Art. 81 Risarcimento dei danni	1. Quali sono le condizioni che obbligano il promittente a risarcire il danno in caso di rifiuto di celebrare il matrimonio?	La promessa di matrimonio fatta vicendevolmente per atto pubblico o per scrittura privata da una persona maggiore di età o dal minore ammesso a contrarre matrimonio a norma dell’art. 84, oppure risultante dalla richiesta della pubblicazione, obbliga il promittente che senza giusto motivo ricusi di eseguirla a risarcire il danno cagionato all’altra parte per le spese fatte e per le obbligazioni contratte a causa di quella promessa. Il danno è risarcito entro il limite in cui le spese e le obbligazioni corrispondono alla condizione delle parti.Lo stesso risarcimento è dovuto dal promittente che con la propria colpa ha dato giusto motivo al rifiuto dell’altro.La domanda non è proponibile dopo un anno dal giorno del rifiuto di celebrare il matrimonio (2964 e seguenti).
Art. 81 Risarcimento dei danni	2. Entro quale limite il danno è risarcito in caso di rifiuto di celebrare il matrimonio?	La promessa di matrimonio fatta vicendevolmente per atto pubblico o per scrittura privata da una persona maggiore di età o dal minore ammesso a contrarre matrimonio a norma dell’art. 84, oppure risultante dalla richiesta della pubblicazione, obbliga il promittente che senza giusto motivo ricusi di eseguirla a risarcire il danno cagionato all’altra parte per le spese fatte e per le obbligazioni contratte a causa di quella promessa. Il danno è risarcito entro il limite in cui le spese e le obbligazioni corrispondono alla condizione delle parti.Lo stesso risarcimento è dovuto dal promittente che con la propria colpa ha dato giusto motivo al rifiuto dell’altro.La domanda non è proponibile dopo un anno dal giorno del rifiuto di celebrare il matrimonio (2964 e seguenti).
Art. 81 Risarcimento dei danni	3. Qual è il termine entro cui è possibile proporre la domanda di risarcimento per il rifiuto di celebrare il matrimonio?	La promessa di matrimonio fatta vicendevolmente per atto pubblico o per scrittura privata da una persona maggiore di età o dal minore ammesso a contrarre matrimonio a norma dell’art. 84, oppure risultante dalla richiesta della pubblicazione, obbliga il promittente che senza giusto motivo ricusi di eseguirla a risarcire il danno cagionato all’altra parte per le spese fatte e per le obbligazioni contratte a causa di quella promessa. Il danno è risarcito entro il limite in cui le spese e le obbligazioni corrispondono alla condizione delle parti.Lo stesso risarcimento è dovuto dal promittente che con la propria colpa ha dato giusto motivo al rifiuto dell’altro.La domanda non è proponibile dopo un anno dal giorno del rifiuto di celebrare il matrimonio (2964 e seguenti).
Art. 81 Risarcimento dei danni	4. In quali circostanze il promittente che ha dato giusto motivo al rifiuto dell'altro è tenuto a risarcire il danno?	La promessa di matrimonio fatta vicendevolmente per atto pubblico o per scrittura privata da una persona maggiore di età o dal minore ammesso a contrarre matrimonio a norma dell’art. 84, oppure risultante dalla richiesta della pubblicazione, obbliga il promittente che senza giusto motivo ricusi di eseguirla a risarcire il danno cagionato all’altra parte per le spese fatte e per le obbligazioni contratte a causa di quella promessa. Il danno è risarcito entro il limite in cui le spese e le obbligazioni corrispondono alla condizione delle parti.Lo stesso risarcimento è dovuto dal promittente che con la propria colpa ha dato giusto motivo al rifiuto dell’altro.La domanda non è proponibile dopo un anno dal giorno del rifiuto di celebrare il matrimonio (2964 e seguenti).
Art. 82 Matrimonio celebrato davanti a ministri del culto cattolico	1. Come viene regolato il matrimonio celebrato davanti a un ministro del culto cattolico?	Il matrimonio celebrato davanti a un ministro del culto cattolico è regolato in conformità del Concordato con la Santa Sede e delle leggi speciali sulla materia (Costit. 7).
Art. 82 Matrimonio celebrato davanti a ministri del culto cattolico	2. Quali normative specifiche disciplinano il matrimonio celebrato davanti a un ministro del culto cattolico?	Il matrimonio celebrato davanti a un ministro del culto cattolico è regolato in conformità del Concordato con la Santa Sede e delle leggi speciali sulla materia (Costit. 7).
Art. 83 Matrimonio celebrato davanti a ministri dei culti ammessi nello Stato	1. Quali disposizioni regolano il matrimonio celebrato davanti a ministri dei culti ammessi nello Stato?	Il matrimonio celebrato davanti a ministri dei culti ammessi nello Stato è regolato dalle disposizioni del capo seguente, salvo quanto è stabilito nella legge speciale concernente tale matrimonio (Costit. 8).
Art. 83 Matrimonio celebrato davanti a ministri dei culti ammessi nello Stato	2. Cosa stabilisce la legge speciale concernente il matrimonio celebrato davanti a ministri dei culti ammessi nello Stato?	Il matrimonio celebrato davanti a ministri dei culti ammessi nello Stato è regolato dalle disposizioni del capo seguente, salvo quanto è stabilito nella legge speciale concernente tale matrimonio (Costit. 8).
Art. 84 Età	1. Quali sono le condizioni necessarie affinché un minore di età possa essere ammesso al matrimonio?	I minori di età non possono contrarre matrimonio.Il tribunale, su istanza dell’interessato, accertata la sua maturità psico-fisica e la fondatezza delle ragioni addotte, sentito il pubblico ministero, i genitori o il tutore, può con decreto emesso in camera di consiglio ammettere per gravi motivi al matrimonio chi abbia compiuto sedici anni (90, 166 183, 390).Il decreto è comunicato al pubblico ministero, agli sposi, ai genitori e al tutore.Contro il decreto può essere proposto reclamo, con ricorso alla corte d’appello, nel termine perentorio di dieci giorni dalla comunicazione.La corte d’appello decide con ordinanza non impugnabile, emessa in camera di consiglio.Il decreto acquista efficacia quando è decorso il termine previsto nel quarto comma, senza che sia stato proposto reclamo.
Art. 84 Età	2. Chi deve essere sentito dal tribunale prima di emettere il decreto che ammette un minore al matrimonio?	I minori di età non possono contrarre matrimonio.Il tribunale, su istanza dell’interessato, accertata la sua maturità psico-fisica e la fondatezza delle ragioni addotte, sentito il pubblico ministero, i genitori o il tutore, può con decreto emesso in camera di consiglio ammettere per gravi motivi al matrimonio chi abbia compiuto sedici anni (90, 166 183, 390).Il decreto è comunicato al pubblico ministero, agli sposi, ai genitori e al tutore.Contro il decreto può essere proposto reclamo, con ricorso alla corte d’appello, nel termine perentorio di dieci giorni dalla comunicazione.La corte d’appello decide con ordinanza non impugnabile, emessa in camera di consiglio.Il decreto acquista efficacia quando è decorso il termine previsto nel quarto comma, senza che sia stato proposto reclamo.
Art. 84 Età	3. A chi viene comunicato il decreto che ammette un minore al matrimonio?	I minori di età non possono contrarre matrimonio.Il tribunale, su istanza dell’interessato, accertata la sua maturità psico-fisica e la fondatezza delle ragioni addotte, sentito il pubblico ministero, i genitori o il tutore, può con decreto emesso in camera di consiglio ammettere per gravi motivi al matrimonio chi abbia compiuto sedici anni (90, 166 183, 390).Il decreto è comunicato al pubblico ministero, agli sposi, ai genitori e al tutore.Contro il decreto può essere proposto reclamo, con ricorso alla corte d’appello, nel termine perentorio di dieci giorni dalla comunicazione.La corte d’appello decide con ordinanza non impugnabile, emessa in camera di consiglio.Il decreto acquista efficacia quando è decorso il termine previsto nel quarto comma, senza che sia stato proposto reclamo.
Art. 84 Età	4. Entro quale termine può essere proposto reclamo contro il decreto che ammette un minore al matrimonio?	I minori di età non possono contrarre matrimonio.Il tribunale, su istanza dell’interessato, accertata la sua maturità psico-fisica e la fondatezza delle ragioni addotte, sentito il pubblico ministero, i genitori o il tutore, può con decreto emesso in camera di consiglio ammettere per gravi motivi al matrimonio chi abbia compiuto sedici anni (90, 166 183, 390).Il decreto è comunicato al pubblico ministero, agli sposi, ai genitori e al tutore.Contro il decreto può essere proposto reclamo, con ricorso alla corte d’appello, nel termine perentorio di dieci giorni dalla comunicazione.La corte d’appello decide con ordinanza non impugnabile, emessa in camera di consiglio.Il decreto acquista efficacia quando è decorso il termine previsto nel quarto comma, senza che sia stato proposto reclamo.
Art. 84 Età	5. Quale organo decide sul reclamo contro il decreto che ammette un minore al matrimonio?	I minori di età non possono contrarre matrimonio.Il tribunale, su istanza dell’interessato, accertata la sua maturità psico-fisica e la fondatezza delle ragioni addotte, sentito il pubblico ministero, i genitori o il tutore, può con decreto emesso in camera di consiglio ammettere per gravi motivi al matrimonio chi abbia compiuto sedici anni (90, 166 183, 390).Il decreto è comunicato al pubblico ministero, agli sposi, ai genitori e al tutore.Contro il decreto può essere proposto reclamo, con ricorso alla corte d’appello, nel termine perentorio di dieci giorni dalla comunicazione.La corte d’appello decide con ordinanza non impugnabile, emessa in camera di consiglio.Il decreto acquista efficacia quando è decorso il termine previsto nel quarto comma, senza che sia stato proposto reclamo.
Art. 84 Età	6. Quando acquista efficacia il decreto che ammette un minore al matrimonio?	I minori di età non possono contrarre matrimonio.Il tribunale, su istanza dell’interessato, accertata la sua maturità psico-fisica e la fondatezza delle ragioni addotte, sentito il pubblico ministero, i genitori o il tutore, può con decreto emesso in camera di consiglio ammettere per gravi motivi al matrimonio chi abbia compiuto sedici anni (90, 166 183, 390).Il decreto è comunicato al pubblico ministero, agli sposi, ai genitori e al tutore.Contro il decreto può essere proposto reclamo, con ricorso alla corte d’appello, nel termine perentorio di dieci giorni dalla comunicazione.La corte d’appello decide con ordinanza non impugnabile, emessa in camera di consiglio.Il decreto acquista efficacia quando è decorso il termine previsto nel quarto comma, senza che sia stato proposto reclamo.
Art. 85 Interdizione per infermità di mente	1. Quali articoli del codice civile sono citati come riferimento per l'interdizione per infermità di mente che impedisce il matrimonio?	Non può contrarre matrimonio l’interdetto per infermità di mente (102, 116, 117, 119, 414 e seguenti).Se l’istanza di interdizione è soltanto promossa, il pubblico ministero può richiedere che si sospenda la celebrazione del matrimonio; in tal caso la celebrazione non può aver luogo finché la sentenza che ha pronunziato sull’istanza non sia passata in giudicato (Cod. Proc. Civ. 324).
Art. 85 Interdizione per infermità di mente	2. Cosa può richiedere il pubblico ministero se l'istanza di interdizione è soltanto promossa?	Non può contrarre matrimonio l’interdetto per infermità di mente (102, 116, 117, 119, 414 e seguenti).Se l’istanza di interdizione è soltanto promossa, il pubblico ministero può richiedere che si sospenda la celebrazione del matrimonio; in tal caso la celebrazione non può aver luogo finché la sentenza che ha pronunziato sull’istanza non sia passata in giudicato (Cod. Proc. Civ. 324).
Art. 85 Interdizione per infermità di mente	3. Quando può avere luogo la celebrazione del matrimonio se è stata richiesta la sospensione a causa di un'istanza di interdizione?	Non può contrarre matrimonio l’interdetto per infermità di mente (102, 116, 117, 119, 414 e seguenti).Se l’istanza di interdizione è soltanto promossa, il pubblico ministero può richiedere che si sospenda la celebrazione del matrimonio; in tal caso la celebrazione non può aver luogo finché la sentenza che ha pronunziato sull’istanza non sia passata in giudicato (Cod. Proc. Civ. 324).
Art. 86 Libertà di stato	1. Chi è vincolato da un matrimonio precedente può contrarre un nuovo matrimonio?	Non può contrarre matrimonio chi è vincolato da un matrimonio o da un'unione civile tra persone dello stesso sesso precedente (65, 116, 117, 124, c.p. 556).
Art. 86 Libertà di stato	2. Chi è vincolato da un'unione civile tra persone dello stesso sesso precedente può contrarre matrimonio?	Non può contrarre matrimonio chi è vincolato da un matrimonio o da un'unione civile tra persone dello stesso sesso precedente (65, 116, 117, 124, c.p. 556).
Art. 87 Parentela, affinità, adozione	1. Chi non può contrarre matrimonio fra loro secondo il primo punto del testo?	Non possono contrarre matrimonio fra loro:1) gli ascendenti e i discendenti in linea retta; 2) i fratelli e le sorelle germani, consanguinei o uterini; 3) lo zio e la nipote, la zia e il nipote; 4) gli affini in linea retta; il divieto sussiste anche nel caso in cui l’affinità deriva dal matrimonio dichiarato nullo o sciolto o per il quale è stata pronunciata la cessazione degli effetti civili; 5) gli affini in linea collaterale in secondo grado; 6) l’adottante, l’adottato e i suoi discendenti; 7) i figli adottivi della stessa persona; 8) l’adottato e i figli dell’adottante; 9) l’adottato e il coniuge dell’adottante, l’adottante e il coniuge dell’adottato. Il tribunale, su ricorso degli interessati, con decreto emesso in camera di consiglio, sentito il pubblico ministero, può autorizzare il matrimonio nei casi indicati dai nn. 3 e 5, anche se si tratti di affiliazione. L'autorizzazione può essere accordta anche nel caso indicato dal numero 4, quando l'affinità deriva da un matrimonio dichiarato nullo. L’autorizzazione può essere accordata anche nel caso indicato dal n. 4 quando l’affinità deriva da matrimonio dichiarato nullo.Il decreto è notificato agli interessati e al pubblico ministero.Si applicano le disposizioni dei commi quarto, quinto e sesto dell’art. 84.
Art. 87 Parentela, affinità, adozione	2. Quali tipi di fratelli e sorelle non possono contrarre matrimonio fra loro?	Non possono contrarre matrimonio fra loro:1) gli ascendenti e i discendenti in linea retta; 2) i fratelli e le sorelle germani, consanguinei o uterini; 3) lo zio e la nipote, la zia e il nipote; 4) gli affini in linea retta; il divieto sussiste anche nel caso in cui l’affinità deriva dal matrimonio dichiarato nullo o sciolto o per il quale è stata pronunciata la cessazione degli effetti civili; 5) gli affini in linea collaterale in secondo grado; 6) l’adottante, l’adottato e i suoi discendenti; 7) i figli adottivi della stessa persona; 8) l’adottato e i figli dell’adottante; 9) l’adottato e il coniuge dell’adottante, l’adottante e il coniuge dell’adottato. Il tribunale, su ricorso degli interessati, con decreto emesso in camera di consiglio, sentito il pubblico ministero, può autorizzare il matrimonio nei casi indicati dai nn. 3 e 5, anche se si tratti di affiliazione. L'autorizzazione può essere accordta anche nel caso indicato dal numero 4, quando l'affinità deriva da un matrimonio dichiarato nullo. L’autorizzazione può essere accordata anche nel caso indicato dal n. 4 quando l’affinità deriva da matrimonio dichiarato nullo.Il decreto è notificato agli interessati e al pubblico ministero.Si applicano le disposizioni dei commi quarto, quinto e sesto dell’art. 84.
Art. 87 Parentela, affinità, adozione	3. Quali relazioni familiari sono indicate nel terzo punto come impedimento al matrimonio?	Non possono contrarre matrimonio fra loro:1) gli ascendenti e i discendenti in linea retta; 2) i fratelli e le sorelle germani, consanguinei o uterini; 3) lo zio e la nipote, la zia e il nipote; 4) gli affini in linea retta; il divieto sussiste anche nel caso in cui l’affinità deriva dal matrimonio dichiarato nullo o sciolto o per il quale è stata pronunciata la cessazione degli effetti civili; 5) gli affini in linea collaterale in secondo grado; 6) l’adottante, l’adottato e i suoi discendenti; 7) i figli adottivi della stessa persona; 8) l’adottato e i figli dell’adottante; 9) l’adottato e il coniuge dell’adottante, l’adottante e il coniuge dell’adottato. Il tribunale, su ricorso degli interessati, con decreto emesso in camera di consiglio, sentito il pubblico ministero, può autorizzare il matrimonio nei casi indicati dai nn. 3 e 5, anche se si tratti di affiliazione. L'autorizzazione può essere accordta anche nel caso indicato dal numero 4, quando l'affinità deriva da un matrimonio dichiarato nullo. L’autorizzazione può essere accordata anche nel caso indicato dal n. 4 quando l’affinità deriva da matrimonio dichiarato nullo.Il decreto è notificato agli interessati e al pubblico ministero.Si applicano le disposizioni dei commi quarto, quinto e sesto dell’art. 84.
Art. 87 Parentela, affinità, adozione	4. In quali casi il divieto di matrimonio sussiste anche se l’affinità deriva da un matrimonio dichiarato nullo o sciolto?	Non possono contrarre matrimonio fra loro:1) gli ascendenti e i discendenti in linea retta; 2) i fratelli e le sorelle germani, consanguinei o uterini; 3) lo zio e la nipote, la zia e il nipote; 4) gli affini in linea retta; il divieto sussiste anche nel caso in cui l’affinità deriva dal matrimonio dichiarato nullo o sciolto o per il quale è stata pronunciata la cessazione degli effetti civili; 5) gli affini in linea collaterale in secondo grado; 6) l’adottante, l’adottato e i suoi discendenti; 7) i figli adottivi della stessa persona; 8) l’adottato e i figli dell’adottante; 9) l’adottato e il coniuge dell’adottante, l’adottante e il coniuge dell’adottato. Il tribunale, su ricorso degli interessati, con decreto emesso in camera di consiglio, sentito il pubblico ministero, può autorizzare il matrimonio nei casi indicati dai nn. 3 e 5, anche se si tratti di affiliazione. L'autorizzazione può essere accordta anche nel caso indicato dal numero 4, quando l'affinità deriva da un matrimonio dichiarato nullo. L’autorizzazione può essere accordata anche nel caso indicato dal n. 4 quando l’affinità deriva da matrimonio dichiarato nullo.Il decreto è notificato agli interessati e al pubblico ministero.Si applicano le disposizioni dei commi quarto, quinto e sesto dell’art. 84.
Art. 87 Parentela, affinità, adozione	5. Quali affini in linea collaterale non possono contrarre matrimonio fra loro?	Non possono contrarre matrimonio fra loro:1) gli ascendenti e i discendenti in linea retta; 2) i fratelli e le sorelle germani, consanguinei o uterini; 3) lo zio e la nipote, la zia e il nipote; 4) gli affini in linea retta; il divieto sussiste anche nel caso in cui l’affinità deriva dal matrimonio dichiarato nullo o sciolto o per il quale è stata pronunciata la cessazione degli effetti civili; 5) gli affini in linea collaterale in secondo grado; 6) l’adottante, l’adottato e i suoi discendenti; 7) i figli adottivi della stessa persona; 8) l’adottato e i figli dell’adottante; 9) l’adottato e il coniuge dell’adottante, l’adottante e il coniuge dell’adottato. Il tribunale, su ricorso degli interessati, con decreto emesso in camera di consiglio, sentito il pubblico ministero, può autorizzare il matrimonio nei casi indicati dai nn. 3 e 5, anche se si tratti di affiliazione. L'autorizzazione può essere accordta anche nel caso indicato dal numero 4, quando l'affinità deriva da un matrimonio dichiarato nullo. L’autorizzazione può essere accordata anche nel caso indicato dal n. 4 quando l’affinità deriva da matrimonio dichiarato nullo.Il decreto è notificato agli interessati e al pubblico ministero.Si applicano le disposizioni dei commi quarto, quinto e sesto dell’art. 84.
Art. 87 Parentela, affinità, adozione	6. Quali relazioni di adozione impediscono il matrimonio secondo il sesto punto del testo?	Non possono contrarre matrimonio fra loro:1) gli ascendenti e i discendenti in linea retta; 2) i fratelli e le sorelle germani, consanguinei o uterini; 3) lo zio e la nipote, la zia e il nipote; 4) gli affini in linea retta; il divieto sussiste anche nel caso in cui l’affinità deriva dal matrimonio dichiarato nullo o sciolto o per il quale è stata pronunciata la cessazione degli effetti civili; 5) gli affini in linea collaterale in secondo grado; 6) l’adottante, l’adottato e i suoi discendenti; 7) i figli adottivi della stessa persona; 8) l’adottato e i figli dell’adottante; 9) l’adottato e il coniuge dell’adottante, l’adottante e il coniuge dell’adottato. Il tribunale, su ricorso degli interessati, con decreto emesso in camera di consiglio, sentito il pubblico ministero, può autorizzare il matrimonio nei casi indicati dai nn. 3 e 5, anche se si tratti di affiliazione. L'autorizzazione può essere accordta anche nel caso indicato dal numero 4, quando l'affinità deriva da un matrimonio dichiarato nullo. L’autorizzazione può essere accordata anche nel caso indicato dal n. 4 quando l’affinità deriva da matrimonio dichiarato nullo.Il decreto è notificato agli interessati e al pubblico ministero.Si applicano le disposizioni dei commi quarto, quinto e sesto dell’art. 84.
Art. 87 Parentela, affinità, adozione	7. I figli adottivi della stessa persona possono contrarre matrimonio fra loro?	Non possono contrarre matrimonio fra loro:1) gli ascendenti e i discendenti in linea retta; 2) i fratelli e le sorelle germani, consanguinei o uterini; 3) lo zio e la nipote, la zia e il nipote; 4) gli affini in linea retta; il divieto sussiste anche nel caso in cui l’affinità deriva dal matrimonio dichiarato nullo o sciolto o per il quale è stata pronunciata la cessazione degli effetti civili; 5) gli affini in linea collaterale in secondo grado; 6) l’adottante, l’adottato e i suoi discendenti; 7) i figli adottivi della stessa persona; 8) l’adottato e i figli dell’adottante; 9) l’adottato e il coniuge dell’adottante, l’adottante e il coniuge dell’adottato. Il tribunale, su ricorso degli interessati, con decreto emesso in camera di consiglio, sentito il pubblico ministero, può autorizzare il matrimonio nei casi indicati dai nn. 3 e 5, anche se si tratti di affiliazione. L'autorizzazione può essere accordta anche nel caso indicato dal numero 4, quando l'affinità deriva da un matrimonio dichiarato nullo. L’autorizzazione può essere accordata anche nel caso indicato dal n. 4 quando l’affinità deriva da matrimonio dichiarato nullo.Il decreto è notificato agli interessati e al pubblico ministero.Si applicano le disposizioni dei commi quarto, quinto e sesto dell’art. 84.
Art. 87 Parentela, affinità, adozione	8. Quali relazioni tra adottato e figli dell’adottante impediscono il matrimonio?	Non possono contrarre matrimonio fra loro:1) gli ascendenti e i discendenti in linea retta; 2) i fratelli e le sorelle germani, consanguinei o uterini; 3) lo zio e la nipote, la zia e il nipote; 4) gli affini in linea retta; il divieto sussiste anche nel caso in cui l’affinità deriva dal matrimonio dichiarato nullo o sciolto o per il quale è stata pronunciata la cessazione degli effetti civili; 5) gli affini in linea collaterale in secondo grado; 6) l’adottante, l’adottato e i suoi discendenti; 7) i figli adottivi della stessa persona; 8) l’adottato e i figli dell’adottante; 9) l’adottato e il coniuge dell’adottante, l’adottante e il coniuge dell’adottato. Il tribunale, su ricorso degli interessati, con decreto emesso in camera di consiglio, sentito il pubblico ministero, può autorizzare il matrimonio nei casi indicati dai nn. 3 e 5, anche se si tratti di affiliazione. L'autorizzazione può essere accordta anche nel caso indicato dal numero 4, quando l'affinità deriva da un matrimonio dichiarato nullo. L’autorizzazione può essere accordata anche nel caso indicato dal n. 4 quando l’affinità deriva da matrimonio dichiarato nullo.Il decreto è notificato agli interessati e al pubblico ministero.Si applicano le disposizioni dei commi quarto, quinto e sesto dell’art. 84.
Art. 87 Parentela, affinità, adozione	9. Quali relazioni tra adottato e coniuge dell’adottante impediscono il matrimonio?	Non possono contrarre matrimonio fra loro:1) gli ascendenti e i discendenti in linea retta; 2) i fratelli e le sorelle germani, consanguinei o uterini; 3) lo zio e la nipote, la zia e il nipote; 4) gli affini in linea retta; il divieto sussiste anche nel caso in cui l’affinità deriva dal matrimonio dichiarato nullo o sciolto o per il quale è stata pronunciata la cessazione degli effetti civili; 5) gli affini in linea collaterale in secondo grado; 6) l’adottante, l’adottato e i suoi discendenti; 7) i figli adottivi della stessa persona; 8) l’adottato e i figli dell’adottante; 9) l’adottato e il coniuge dell’adottante, l’adottante e il coniuge dell’adottato. Il tribunale, su ricorso degli interessati, con decreto emesso in camera di consiglio, sentito il pubblico ministero, può autorizzare il matrimonio nei casi indicati dai nn. 3 e 5, anche se si tratti di affiliazione. L'autorizzazione può essere accordta anche nel caso indicato dal numero 4, quando l'affinità deriva da un matrimonio dichiarato nullo. L’autorizzazione può essere accordata anche nel caso indicato dal n. 4 quando l’affinità deriva da matrimonio dichiarato nullo.Il decreto è notificato agli interessati e al pubblico ministero.Si applicano le disposizioni dei commi quarto, quinto e sesto dell’art. 84.
Art. 87 Parentela, affinità, adozione	10. In quali casi il tribunale può autorizzare il matrimonio, sentito il pubblico ministero?	Non possono contrarre matrimonio fra loro:1) gli ascendenti e i discendenti in linea retta; 2) i fratelli e le sorelle germani, consanguinei o uterini; 3) lo zio e la nipote, la zia e il nipote; 4) gli affini in linea retta; il divieto sussiste anche nel caso in cui l’affinità deriva dal matrimonio dichiarato nullo o sciolto o per il quale è stata pronunciata la cessazione degli effetti civili; 5) gli affini in linea collaterale in secondo grado; 6) l’adottante, l’adottato e i suoi discendenti; 7) i figli adottivi della stessa persona; 8) l’adottato e i figli dell’adottante; 9) l’adottato e il coniuge dell’adottante, l’adottante e il coniuge dell’adottato. Il tribunale, su ricorso degli interessati, con decreto emesso in camera di consiglio, sentito il pubblico ministero, può autorizzare il matrimonio nei casi indicati dai nn. 3 e 5, anche se si tratti di affiliazione. L'autorizzazione può essere accordta anche nel caso indicato dal numero 4, quando l'affinità deriva da un matrimonio dichiarato nullo. L’autorizzazione può essere accordata anche nel caso indicato dal n. 4 quando l’affinità deriva da matrimonio dichiarato nullo.Il decreto è notificato agli interessati e al pubblico ministero.Si applicano le disposizioni dei commi quarto, quinto e sesto dell’art. 84.
Art. 87 Parentela, affinità, adozione	11. Quali disposizioni si applicano secondo il testo in relazione all’art. 84?	Non possono contrarre matrimonio fra loro:1) gli ascendenti e i discendenti in linea retta; 2) i fratelli e le sorelle germani, consanguinei o uterini; 3) lo zio e la nipote, la zia e il nipote; 4) gli affini in linea retta; il divieto sussiste anche nel caso in cui l’affinità deriva dal matrimonio dichiarato nullo o sciolto o per il quale è stata pronunciata la cessazione degli effetti civili; 5) gli affini in linea collaterale in secondo grado; 6) l’adottante, l’adottato e i suoi discendenti; 7) i figli adottivi della stessa persona; 8) l’adottato e i figli dell’adottante; 9) l’adottato e il coniuge dell’adottante, l’adottante e il coniuge dell’adottato. Il tribunale, su ricorso degli interessati, con decreto emesso in camera di consiglio, sentito il pubblico ministero, può autorizzare il matrimonio nei casi indicati dai nn. 3 e 5, anche se si tratti di affiliazione. L'autorizzazione può essere accordta anche nel caso indicato dal numero 4, quando l'affinità deriva da un matrimonio dichiarato nullo. L’autorizzazione può essere accordata anche nel caso indicato dal n. 4 quando l’affinità deriva da matrimonio dichiarato nullo.Il decreto è notificato agli interessati e al pubblico ministero.Si applicano le disposizioni dei commi quarto, quinto e sesto dell’art. 84.
Art. 88 Delitto	1. Quali persone non possono contrarre matrimonio tra loro secondo il testo?	Non possono contrarre matrimonio tra loro le persone delle quali l’una è stata condannata per omicidio consumato o tentato sul coniuge dell’altra.Se ebbe luogo soltanto rinvio a giudizio ovvero fu ordinata la cattura, si sospende la celebrazione del matrimonio fino a quando non è pronunziata sentenza di proscioglimento.
Art. 88 Delitto	2. Cosa accade se una delle persone è stata solo rinviata a giudizio o ordinata la cattura per omicidio consumato o tentato sul coniuge dell'altra?	Non possono contrarre matrimonio tra loro le persone delle quali l’una è stata condannata per omicidio consumato o tentato sul coniuge dell’altra.Se ebbe luogo soltanto rinvio a giudizio ovvero fu ordinata la cattura, si sospende la celebrazione del matrimonio fino a quando non è pronunziata sentenza di proscioglimento.
Art. 89 Divieto temporaneo di nuove nozze	1. Quali sono le condizioni che escludono il divieto di contrarre matrimonio per una donna entro trecento giorni dallo scioglimento del precedente matrimonio?	Non può contrarre matrimonio la donna, se non dopo trecento giorni dallo scioglimento, dall’annullamento o dalla cessazione degli effetti civili del precedente matrimonio. Sono esclusi dal divieto i casi in cui lo scioglimento o la cessazione degli effetti civili del precedente matrimonio siano stati pronunciati in base all’art. 3, n. 2, lett. b) ed f), della L. 1° dicembre 1970, n. 898, e nei casi in cui il matrimonio sia stato dichiarato nullo per impotenza, anche soltanto a generare, di uno dei coniugi.Il tribunale con decreto emesso in camera di consiglio, sentito il pubblico ministero, può autorizzare il matrimonio quando è inequivocabilmente escluso lo stato di gravidanza o se risulta da sentenza passata in giudicato che il marito non ha convissuto con la moglie, nei trecento giorni precedenti lo scioglimento, l’annullamento o la cessazione degli effetti civili del matrimonio. Si applicano le disposizioni dei commi quarto, quinto e sesto dell’art. 84 e del comma quinto dell’art. 87.Il divieto cessa dal giorno in cui la gravidanza è terminata.
Art. 89 Divieto temporaneo di nuove nozze	2. In quali casi il tribunale può autorizzare il matrimonio prima dei trecento giorni dallo scioglimento del precedente matrimonio?	Non può contrarre matrimonio la donna, se non dopo trecento giorni dallo scioglimento, dall’annullamento o dalla cessazione degli effetti civili del precedente matrimonio. Sono esclusi dal divieto i casi in cui lo scioglimento o la cessazione degli effetti civili del precedente matrimonio siano stati pronunciati in base all’art. 3, n. 2, lett. b) ed f), della L. 1° dicembre 1970, n. 898, e nei casi in cui il matrimonio sia stato dichiarato nullo per impotenza, anche soltanto a generare, di uno dei coniugi.Il tribunale con decreto emesso in camera di consiglio, sentito il pubblico ministero, può autorizzare il matrimonio quando è inequivocabilmente escluso lo stato di gravidanza o se risulta da sentenza passata in giudicato che il marito non ha convissuto con la moglie, nei trecento giorni precedenti lo scioglimento, l’annullamento o la cessazione degli effetti civili del matrimonio. Si applicano le disposizioni dei commi quarto, quinto e sesto dell’art. 84 e del comma quinto dell’art. 87.Il divieto cessa dal giorno in cui la gravidanza è terminata.
Art. 89 Divieto temporaneo di nuove nozze	3. Quali articoli del codice civile vengono richiamati per l'applicazione delle disposizioni relative al divieto di contrarre matrimonio entro trecento giorni?	Non può contrarre matrimonio la donna, se non dopo trecento giorni dallo scioglimento, dall’annullamento o dalla cessazione degli effetti civili del precedente matrimonio. Sono esclusi dal divieto i casi in cui lo scioglimento o la cessazione degli effetti civili del precedente matrimonio siano stati pronunciati in base all’art. 3, n. 2, lett. b) ed f), della L. 1° dicembre 1970, n. 898, e nei casi in cui il matrimonio sia stato dichiarato nullo per impotenza, anche soltanto a generare, di uno dei coniugi.Il tribunale con decreto emesso in camera di consiglio, sentito il pubblico ministero, può autorizzare il matrimonio quando è inequivocabilmente escluso lo stato di gravidanza o se risulta da sentenza passata in giudicato che il marito non ha convissuto con la moglie, nei trecento giorni precedenti lo scioglimento, l’annullamento o la cessazione degli effetti civili del matrimonio. Si applicano le disposizioni dei commi quarto, quinto e sesto dell’art. 84 e del comma quinto dell’art. 87.Il divieto cessa dal giorno in cui la gravidanza è terminata.
Art. 89 Divieto temporaneo di nuove nozze	4. Cosa deve essere inequivocabilmente escluso per permettere al tribunale di autorizzare il matrimonio prima dei trecento giorni?	Non può contrarre matrimonio la donna, se non dopo trecento giorni dallo scioglimento, dall’annullamento o dalla cessazione degli effetti civili del precedente matrimonio. Sono esclusi dal divieto i casi in cui lo scioglimento o la cessazione degli effetti civili del precedente matrimonio siano stati pronunciati in base all’art. 3, n. 2, lett. b) ed f), della L. 1° dicembre 1970, n. 898, e nei casi in cui il matrimonio sia stato dichiarato nullo per impotenza, anche soltanto a generare, di uno dei coniugi.Il tribunale con decreto emesso in camera di consiglio, sentito il pubblico ministero, può autorizzare il matrimonio quando è inequivocabilmente escluso lo stato di gravidanza o se risulta da sentenza passata in giudicato che il marito non ha convissuto con la moglie, nei trecento giorni precedenti lo scioglimento, l’annullamento o la cessazione degli effetti civili del matrimonio. Si applicano le disposizioni dei commi quarto, quinto e sesto dell’art. 84 e del comma quinto dell’art. 87.Il divieto cessa dal giorno in cui la gravidanza è terminata.
Art. 89 Divieto temporaneo di nuove nozze	5. Quando cessa il divieto di contrarre matrimonio per una donna che è in stato di gravidanza?	Non può contrarre matrimonio la donna, se non dopo trecento giorni dallo scioglimento, dall’annullamento o dalla cessazione degli effetti civili del precedente matrimonio. Sono esclusi dal divieto i casi in cui lo scioglimento o la cessazione degli effetti civili del precedente matrimonio siano stati pronunciati in base all’art. 3, n. 2, lett. b) ed f), della L. 1° dicembre 1970, n. 898, e nei casi in cui il matrimonio sia stato dichiarato nullo per impotenza, anche soltanto a generare, di uno dei coniugi.Il tribunale con decreto emesso in camera di consiglio, sentito il pubblico ministero, può autorizzare il matrimonio quando è inequivocabilmente escluso lo stato di gravidanza o se risulta da sentenza passata in giudicato che il marito non ha convissuto con la moglie, nei trecento giorni precedenti lo scioglimento, l’annullamento o la cessazione degli effetti civili del matrimonio. Si applicano le disposizioni dei commi quarto, quinto e sesto dell’art. 84 e del comma quinto dell’art. 87.Il divieto cessa dal giorno in cui la gravidanza è terminata.
Art. 90 Assenza del minore	1. In quali circostanze il tribunale o la corte di appello possono nominare un curatore speciale per assistere il minore nella stipulazione delle convenzioni matrimoniali secondo l'art. 84?	Con il decreto di cui all’art. 84 il tribunale o la corte di appello nominano, se le circostanze lo esigono, un curatore speciale che assista il minore nella stipulazione delle convenzioni matrimoniali.
Art. 93 Pubblicazione	1. Quale procedura deve precedere la celebrazione del matrimonio secondo il testo?	La celebrazione del matrimonio dev’essere preceduta dalla pubblicazione fatta a cura dell’ufficiale dello stato civile.
Art. 94 Luogo della pubblicazione	1. Dove deve essere richiesta la pubblicazione per il matrimonio?	La pubblicazione deve essere richiesta all’ufficiale dello stato civile del comune dove uno degli sposi ha la residenza ed è fatta nei comuni di residenza degli sposi.
Art. 96 Richiesta della pubblicazione	1. Chi deve fare la richiesta della pubblicazione del matrimonio?	La richiesta della pubblicazione deve farsi da ambedue gli sposi o da persona che ne ha da essi ricevuto speciale incarico.
Art. 98 Rifiuto della pubblicazione	1. Quali sono i passaggi procedurali previsti in caso di rifiuto da parte dell'ufficiale dello stato civile di procedere alla pubblicazione?	L’ufficiale dello stato civile che non crede di poter procedere alla pubblicazione rilascia un certificato coi motivi del rifiuto (112,138).Contro il rifiuto è dato ricorso al tribunale, che provvede in camera di consiglio, sentito il pubblico ministero (Cod. Proc. Civ. 737 e seguenti).
Art. 98 Rifiuto della pubblicazione	2. Quale autorità giudiziaria è competente a decidere sul ricorso contro il rifiuto dell'ufficiale dello stato civile?	L’ufficiale dello stato civile che non crede di poter procedere alla pubblicazione rilascia un certificato coi motivi del rifiuto (112,138).Contro il rifiuto è dato ricorso al tribunale, che provvede in camera di consiglio, sentito il pubblico ministero (Cod. Proc. Civ. 737 e seguenti).
Art. 99 Termine per la celebrazione del matrimonio	1. Qual è il periodo minimo che deve trascorrere tra la pubblicazione e la celebrazione del matrimonio?	Il matrimonio non può essere celebrato prima del quarto giorno dopo compiuta la pubblicazione.Se il matrimonio non è celebrato nei centottanta giorni successivi, la pubblicazione si considera come non avvenuta.
Art. 99 Termine per la celebrazione del matrimonio	2. Cosa accade se il matrimonio non viene celebrato entro centottanta giorni dalla pubblicazione?	Il matrimonio non può essere celebrato prima del quarto giorno dopo compiuta la pubblicazione.Se il matrimonio non è celebrato nei centottanta giorni successivi, la pubblicazione si considera come non avvenuta.
Art. 100 Riduzione del termine e omissione della pubblicazione	1. In quali circostanze il tribunale può ridurre il termine della pubblicazione?	Il tribunale, su istanza degli interessati, con decreto non impugnabile emesso in camera di consiglio, sentito il pubblico ministero, può ridurre, per gravi motivi, il termine della pubblicazione. In questo caso la riduzione del termine è dichiarata nella pubblicazione.Può anche autorizzare, con le stesse modalità, per cause gravissime, l’omissione della pubblicazione, quando venga presentato un atto di notorietà con il quale quattro persone, ancorché parenti degli sposi, dichiarano con giuramento, davanti al pretore del mandamento di uno degli sposi, di ben conoscerli, indicando esattamente il nome e cognome, la professione e la residenza dei medesimi e dei loro genitori, e assicurano sulla loro coscienza che nessuno degli impedimenti stabiliti dagli artt. 85, 86, 87, 88 e 89 si oppone al matrimonio.Il cancelliere deve far precedere alla dichiarazione la lettura di detti articoli e ammonire i dichiaranti sull’importanza della loro attestazione a sulla gravità delle possibili conseguenze.
Art. 100 Riduzione del termine e omissione della pubblicazione	2. Quali sono le modalità con cui il tribunale può autorizzare l’omissione della pubblicazione?	Il tribunale, su istanza degli interessati, con decreto non impugnabile emesso in camera di consiglio, sentito il pubblico ministero, può ridurre, per gravi motivi, il termine della pubblicazione. In questo caso la riduzione del termine è dichiarata nella pubblicazione.Può anche autorizzare, con le stesse modalità, per cause gravissime, l’omissione della pubblicazione, quando venga presentato un atto di notorietà con il quale quattro persone, ancorché parenti degli sposi, dichiarano con giuramento, davanti al pretore del mandamento di uno degli sposi, di ben conoscerli, indicando esattamente il nome e cognome, la professione e la residenza dei medesimi e dei loro genitori, e assicurano sulla loro coscienza che nessuno degli impedimenti stabiliti dagli artt. 85, 86, 87, 88 e 89 si oppone al matrimonio.Il cancelliere deve far precedere alla dichiarazione la lettura di detti articoli e ammonire i dichiaranti sull’importanza della loro attestazione a sulla gravità delle possibili conseguenze.
Art. 100 Riduzione del termine e omissione della pubblicazione	3. Quali informazioni devono essere fornite dalle quattro persone che presentano l'atto di notorietà?	Il tribunale, su istanza degli interessati, con decreto non impugnabile emesso in camera di consiglio, sentito il pubblico ministero, può ridurre, per gravi motivi, il termine della pubblicazione. In questo caso la riduzione del termine è dichiarata nella pubblicazione.Può anche autorizzare, con le stesse modalità, per cause gravissime, l’omissione della pubblicazione, quando venga presentato un atto di notorietà con il quale quattro persone, ancorché parenti degli sposi, dichiarano con giuramento, davanti al pretore del mandamento di uno degli sposi, di ben conoscerli, indicando esattamente il nome e cognome, la professione e la residenza dei medesimi e dei loro genitori, e assicurano sulla loro coscienza che nessuno degli impedimenti stabiliti dagli artt. 85, 86, 87, 88 e 89 si oppone al matrimonio.Il cancelliere deve far precedere alla dichiarazione la lettura di detti articoli e ammonire i dichiaranti sull’importanza della loro attestazione a sulla gravità delle possibili conseguenze.
Art. 100 Riduzione del termine e omissione della pubblicazione	4. Quali articoli devono essere letti dal cancelliere prima della dichiarazione delle quattro persone?	Il tribunale, su istanza degli interessati, con decreto non impugnabile emesso in camera di consiglio, sentito il pubblico ministero, può ridurre, per gravi motivi, il termine della pubblicazione. In questo caso la riduzione del termine è dichiarata nella pubblicazione.Può anche autorizzare, con le stesse modalità, per cause gravissime, l’omissione della pubblicazione, quando venga presentato un atto di notorietà con il quale quattro persone, ancorché parenti degli sposi, dichiarano con giuramento, davanti al pretore del mandamento di uno degli sposi, di ben conoscerli, indicando esattamente il nome e cognome, la professione e la residenza dei medesimi e dei loro genitori, e assicurano sulla loro coscienza che nessuno degli impedimenti stabiliti dagli artt. 85, 86, 87, 88 e 89 si oppone al matrimonio.Il cancelliere deve far precedere alla dichiarazione la lettura di detti articoli e ammonire i dichiaranti sull’importanza della loro attestazione a sulla gravità delle possibili conseguenze.
Art. 100 Riduzione del termine e omissione della pubblicazione	5. Qual è il ruolo del pubblico ministero nel processo di riduzione o omissione della pubblicazione?	Il tribunale, su istanza degli interessati, con decreto non impugnabile emesso in camera di consiglio, sentito il pubblico ministero, può ridurre, per gravi motivi, il termine della pubblicazione. In questo caso la riduzione del termine è dichiarata nella pubblicazione.Può anche autorizzare, con le stesse modalità, per cause gravissime, l’omissione della pubblicazione, quando venga presentato un atto di notorietà con il quale quattro persone, ancorché parenti degli sposi, dichiarano con giuramento, davanti al pretore del mandamento di uno degli sposi, di ben conoscerli, indicando esattamente il nome e cognome, la professione e la residenza dei medesimi e dei loro genitori, e assicurano sulla loro coscienza che nessuno degli impedimenti stabiliti dagli artt. 85, 86, 87, 88 e 89 si oppone al matrimonio.Il cancelliere deve far precedere alla dichiarazione la lettura di detti articoli e ammonire i dichiaranti sull’importanza della loro attestazione a sulla gravità delle possibili conseguenze.
Art. 101 Matrimonio in imminente pericolo di vita	1. In quali circostanze l'ufficiale dello stato civile può procedere alla celebrazione del matrimonio senza pubblicazione e senza l’assenso al matrimonio?	Nel caso di imminente pericolo di vita di uno degli sposi, l’ufficiale dello stato civile del luogo può procedere alla celebrazione del matrimonio senza pubblicazione e senza l’assenso al matrimonio, se questo è richiesto, purché gli sposi prima giurino che non esistono tra loro impedimenti non suscettibili di dispensa.L’ufficiale dello stato civile dichiara nell’atto di matrimonio il modo con cui ha accertato l’imminente pericolo di vita (Cod. Nav. 204, 834).
Art. 101 Matrimonio in imminente pericolo di vita	2. Cosa devono giurare gli sposi prima della celebrazione del matrimonio in caso di imminente pericolo di vita?	Nel caso di imminente pericolo di vita di uno degli sposi, l’ufficiale dello stato civile del luogo può procedere alla celebrazione del matrimonio senza pubblicazione e senza l’assenso al matrimonio, se questo è richiesto, purché gli sposi prima giurino che non esistono tra loro impedimenti non suscettibili di dispensa.L’ufficiale dello stato civile dichiara nell’atto di matrimonio il modo con cui ha accertato l’imminente pericolo di vita (Cod. Nav. 204, 834).
Art. 102 Persone che possono fare opposizione	1. Chi può fare opposizione al matrimonio in mancanza dei genitori degli sposi?	I genitori e, in mancanza loro, gli altri ascendenti e i collaterali entro il terzo grado possono fare opposizione al matrimonio dei loro parenti per qualunque causa che osti alla sua celebrazione.Se uno degli sposi è soggetto a tutela (343 e seguenti) o a cura (390 e seguenti), il diritto di fare opposizione compete anche al tutore o al curatore.Il diritto di opposizione compete anche al coniuge della persona che vuole contrarre un altro matrimonio.Quando si tratta di matrimonio in contravvenzione all’art. 89, il diritto di opposizione spetta anche, se il precedente matrimonio fu sciolto, ai parenti del precedente marito e, se il matrimonio fu dichiarato nullo (117 e seguenti), a colui col quale il matrimonio era stato contratto e ai parenti di lui.Il pubblico ministero deve sempre fare opposizione al matrimonio, se sa che vi osta un impedimento o se gli consta l’infermità di mente di uno degli sposi, nei confronti del quale, a causa dell’età, non possa essere promossa l’interdizione (85, 414 e seguenti).
Art. 102 Persone che possono fare opposizione	2. Quali figure hanno il diritto di fare opposizione se uno degli sposi è soggetto a tutela o a cura?	I genitori e, in mancanza loro, gli altri ascendenti e i collaterali entro il terzo grado possono fare opposizione al matrimonio dei loro parenti per qualunque causa che osti alla sua celebrazione.Se uno degli sposi è soggetto a tutela (343 e seguenti) o a cura (390 e seguenti), il diritto di fare opposizione compete anche al tutore o al curatore.Il diritto di opposizione compete anche al coniuge della persona che vuole contrarre un altro matrimonio.Quando si tratta di matrimonio in contravvenzione all’art. 89, il diritto di opposizione spetta anche, se il precedente matrimonio fu sciolto, ai parenti del precedente marito e, se il matrimonio fu dichiarato nullo (117 e seguenti), a colui col quale il matrimonio era stato contratto e ai parenti di lui.Il pubblico ministero deve sempre fare opposizione al matrimonio, se sa che vi osta un impedimento o se gli consta l’infermità di mente di uno degli sposi, nei confronti del quale, a causa dell’età, non possa essere promossa l’interdizione (85, 414 e seguenti).
Art. 102 Persone che possono fare opposizione	3. Il coniuge di una persona che vuole contrarre un altro matrimonio ha il diritto di fare opposizione?	I genitori e, in mancanza loro, gli altri ascendenti e i collaterali entro il terzo grado possono fare opposizione al matrimonio dei loro parenti per qualunque causa che osti alla sua celebrazione.Se uno degli sposi è soggetto a tutela (343 e seguenti) o a cura (390 e seguenti), il diritto di fare opposizione compete anche al tutore o al curatore.Il diritto di opposizione compete anche al coniuge della persona che vuole contrarre un altro matrimonio.Quando si tratta di matrimonio in contravvenzione all’art. 89, il diritto di opposizione spetta anche, se il precedente matrimonio fu sciolto, ai parenti del precedente marito e, se il matrimonio fu dichiarato nullo (117 e seguenti), a colui col quale il matrimonio era stato contratto e ai parenti di lui.Il pubblico ministero deve sempre fare opposizione al matrimonio, se sa che vi osta un impedimento o se gli consta l’infermità di mente di uno degli sposi, nei confronti del quale, a causa dell’età, non possa essere promossa l’interdizione (85, 414 e seguenti).
Art. 102 Persone che possono fare opposizione	4. A chi spetta il diritto di opposizione in caso di matrimonio in contravvenzione all’art. 89 se il precedente matrimonio fu sciolto?	I genitori e, in mancanza loro, gli altri ascendenti e i collaterali entro il terzo grado possono fare opposizione al matrimonio dei loro parenti per qualunque causa che osti alla sua celebrazione.Se uno degli sposi è soggetto a tutela (343 e seguenti) o a cura (390 e seguenti), il diritto di fare opposizione compete anche al tutore o al curatore.Il diritto di opposizione compete anche al coniuge della persona che vuole contrarre un altro matrimonio.Quando si tratta di matrimonio in contravvenzione all’art. 89, il diritto di opposizione spetta anche, se il precedente matrimonio fu sciolto, ai parenti del precedente marito e, se il matrimonio fu dichiarato nullo (117 e seguenti), a colui col quale il matrimonio era stato contratto e ai parenti di lui.Il pubblico ministero deve sempre fare opposizione al matrimonio, se sa che vi osta un impedimento o se gli consta l’infermità di mente di uno degli sposi, nei confronti del quale, a causa dell’età, non possa essere promossa l’interdizione (85, 414 e seguenti).
Art. 102 Persone che possono fare opposizione	5. Chi può fare opposizione al matrimonio se il precedente matrimonio fu dichiarato nullo?	I genitori e, in mancanza loro, gli altri ascendenti e i collaterali entro il terzo grado possono fare opposizione al matrimonio dei loro parenti per qualunque causa che osti alla sua celebrazione.Se uno degli sposi è soggetto a tutela (343 e seguenti) o a cura (390 e seguenti), il diritto di fare opposizione compete anche al tutore o al curatore.Il diritto di opposizione compete anche al coniuge della persona che vuole contrarre un altro matrimonio.Quando si tratta di matrimonio in contravvenzione all’art. 89, il diritto di opposizione spetta anche, se il precedente matrimonio fu sciolto, ai parenti del precedente marito e, se il matrimonio fu dichiarato nullo (117 e seguenti), a colui col quale il matrimonio era stato contratto e ai parenti di lui.Il pubblico ministero deve sempre fare opposizione al matrimonio, se sa che vi osta un impedimento o se gli consta l’infermità di mente di uno degli sposi, nei confronti del quale, a causa dell’età, non possa essere promossa l’interdizione (85, 414 e seguenti).
Art. 102 Persone che possono fare opposizione	6. In quali circostanze il pubblico ministero deve sempre fare opposizione al matrimonio?	I genitori e, in mancanza loro, gli altri ascendenti e i collaterali entro il terzo grado possono fare opposizione al matrimonio dei loro parenti per qualunque causa che osti alla sua celebrazione.Se uno degli sposi è soggetto a tutela (343 e seguenti) o a cura (390 e seguenti), il diritto di fare opposizione compete anche al tutore o al curatore.Il diritto di opposizione compete anche al coniuge della persona che vuole contrarre un altro matrimonio.Quando si tratta di matrimonio in contravvenzione all’art. 89, il diritto di opposizione spetta anche, se il precedente matrimonio fu sciolto, ai parenti del precedente marito e, se il matrimonio fu dichiarato nullo (117 e seguenti), a colui col quale il matrimonio era stato contratto e ai parenti di lui.Il pubblico ministero deve sempre fare opposizione al matrimonio, se sa che vi osta un impedimento o se gli consta l’infermità di mente di uno degli sposi, nei confronti del quale, a causa dell’età, non possa essere promossa l’interdizione (85, 414 e seguenti).
Art. 103 Atto di opposizione	1. Quali informazioni deve contenere l'atto di opposizione per essere valido?	L’atto di opposizione deve dichiarare la qualità che attribuisce all’opponente il diritto di farla, le cause dell’opposizione, e contenere l’elezione di domicilio nel comune dove siede il tribunale nel cui il territorio si deve celebrare il matrimonio.
Art. 104 Effetti dell’opposizione	1. Quali sono le condizioni necessarie affinché il presidente del tribunale possa sospendere la celebrazione del matrimonio?	Se l’opposizione è stata proposta da chi ne ha facoltà, per causa ammessa dalla legge, il presidente del tribunale può, con proprio decreto, ove ne sussista la opportunità, sospendere lacelebrazione del matrimonio sino a che sia stata rimossa la opposizione.
Art. 106 Luogo della celebrazione	1. Dove deve essere celebrato il matrimonio secondo il testo?	Il matrimonio deve essere celebrato pubblicamente nella casa comunale davanti all’ufficiale dello stato civile al quale fu fatta la richiesta di pubblicazione.
Art. 106 Luogo della celebrazione	2. Chi deve essere presente durante la celebrazione del matrimonio?	Il matrimonio deve essere celebrato pubblicamente nella casa comunale davanti all’ufficiale dello stato civile al quale fu fatta la richiesta di pubblicazione.
Art. 106 Luogo della celebrazione	3. A chi deve essere fatta la richiesta di pubblicazione per il matrimonio?	Il matrimonio deve essere celebrato pubblicamente nella casa comunale davanti all’ufficiale dello stato civile al quale fu fatta la richiesta di pubblicazione.
Art. 107 Forma della celebrazione	1. Quali articoli vengono letti agli sposi dall'ufficiale dello stato civile durante la cerimonia di matrimonio?	Nel giorno indicato dalle parti l’ufficiale dello stato civile, alla presenza di due testimoni, anche se parenti, dà lettura agli sposi degli artt. 143, 144 e 147; riceve da ciascuna delle parti personalmente, l’una dopo l’altra, la dichiarazione che esse si vogliono prendere rispettivamente in marito e in moglie, e di seguito dichiara che esse sono unite in matrimonio.L’atto di matrimonio deve essere compilato immediatamente dopo la celebrazione (107, 130 e seguenti).
Art. 107 Forma della celebrazione	2. Quante persone devono essere presenti come testimoni durante la celebrazione del matrimonio?	Nel giorno indicato dalle parti l’ufficiale dello stato civile, alla presenza di due testimoni, anche se parenti, dà lettura agli sposi degli artt. 143, 144 e 147; riceve da ciascuna delle parti personalmente, l’una dopo l’altra, la dichiarazione che esse si vogliono prendere rispettivamente in marito e in moglie, e di seguito dichiara che esse sono unite in matrimonio.L’atto di matrimonio deve essere compilato immediatamente dopo la celebrazione (107, 130 e seguenti).
Art. 107 Forma della celebrazione	3. Quando deve essere compilato l'atto di matrimonio rispetto alla celebrazione?	Nel giorno indicato dalle parti l’ufficiale dello stato civile, alla presenza di due testimoni, anche se parenti, dà lettura agli sposi degli artt. 143, 144 e 147; riceve da ciascuna delle parti personalmente, l’una dopo l’altra, la dichiarazione che esse si vogliono prendere rispettivamente in marito e in moglie, e di seguito dichiara che esse sono unite in matrimonio.L’atto di matrimonio deve essere compilato immediatamente dopo la celebrazione (107, 130 e seguenti).
Art. 108 Inapponibilità di termini e condizioni	1. Cosa accade se gli sposi aggiungono un termine o una condizione alla loro dichiarazione di prendersi rispettivamente in marito e in moglie?	La dichiarazione degli sposi di prendersi rispettivamente in marito e in moglie non può essere sottoposta ne a termine ne a condizione.Se le parti aggiungono un termine o una condizione, l’ufficiale dello stato civile non può procedere alla celebrazione del matrimonio. Se ciò nonostante il matrimonio è celebrato, il termine e la condizione si hanno per non apposti.
Art. 108 Inapponibilità di termini e condizioni	2. Qual è il ruolo dell'ufficiale dello stato civile se le parti aggiungono un termine o una condizione alla dichiarazione di matrimonio?	La dichiarazione degli sposi di prendersi rispettivamente in marito e in moglie non può essere sottoposta ne a termine ne a condizione.Se le parti aggiungono un termine o una condizione, l’ufficiale dello stato civile non può procedere alla celebrazione del matrimonio. Se ciò nonostante il matrimonio è celebrato, il termine e la condizione si hanno per non apposti.
Art. 108 Inapponibilità di termini e condizioni	3. Qual è la validità del termine o della condizione se il matrimonio viene comunque celebrato nonostante la loro presenza?	La dichiarazione degli sposi di prendersi rispettivamente in marito e in moglie non può essere sottoposta ne a termine ne a condizione.Se le parti aggiungono un termine o una condizione, l’ufficiale dello stato civile non può procedere alla celebrazione del matrimonio. Se ciò nonostante il matrimonio è celebrato, il termine e la condizione si hanno per non apposti.
Art. 109 Celebrazione in un comune diverso	1. Quali sono le condizioni che permettono di celebrare il matrimonio in un comune diverso da quello indicato nell’art. 106?	Quando vi è necessità o convenienza di celebrare il matrimonio in un comune diverso da quello indicato nell’art. 106, l’ufficiale dello stato civile, trascorso il termine stabilito nel primo comma dell’art. 99, richiede per iscritto l’ufficiale del luogo dove il matrimonio si deve celebrare.La richiesta è menzionata nell’atto di celebrazione e in esso inserita. Nel giorno successivo alla celebrazione del matrimonio, l’ufficiale davanti al quale esso fu celebrato invia, per la trascrizione, copia autentica dell’atto all’ufficiale da cui fu fatta la richiesta.
Art. 109 Celebrazione in un comune diverso	2. Cosa deve fare l’ufficiale dello stato civile dopo il termine stabilito nel primo comma dell’art. 99 se il matrimonio deve essere celebrato in un comune diverso?	Quando vi è necessità o convenienza di celebrare il matrimonio in un comune diverso da quello indicato nell’art. 106, l’ufficiale dello stato civile, trascorso il termine stabilito nel primo comma dell’art. 99, richiede per iscritto l’ufficiale del luogo dove il matrimonio si deve celebrare.La richiesta è menzionata nell’atto di celebrazione e in esso inserita. Nel giorno successivo alla celebrazione del matrimonio, l’ufficiale davanti al quale esso fu celebrato invia, per la trascrizione, copia autentica dell’atto all’ufficiale da cui fu fatta la richiesta.
Art. 109 Celebrazione in un comune diverso	3. Qual è la procedura che l’ufficiale davanti al quale il matrimonio è stato celebrato deve seguire il giorno successivo alla celebrazione?	Quando vi è necessità o convenienza di celebrare il matrimonio in un comune diverso da quello indicato nell’art. 106, l’ufficiale dello stato civile, trascorso il termine stabilito nel primo comma dell’art. 99, richiede per iscritto l’ufficiale del luogo dove il matrimonio si deve celebrare.La richiesta è menzionata nell’atto di celebrazione e in esso inserita. Nel giorno successivo alla celebrazione del matrimonio, l’ufficiale davanti al quale esso fu celebrato invia, per la trascrizione, copia autentica dell’atto all’ufficiale da cui fu fatta la richiesta.
Art. 110 Celebrazione fuori della casa comunale	1. Cosa deve fare l'ufficiale dello stato civile se uno degli sposi è impossibilitato a recarsi alla casa comunale per infermità o altro impedimento giustificato?	Se uno degli sposi, per infermità o per altro impedimento giustificato all’ufficio dello stato civile, è nell’impossibilità di recarsi alla casa comunale, l’ufficiale si trasferisce col segretario nel luogo in cui si trova lo sposo impedito, e ivi, alla presenza di quattro testimoni, procede alla celebrazione del matrimonio secondo l’art. 107.
Art. 110 Celebrazione fuori della casa comunale	2. Quanti testimoni devono essere presenti durante la celebrazione del matrimonio se uno degli sposi è impedito a recarsi alla casa comunale?	Se uno degli sposi, per infermità o per altro impedimento giustificato all’ufficio dello stato civile, è nell’impossibilità di recarsi alla casa comunale, l’ufficiale si trasferisce col segretario nel luogo in cui si trova lo sposo impedito, e ivi, alla presenza di quattro testimoni, procede alla celebrazione del matrimonio secondo l’art. 107.
Art. 110 Celebrazione fuori della casa comunale	3. Dove si trasferisce l'ufficiale dello stato civile per celebrare il matrimonio se uno degli sposi è impossibilitato a recarsi alla casa comunale?	Se uno degli sposi, per infermità o per altro impedimento giustificato all’ufficio dello stato civile, è nell’impossibilità di recarsi alla casa comunale, l’ufficiale si trasferisce col segretario nel luogo in cui si trova lo sposo impedito, e ivi, alla presenza di quattro testimoni, procede alla celebrazione del matrimonio secondo l’art. 107.
Art. 110 Celebrazione fuori della casa comunale	4. Quale articolo viene seguito per la celebrazione del matrimonio se uno degli sposi è impedito a recarsi alla casa comunale?	Se uno degli sposi, per infermità o per altro impedimento giustificato all’ufficio dello stato civile, è nell’impossibilità di recarsi alla casa comunale, l’ufficiale si trasferisce col segretario nel luogo in cui si trova lo sposo impedito, e ivi, alla presenza di quattro testimoni, procede alla celebrazione del matrimonio secondo l’art. 107.
Art. 111 Celebrazione per procura	1. In quali circostanze i militari possono celebrare il matrimonio per procura?	I militari e le persone che per ragioni di servizio si trovano al seguito delle forze armate possono, in tempo di guerra, celebrare il matrimonio per procura.La celebrazione del matrimonio per procura può anche farsi se uno degli sposi risiede all’estero e concorrono gravi motivi da valutarsi dal tribunale nella cui circoscrizione risiede l’altro sposo. L’autorizzazione è concessa con decreto non impugnabile emesso in camera di consiglio, sentito il pubblico ministero.La procura deve contenere l’indicazione della persona con la quale il matrimonio si deve contrarre.La procura deve essere fatta per atto pubblico; i militari e le persone al seguito delle forze armate, in tempo di guerra, possono farla nelle forme speciali ad essi consentite.Il matrimonio non può essere celebrato quando sono trascorsi centottanta giorni da quello in cui la procura è stata rilasciata.La coabitazione, anche temporanea dopo la celebrazione del matrimonio, elimina gli effetti della revoca della procura, ignorata dall’altro coniuge al momento della celebrazione.
Art. 111 Celebrazione per procura	2. Quali condizioni devono sussistere affinché uno degli sposi residente all'estero possa celebrare il matrimonio per procura?	I militari e le persone che per ragioni di servizio si trovano al seguito delle forze armate possono, in tempo di guerra, celebrare il matrimonio per procura.La celebrazione del matrimonio per procura può anche farsi se uno degli sposi risiede all’estero e concorrono gravi motivi da valutarsi dal tribunale nella cui circoscrizione risiede l’altro sposo. L’autorizzazione è concessa con decreto non impugnabile emesso in camera di consiglio, sentito il pubblico ministero.La procura deve contenere l’indicazione della persona con la quale il matrimonio si deve contrarre.La procura deve essere fatta per atto pubblico; i militari e le persone al seguito delle forze armate, in tempo di guerra, possono farla nelle forme speciali ad essi consentite.Il matrimonio non può essere celebrato quando sono trascorsi centottanta giorni da quello in cui la procura è stata rilasciata.La coabitazione, anche temporanea dopo la celebrazione del matrimonio, elimina gli effetti della revoca della procura, ignorata dall’altro coniuge al momento della celebrazione.
Art. 111 Celebrazione per procura	3. Chi valuta i gravi motivi per la celebrazione del matrimonio per procura quando uno degli sposi risiede all'estero?	I militari e le persone che per ragioni di servizio si trovano al seguito delle forze armate possono, in tempo di guerra, celebrare il matrimonio per procura.La celebrazione del matrimonio per procura può anche farsi se uno degli sposi risiede all’estero e concorrono gravi motivi da valutarsi dal tribunale nella cui circoscrizione risiede l’altro sposo. L’autorizzazione è concessa con decreto non impugnabile emesso in camera di consiglio, sentito il pubblico ministero.La procura deve contenere l’indicazione della persona con la quale il matrimonio si deve contrarre.La procura deve essere fatta per atto pubblico; i militari e le persone al seguito delle forze armate, in tempo di guerra, possono farla nelle forme speciali ad essi consentite.Il matrimonio non può essere celebrato quando sono trascorsi centottanta giorni da quello in cui la procura è stata rilasciata.La coabitazione, anche temporanea dopo la celebrazione del matrimonio, elimina gli effetti della revoca della procura, ignorata dall’altro coniuge al momento della celebrazione.
Art. 111 Celebrazione per procura	4. Qual è la procedura per ottenere l'autorizzazione a celebrare il matrimonio per procura?	I militari e le persone che per ragioni di servizio si trovano al seguito delle forze armate possono, in tempo di guerra, celebrare il matrimonio per procura.La celebrazione del matrimonio per procura può anche farsi se uno degli sposi risiede all’estero e concorrono gravi motivi da valutarsi dal tribunale nella cui circoscrizione risiede l’altro sposo. L’autorizzazione è concessa con decreto non impugnabile emesso in camera di consiglio, sentito il pubblico ministero.La procura deve contenere l’indicazione della persona con la quale il matrimonio si deve contrarre.La procura deve essere fatta per atto pubblico; i militari e le persone al seguito delle forze armate, in tempo di guerra, possono farla nelle forme speciali ad essi consentite.Il matrimonio non può essere celebrato quando sono trascorsi centottanta giorni da quello in cui la procura è stata rilasciata.La coabitazione, anche temporanea dopo la celebrazione del matrimonio, elimina gli effetti della revoca della procura, ignorata dall’altro coniuge al momento della celebrazione.
Art. 111 Celebrazione per procura	5. Cosa deve contenere la procura per la celebrazione del matrimonio?	I militari e le persone che per ragioni di servizio si trovano al seguito delle forze armate possono, in tempo di guerra, celebrare il matrimonio per procura.La celebrazione del matrimonio per procura può anche farsi se uno degli sposi risiede all’estero e concorrono gravi motivi da valutarsi dal tribunale nella cui circoscrizione risiede l’altro sposo. L’autorizzazione è concessa con decreto non impugnabile emesso in camera di consiglio, sentito il pubblico ministero.La procura deve contenere l’indicazione della persona con la quale il matrimonio si deve contrarre.La procura deve essere fatta per atto pubblico; i militari e le persone al seguito delle forze armate, in tempo di guerra, possono farla nelle forme speciali ad essi consentite.Il matrimonio non può essere celebrato quando sono trascorsi centottanta giorni da quello in cui la procura è stata rilasciata.La coabitazione, anche temporanea dopo la celebrazione del matrimonio, elimina gli effetti della revoca della procura, ignorata dall’altro coniuge al momento della celebrazione.
Art. 111 Celebrazione per procura	6. In che forma deve essere fatta la procura per la celebrazione del matrimonio?	I militari e le persone che per ragioni di servizio si trovano al seguito delle forze armate possono, in tempo di guerra, celebrare il matrimonio per procura.La celebrazione del matrimonio per procura può anche farsi se uno degli sposi risiede all’estero e concorrono gravi motivi da valutarsi dal tribunale nella cui circoscrizione risiede l’altro sposo. L’autorizzazione è concessa con decreto non impugnabile emesso in camera di consiglio, sentito il pubblico ministero.La procura deve contenere l’indicazione della persona con la quale il matrimonio si deve contrarre.La procura deve essere fatta per atto pubblico; i militari e le persone al seguito delle forze armate, in tempo di guerra, possono farla nelle forme speciali ad essi consentite.Il matrimonio non può essere celebrato quando sono trascorsi centottanta giorni da quello in cui la procura è stata rilasciata.La coabitazione, anche temporanea dopo la celebrazione del matrimonio, elimina gli effetti della revoca della procura, ignorata dall’altro coniuge al momento della celebrazione.
Art. 111 Celebrazione per procura	7. Qual è il limite di tempo entro il quale il matrimonio deve essere celebrato dopo il rilascio della procura?	I militari e le persone che per ragioni di servizio si trovano al seguito delle forze armate possono, in tempo di guerra, celebrare il matrimonio per procura.La celebrazione del matrimonio per procura può anche farsi se uno degli sposi risiede all’estero e concorrono gravi motivi da valutarsi dal tribunale nella cui circoscrizione risiede l’altro sposo. L’autorizzazione è concessa con decreto non impugnabile emesso in camera di consiglio, sentito il pubblico ministero.La procura deve contenere l’indicazione della persona con la quale il matrimonio si deve contrarre.La procura deve essere fatta per atto pubblico; i militari e le persone al seguito delle forze armate, in tempo di guerra, possono farla nelle forme speciali ad essi consentite.Il matrimonio non può essere celebrato quando sono trascorsi centottanta giorni da quello in cui la procura è stata rilasciata.La coabitazione, anche temporanea dopo la celebrazione del matrimonio, elimina gli effetti della revoca della procura, ignorata dall’altro coniuge al momento della celebrazione.
Art. 111 Celebrazione per procura	8. Quali sono gli effetti della coabitazione temporanea dopo la celebrazione del matrimonio in caso di revoca della procura?	I militari e le persone che per ragioni di servizio si trovano al seguito delle forze armate possono, in tempo di guerra, celebrare il matrimonio per procura.La celebrazione del matrimonio per procura può anche farsi se uno degli sposi risiede all’estero e concorrono gravi motivi da valutarsi dal tribunale nella cui circoscrizione risiede l’altro sposo. L’autorizzazione è concessa con decreto non impugnabile emesso in camera di consiglio, sentito il pubblico ministero.La procura deve contenere l’indicazione della persona con la quale il matrimonio si deve contrarre.La procura deve essere fatta per atto pubblico; i militari e le persone al seguito delle forze armate, in tempo di guerra, possono farla nelle forme speciali ad essi consentite.Il matrimonio non può essere celebrato quando sono trascorsi centottanta giorni da quello in cui la procura è stata rilasciata.La coabitazione, anche temporanea dopo la celebrazione del matrimonio, elimina gli effetti della revoca della procura, ignorata dall’altro coniuge al momento della celebrazione.
Art. 112 Rifiuto della celebrazione	1. Quali sono le cause ammesse dalla legge per cui l'ufficiale dello stato civile può rifiutare la celebrazione del matrimonio?	L’ufficiale dello stato civile non può rifiutare la celebrazione del matrimonio se non per una causa ammessa dalla legge (84 e seguenti).Se la rifiuta, deve rilasciare un certificato con l’indicazione dei motivi (98,138).Contro il rifiuto è dato ricorso al tribunale che provvede in camera di consiglio, sentito il pubblico ministero (Cod. Proc. Civ. 737 e seguenti).
Art. 112 Rifiuto della celebrazione	2. Cosa deve fare l'ufficiale dello stato civile se rifiuta di celebrare un matrimonio?	L’ufficiale dello stato civile non può rifiutare la celebrazione del matrimonio se non per una causa ammessa dalla legge (84 e seguenti).Se la rifiuta, deve rilasciare un certificato con l’indicazione dei motivi (98,138).Contro il rifiuto è dato ricorso al tribunale che provvede in camera di consiglio, sentito il pubblico ministero (Cod. Proc. Civ. 737 e seguenti).
Art. 112 Rifiuto della celebrazione	3. Qual è la procedura per contestare il rifiuto dell'ufficiale dello stato civile di celebrare un matrimonio?	L’ufficiale dello stato civile non può rifiutare la celebrazione del matrimonio se non per una causa ammessa dalla legge (84 e seguenti).Se la rifiuta, deve rilasciare un certificato con l’indicazione dei motivi (98,138).Contro il rifiuto è dato ricorso al tribunale che provvede in camera di consiglio, sentito il pubblico ministero (Cod. Proc. Civ. 737 e seguenti).
Art. 113 Matrimonio celebrato davanti a un apparente ufficiale dello stato civile	1. In quali circostanze un matrimonio celebrato da una persona che non è ufficiale dello stato civile viene considerato valido?	Si considera celebrato davanti all’ufficiale dello stato civile il matrimonio che sia stato celebrato dinanzi a persona la quale, senza avere la qualità di ufficiale dello stato civile, ne esercitava pubblicamente le funzioni, a meno che entrambi gli sposi, al momento della celebrazione, abbiano saputo che la detta persona non aveva tale qualità.
Art. 113 Matrimonio celebrato davanti a un apparente ufficiale dello stato civile	2. Cosa rende nullo un matrimonio celebrato da una persona che esercitava pubblicamente le funzioni di ufficiale dello stato civile senza averne la qualità?	Si considera celebrato davanti all’ufficiale dello stato civile il matrimonio che sia stato celebrato dinanzi a persona la quale, senza avere la qualità di ufficiale dello stato civile, ne esercitava pubblicamente le funzioni, a meno che entrambi gli sposi, al momento della celebrazione, abbiano saputo che la detta persona non aveva tale qualità.
Art. 113 Matrimonio celebrato davanti a un apparente ufficiale dello stato civile	3. Qual è la condizione che rende valido un matrimonio celebrato da una persona che non è ufficiale dello stato civile, ma ne esercitava pubblicamente le funzioni?	Si considera celebrato davanti all’ufficiale dello stato civile il matrimonio che sia stato celebrato dinanzi a persona la quale, senza avere la qualità di ufficiale dello stato civile, ne esercitava pubblicamente le funzioni, a meno che entrambi gli sposi, al momento della celebrazione, abbiano saputo che la detta persona non aveva tale qualità.
Art. 113 Matrimonio celebrato davanti a un apparente ufficiale dello stato civile	4. Cosa devono sapere entrambi gli sposi al momento della celebrazione affinché il matrimonio non sia considerato valido?	Si considera celebrato davanti all’ufficiale dello stato civile il matrimonio che sia stato celebrato dinanzi a persona la quale, senza avere la qualità di ufficiale dello stato civile, ne esercitava pubblicamente le funzioni, a meno che entrambi gli sposi, al momento della celebrazione, abbiano saputo che la detta persona non aveva tale qualità.
Art. 115 Matrimonio del cittadino all’estero	1. Quali disposizioni deve rispettare un cittadino che contrae matrimonio in un paese straniero?	Il cittadino è soggetto alle disposizioni contenute nella sezione prima di questo capo, anche quando contrae matrimonio in paese straniero secondo le forme ivi stabilite (84 e seguenti).
Art. 115 Matrimonio del cittadino all’estero	2. A quali articoli si fa riferimento per le disposizioni relative al matrimonio contratto all'estero?	Il cittadino è soggetto alle disposizioni contenute nella sezione prima di questo capo, anche quando contrae matrimonio in paese straniero secondo le forme ivi stabilite (84 e seguenti).
Art. 116 Matrimonio dello straniero nello Stato	1. Quali articoli del codice civile italiano si applicano anche agli stranieri che vogliono contrarre matrimonio nello Stato?	Lo straniero che vuole contrarre matrimonio nello Stato deve presentare all’ufficiale dello stato civile una dichiarazione dell’autorità competente del proprio paese, dalla quale risulti che giusta le leggi a cui è sottoposto nulla osta al matrimonio.Anche lo straniero è tuttavia soggetto alle disposizioni contenute negli artt. 85, 86, 87, nn.1, 2 e 4, 88 e 89.Lo straniero che ha domicilio o residenza nello Stato deve inoltre far fare la pubblicazione secondo le disposizioni di questo codice (93 e seguenti).
Art. 116 Matrimonio dello straniero nello Stato	2. Quali documenti deve presentare lo straniero all'ufficiale dello stato civile per contrarre matrimonio nello Stato?	Lo straniero che vuole contrarre matrimonio nello Stato deve presentare all’ufficiale dello stato civile una dichiarazione dell’autorità competente del proprio paese, dalla quale risulti che giusta le leggi a cui è sottoposto nulla osta al matrimonio.Anche lo straniero è tuttavia soggetto alle disposizioni contenute negli artt. 85, 86, 87, nn.1, 2 e 4, 88 e 89.Lo straniero che ha domicilio o residenza nello Stato deve inoltre far fare la pubblicazione secondo le disposizioni di questo codice (93 e seguenti).
Art. 116 Matrimonio dello straniero nello Stato	3. Cosa deve fare lo straniero che ha domicilio o residenza nello Stato in aggiunta alla presentazione della dichiarazione dell’autorità competente del proprio paese?	Lo straniero che vuole contrarre matrimonio nello Stato deve presentare all’ufficiale dello stato civile una dichiarazione dell’autorità competente del proprio paese, dalla quale risulti che giusta le leggi a cui è sottoposto nulla osta al matrimonio.Anche lo straniero è tuttavia soggetto alle disposizioni contenute negli artt. 85, 86, 87, nn.1, 2 e 4, 88 e 89.Lo straniero che ha domicilio o residenza nello Stato deve inoltre far fare la pubblicazione secondo le disposizioni di questo codice (93 e seguenti).
Art. 117 Matrimonio contratto con violazione degli artt. 84, 86, 87 e 88	1. Chi può impugnare un matrimonio contratto con violazione degli articoli 86, 87 e 88?	Il matrimonio contratto con violazione degli artt. 86, 87 e 88 può essere impugnato dai coniugi, dagli ascendenti prossimi, dal pubblico ministero e da tutti coloro che abbiano per impugnarlo un interesse legittimo e attuale.Il matrimonio contratto con violazione dell’art. 84 può essere impugnato dai coniugi, da ciascuno dei genitori e dal pubblico ministero. La relativa azione di annullamento può essere proposta personalmente dal minore non oltre un anno dal raggiungimento della maggiore età. La domanda, proposta dal genitore o dal pubblico ministero, deve essere respinta ove, anche in pendenza del giudizio, il minore abbia raggiunto la maggiore età ovvero vi sia stato concepimento o procreazione e in ogni caso sia accertata la volontà del minore di mantenere in vita il vincolo matrimoniale.Il matrimonio contratto dal coniuge dell’assente non può essere impugnato finché dura l’assenza (48 e seguenti).Nei casi in cui si sarebbe potuta accordare l’autorizzazione ai sensi del quarto comma dell’art. 87, il matrimonio non può essere impugnato dopo un anno dalla celebrazione.La disposizione del primo comma del presente articolo si applica anche nel caso di nullità del matrimonio previsto dall’art. 68.
Art. 117 Matrimonio contratto con violazione degli artt. 84, 86, 87 e 88	2. Chi può impugnare un matrimonio contratto con violazione dell'articolo 84?	Il matrimonio contratto con violazione degli artt. 86, 87 e 88 può essere impugnato dai coniugi, dagli ascendenti prossimi, dal pubblico ministero e da tutti coloro che abbiano per impugnarlo un interesse legittimo e attuale.Il matrimonio contratto con violazione dell’art. 84 può essere impugnato dai coniugi, da ciascuno dei genitori e dal pubblico ministero. La relativa azione di annullamento può essere proposta personalmente dal minore non oltre un anno dal raggiungimento della maggiore età. La domanda, proposta dal genitore o dal pubblico ministero, deve essere respinta ove, anche in pendenza del giudizio, il minore abbia raggiunto la maggiore età ovvero vi sia stato concepimento o procreazione e in ogni caso sia accertata la volontà del minore di mantenere in vita il vincolo matrimoniale.Il matrimonio contratto dal coniuge dell’assente non può essere impugnato finché dura l’assenza (48 e seguenti).Nei casi in cui si sarebbe potuta accordare l’autorizzazione ai sensi del quarto comma dell’art. 87, il matrimonio non può essere impugnato dopo un anno dalla celebrazione.La disposizione del primo comma del presente articolo si applica anche nel caso di nullità del matrimonio previsto dall’art. 68.
Art. 117 Matrimonio contratto con violazione degli artt. 84, 86, 87 e 88	3. Entro quanto tempo può il minore proporre personalmente l'azione di annullamento del matrimonio contratto con violazione dell'articolo 84?	Il matrimonio contratto con violazione degli artt. 86, 87 e 88 può essere impugnato dai coniugi, dagli ascendenti prossimi, dal pubblico ministero e da tutti coloro che abbiano per impugnarlo un interesse legittimo e attuale.Il matrimonio contratto con violazione dell’art. 84 può essere impugnato dai coniugi, da ciascuno dei genitori e dal pubblico ministero. La relativa azione di annullamento può essere proposta personalmente dal minore non oltre un anno dal raggiungimento della maggiore età. La domanda, proposta dal genitore o dal pubblico ministero, deve essere respinta ove, anche in pendenza del giudizio, il minore abbia raggiunto la maggiore età ovvero vi sia stato concepimento o procreazione e in ogni caso sia accertata la volontà del minore di mantenere in vita il vincolo matrimoniale.Il matrimonio contratto dal coniuge dell’assente non può essere impugnato finché dura l’assenza (48 e seguenti).Nei casi in cui si sarebbe potuta accordare l’autorizzazione ai sensi del quarto comma dell’art. 87, il matrimonio non può essere impugnato dopo un anno dalla celebrazione.La disposizione del primo comma del presente articolo si applica anche nel caso di nullità del matrimonio previsto dall’art. 68.
Art. 117 Matrimonio contratto con violazione degli artt. 84, 86, 87 e 88	4. In quali circostanze la domanda di annullamento proposta dal genitore o dal pubblico ministero deve essere respinta?	Il matrimonio contratto con violazione degli artt. 86, 87 e 88 può essere impugnato dai coniugi, dagli ascendenti prossimi, dal pubblico ministero e da tutti coloro che abbiano per impugnarlo un interesse legittimo e attuale.Il matrimonio contratto con violazione dell’art. 84 può essere impugnato dai coniugi, da ciascuno dei genitori e dal pubblico ministero. La relativa azione di annullamento può essere proposta personalmente dal minore non oltre un anno dal raggiungimento della maggiore età. La domanda, proposta dal genitore o dal pubblico ministero, deve essere respinta ove, anche in pendenza del giudizio, il minore abbia raggiunto la maggiore età ovvero vi sia stato concepimento o procreazione e in ogni caso sia accertata la volontà del minore di mantenere in vita il vincolo matrimoniale.Il matrimonio contratto dal coniuge dell’assente non può essere impugnato finché dura l’assenza (48 e seguenti).Nei casi in cui si sarebbe potuta accordare l’autorizzazione ai sensi del quarto comma dell’art. 87, il matrimonio non può essere impugnato dopo un anno dalla celebrazione.La disposizione del primo comma del presente articolo si applica anche nel caso di nullità del matrimonio previsto dall’art. 68.
Art. 117 Matrimonio contratto con violazione degli artt. 84, 86, 87 e 88	5. Quando non può essere impugnato il matrimonio contratto dal coniuge dell’assente?	Il matrimonio contratto con violazione degli artt. 86, 87 e 88 può essere impugnato dai coniugi, dagli ascendenti prossimi, dal pubblico ministero e da tutti coloro che abbiano per impugnarlo un interesse legittimo e attuale.Il matrimonio contratto con violazione dell’art. 84 può essere impugnato dai coniugi, da ciascuno dei genitori e dal pubblico ministero. La relativa azione di annullamento può essere proposta personalmente dal minore non oltre un anno dal raggiungimento della maggiore età. La domanda, proposta dal genitore o dal pubblico ministero, deve essere respinta ove, anche in pendenza del giudizio, il minore abbia raggiunto la maggiore età ovvero vi sia stato concepimento o procreazione e in ogni caso sia accertata la volontà del minore di mantenere in vita il vincolo matrimoniale.Il matrimonio contratto dal coniuge dell’assente non può essere impugnato finché dura l’assenza (48 e seguenti).Nei casi in cui si sarebbe potuta accordare l’autorizzazione ai sensi del quarto comma dell’art. 87, il matrimonio non può essere impugnato dopo un anno dalla celebrazione.La disposizione del primo comma del presente articolo si applica anche nel caso di nullità del matrimonio previsto dall’art. 68.
Art. 117 Matrimonio contratto con violazione degli artt. 84, 86, 87 e 88	6. Entro quanto tempo non può essere impugnato il matrimonio nei casi in cui si sarebbe potuta accordare l’autorizzazione ai sensi del quarto comma dell’articolo 87?	Il matrimonio contratto con violazione degli artt. 86, 87 e 88 può essere impugnato dai coniugi, dagli ascendenti prossimi, dal pubblico ministero e da tutti coloro che abbiano per impugnarlo un interesse legittimo e attuale.Il matrimonio contratto con violazione dell’art. 84 può essere impugnato dai coniugi, da ciascuno dei genitori e dal pubblico ministero. La relativa azione di annullamento può essere proposta personalmente dal minore non oltre un anno dal raggiungimento della maggiore età. La domanda, proposta dal genitore o dal pubblico ministero, deve essere respinta ove, anche in pendenza del giudizio, il minore abbia raggiunto la maggiore età ovvero vi sia stato concepimento o procreazione e in ogni caso sia accertata la volontà del minore di mantenere in vita il vincolo matrimoniale.Il matrimonio contratto dal coniuge dell’assente non può essere impugnato finché dura l’assenza (48 e seguenti).Nei casi in cui si sarebbe potuta accordare l’autorizzazione ai sensi del quarto comma dell’art. 87, il matrimonio non può essere impugnato dopo un anno dalla celebrazione.La disposizione del primo comma del presente articolo si applica anche nel caso di nullità del matrimonio previsto dall’art. 68.
Art. 117 Matrimonio contratto con violazione degli artt. 84, 86, 87 e 88	7. A quale altro caso si applica la disposizione del primo comma del presente articolo?	Il matrimonio contratto con violazione degli artt. 86, 87 e 88 può essere impugnato dai coniugi, dagli ascendenti prossimi, dal pubblico ministero e da tutti coloro che abbiano per impugnarlo un interesse legittimo e attuale.Il matrimonio contratto con violazione dell’art. 84 può essere impugnato dai coniugi, da ciascuno dei genitori e dal pubblico ministero. La relativa azione di annullamento può essere proposta personalmente dal minore non oltre un anno dal raggiungimento della maggiore età. La domanda, proposta dal genitore o dal pubblico ministero, deve essere respinta ove, anche in pendenza del giudizio, il minore abbia raggiunto la maggiore età ovvero vi sia stato concepimento o procreazione e in ogni caso sia accertata la volontà del minore di mantenere in vita il vincolo matrimoniale.Il matrimonio contratto dal coniuge dell’assente non può essere impugnato finché dura l’assenza (48 e seguenti).Nei casi in cui si sarebbe potuta accordare l’autorizzazione ai sensi del quarto comma dell’art. 87, il matrimonio non può essere impugnato dopo un anno dalla celebrazione.La disposizione del primo comma del presente articolo si applica anche nel caso di nullità del matrimonio previsto dall’art. 68.
Art. 117 Matrimonio contratto con violazione degli artt. 84, 86, 87 e 88	8. Quali sono le condizioni che impediscono l'annullamento del matrimonio se il minore ha raggiunto la maggiore età durante il giudizio?	Il matrimonio contratto con violazione degli artt. 86, 87 e 88 può essere impugnato dai coniugi, dagli ascendenti prossimi, dal pubblico ministero e da tutti coloro che abbiano per impugnarlo un interesse legittimo e attuale.Il matrimonio contratto con violazione dell’art. 84 può essere impugnato dai coniugi, da ciascuno dei genitori e dal pubblico ministero. La relativa azione di annullamento può essere proposta personalmente dal minore non oltre un anno dal raggiungimento della maggiore età. La domanda, proposta dal genitore o dal pubblico ministero, deve essere respinta ove, anche in pendenza del giudizio, il minore abbia raggiunto la maggiore età ovvero vi sia stato concepimento o procreazione e in ogni caso sia accertata la volontà del minore di mantenere in vita il vincolo matrimoniale.Il matrimonio contratto dal coniuge dell’assente non può essere impugnato finché dura l’assenza (48 e seguenti).Nei casi in cui si sarebbe potuta accordare l’autorizzazione ai sensi del quarto comma dell’art. 87, il matrimonio non può essere impugnato dopo un anno dalla celebrazione.La disposizione del primo comma del presente articolo si applica anche nel caso di nullità del matrimonio previsto dall’art. 68.
Art. 119 Interdizione	1. Chi può impugnare il matrimonio di una persona interdetta per infermità di mente?	Il matrimonio di chi è stato interdetto per infermità di mente può essere impugnato dal tutore, dal pubblico ministero e da tutti coloro che abbiano un interesse legittimo se, al tempo del matrimonio, vi era già sentenza di interdizione passata in giudicato, ovvero se la interdizione è stata pronunziata posteriormente ma l’infermità esisteva al tempo del matrimonio. Può essere impugnato, dopo revocata l’interdizione, anche dalla persona che era interdetta.L’azione non può essere proposta se, dopo revocata l’interdizione, vi è stata coabitazione per un anno.
Art. 119 Interdizione	2. In quali circostanze l'interdetto stesso può impugnare il proprio matrimonio?	Il matrimonio di chi è stato interdetto per infermità di mente può essere impugnato dal tutore, dal pubblico ministero e da tutti coloro che abbiano un interesse legittimo se, al tempo del matrimonio, vi era già sentenza di interdizione passata in giudicato, ovvero se la interdizione è stata pronunziata posteriormente ma l’infermità esisteva al tempo del matrimonio. Può essere impugnato, dopo revocata l’interdizione, anche dalla persona che era interdetta.L’azione non può essere proposta se, dopo revocata l’interdizione, vi è stata coabitazione per un anno.
Art. 119 Interdizione	3. Qual è il termine entro il quale l'azione di impugnazione non può essere proposta dopo la revoca dell'interdizione?	Il matrimonio di chi è stato interdetto per infermità di mente può essere impugnato dal tutore, dal pubblico ministero e da tutti coloro che abbiano un interesse legittimo se, al tempo del matrimonio, vi era già sentenza di interdizione passata in giudicato, ovvero se la interdizione è stata pronunziata posteriormente ma l’infermità esisteva al tempo del matrimonio. Può essere impugnato, dopo revocata l’interdizione, anche dalla persona che era interdetta.L’azione non può essere proposta se, dopo revocata l’interdizione, vi è stata coabitazione per un anno.
Art. 120 Incapacità di intendere o di volere	1. Chi può impugnare il matrimonio secondo il testo?	Il matrimonio può essere impugnato da quello dei coniugi che, quantunque non interdetto, provi di essere stato incapace di intendere o di volere, per qualunque causa, anche transitoria, al momento della celebrazione del matrimonio.L’azione non può essere proposta se vi è stata coabitazione per un anno dopo che il coniuge incapace ha recuperato la pienezza delle facoltà mentali.
Art. 120 Incapacità di intendere o di volere	2. Qual è il termine entro cui l'azione di impugnazione del matrimonio non può essere proposta?	Il matrimonio può essere impugnato da quello dei coniugi che, quantunque non interdetto, provi di essere stato incapace di intendere o di volere, per qualunque causa, anche transitoria, al momento della celebrazione del matrimonio.L’azione non può essere proposta se vi è stata coabitazione per un anno dopo che il coniuge incapace ha recuperato la pienezza delle facoltà mentali.
Art. 122 Violenza ed errore	1. In quali circostanze un coniuge può impugnare il matrimonio per consenso estorto?	Il matrimonio può essere impugnato da quello dei coniugi il cui consenso è stato estorto con violenza o determinato da timore di eccezionale gravità derivante da cause esterne allo sposo.Il matrimonio può altresì essere impugnato da quello dei coniugi il cui consenso è stato dato per effetto di errore sull’identità della persona o di errore essenziale su qualità personali dell’altro coniuge.L’errore sulle qualità personali è essenziale qualora, tenute presenti le condizioni dell’altro coniuge, si accerti che lo stesso non avrebbe prestato il suo consenso se l’avesse esattamente conosciute e purché l’errore riguardi: 1) l’esistenza di una malattia fisica o psichica o di una anomalia o deviazione sessuale, tali da impedire lo svolgimento della vita coniugale; 2) l’esistenza di una sentenza di condanna per delitto non colposo alla reclusione non inferiore a cinque anni, salvo il caso di intervenuta riabilitazione prima della celebrazione del matrimonio. L’azione di annullamento non può essere proposta prima che la sentenza sia divenuta irrevocabile; 3) la dichiarazione di delinquenza abituale o professionale; 4) la circostanza che l’altro coniuge sia stato condannato per delitti concernenti la prostituzione a pena non inferiore a due anni. L’azione di annullamento non può essere proposta prima che la condanna sia divenuta irrevocabile; 5) lo stato di gravidanza causato da persona diversa dal soggetto caduto in errore, purché vi sia stato disconoscimento ai sensi dell’art. 233, se la gravidanza è stata portata a termine. L’azione non può essere proposta se vi è stata coabitazione per un anno dopo che siano cessate la violenza o le cause che hanno determinato il timore ovvero sia stato scoperto l’errore.
Art. 122 Violenza ed errore	2. Quali sono le condizioni che rendono essenziale l'errore sulle qualità personali dell'altro coniuge?	Il matrimonio può essere impugnato da quello dei coniugi il cui consenso è stato estorto con violenza o determinato da timore di eccezionale gravità derivante da cause esterne allo sposo.Il matrimonio può altresì essere impugnato da quello dei coniugi il cui consenso è stato dato per effetto di errore sull’identità della persona o di errore essenziale su qualità personali dell’altro coniuge.L’errore sulle qualità personali è essenziale qualora, tenute presenti le condizioni dell’altro coniuge, si accerti che lo stesso non avrebbe prestato il suo consenso se l’avesse esattamente conosciute e purché l’errore riguardi: 1) l’esistenza di una malattia fisica o psichica o di una anomalia o deviazione sessuale, tali da impedire lo svolgimento della vita coniugale; 2) l’esistenza di una sentenza di condanna per delitto non colposo alla reclusione non inferiore a cinque anni, salvo il caso di intervenuta riabilitazione prima della celebrazione del matrimonio. L’azione di annullamento non può essere proposta prima che la sentenza sia divenuta irrevocabile; 3) la dichiarazione di delinquenza abituale o professionale; 4) la circostanza che l’altro coniuge sia stato condannato per delitti concernenti la prostituzione a pena non inferiore a due anni. L’azione di annullamento non può essere proposta prima che la condanna sia divenuta irrevocabile; 5) lo stato di gravidanza causato da persona diversa dal soggetto caduto in errore, purché vi sia stato disconoscimento ai sensi dell’art. 233, se la gravidanza è stata portata a termine. L’azione non può essere proposta se vi è stata coabitazione per un anno dopo che siano cessate la violenza o le cause che hanno determinato il timore ovvero sia stato scoperto l’errore.
Art. 122 Violenza ed errore	3. Quali malattie o condizioni fisiche e psichiche possono giustificare l'annullamento del matrimonio?	Il matrimonio può essere impugnato da quello dei coniugi il cui consenso è stato estorto con violenza o determinato da timore di eccezionale gravità derivante da cause esterne allo sposo.Il matrimonio può altresì essere impugnato da quello dei coniugi il cui consenso è stato dato per effetto di errore sull’identità della persona o di errore essenziale su qualità personali dell’altro coniuge.L’errore sulle qualità personali è essenziale qualora, tenute presenti le condizioni dell’altro coniuge, si accerti che lo stesso non avrebbe prestato il suo consenso se l’avesse esattamente conosciute e purché l’errore riguardi: 1) l’esistenza di una malattia fisica o psichica o di una anomalia o deviazione sessuale, tali da impedire lo svolgimento della vita coniugale; 2) l’esistenza di una sentenza di condanna per delitto non colposo alla reclusione non inferiore a cinque anni, salvo il caso di intervenuta riabilitazione prima della celebrazione del matrimonio. L’azione di annullamento non può essere proposta prima che la sentenza sia divenuta irrevocabile; 3) la dichiarazione di delinquenza abituale o professionale; 4) la circostanza che l’altro coniuge sia stato condannato per delitti concernenti la prostituzione a pena non inferiore a due anni. L’azione di annullamento non può essere proposta prima che la condanna sia divenuta irrevocabile; 5) lo stato di gravidanza causato da persona diversa dal soggetto caduto in errore, purché vi sia stato disconoscimento ai sensi dell’art. 233, se la gravidanza è stata portata a termine. L’azione non può essere proposta se vi è stata coabitazione per un anno dopo che siano cessate la violenza o le cause che hanno determinato il timore ovvero sia stato scoperto l’errore.
Art. 122 Violenza ed errore	4. Quali sono le conseguenze di una sentenza di condanna per delitto non colposo alla reclusione non inferiore a cinque anni sul matrimonio?	Il matrimonio può essere impugnato da quello dei coniugi il cui consenso è stato estorto con violenza o determinato da timore di eccezionale gravità derivante da cause esterne allo sposo.Il matrimonio può altresì essere impugnato da quello dei coniugi il cui consenso è stato dato per effetto di errore sull’identità della persona o di errore essenziale su qualità personali dell’altro coniuge.L’errore sulle qualità personali è essenziale qualora, tenute presenti le condizioni dell’altro coniuge, si accerti che lo stesso non avrebbe prestato il suo consenso se l’avesse esattamente conosciute e purché l’errore riguardi: 1) l’esistenza di una malattia fisica o psichica o di una anomalia o deviazione sessuale, tali da impedire lo svolgimento della vita coniugale; 2) l’esistenza di una sentenza di condanna per delitto non colposo alla reclusione non inferiore a cinque anni, salvo il caso di intervenuta riabilitazione prima della celebrazione del matrimonio. L’azione di annullamento non può essere proposta prima che la sentenza sia divenuta irrevocabile; 3) la dichiarazione di delinquenza abituale o professionale; 4) la circostanza che l’altro coniuge sia stato condannato per delitti concernenti la prostituzione a pena non inferiore a due anni. L’azione di annullamento non può essere proposta prima che la condanna sia divenuta irrevocabile; 5) lo stato di gravidanza causato da persona diversa dal soggetto caduto in errore, purché vi sia stato disconoscimento ai sensi dell’art. 233, se la gravidanza è stata portata a termine. L’azione non può essere proposta se vi è stata coabitazione per un anno dopo che siano cessate la violenza o le cause che hanno determinato il timore ovvero sia stato scoperto l’errore.
Art. 122 Violenza ed errore	5. In che modo la dichiarazione di delinquenza abituale o professionale può influire sulla validità del matrimonio?	Il matrimonio può essere impugnato da quello dei coniugi il cui consenso è stato estorto con violenza o determinato da timore di eccezionale gravità derivante da cause esterne allo sposo.Il matrimonio può altresì essere impugnato da quello dei coniugi il cui consenso è stato dato per effetto di errore sull’identità della persona o di errore essenziale su qualità personali dell’altro coniuge.L’errore sulle qualità personali è essenziale qualora, tenute presenti le condizioni dell’altro coniuge, si accerti che lo stesso non avrebbe prestato il suo consenso se l’avesse esattamente conosciute e purché l’errore riguardi: 1) l’esistenza di una malattia fisica o psichica o di una anomalia o deviazione sessuale, tali da impedire lo svolgimento della vita coniugale; 2) l’esistenza di una sentenza di condanna per delitto non colposo alla reclusione non inferiore a cinque anni, salvo il caso di intervenuta riabilitazione prima della celebrazione del matrimonio. L’azione di annullamento non può essere proposta prima che la sentenza sia divenuta irrevocabile; 3) la dichiarazione di delinquenza abituale o professionale; 4) la circostanza che l’altro coniuge sia stato condannato per delitti concernenti la prostituzione a pena non inferiore a due anni. L’azione di annullamento non può essere proposta prima che la condanna sia divenuta irrevocabile; 5) lo stato di gravidanza causato da persona diversa dal soggetto caduto in errore, purché vi sia stato disconoscimento ai sensi dell’art. 233, se la gravidanza è stata portata a termine. L’azione non può essere proposta se vi è stata coabitazione per un anno dopo che siano cessate la violenza o le cause che hanno determinato il timore ovvero sia stato scoperto l’errore.
Art. 122 Violenza ed errore	6. Quali delitti concernenti la prostituzione possono portare all'annullamento del matrimonio e quali sono le condizioni necessarie?	Il matrimonio può essere impugnato da quello dei coniugi il cui consenso è stato estorto con violenza o determinato da timore di eccezionale gravità derivante da cause esterne allo sposo.Il matrimonio può altresì essere impugnato da quello dei coniugi il cui consenso è stato dato per effetto di errore sull’identità della persona o di errore essenziale su qualità personali dell’altro coniuge.L’errore sulle qualità personali è essenziale qualora, tenute presenti le condizioni dell’altro coniuge, si accerti che lo stesso non avrebbe prestato il suo consenso se l’avesse esattamente conosciute e purché l’errore riguardi: 1) l’esistenza di una malattia fisica o psichica o di una anomalia o deviazione sessuale, tali da impedire lo svolgimento della vita coniugale; 2) l’esistenza di una sentenza di condanna per delitto non colposo alla reclusione non inferiore a cinque anni, salvo il caso di intervenuta riabilitazione prima della celebrazione del matrimonio. L’azione di annullamento non può essere proposta prima che la sentenza sia divenuta irrevocabile; 3) la dichiarazione di delinquenza abituale o professionale; 4) la circostanza che l’altro coniuge sia stato condannato per delitti concernenti la prostituzione a pena non inferiore a due anni. L’azione di annullamento non può essere proposta prima che la condanna sia divenuta irrevocabile; 5) lo stato di gravidanza causato da persona diversa dal soggetto caduto in errore, purché vi sia stato disconoscimento ai sensi dell’art. 233, se la gravidanza è stata portata a termine. L’azione non può essere proposta se vi è stata coabitazione per un anno dopo che siano cessate la violenza o le cause che hanno determinato il timore ovvero sia stato scoperto l’errore.
Art. 122 Violenza ed errore	7. Come influisce lo stato di gravidanza causato da una persona diversa dal coniuge sull'annullamento del matrimonio?	Il matrimonio può essere impugnato da quello dei coniugi il cui consenso è stato estorto con violenza o determinato da timore di eccezionale gravità derivante da cause esterne allo sposo.Il matrimonio può altresì essere impugnato da quello dei coniugi il cui consenso è stato dato per effetto di errore sull’identità della persona o di errore essenziale su qualità personali dell’altro coniuge.L’errore sulle qualità personali è essenziale qualora, tenute presenti le condizioni dell’altro coniuge, si accerti che lo stesso non avrebbe prestato il suo consenso se l’avesse esattamente conosciute e purché l’errore riguardi: 1) l’esistenza di una malattia fisica o psichica o di una anomalia o deviazione sessuale, tali da impedire lo svolgimento della vita coniugale; 2) l’esistenza di una sentenza di condanna per delitto non colposo alla reclusione non inferiore a cinque anni, salvo il caso di intervenuta riabilitazione prima della celebrazione del matrimonio. L’azione di annullamento non può essere proposta prima che la sentenza sia divenuta irrevocabile; 3) la dichiarazione di delinquenza abituale o professionale; 4) la circostanza che l’altro coniuge sia stato condannato per delitti concernenti la prostituzione a pena non inferiore a due anni. L’azione di annullamento non può essere proposta prima che la condanna sia divenuta irrevocabile; 5) lo stato di gravidanza causato da persona diversa dal soggetto caduto in errore, purché vi sia stato disconoscimento ai sensi dell’art. 233, se la gravidanza è stata portata a termine. L’azione non può essere proposta se vi è stata coabitazione per un anno dopo che siano cessate la violenza o le cause che hanno determinato il timore ovvero sia stato scoperto l’errore.
Art. 122 Violenza ed errore	8. Quali sono le condizioni che impediscono la proposizione dell'azione di annullamento del matrimonio?	Il matrimonio può essere impugnato da quello dei coniugi il cui consenso è stato estorto con violenza o determinato da timore di eccezionale gravità derivante da cause esterne allo sposo.Il matrimonio può altresì essere impugnato da quello dei coniugi il cui consenso è stato dato per effetto di errore sull’identità della persona o di errore essenziale su qualità personali dell’altro coniuge.L’errore sulle qualità personali è essenziale qualora, tenute presenti le condizioni dell’altro coniuge, si accerti che lo stesso non avrebbe prestato il suo consenso se l’avesse esattamente conosciute e purché l’errore riguardi: 1) l’esistenza di una malattia fisica o psichica o di una anomalia o deviazione sessuale, tali da impedire lo svolgimento della vita coniugale; 2) l’esistenza di una sentenza di condanna per delitto non colposo alla reclusione non inferiore a cinque anni, salvo il caso di intervenuta riabilitazione prima della celebrazione del matrimonio. L’azione di annullamento non può essere proposta prima che la sentenza sia divenuta irrevocabile; 3) la dichiarazione di delinquenza abituale o professionale; 4) la circostanza che l’altro coniuge sia stato condannato per delitti concernenti la prostituzione a pena non inferiore a due anni. L’azione di annullamento non può essere proposta prima che la condanna sia divenuta irrevocabile; 5) lo stato di gravidanza causato da persona diversa dal soggetto caduto in errore, purché vi sia stato disconoscimento ai sensi dell’art. 233, se la gravidanza è stata portata a termine. L’azione non può essere proposta se vi è stata coabitazione per un anno dopo che siano cessate la violenza o le cause che hanno determinato il timore ovvero sia stato scoperto l’errore.
Art. 123 Simulazione	1. Entro quale termine può essere impugnato il matrimonio se gli sposi hanno convenuto di non adempiere agli obblighi e di non esercitare i diritti discendenti dal matrimonio?	Il matrimonio può essere impugnato da ciascuno dei coniugi quando gli sposi abbiano convenuto di non adempiere agli obblighi e di non esercitare i diritti da esso discendenti (1414 e seguenti).L’azione non può essere proposta decorso un anno dalla celebrazione del matrimonio ovvero nel caso in cui i contraenti abbiano convissuto come coniugi successivamente alla celebrazione medesima.
Art. 123 Simulazione	2. Quale condizione impedisce la proposizione dell'azione di impugnazione del matrimonio, oltre al decorso di un anno dalla celebrazione?	Il matrimonio può essere impugnato da ciascuno dei coniugi quando gli sposi abbiano convenuto di non adempiere agli obblighi e di non esercitare i diritti da esso discendenti (1414 e seguenti).L’azione non può essere proposta decorso un anno dalla celebrazione del matrimonio ovvero nel caso in cui i contraenti abbiano convissuto come coniugi successivamente alla celebrazione medesima.
Art. 124 Vincolo di precedente matrimonio	1. In quali circostanze il coniuge può impugnare il matrimonio o l'unione civile tra persone dello stesso sesso dell’altro coniuge?	Il coniuge può in qualunque tempo impugnare il matrimonio o l'unione civile tra persone dello stesso sesso dell’altro coniuge; se si oppone la nullità del primo matrimonio, tale questione deve essere preventivamente giudicata.
Art. 124 Vincolo di precedente matrimonio	2. Cosa deve essere giudicato preventivamente se si oppone la nullità del primo matrimonio?	Il coniuge può in qualunque tempo impugnare il matrimonio o l'unione civile tra persone dello stesso sesso dell’altro coniuge; se si oppone la nullità del primo matrimonio, tale questione deve essere preventivamente giudicata.
Art. 125 Azione del pubblico ministero	1. Può il pubblico ministero promuovere l'azione di nullità dopo la morte di uno dei coniugi?	L’azione di nullità non può essere promossa dal pubblico ministero dopo la morte di uno dei coniugi.
Art. 126 Separazione dei coniugi in pendenza del giudizio	1. In quali circostanze il Tribunale può ordinare d'ufficio la separazione temporanea dei coniugi durante il giudizio di nullità del matrimonio?	Quando è proposta domanda di nullità del matrimonio, il Tribunale può, su istanza di uno dei coniugi, ordinare la loro separazione temporanea durante il giudizio (150 e seguenti, 232, 234); può ordinarla anche d’ufficio, se ambedue i coniugi o uno di essi sono minori o interdetti.
Art. 126 Separazione dei coniugi in pendenza del giudizio	2. Quali sono le condizioni che permettono al Tribunale di ordinare la separazione temporanea dei coniugi su istanza di uno di essi durante il giudizio di nullità del matrimonio?	Quando è proposta domanda di nullità del matrimonio, il Tribunale può, su istanza di uno dei coniugi, ordinare la loro separazione temporanea durante il giudizio (150 e seguenti, 232, 234); può ordinarla anche d’ufficio, se ambedue i coniugi o uno di essi sono minori o interdetti.
Art. 127 Intrasmissibilità dell’azione	1. In quali circostanze l'azione per impugnare il matrimonio si trasmette agli eredi?	L’azione per impugnare il matrimonio non si trasmette agli eredi se non quando il giudizio è già pendente alla morte dell’attore.
Art. 128 Matrimonio putativo	1. Quali sono le condizioni affinché gli effetti del matrimonio valido si producano in favore dei coniugi fino alla sentenza che pronuncia la nullità?	Se il matrimonio è dichiarato nullo, gli effetti del matrimonio valido si producono, in favore dei coniugi, fino alla sentenza che pronunzia la nullità, quando i coniugi stessi lo hanno contratto in buona fede, oppure quando il loro consenso è stato estorto con violenza o determinato da timore di eccezionale gravità derivante da cause esterne agli sposi(122).Gli effetti del matrimonio valido si producono anche rispetto ai figli nati o concepiti durante il matrimonio dichiarato nullo, nonché rispetto ai figli nati prima del matrimonio e riconosciuti anteriormente alla sentenza che dichiara la nullità.Se le condizioni indicate nel primo comma si verificano per uno solo dei coniugi, gli effetti valgono soltanto in favore di lui e dei figli.Il matrimonio dichiarato nullo, contratto in malafede da entrambi i coniugi, ha gli effetti del matrimonio valido rispetto ai figli nati o concepiti durante lo stesso, salvo che la nullità dipenda da incesto.Nell’ipotesi di cui al quarto comma, rispetto ai figli si applica l'articolo 251.
Art. 128 Matrimonio putativo	2. In quali casi gli effetti del matrimonio valido si producono anche rispetto ai figli nati o concepiti durante il matrimonio dichiarato nullo?	Se il matrimonio è dichiarato nullo, gli effetti del matrimonio valido si producono, in favore dei coniugi, fino alla sentenza che pronunzia la nullità, quando i coniugi stessi lo hanno contratto in buona fede, oppure quando il loro consenso è stato estorto con violenza o determinato da timore di eccezionale gravità derivante da cause esterne agli sposi(122).Gli effetti del matrimonio valido si producono anche rispetto ai figli nati o concepiti durante il matrimonio dichiarato nullo, nonché rispetto ai figli nati prima del matrimonio e riconosciuti anteriormente alla sentenza che dichiara la nullità.Se le condizioni indicate nel primo comma si verificano per uno solo dei coniugi, gli effetti valgono soltanto in favore di lui e dei figli.Il matrimonio dichiarato nullo, contratto in malafede da entrambi i coniugi, ha gli effetti del matrimonio valido rispetto ai figli nati o concepiti durante lo stesso, salvo che la nullità dipenda da incesto.Nell’ipotesi di cui al quarto comma, rispetto ai figli si applica l'articolo 251.
Art. 128 Matrimonio putativo	3. Cosa accade se le condizioni indicate nel primo comma si verificano per uno solo dei coniugi?	Se il matrimonio è dichiarato nullo, gli effetti del matrimonio valido si producono, in favore dei coniugi, fino alla sentenza che pronunzia la nullità, quando i coniugi stessi lo hanno contratto in buona fede, oppure quando il loro consenso è stato estorto con violenza o determinato da timore di eccezionale gravità derivante da cause esterne agli sposi(122).Gli effetti del matrimonio valido si producono anche rispetto ai figli nati o concepiti durante il matrimonio dichiarato nullo, nonché rispetto ai figli nati prima del matrimonio e riconosciuti anteriormente alla sentenza che dichiara la nullità.Se le condizioni indicate nel primo comma si verificano per uno solo dei coniugi, gli effetti valgono soltanto in favore di lui e dei figli.Il matrimonio dichiarato nullo, contratto in malafede da entrambi i coniugi, ha gli effetti del matrimonio valido rispetto ai figli nati o concepiti durante lo stesso, salvo che la nullità dipenda da incesto.Nell’ipotesi di cui al quarto comma, rispetto ai figli si applica l'articolo 251.
Art. 128 Matrimonio putativo	4. Quali sono gli effetti del matrimonio dichiarato nullo contratto in malafede da entrambi i coniugi rispetto ai figli?	Se il matrimonio è dichiarato nullo, gli effetti del matrimonio valido si producono, in favore dei coniugi, fino alla sentenza che pronunzia la nullità, quando i coniugi stessi lo hanno contratto in buona fede, oppure quando il loro consenso è stato estorto con violenza o determinato da timore di eccezionale gravità derivante da cause esterne agli sposi(122).Gli effetti del matrimonio valido si producono anche rispetto ai figli nati o concepiti durante il matrimonio dichiarato nullo, nonché rispetto ai figli nati prima del matrimonio e riconosciuti anteriormente alla sentenza che dichiara la nullità.Se le condizioni indicate nel primo comma si verificano per uno solo dei coniugi, gli effetti valgono soltanto in favore di lui e dei figli.Il matrimonio dichiarato nullo, contratto in malafede da entrambi i coniugi, ha gli effetti del matrimonio valido rispetto ai figli nati o concepiti durante lo stesso, salvo che la nullità dipenda da incesto.Nell’ipotesi di cui al quarto comma, rispetto ai figli si applica l'articolo 251.
Art. 128 Matrimonio putativo	5. Quale articolo si applica rispetto ai figli nell'ipotesi di nullità del matrimonio per incesto?	Se il matrimonio è dichiarato nullo, gli effetti del matrimonio valido si producono, in favore dei coniugi, fino alla sentenza che pronunzia la nullità, quando i coniugi stessi lo hanno contratto in buona fede, oppure quando il loro consenso è stato estorto con violenza o determinato da timore di eccezionale gravità derivante da cause esterne agli sposi(122).Gli effetti del matrimonio valido si producono anche rispetto ai figli nati o concepiti durante il matrimonio dichiarato nullo, nonché rispetto ai figli nati prima del matrimonio e riconosciuti anteriormente alla sentenza che dichiara la nullità.Se le condizioni indicate nel primo comma si verificano per uno solo dei coniugi, gli effetti valgono soltanto in favore di lui e dei figli.Il matrimonio dichiarato nullo, contratto in malafede da entrambi i coniugi, ha gli effetti del matrimonio valido rispetto ai figli nati o concepiti durante lo stesso, salvo che la nullità dipenda da incesto.Nell’ipotesi di cui al quarto comma, rispetto ai figli si applica l'articolo 251.
Art. 129 Diritti dei coniugi in buona fede	1. In quali circostanze il giudice può disporre l'obbligo di corrispondere somme periodiche di denaro a favore di uno dei coniugi in un matrimonio putativo?	Quando le condizioni del matrimonio putativo si verificano rispetto ad ambedue i coniugi, il giudice può disporre a carico di uno di essi e per un periodo non superiore a tre anni l’obbligo di corrispondere somme periodiche di denaro, in proporzione alle sue sostanze, a favore dell’altro, ove questi non abbia adeguati redditi propri e non sia passato a nuove nozze.Per i provvedimenti che il giudice adotta riguardo ai figli, si applica l’art. 155.
Art. 129 Diritti dei coniugi in buona fede	2. Quale articolo si applica per i provvedimenti che il giudice adotta riguardo ai figli in caso di matrimonio putativo?	Quando le condizioni del matrimonio putativo si verificano rispetto ad ambedue i coniugi, il giudice può disporre a carico di uno di essi e per un periodo non superiore a tre anni l’obbligo di corrispondere somme periodiche di denaro, in proporzione alle sue sostanze, a favore dell’altro, ove questi non abbia adeguati redditi propri e non sia passato a nuove nozze.Per i provvedimenti che il giudice adotta riguardo ai figli, si applica l’art. 155.
Art. 129 bis Responsabilità del coniuge in mala fede e del terzo	1. Quali obblighi ha il coniuge al quale sia imputabile la nullità del matrimonio nei confronti dell'altro coniuge in buona fede?	Il coniuge al quale sia imputabile la nullità del matrimonio, è tenuto a corrispondere all’altro coniuge in buona fede, qualora il matrimonio sia annullato, una congrua indennità, anche in mancanza di prova del danno sofferto. L’indennità deve comunque comprendere una somma corrispondente al mantenimento per tre anni. È tenuto altresì a prestare gli alimenti al coniuge in buona fede, sempre che non vi siano altri obbligati.Il terzo al quale sia imputabile la nullità del matrimonio è tenuto a corrispondere al coniuge in buona fede, se il matrimonio è annullato, l’indennità prevista nel comma precedente.In ogni caso il terzo che abbia concorso con uno dei coniugi nel determinare la nullità del matrimonio è solidalmente responsabile con lo stesso per il pagamento dell’indennità (1292 e seguenti).
Art. 129 bis Responsabilità del coniuge in mala fede e del terzo	2. Cosa deve comprendere l'indennità che il coniuge responsabile della nullità del matrimonio deve corrispondere all'altro coniuge?	Il coniuge al quale sia imputabile la nullità del matrimonio, è tenuto a corrispondere all’altro coniuge in buona fede, qualora il matrimonio sia annullato, una congrua indennità, anche in mancanza di prova del danno sofferto. L’indennità deve comunque comprendere una somma corrispondente al mantenimento per tre anni. È tenuto altresì a prestare gli alimenti al coniuge in buona fede, sempre che non vi siano altri obbligati.Il terzo al quale sia imputabile la nullità del matrimonio è tenuto a corrispondere al coniuge in buona fede, se il matrimonio è annullato, l’indennità prevista nel comma precedente.In ogni caso il terzo che abbia concorso con uno dei coniugi nel determinare la nullità del matrimonio è solidalmente responsabile con lo stesso per il pagamento dell’indennità (1292 e seguenti).
Art. 129 bis Responsabilità del coniuge in mala fede e del terzo	3. In quali circostanze il coniuge responsabile della nullità del matrimonio è tenuto a prestare gli alimenti all'altro coniuge?	Il coniuge al quale sia imputabile la nullità del matrimonio, è tenuto a corrispondere all’altro coniuge in buona fede, qualora il matrimonio sia annullato, una congrua indennità, anche in mancanza di prova del danno sofferto. L’indennità deve comunque comprendere una somma corrispondente al mantenimento per tre anni. È tenuto altresì a prestare gli alimenti al coniuge in buona fede, sempre che non vi siano altri obbligati.Il terzo al quale sia imputabile la nullità del matrimonio è tenuto a corrispondere al coniuge in buona fede, se il matrimonio è annullato, l’indennità prevista nel comma precedente.In ogni caso il terzo che abbia concorso con uno dei coniugi nel determinare la nullità del matrimonio è solidalmente responsabile con lo stesso per il pagamento dell’indennità (1292 e seguenti).
Art. 129 bis Responsabilità del coniuge in mala fede e del terzo	4. Quali sono le responsabilità del terzo al quale sia imputabile la nullità del matrimonio nei confronti del coniuge in buona fede?	Il coniuge al quale sia imputabile la nullità del matrimonio, è tenuto a corrispondere all’altro coniuge in buona fede, qualora il matrimonio sia annullato, una congrua indennità, anche in mancanza di prova del danno sofferto. L’indennità deve comunque comprendere una somma corrispondente al mantenimento per tre anni. È tenuto altresì a prestare gli alimenti al coniuge in buona fede, sempre che non vi siano altri obbligati.Il terzo al quale sia imputabile la nullità del matrimonio è tenuto a corrispondere al coniuge in buona fede, se il matrimonio è annullato, l’indennità prevista nel comma precedente.In ogni caso il terzo che abbia concorso con uno dei coniugi nel determinare la nullità del matrimonio è solidalmente responsabile con lo stesso per il pagamento dell’indennità (1292 e seguenti).
Art. 129 bis Responsabilità del coniuge in mala fede e del terzo	5. In che modo il terzo che abbia concorso con uno dei coniugi nel determinare la nullità del matrimonio è responsabile per il pagamento dell'indennità?	Il coniuge al quale sia imputabile la nullità del matrimonio, è tenuto a corrispondere all’altro coniuge in buona fede, qualora il matrimonio sia annullato, una congrua indennità, anche in mancanza di prova del danno sofferto. L’indennità deve comunque comprendere una somma corrispondente al mantenimento per tre anni. È tenuto altresì a prestare gli alimenti al coniuge in buona fede, sempre che non vi siano altri obbligati.Il terzo al quale sia imputabile la nullità del matrimonio è tenuto a corrispondere al coniuge in buona fede, se il matrimonio è annullato, l’indennità prevista nel comma precedente.In ogni caso il terzo che abbia concorso con uno dei coniugi nel determinare la nullità del matrimonio è solidalmente responsabile con lo stesso per il pagamento dell’indennità (1292 e seguenti).
Art. 130 Atto di celebrazione del matrimonio	1. Quale documento è necessario presentare per reclamare il titolo di coniuge e gli effetti del matrimonio?	Nessuno può reclamare il titolo di coniuge e gli effetti del matrimonio, se non presenta l’atto di celebrazione estratto dai registri dello stato civile.Il possesso di stato, quantunque allegato da ambedue i coniugi, non dispensa dal presentare l’atto di celebrazione.
Art. 130 Atto di celebrazione del matrimonio	2. Il possesso di stato da parte di entrambi i coniugi dispensa dalla presentazione dell'atto di celebrazione estratto dai registri dello stato civile?	Nessuno può reclamare il titolo di coniuge e gli effetti del matrimonio, se non presenta l’atto di celebrazione estratto dai registri dello stato civile.Il possesso di stato, quantunque allegato da ambedue i coniugi, non dispensa dal presentare l’atto di celebrazione.
Art. 131 Possesso di stato	1. In che modo il possesso di stato conforme all'atto di celebrazione del matrimonio può sanare i difetti di forma?	Il possesso di stato, conforme all’atto di celebrazione del matrimonio, sana ogni difetto di forma (236 e seguenti).
Art. 132 Mancanza dell’atto di celebrazione	1. Come può essere provata l'esistenza del matrimonio in caso di distruzione o smarrimento dei registri dello stato civile?	Nel caso di distruzione o di smarrimento dei registri dello stato civile l’esistenza del matrimonio può essere provata a norma dell’art. 452.Quando vi sono indizi che per dolo o per colpa del pubblico ufficiale o per un caso di forza maggiore l’atto di matrimonio non è stato inserito nei registri a ciò destinati, la prova dell’esistenza del matrimonio è ammessa, sempre che risulti in modo non dubbio un conforme possesso di stato.
Art. 132 Mancanza dell’atto di celebrazione	2. Quali condizioni devono essere soddisfatte per ammettere la prova dell'esistenza del matrimonio quando l'atto non è stato inserito nei registri per dolo, colpa del pubblico ufficiale o forza maggiore?	Nel caso di distruzione o di smarrimento dei registri dello stato civile l’esistenza del matrimonio può essere provata a norma dell’art. 452.Quando vi sono indizi che per dolo o per colpa del pubblico ufficiale o per un caso di forza maggiore l’atto di matrimonio non è stato inserito nei registri a ciò destinati, la prova dell’esistenza del matrimonio è ammessa, sempre che risulti in modo non dubbio un conforme possesso di stato.
Art. 133 Prova della celebrazione risultante da sentenza penale	1. Quali effetti assicura l'iscrizione della sentenza penale nel registro dello stato civile riguardo al matrimonio?	Se la prova della celebrazione del matrimonio risulta da sentenza penale, l’iscrizione della sentenza nel registro dello stato civile assicura al matrimonio, dal giorno della sua celebrazione, tutti gli effetti riguardo tanto ai coniugi quanto ai figli.
Art. 134 Omissione di pubblicazione	1. Qual è la sanzione prevista per gli sposi che celebrano il matrimonio senza la prescritta pubblicazione?	Sono puniti con l’ammenda da L. 80.000 (euro 41,32) a L. 400.000 (euro 206,58) gli sposi e l’ufficiale dello stato civile che hanno celebrato matrimonio senza che la celebrazione sia stata preceduta dalla prescritta pubblicazione (93 e seguenti).
Art. 134 Omissione di pubblicazione	2. Qual è la sanzione prevista per l’ufficiale dello stato civile che celebra un matrimonio senza la prescritta pubblicazione?	Sono puniti con l’ammenda da L. 80.000 (euro 41,32) a L. 400.000 (euro 206,58) gli sposi e l’ufficiale dello stato civile che hanno celebrato matrimonio senza che la celebrazione sia stata preceduta dalla prescritta pubblicazione (93 e seguenti).
Art. 134 Omissione di pubblicazione	3. Qual è l'importo minimo dell'ammenda per la celebrazione di un matrimonio senza la prescritta pubblicazione?	Sono puniti con l’ammenda da L. 80.000 (euro 41,32) a L. 400.000 (euro 206,58) gli sposi e l’ufficiale dello stato civile che hanno celebrato matrimonio senza che la celebrazione sia stata preceduta dalla prescritta pubblicazione (93 e seguenti).
Art. 134 Omissione di pubblicazione	4. Qual è l'importo massimo dell'ammenda per la celebrazione di un matrimonio senza la prescritta pubblicazione?	Sono puniti con l’ammenda da L. 80.000 (euro 41,32) a L. 400.000 (euro 206,58) gli sposi e l’ufficiale dello stato civile che hanno celebrato matrimonio senza che la celebrazione sia stata preceduta dalla prescritta pubblicazione (93 e seguenti).
Art. 134 Omissione di pubblicazione	5. Quali articoli del codice civile sono richiamati in relazione alla prescritta pubblicazione per la celebrazione del matrimonio?	Sono puniti con l’ammenda da L. 80.000 (euro 41,32) a L. 400.000 (euro 206,58) gli sposi e l’ufficiale dello stato civile che hanno celebrato matrimonio senza che la celebrazione sia stata preceduta dalla prescritta pubblicazione (93 e seguenti).
Art. 135 Pubblicazione senza richiesta o senza documenti	1. Qual è la sanzione prevista per l'ufficiale dello stato civile che procede alla pubblicazione di un matrimonio senza la richiesta di cui all'art. 96?	È punito con l’ammenda da L. 40.000 (euro 20,66) a L. 200.000 (euro 103,27) l’ufficiale dello stato civile che ha proceduto alla pubblicazione di un matrimonio senza la richiesta di cui all’art. 96 o quando manca alcuno dei documenti prescritti dal primo comma dell’art. 97.
Art. 135 Pubblicazione senza richiesta o senza documenti	2. Qual è la sanzione prevista per l'ufficiale dello stato civile che procede alla pubblicazione di un matrimonio quando manca alcuno dei documenti prescritti dal primo comma dell'art. 97?	È punito con l’ammenda da L. 40.000 (euro 20,66) a L. 200.000 (euro 103,27) l’ufficiale dello stato civile che ha proceduto alla pubblicazione di un matrimonio senza la richiesta di cui all’art. 96 o quando manca alcuno dei documenti prescritti dal primo comma dell’art. 97.
Art. 136 Impedimenti conosciuti dall’ufficiale dello stato civile	1. Qual è la sanzione prevista per l'ufficiale dello stato civile che celebra un matrimonio nonostante la presenza di un impedimento o divieto di cui è a conoscenza?	L’ufficiale dello stato civile che procede alla celebrazione del matrimonio, quando vi osta qualche impedimento o divieto di cui egli ha notizia, è punito con l’ammenda da L. 100.000 (euro 51,36) a L. 600.000 (euro 309,87).
Art. 137 Incompetenza dell’ufficiale dello stato civile. Mancanza dei testimoni	1. Qual è la sanzione prevista per l'ufficiale dello stato civile che celebra un matrimonio senza la presenza dei testimoni?	È punito con l’ammenda da L. 60.000 (euro 30,99) a L. 400.000 (euro 206,58) l’ufficiale dello stato civile che ha celebrato un matrimonio per cui non era competente.La stessa pena si applica all’ufficiale dello stato civile che ha proceduto alla celebrazione di un matrimonio senza la presenza dei testimoni.
Art. 137 Incompetenza dell’ufficiale dello stato civile. Mancanza dei testimoni	2. Qual è l'importo massimo dell'ammenda per un ufficiale dello stato civile che celebra un matrimonio per cui non era competente?	È punito con l’ammenda da L. 60.000 (euro 30,99) a L. 400.000 (euro 206,58) l’ufficiale dello stato civile che ha celebrato un matrimonio per cui non era competente.La stessa pena si applica all’ufficiale dello stato civile che ha proceduto alla celebrazione di un matrimonio senza la presenza dei testimoni.
Art. 138 Altre infrazioni	1. Qual è la sanzione prevista per l'ufficiale dello stato civile che contravviene alle disposizioni degli articoli 93, 95, 98, 99, 106, 107, 108, 109, 110 e 112?	E’ punito con l’ammenda stabilita nell’art. 135 l’ufficiale dello stato civile che in qualunque modo contravviene alle disposizioni degli art. 93, 95, 98, 99, 106, 107, 108, 109, 110 e 112 o commette qualsiasi altra infrazione per cui non sia stabilita una pena speciale in questa sezione.
Art. 138 Altre infrazioni	2. Quali articoli devono essere violati dall'ufficiale dello stato civile per essere punito con l'ammenda stabilita nell'art. 135?	E’ punito con l’ammenda stabilita nell’art. 135 l’ufficiale dello stato civile che in qualunque modo contravviene alle disposizioni degli art. 93, 95, 98, 99, 106, 107, 108, 109, 110 e 112 o commette qualsiasi altra infrazione per cui non sia stabilita una pena speciale in questa sezione.
Art. 138 Altre infrazioni	3. Cosa accade se l'ufficiale dello stato civile commette un'infrazione per cui non è stabilita una pena speciale in questa sezione?	E’ punito con l’ammenda stabilita nell’art. 135 l’ufficiale dello stato civile che in qualunque modo contravviene alle disposizioni degli art. 93, 95, 98, 99, 106, 107, 108, 109, 110 e 112 o commette qualsiasi altra infrazione per cui non sia stabilita una pena speciale in questa sezione.
Art. 139 Cause di nullità note a uno dei coniugi	1. Qual è la sanzione prevista per il coniuge che, conoscendo una causa di nullità del matrimonio prima della celebrazione, l'abbia lasciata ignorare all'altro coniuge, se il matrimonio viene annullato?	Il coniuge il quale, conoscendo prima della celebrazione una causa di nullità del matrimonio, l’abbia lasciata ignorare all’altro, è punito, se il matrimonio è annullato, con l’ammenda da L. 80.000 (euro 41,32) a L. 400.000 (euro 206,58).
Art. 140 Inosservanza del divieto temporaneo di nuove nozze	1. Quali sono le sanzioni previste per la donna che contrae matrimonio contro il divieto dell’art. 89?	La donna che contrae matrimonio contro il divieto dell’art. 89, l’ufficiale che lo celebra e l’altro coniuge sono puniti con l’ammenda da L. 40.000 (euro 20,66) a L. 160.000 (euro 82,63).
Art. 141 Competenza	1. Quali reati sono di competenza del tribunale secondo il testo?	I reati previsti nei precedenti articoli sono di competenza del tribunale.
Art. 142 Limiti d’applicazione delle precedenti disposizioni	1. Quando si applicano le disposizioni della presente sezione?	Le disposizioni della presente sezione si applicano quando i fatti ivi contemplati non costituiscono reato più grave.
Art. 143 Diritti e doveri reciproci dei coniugi	1. Quali diritti e doveri acquisiscono il marito e la moglie con il matrimonio?	Con il matrimonio il marito e la moglie acquistano gli stessi diritti e assumono i medesimi doveri.Dal matrimonio deriva l’obbligo reciproco alla fedeltà, all’assistenza morale e materiale, alla collaborazione nell’interesse della famiglia e alla coabitazione (Cod. Pen. 570).Entrambi i coniugi sono tenuti, ciascuno in relazione alle proprie sostanze e alla propria capacità di lavoro professionale o casalingo, a contribuire ai bisogni della famiglia.
Art. 143 Diritti e doveri reciproci dei coniugi	2. Quali obblighi reciproci derivano dal matrimonio secondo il Codice Penale 570?	Con il matrimonio il marito e la moglie acquistano gli stessi diritti e assumono i medesimi doveri.Dal matrimonio deriva l’obbligo reciproco alla fedeltà, all’assistenza morale e materiale, alla collaborazione nell’interesse della famiglia e alla coabitazione (Cod. Pen. 570).Entrambi i coniugi sono tenuti, ciascuno in relazione alle proprie sostanze e alla propria capacità di lavoro professionale o casalingo, a contribuire ai bisogni della famiglia.
Art. 143 Diritti e doveri reciproci dei coniugi	3. In che modo i coniugi devono contribuire ai bisogni della famiglia?	Con il matrimonio il marito e la moglie acquistano gli stessi diritti e assumono i medesimi doveri.Dal matrimonio deriva l’obbligo reciproco alla fedeltà, all’assistenza morale e materiale, alla collaborazione nell’interesse della famiglia e alla coabitazione (Cod. Pen. 570).Entrambi i coniugi sono tenuti, ciascuno in relazione alle proprie sostanze e alla propria capacità di lavoro professionale o casalingo, a contribuire ai bisogni della famiglia.
Art. 143 Diritti e doveri reciproci dei coniugi	4. Come devono i coniugi collaborare nell'interesse della famiglia?	Con il matrimonio il marito e la moglie acquistano gli stessi diritti e assumono i medesimi doveri.Dal matrimonio deriva l’obbligo reciproco alla fedeltà, all’assistenza morale e materiale, alla collaborazione nell’interesse della famiglia e alla coabitazione (Cod. Pen. 570).Entrambi i coniugi sono tenuti, ciascuno in relazione alle proprie sostanze e alla propria capacità di lavoro professionale o casalingo, a contribuire ai bisogni della famiglia.
Art. 143 bis Cognome della moglie	1. La moglie può conservare il cognome del marito durante lo stato vedovile?	La moglie aggiunge al proprio cognome quello del marito e lo conserva durante lo stato vedovile, fino a che passi a nuove nozze.
Art. 143 bis Cognome della moglie	2. Fino a quando la moglie può conservare il cognome del marito dopo essere rimasta vedova?	La moglie aggiunge al proprio cognome quello del marito e lo conserva durante lo stato vedovile, fino a che passi a nuove nozze.
Art. 143 bis Cognome della moglie	3. Cosa succede al cognome della moglie se passa a nuove nozze dopo essere rimasta vedova?	La moglie aggiunge al proprio cognome quello del marito e lo conserva durante lo stato vedovile, fino a che passi a nuove nozze.
Art. 144 Indirizzo della vita familiare e residenza della famiglia	1. Quali sono i criteri che i coniugi devono considerare per fissare la residenza della famiglia?	I coniugi concordano tra loro l’indirizzo della vita familiare e fissano la residenza della famiglia secondo le esigenze di entrambi e quelle preminenti della famiglia stessa (43, Costit. 29).A ciascuno dei coniugi spetta il potere di attuare l’indirizzo concordato.
Art. 144 Indirizzo della vita familiare e residenza della famiglia	2. Chi ha il potere di attuare l'indirizzo concordato della vita familiare?	I coniugi concordano tra loro l’indirizzo della vita familiare e fissano la residenza della famiglia secondo le esigenze di entrambi e quelle preminenti della famiglia stessa (43, Costit. 29).A ciascuno dei coniugi spetta il potere di attuare l’indirizzo concordato.
Art. 144 Indirizzo della vita familiare e residenza della famiglia	3. In base a quale articolo della Costituzione italiana i coniugi concordano l’indirizzo della vita familiare?	I coniugi concordano tra loro l’indirizzo della vita familiare e fissano la residenza della famiglia secondo le esigenze di entrambi e quelle preminenti della famiglia stessa (43, Costit. 29).A ciascuno dei coniugi spetta il potere di attuare l’indirizzo concordato.
Art. 145 Intervento del giudice	1. Quali sono i soggetti che il giudice può ascoltare prima di tentare di raggiungere una soluzione concordata in caso di disaccordo tra i coniugi?	In caso di disaccordo ciascuno dei coniugi può chiedere, senza formalità, l’intervento del giudice il quale, sentite le opinioni espresse dai coniugi e, per quanto opportuno, dai figli conviventi che abbiano compiuto il sedicesimo anno, tenta di raggiungere una soluzione concordata.Ove questa non sia possibile e il disaccordo concerne la fissazione della residenza o altri affari essenziali, il giudice, qualora ne sia richiesto espressamente e congiuntamente dai coniugi, adotta, con provvedimento non impugnabile, la soluzione che ritiene più adeguata alle esigenze dell’unità e della vita della famiglia.
Art. 145 Intervento del giudice	2. In quali circostanze il giudice può adottare una soluzione non impugnabile riguardante la fissazione della residenza o altri affari essenziali?	In caso di disaccordo ciascuno dei coniugi può chiedere, senza formalità, l’intervento del giudice il quale, sentite le opinioni espresse dai coniugi e, per quanto opportuno, dai figli conviventi che abbiano compiuto il sedicesimo anno, tenta di raggiungere una soluzione concordata.Ove questa non sia possibile e il disaccordo concerne la fissazione della residenza o altri affari essenziali, il giudice, qualora ne sia richiesto espressamente e congiuntamente dai coniugi, adotta, con provvedimento non impugnabile, la soluzione che ritiene più adeguata alle esigenze dell’unità e della vita della famiglia.
Art. 146 Allontanamento dalla residenza familiare	1. In quali circostanze il diritto all'assistenza morale e materiale previsto dall'art. 143 è sospeso nei confronti del coniuge?	Il diritto all’assistenza morale e materiale previsto dall’art. 143 è sospeso nei confronti del coniuge che, allontanatosi (Cod. Pen. 570) senza giusta causa dalla residenza familiare, rifiuta di tornarvi.La proposizione della domanda di separazione o di annullamento o di scioglimento o di cessazione degli effetti civili del matrimonio costituisce giusta causa di allontanamento dalla residenza familiare.Il giudice può, secondo le circostanze, ordinare il sequestro dei beni del coniuge allontanatosi, nella misura atta a garantire l’adempimento degli obblighi previsti dagli artt. 143, terzo comma, e 147.
Art. 146 Allontanamento dalla residenza familiare	2. Quali azioni costituiscono giusta causa di allontanamento dalla residenza familiare secondo il testo?	Il diritto all’assistenza morale e materiale previsto dall’art. 143 è sospeso nei confronti del coniuge che, allontanatosi (Cod. Pen. 570) senza giusta causa dalla residenza familiare, rifiuta di tornarvi.La proposizione della domanda di separazione o di annullamento o di scioglimento o di cessazione degli effetti civili del matrimonio costituisce giusta causa di allontanamento dalla residenza familiare.Il giudice può, secondo le circostanze, ordinare il sequestro dei beni del coniuge allontanatosi, nella misura atta a garantire l’adempimento degli obblighi previsti dagli artt. 143, terzo comma, e 147.
Art. 146 Allontanamento dalla residenza familiare	3. Quali obblighi devono essere garantiti dal sequestro dei beni del coniuge allontanatosi?	Il diritto all’assistenza morale e materiale previsto dall’art. 143 è sospeso nei confronti del coniuge che, allontanatosi (Cod. Pen. 570) senza giusta causa dalla residenza familiare, rifiuta di tornarvi.La proposizione della domanda di separazione o di annullamento o di scioglimento o di cessazione degli effetti civili del matrimonio costituisce giusta causa di allontanamento dalla residenza familiare.Il giudice può, secondo le circostanze, ordinare il sequestro dei beni del coniuge allontanatosi, nella misura atta a garantire l’adempimento degli obblighi previsti dagli artt. 143, terzo comma, e 147.
Art. 146 Allontanamento dalla residenza familiare	4. Quale autorità ha il potere di ordinare il sequestro dei beni del coniuge allontanatosi?	Il diritto all’assistenza morale e materiale previsto dall’art. 143 è sospeso nei confronti del coniuge che, allontanatosi (Cod. Pen. 570) senza giusta causa dalla residenza familiare, rifiuta di tornarvi.La proposizione della domanda di separazione o di annullamento o di scioglimento o di cessazione degli effetti civili del matrimonio costituisce giusta causa di allontanamento dalla residenza familiare.Il giudice può, secondo le circostanze, ordinare il sequestro dei beni del coniuge allontanatosi, nella misura atta a garantire l’adempimento degli obblighi previsti dagli artt. 143, terzo comma, e 147.
Art. 147 Doveri verso i figli	1. Quali obblighi impone il matrimonio ai coniugi nei confronti dei figli?	Il matrimonio impone ad ambedue i coniugi l’obbligo di mantenere, istruire, educare e assistere moralmente i figli, nel rispetto delle loro capacità, inclinazioni naturali e aspirazioni, secondo quanto previsto dall'articolo 315-bis. (316, Costit. 30).
Art. 147 Doveri verso i figli	2. In base a quale articolo i coniugi devono rispettare le capacità, inclinazioni naturali e aspirazioni dei figli?	Il matrimonio impone ad ambedue i coniugi l’obbligo di mantenere, istruire, educare e assistere moralmente i figli, nel rispetto delle loro capacità, inclinazioni naturali e aspirazioni, secondo quanto previsto dall'articolo 315-bis. (316, Costit. 30).
Art. 147 Doveri verso i figli	3. Quali aspetti dell'assistenza ai figli sono inclusi negli obblighi dei coniugi secondo il testo?	Il matrimonio impone ad ambedue i coniugi l’obbligo di mantenere, istruire, educare e assistere moralmente i figli, nel rispetto delle loro capacità, inclinazioni naturali e aspirazioni, secondo quanto previsto dall'articolo 315-bis. (316, Costit. 30).
Art. 148 Concorso negli oneri	1. Quali obblighi devono adempiere i coniugi secondo l'articolo 147 e l'articolo 316-bis?	I coniugi devono adempiere l'obbligo di cui all'articolo 147, secondo quanto previsto dall'articolo 316-bis.
Art. 149 Scioglimento del matrimonio	1. Quali sono le circostanze in cui il matrimonio si scioglie secondo il testo?	Il matrimonio si scioglie con la morte di uno dei coniugi e negli altri casi previsti dalla legge.Gli effetti civili del matrimonio celebrato con rito religioso, ai sensi dell’art. 82 o dell’art. 83, e regolarmente trascritto, cessano alla morte di uno dei coniugi e negli altri casi previsti dalla legge.
Art. 149 Scioglimento del matrimonio	2. Quando cessano gli effetti civili del matrimonio celebrato con rito religioso e regolarmente trascritto?	Il matrimonio si scioglie con la morte di uno dei coniugi e negli altri casi previsti dalla legge.Gli effetti civili del matrimonio celebrato con rito religioso, ai sensi dell’art. 82 o dell’art. 83, e regolarmente trascritto, cessano alla morte di uno dei coniugi e negli altri casi previsti dalla legge.
Art. 150 Separazione personale	1. Quali sono le due tipologie di separazione personale dei coniugi ammesse?	E’ ammessa la separazione personale dei coniugi (126, 155, 156, 156-bis, 158, 191, 232, 284 n.3, 297, 548, 585).La separazione può essere giudiziale o consensuale.Il diritto di chiedere la separazione giudiziale o l’omologazione di quella consensuale spetta esclusivamente ai coniugi.
Art. 150 Separazione personale	2. Chi ha il diritto di chiedere la separazione giudiziale o l'omologazione di quella consensuale?	E’ ammessa la separazione personale dei coniugi (126, 155, 156, 156-bis, 158, 191, 232, 284 n.3, 297, 548, 585).La separazione può essere giudiziale o consensuale.Il diritto di chiedere la separazione giudiziale o l’omologazione di quella consensuale spetta esclusivamente ai coniugi.
Art. 150 Separazione personale	3. Quali articoli del codice civile sono citati in relazione alla separazione personale dei coniugi?	E’ ammessa la separazione personale dei coniugi (126, 155, 156, 156-bis, 158, 191, 232, 284 n.3, 297, 548, 585).La separazione può essere giudiziale o consensuale.Il diritto di chiedere la separazione giudiziale o l’omologazione di quella consensuale spetta esclusivamente ai coniugi.
Art. 151 Separazione giudiziale	1. In quali circostanze può essere chiesta la separazione secondo il testo?	La separazione può essere chiesta quando si verificano, anche indipendentemente dalla volontà di uno o di entrambi i coniugi, fatti tali da rendere intollerabile la prosecuzione della convivenza o da recare grave pregiudizio alla educazione della prole.Il giudice, pronunziando la separazione, dichiara, ove ne ricorrano le circostanze e ne sia richiesto, a quale dei coniugi sia addebitabile la separazione in considerazione del suo comportamento contrario ai doveri che derivano dal matrimonio.
Art. 151 Separazione giudiziale	2. Cosa può dichiarare il giudice nel pronunciare la separazione, se richiesto e se ne ricorrono le circostanze?	La separazione può essere chiesta quando si verificano, anche indipendentemente dalla volontà di uno o di entrambi i coniugi, fatti tali da rendere intollerabile la prosecuzione della convivenza o da recare grave pregiudizio alla educazione della prole.Il giudice, pronunziando la separazione, dichiara, ove ne ricorrano le circostanze e ne sia richiesto, a quale dei coniugi sia addebitabile la separazione in considerazione del suo comportamento contrario ai doveri che derivano dal matrimonio.
Art. 154 Riconciliazione	1. Quali sono le conseguenze della riconciliazione tra i coniugi sulla domanda di separazione personale già proposta?	La riconciliazione tra i coniugi comporta l’abbandono della domanda di separazione personale già proposta.
Art. 155 Provvedimenti riguardo ai figli	1. Quali disposizioni si applicano riguardo ai figli in caso di separazione?	In caso di separazione, riguardo ai figli, si applicano le disposizioni contenute nel Capo II del titolo IX.
Art. 155-bis. Affidamento a un solo genitore e opposizione all’affidamento condiviso	1. In quali circostanze il giudice può disporre l’affidamento dei figli ad uno solo dei genitori?	Il giudice può disporre l’affidamento dei figli ad uno solo dei genitori qualora ritenga con provvedimento motivato che l’affidamento all’altro sia contrario all’interesse del minore.Ciascuno dei genitori può, in qualsiasi momento, chiedere l’affidamento esclusivo quando sussistono le condizioni indicate al primo comma. Il giudice, se accoglie la domanda, dispone l’affidamento esclusivo al genitore istante, facendo salvi, per quanto possibile, i diritti del minore previsti dal primo comma dell’articolo 155. Se la domanda risulta manifestamente infondata, il giudice può considerare il comportamento del genitore istante ai fini della determinazione dei provvedimenti da adottare nell’interesse dei figli, rimanendo ferma l’applicazione dell’articolo 96 del codice di procedura civile.
Art. 155-bis. Affidamento a un solo genitore e opposizione all’affidamento condiviso	2. Cosa può fare ciascuno dei genitori in qualsiasi momento riguardo all’affidamento esclusivo?	Il giudice può disporre l’affidamento dei figli ad uno solo dei genitori qualora ritenga con provvedimento motivato che l’affidamento all’altro sia contrario all’interesse del minore.Ciascuno dei genitori può, in qualsiasi momento, chiedere l’affidamento esclusivo quando sussistono le condizioni indicate al primo comma. Il giudice, se accoglie la domanda, dispone l’affidamento esclusivo al genitore istante, facendo salvi, per quanto possibile, i diritti del minore previsti dal primo comma dell’articolo 155. Se la domanda risulta manifestamente infondata, il giudice può considerare il comportamento del genitore istante ai fini della determinazione dei provvedimenti da adottare nell’interesse dei figli, rimanendo ferma l’applicazione dell’articolo 96 del codice di procedura civile.
Art. 155-bis. Affidamento a un solo genitore e opposizione all’affidamento condiviso	3. Quali diritti del minore deve fare salvi il giudice quando dispone l’affidamento esclusivo al genitore istante?	Il giudice può disporre l’affidamento dei figli ad uno solo dei genitori qualora ritenga con provvedimento motivato che l’affidamento all’altro sia contrario all’interesse del minore.Ciascuno dei genitori può, in qualsiasi momento, chiedere l’affidamento esclusivo quando sussistono le condizioni indicate al primo comma. Il giudice, se accoglie la domanda, dispone l’affidamento esclusivo al genitore istante, facendo salvi, per quanto possibile, i diritti del minore previsti dal primo comma dell’articolo 155. Se la domanda risulta manifestamente infondata, il giudice può considerare il comportamento del genitore istante ai fini della determinazione dei provvedimenti da adottare nell’interesse dei figli, rimanendo ferma l’applicazione dell’articolo 96 del codice di procedura civile.
Art. 155-bis. Affidamento a un solo genitore e opposizione all’affidamento condiviso	4. Cosa può considerare il giudice se la domanda di affidamento esclusivo risulta manifestamente infondata?	Il giudice può disporre l’affidamento dei figli ad uno solo dei genitori qualora ritenga con provvedimento motivato che l’affidamento all’altro sia contrario all’interesse del minore.Ciascuno dei genitori può, in qualsiasi momento, chiedere l’affidamento esclusivo quando sussistono le condizioni indicate al primo comma. Il giudice, se accoglie la domanda, dispone l’affidamento esclusivo al genitore istante, facendo salvi, per quanto possibile, i diritti del minore previsti dal primo comma dell’articolo 155. Se la domanda risulta manifestamente infondata, il giudice può considerare il comportamento del genitore istante ai fini della determinazione dei provvedimenti da adottare nell’interesse dei figli, rimanendo ferma l’applicazione dell’articolo 96 del codice di procedura civile.
Art. 155-ter. Revisione delle disposizioni concernenti l’affidamento dei figli	1. I genitori possono chiedere la revisione delle disposizioni concernenti l'affidamento dei figli in qualsiasi momento?	I genitori hanno diritto di chiedere in ogni tempo la revisione delle disposizioni concernenti l’affidamento dei figli, l’attribuzione dell’esercizio della potestà su di essi e delle eventuali disposizioni relative alla misura e alla modalità del contributo.
Art. 155-ter. Revisione delle disposizioni concernenti l’affidamento dei figli	2. È possibile per i genitori richiedere una modifica delle disposizioni relative all'esercizio della potestà sui figli?	I genitori hanno diritto di chiedere in ogni tempo la revisione delle disposizioni concernenti l’affidamento dei figli, l’attribuzione dell’esercizio della potestà su di essi e delle eventuali disposizioni relative alla misura e alla modalità del contributo.
Art. 155-ter. Revisione delle disposizioni concernenti l’affidamento dei figli	3. Le disposizioni relative alla misura e alla modalità del contributo possono essere riviste su richiesta dei genitori?	I genitori hanno diritto di chiedere in ogni tempo la revisione delle disposizioni concernenti l’affidamento dei figli, l’attribuzione dell’esercizio della potestà su di essi e delle eventuali disposizioni relative alla misura e alla modalità del contributo.
Art. 155-quater. Assegnazione della casa familiare e prescrizioni in tema di residenza	1. Qual è il criterio prioritario per l'attribuzione del godimento della casa familiare?	Il godimento della casa familiare è attribuito tenendo prioritariamente conto dell’interesse dei figli. Dell’assegnazione il giudice tiene conto nella regolazione dei rapporti economici tra i genitori, considerato l’eventuale titolo di proprietà. Il diritto al godimento della casa familiare viene meno nel caso che l’assegnatario non abiti o cessi di abitare stabilmente nella casa familiare o conviva more uxorio o contragga nuovo matrimonio. Il provvedimento di assegnazione e quello di revoca sono trascrivibili e opponibili a terzi ai sensi dell’articolo 2643.Nel caso in cui uno dei coniugi cambi la residenza o il domicilio, l’altro coniuge può chiedere, se il mutamento interferisce con le modalità dell’affidamento, la ridefinizione degli accordi o dei provvedimenti adottati, ivi compresi quelli economici.
Art. 155-quater. Assegnazione della casa familiare e prescrizioni in tema di residenza	2. In che modo il giudice tiene conto dell'assegnazione della casa familiare nella regolazione dei rapporti economici tra i genitori?	Il godimento della casa familiare è attribuito tenendo prioritariamente conto dell’interesse dei figli. Dell’assegnazione il giudice tiene conto nella regolazione dei rapporti economici tra i genitori, considerato l’eventuale titolo di proprietà. Il diritto al godimento della casa familiare viene meno nel caso che l’assegnatario non abiti o cessi di abitare stabilmente nella casa familiare o conviva more uxorio o contragga nuovo matrimonio. Il provvedimento di assegnazione e quello di revoca sono trascrivibili e opponibili a terzi ai sensi dell’articolo 2643.Nel caso in cui uno dei coniugi cambi la residenza o il domicilio, l’altro coniuge può chiedere, se il mutamento interferisce con le modalità dell’affidamento, la ridefinizione degli accordi o dei provvedimenti adottati, ivi compresi quelli economici.
Art. 155-quater. Assegnazione della casa familiare e prescrizioni in tema di residenza	3. Quali sono le condizioni che fanno venire meno il diritto al godimento della casa familiare per l'assegnatario?	Il godimento della casa familiare è attribuito tenendo prioritariamente conto dell’interesse dei figli. Dell’assegnazione il giudice tiene conto nella regolazione dei rapporti economici tra i genitori, considerato l’eventuale titolo di proprietà. Il diritto al godimento della casa familiare viene meno nel caso che l’assegnatario non abiti o cessi di abitare stabilmente nella casa familiare o conviva more uxorio o contragga nuovo matrimonio. Il provvedimento di assegnazione e quello di revoca sono trascrivibili e opponibili a terzi ai sensi dell’articolo 2643.Nel caso in cui uno dei coniugi cambi la residenza o il domicilio, l’altro coniuge può chiedere, se il mutamento interferisce con le modalità dell’affidamento, la ridefinizione degli accordi o dei provvedimenti adottati, ivi compresi quelli economici.
Art. 155-quater. Assegnazione della casa familiare e prescrizioni in tema di residenza	4. Sono trascrivibili e opponibili a terzi i provvedimenti di assegnazione e revoca della casa familiare? Se sì, ai sensi di quale articolo?	Il godimento della casa familiare è attribuito tenendo prioritariamente conto dell’interesse dei figli. Dell’assegnazione il giudice tiene conto nella regolazione dei rapporti economici tra i genitori, considerato l’eventuale titolo di proprietà. Il diritto al godimento della casa familiare viene meno nel caso che l’assegnatario non abiti o cessi di abitare stabilmente nella casa familiare o conviva more uxorio o contragga nuovo matrimonio. Il provvedimento di assegnazione e quello di revoca sono trascrivibili e opponibili a terzi ai sensi dell’articolo 2643.Nel caso in cui uno dei coniugi cambi la residenza o il domicilio, l’altro coniuge può chiedere, se il mutamento interferisce con le modalità dell’affidamento, la ridefinizione degli accordi o dei provvedimenti adottati, ivi compresi quelli economici.
Art. 155-quater. Assegnazione della casa familiare e prescrizioni in tema di residenza	5. Cosa può chiedere un coniuge se il mutamento di residenza o domicilio dell'altro coniuge interferisce con le modalità dell'affidamento?	Il godimento della casa familiare è attribuito tenendo prioritariamente conto dell’interesse dei figli. Dell’assegnazione il giudice tiene conto nella regolazione dei rapporti economici tra i genitori, considerato l’eventuale titolo di proprietà. Il diritto al godimento della casa familiare viene meno nel caso che l’assegnatario non abiti o cessi di abitare stabilmente nella casa familiare o conviva more uxorio o contragga nuovo matrimonio. Il provvedimento di assegnazione e quello di revoca sono trascrivibili e opponibili a terzi ai sensi dell’articolo 2643.Nel caso in cui uno dei coniugi cambi la residenza o il domicilio, l’altro coniuge può chiedere, se il mutamento interferisce con le modalità dell’affidamento, la ridefinizione degli accordi o dei provvedimenti adottati, ivi compresi quelli economici.
Art. 155-quinquies. Disposizioni in favore dei figli maggiorenni	1. In quali circostanze il giudice può disporre il pagamento di un assegno periodico in favore dei figli maggiorenni non indipendenti economicamente?	Il giudice, valutate le circostanze, può disporre in favore dei figli maggiorenni non indipendenti economicamente il pagamento di un assegno periodico. Tale assegno, salvo diversa determinazione del giudice, è versato direttamente all’avente diritto.Ai figli maggiorenni portatori di handicap grave ai sensi dell’articolo 3, comma 3, della legge 5 febbraio 1992, n. 104, si applicano integralmente le disposizioni previste in favore dei figli minori.
Art. 155-quinquies. Disposizioni in favore dei figli maggiorenni	2. A chi viene versato l'assegno periodico, salvo diversa determinazione del giudice?	Il giudice, valutate le circostanze, può disporre in favore dei figli maggiorenni non indipendenti economicamente il pagamento di un assegno periodico. Tale assegno, salvo diversa determinazione del giudice, è versato direttamente all’avente diritto.Ai figli maggiorenni portatori di handicap grave ai sensi dell’articolo 3, comma 3, della legge 5 febbraio 1992, n. 104, si applicano integralmente le disposizioni previste in favore dei figli minori.
Art. 155-quinquies. Disposizioni in favore dei figli maggiorenni	3. Quali disposizioni si applicano ai figli maggiorenni portatori di handicap grave ai sensi dell’articolo 3, comma 3, della legge 5 febbraio 1992, n. 104?	Il giudice, valutate le circostanze, può disporre in favore dei figli maggiorenni non indipendenti economicamente il pagamento di un assegno periodico. Tale assegno, salvo diversa determinazione del giudice, è versato direttamente all’avente diritto.Ai figli maggiorenni portatori di handicap grave ai sensi dell’articolo 3, comma 3, della legge 5 febbraio 1992, n. 104, si applicano integralmente le disposizioni previste in favore dei figli minori.
Art. 155-sexies. Poteri del giudice e ascolto del minore	1. Quali mezzi di prova può assumere il giudice prima dell’emanazione dei provvedimenti di cui all’articolo 155?	Prima dell’emanazione, anche in via provvisoria, dei provvedimenti di cui all’articolo 155, il giudice può assumere, ad istanza di parte o d’ufficio, mezzi di prova. Il giudice dispone, inoltre, l’audizione del figlio minore che abbia compiuto gli anni dodici e anche di età inferiore ove capace di discernimento.Qualora ne ravvisi l’opportunità, il giudice, sentite le parti e ottenuto il loro consenso, può rinviare l’adozione dei provvedimenti di cui all’articolo 155 per consentire che i coniugi, avvalendosi di esperti, tentino una mediazione per raggiungere un accordo, con particolare riferimento alla tutela dell’interesse morale e materiale dei figli».
Art. 155-sexies. Poteri del giudice e ascolto del minore	2. In quali circostanze il giudice dispone l’audizione del figlio minore?	Prima dell’emanazione, anche in via provvisoria, dei provvedimenti di cui all’articolo 155, il giudice può assumere, ad istanza di parte o d’ufficio, mezzi di prova. Il giudice dispone, inoltre, l’audizione del figlio minore che abbia compiuto gli anni dodici e anche di età inferiore ove capace di discernimento.Qualora ne ravvisi l’opportunità, il giudice, sentite le parti e ottenuto il loro consenso, può rinviare l’adozione dei provvedimenti di cui all’articolo 155 per consentire che i coniugi, avvalendosi di esperti, tentino una mediazione per raggiungere un accordo, con particolare riferimento alla tutela dell’interesse morale e materiale dei figli».
Art. 155-sexies. Poteri del giudice e ascolto del minore	3. Quali condizioni devono essere soddisfatte affinché il giudice possa rinviare l’adozione dei provvedimenti di cui all’articolo 155 per consentire una mediazione tra i coniugi?	Prima dell’emanazione, anche in via provvisoria, dei provvedimenti di cui all’articolo 155, il giudice può assumere, ad istanza di parte o d’ufficio, mezzi di prova. Il giudice dispone, inoltre, l’audizione del figlio minore che abbia compiuto gli anni dodici e anche di età inferiore ove capace di discernimento.Qualora ne ravvisi l’opportunità, il giudice, sentite le parti e ottenuto il loro consenso, può rinviare l’adozione dei provvedimenti di cui all’articolo 155 per consentire che i coniugi, avvalendosi di esperti, tentino una mediazione per raggiungere un accordo, con particolare riferimento alla tutela dell’interesse morale e materiale dei figli».
Art. 156 Effetti della separazione sui rapporti patrimoniali tra i coniugi	1. Quali condizioni devono essere soddisfatte affinché un coniuge abbia diritto al mantenimento dall'altro coniuge in caso di separazione?	Il giudice, pronunziando la separazione, stabilisce a vantaggio del coniuge cui non sia addebitabile la separazione il diritto di ricevere dall’altro coniuge quanto è necessario al suo mantenimento, qualora egli non abbia adeguati redditi propri.L’entità di tale somministrazione è determinata in relazione alle circostanze e ai redditi dell’obbligato.Resta fermo l’obbligo di prestare gli alimenti di cui agli artt. 433 e seguenti.Il giudice che pronunzia la separazione può imporre al coniuge di prestare idonea garanzia reale o personale se esiste il pericolo che egli possa sottrarsi all’adempimento degli obblighi previsti dai precedenti commi e dall’art. 155.La sentenza costituisce titolo per l’iscrizione dell’ipoteca giudiziale ai sensi dell’art. 2818.In caso di inadempienza, su richiesta dell’avente diritto, il giudice può disporre il sequestro di parte dei beni del coniuge obbligato e ordinare ai terzi, tenuti a corrispondere anche periodicamente somme di danaro all’obbligato, che una parte di esse venga versata direttamente agli aventi diritto.Qualora sopravvengano giustificati motivi il giudice, su istanza di parte, può disporre la revoca o la modifica dei provvedimenti di cui ai commi precedenti.
Art. 156 Effetti della separazione sui rapporti patrimoniali tra i coniugi	2. Come viene determinata l'entità della somministrazione per il mantenimento del coniuge?	Il giudice, pronunziando la separazione, stabilisce a vantaggio del coniuge cui non sia addebitabile la separazione il diritto di ricevere dall’altro coniuge quanto è necessario al suo mantenimento, qualora egli non abbia adeguati redditi propri.L’entità di tale somministrazione è determinata in relazione alle circostanze e ai redditi dell’obbligato.Resta fermo l’obbligo di prestare gli alimenti di cui agli artt. 433 e seguenti.Il giudice che pronunzia la separazione può imporre al coniuge di prestare idonea garanzia reale o personale se esiste il pericolo che egli possa sottrarsi all’adempimento degli obblighi previsti dai precedenti commi e dall’art. 155.La sentenza costituisce titolo per l’iscrizione dell’ipoteca giudiziale ai sensi dell’art. 2818.In caso di inadempienza, su richiesta dell’avente diritto, il giudice può disporre il sequestro di parte dei beni del coniuge obbligato e ordinare ai terzi, tenuti a corrispondere anche periodicamente somme di danaro all’obbligato, che una parte di esse venga versata direttamente agli aventi diritto.Qualora sopravvengano giustificati motivi il giudice, su istanza di parte, può disporre la revoca o la modifica dei provvedimenti di cui ai commi precedenti.
Art. 156 Effetti della separazione sui rapporti patrimoniali tra i coniugi	3. Quali articoli del codice civile regolano l'obbligo di prestare gli alimenti?	Il giudice, pronunziando la separazione, stabilisce a vantaggio del coniuge cui non sia addebitabile la separazione il diritto di ricevere dall’altro coniuge quanto è necessario al suo mantenimento, qualora egli non abbia adeguati redditi propri.L’entità di tale somministrazione è determinata in relazione alle circostanze e ai redditi dell’obbligato.Resta fermo l’obbligo di prestare gli alimenti di cui agli artt. 433 e seguenti.Il giudice che pronunzia la separazione può imporre al coniuge di prestare idonea garanzia reale o personale se esiste il pericolo che egli possa sottrarsi all’adempimento degli obblighi previsti dai precedenti commi e dall’art. 155.La sentenza costituisce titolo per l’iscrizione dell’ipoteca giudiziale ai sensi dell’art. 2818.In caso di inadempienza, su richiesta dell’avente diritto, il giudice può disporre il sequestro di parte dei beni del coniuge obbligato e ordinare ai terzi, tenuti a corrispondere anche periodicamente somme di danaro all’obbligato, che una parte di esse venga versata direttamente agli aventi diritto.Qualora sopravvengano giustificati motivi il giudice, su istanza di parte, può disporre la revoca o la modifica dei provvedimenti di cui ai commi precedenti.
Art. 156 Effetti della separazione sui rapporti patrimoniali tra i coniugi	4. In quali circostanze il giudice può imporre al coniuge di prestare una garanzia reale o personale?	Il giudice, pronunziando la separazione, stabilisce a vantaggio del coniuge cui non sia addebitabile la separazione il diritto di ricevere dall’altro coniuge quanto è necessario al suo mantenimento, qualora egli non abbia adeguati redditi propri.L’entità di tale somministrazione è determinata in relazione alle circostanze e ai redditi dell’obbligato.Resta fermo l’obbligo di prestare gli alimenti di cui agli artt. 433 e seguenti.Il giudice che pronunzia la separazione può imporre al coniuge di prestare idonea garanzia reale o personale se esiste il pericolo che egli possa sottrarsi all’adempimento degli obblighi previsti dai precedenti commi e dall’art. 155.La sentenza costituisce titolo per l’iscrizione dell’ipoteca giudiziale ai sensi dell’art. 2818.In caso di inadempienza, su richiesta dell’avente diritto, il giudice può disporre il sequestro di parte dei beni del coniuge obbligato e ordinare ai terzi, tenuti a corrispondere anche periodicamente somme di danaro all’obbligato, che una parte di esse venga versata direttamente agli aventi diritto.Qualora sopravvengano giustificati motivi il giudice, su istanza di parte, può disporre la revoca o la modifica dei provvedimenti di cui ai commi precedenti.
Art. 156 Effetti della separazione sui rapporti patrimoniali tra i coniugi	5. Qual è il titolo per l'iscrizione dell'ipoteca giudiziale in caso di separazione?	Il giudice, pronunziando la separazione, stabilisce a vantaggio del coniuge cui non sia addebitabile la separazione il diritto di ricevere dall’altro coniuge quanto è necessario al suo mantenimento, qualora egli non abbia adeguati redditi propri.L’entità di tale somministrazione è determinata in relazione alle circostanze e ai redditi dell’obbligato.Resta fermo l’obbligo di prestare gli alimenti di cui agli artt. 433 e seguenti.Il giudice che pronunzia la separazione può imporre al coniuge di prestare idonea garanzia reale o personale se esiste il pericolo che egli possa sottrarsi all’adempimento degli obblighi previsti dai precedenti commi e dall’art. 155.La sentenza costituisce titolo per l’iscrizione dell’ipoteca giudiziale ai sensi dell’art. 2818.In caso di inadempienza, su richiesta dell’avente diritto, il giudice può disporre il sequestro di parte dei beni del coniuge obbligato e ordinare ai terzi, tenuti a corrispondere anche periodicamente somme di danaro all’obbligato, che una parte di esse venga versata direttamente agli aventi diritto.Qualora sopravvengano giustificati motivi il giudice, su istanza di parte, può disporre la revoca o la modifica dei provvedimenti di cui ai commi precedenti.
Art. 156 Effetti della separazione sui rapporti patrimoniali tra i coniugi	6. Cosa può disporre il giudice in caso di inadempienza del coniuge obbligato al mantenimento?	Il giudice, pronunziando la separazione, stabilisce a vantaggio del coniuge cui non sia addebitabile la separazione il diritto di ricevere dall’altro coniuge quanto è necessario al suo mantenimento, qualora egli non abbia adeguati redditi propri.L’entità di tale somministrazione è determinata in relazione alle circostanze e ai redditi dell’obbligato.Resta fermo l’obbligo di prestare gli alimenti di cui agli artt. 433 e seguenti.Il giudice che pronunzia la separazione può imporre al coniuge di prestare idonea garanzia reale o personale se esiste il pericolo che egli possa sottrarsi all’adempimento degli obblighi previsti dai precedenti commi e dall’art. 155.La sentenza costituisce titolo per l’iscrizione dell’ipoteca giudiziale ai sensi dell’art. 2818.In caso di inadempienza, su richiesta dell’avente diritto, il giudice può disporre il sequestro di parte dei beni del coniuge obbligato e ordinare ai terzi, tenuti a corrispondere anche periodicamente somme di danaro all’obbligato, che una parte di esse venga versata direttamente agli aventi diritto.Qualora sopravvengano giustificati motivi il giudice, su istanza di parte, può disporre la revoca o la modifica dei provvedimenti di cui ai commi precedenti.
Art. 156 Effetti della separazione sui rapporti patrimoniali tra i coniugi	7. Quali azioni può ordinare il giudice ai terzi che devono corrispondere somme di denaro al coniuge obbligato?	Il giudice, pronunziando la separazione, stabilisce a vantaggio del coniuge cui non sia addebitabile la separazione il diritto di ricevere dall’altro coniuge quanto è necessario al suo mantenimento, qualora egli non abbia adeguati redditi propri.L’entità di tale somministrazione è determinata in relazione alle circostanze e ai redditi dell’obbligato.Resta fermo l’obbligo di prestare gli alimenti di cui agli artt. 433 e seguenti.Il giudice che pronunzia la separazione può imporre al coniuge di prestare idonea garanzia reale o personale se esiste il pericolo che egli possa sottrarsi all’adempimento degli obblighi previsti dai precedenti commi e dall’art. 155.La sentenza costituisce titolo per l’iscrizione dell’ipoteca giudiziale ai sensi dell’art. 2818.In caso di inadempienza, su richiesta dell’avente diritto, il giudice può disporre il sequestro di parte dei beni del coniuge obbligato e ordinare ai terzi, tenuti a corrispondere anche periodicamente somme di danaro all’obbligato, che una parte di esse venga versata direttamente agli aventi diritto.Qualora sopravvengano giustificati motivi il giudice, su istanza di parte, può disporre la revoca o la modifica dei provvedimenti di cui ai commi precedenti.
Art. 156 Effetti della separazione sui rapporti patrimoniali tra i coniugi	8. In quali circostanze il giudice può disporre la revoca o la modifica dei provvedimenti relativi al mantenimento?	Il giudice, pronunziando la separazione, stabilisce a vantaggio del coniuge cui non sia addebitabile la separazione il diritto di ricevere dall’altro coniuge quanto è necessario al suo mantenimento, qualora egli non abbia adeguati redditi propri.L’entità di tale somministrazione è determinata in relazione alle circostanze e ai redditi dell’obbligato.Resta fermo l’obbligo di prestare gli alimenti di cui agli artt. 433 e seguenti.Il giudice che pronunzia la separazione può imporre al coniuge di prestare idonea garanzia reale o personale se esiste il pericolo che egli possa sottrarsi all’adempimento degli obblighi previsti dai precedenti commi e dall’art. 155.La sentenza costituisce titolo per l’iscrizione dell’ipoteca giudiziale ai sensi dell’art. 2818.In caso di inadempienza, su richiesta dell’avente diritto, il giudice può disporre il sequestro di parte dei beni del coniuge obbligato e ordinare ai terzi, tenuti a corrispondere anche periodicamente somme di danaro all’obbligato, che una parte di esse venga versata direttamente agli aventi diritto.Qualora sopravvengano giustificati motivi il giudice, su istanza di parte, può disporre la revoca o la modifica dei provvedimenti di cui ai commi precedenti.
Art. 156 bis Cognome della moglie	1. In quali circostanze il giudice può vietare alla moglie l'uso del cognome del marito?	Il giudice può vietare alla moglie l’uso del cognome del marito (143-bis) quando tale uso sia a lui gravemente pregiudizievole, e può parimenti autorizzare la moglie a non usare il cognome stesso, qualora dall’uso possa derivarle grave pregiudizio.
Art. 156 bis Cognome della moglie	2. Quali sono le condizioni che permettono al giudice di autorizzare la moglie a non usare il cognome del marito?	Il giudice può vietare alla moglie l’uso del cognome del marito (143-bis) quando tale uso sia a lui gravemente pregiudizievole, e può parimenti autorizzare la moglie a non usare il cognome stesso, qualora dall’uso possa derivarle grave pregiudizio.
Art. 157 Cessazione degli effetti della separazione	1. In che modo i coniugi possono far cessare gli effetti della sentenza di separazione senza l'intervento del giudice?	I coniugi possono di comune accordo far cessare gli effetti della sentenza di separazione, senza che sia necessario l’intervento del giudice, con un’espressa dichiarazione o con un comportamento non equivoco che sia incompatibile con lo stato di separazione.La separazione può essere pronunziata nuovamente soltanto in relazione a fatti e comportamenti intervenuti dopo la riconciliazione.
Art. 157 Cessazione degli effetti della separazione	2. Quali condizioni devono essere soddisfatte per pronunciare nuovamente la separazione dopo una riconciliazione?	I coniugi possono di comune accordo far cessare gli effetti della sentenza di separazione, senza che sia necessario l’intervento del giudice, con un’espressa dichiarazione o con un comportamento non equivoco che sia incompatibile con lo stato di separazione.La separazione può essere pronunziata nuovamente soltanto in relazione a fatti e comportamenti intervenuti dopo la riconciliazione.
Art. 158 Separazione consensuale	1. Qual è il ruolo del giudice nell'omologazione della separazione per il solo consenso dei coniugi?	La separazione per il solo consenso dei coniugi non ha effetto senza l’omologazione del giudice (Cod. Proc. Civ. 710-711).Quando l’accordo dei coniugi relativamente all’affidamento e al mantenimento dei figli è in contrasto con l’interesse di questi il giudice riconvoca i coniugi indicando ad essi le modificazioni da adottare nell’interesse dei figli e, in caso di inidonea soluzione, può rifiutare allo stato l’omologazione.
Art. 158 Separazione consensuale	2. Cosa può fare il giudice se l'accordo dei coniugi sull'affidamento e il mantenimento dei figli è in contrasto con l'interesse di questi ultimi?	La separazione per il solo consenso dei coniugi non ha effetto senza l’omologazione del giudice (Cod. Proc. Civ. 710-711).Quando l’accordo dei coniugi relativamente all’affidamento e al mantenimento dei figli è in contrasto con l’interesse di questi il giudice riconvoca i coniugi indicando ad essi le modificazioni da adottare nell’interesse dei figli e, in caso di inidonea soluzione, può rifiutare allo stato l’omologazione.
Art. 159 Del regime patrimoniale legale tra i coniugi	1. Qual è il regime patrimoniale legale della famiglia in assenza di una diversa convenzione stipulata a norma dell'art. 162?	Il regime patrimoniale legale della famiglia, in mancanza di diversa convenzione stipulata a norma dell’art. 162, è costituito dalla comunione dei beni regolata dalla sezione III del presente capo.
Art. 160 Diritti inderogabili	1. Gli sposi possono derogare ai diritti e ai doveri previsti dalla legge per effetto del matrimonio?	Gli sposi non possono derogare, né ai diritti né ai doveri provvisti dalla legge per effetto del matrimonio (143 e seguenti).
Art. 161 Riferimento generico a leggi o agli usi	1. Gli sposi possono pattuire in modo generico che i loro rapporti patrimoniali siano regolati da leggi alle quali non sono sottoposti?	Gli sposi non possono pattuire in modo generico che i loro rapporti patrimoniali siano in tutto o in parte regolati da leggi alle quali non sono sottoposti o dagli usi, ma devono enunciare in modo concreto il contenuto dei patti con i quali intendono regolare questi loro rapporti.
Art. 161 Riferimento generico a leggi o agli usi	2. È necessario che gli sposi enuncino in modo concreto il contenuto dei patti con i quali intendono regolare i loro rapporti patrimoniali?	Gli sposi non possono pattuire in modo generico che i loro rapporti patrimoniali siano in tutto o in parte regolati da leggi alle quali non sono sottoposti o dagli usi, ma devono enunciare in modo concreto il contenuto dei patti con i quali intendono regolare questi loro rapporti.
Art. 162 Forma delle convenzioni matrimoniali	1. Qual è la conseguenza della mancata stipulazione delle convenzioni matrimoniali per atto pubblico?	Le convenzioni matrimoniali debbono essere stipulate per atto pubblico sotto pena di nullità (1350, 1418 e seguenti).La scelta del regime di separazione può anche essere dichiarata nell’atto di celebrazione del matrimonio.Le convenzioni possono essere stipulate in ogni tempo, ferme restando le disposizioni dell’art. 194.Le convenzioni matrimoniali non possono essere opposte ai terzi quando a margine dell’atto di matrimonio non risultano annotati la data del contratto, il notaio rogante e le generalità dei contraenti, ovvero la scelta di cui al secondo comma.
Art. 162 Forma delle convenzioni matrimoniali	2. In quale momento può essere dichiarata la scelta del regime di separazione?	Le convenzioni matrimoniali debbono essere stipulate per atto pubblico sotto pena di nullità (1350, 1418 e seguenti).La scelta del regime di separazione può anche essere dichiarata nell’atto di celebrazione del matrimonio.Le convenzioni possono essere stipulate in ogni tempo, ferme restando le disposizioni dell’art. 194.Le convenzioni matrimoniali non possono essere opposte ai terzi quando a margine dell’atto di matrimonio non risultano annotati la data del contratto, il notaio rogante e le generalità dei contraenti, ovvero la scelta di cui al secondo comma.
Art. 162 Forma delle convenzioni matrimoniali	3. Quali informazioni devono essere annotate a margine dell'atto di matrimonio affinché le convenzioni matrimoniali siano opponibili ai terzi?	Le convenzioni matrimoniali debbono essere stipulate per atto pubblico sotto pena di nullità (1350, 1418 e seguenti).La scelta del regime di separazione può anche essere dichiarata nell’atto di celebrazione del matrimonio.Le convenzioni possono essere stipulate in ogni tempo, ferme restando le disposizioni dell’art. 194.Le convenzioni matrimoniali non possono essere opposte ai terzi quando a margine dell’atto di matrimonio non risultano annotati la data del contratto, il notaio rogante e le generalità dei contraenti, ovvero la scelta di cui al secondo comma.
Art. 162 Forma delle convenzioni matrimoniali	4. Le convenzioni matrimoniali possono essere stipulate in qualsiasi momento?	Le convenzioni matrimoniali debbono essere stipulate per atto pubblico sotto pena di nullità (1350, 1418 e seguenti).La scelta del regime di separazione può anche essere dichiarata nell’atto di celebrazione del matrimonio.Le convenzioni possono essere stipulate in ogni tempo, ferme restando le disposizioni dell’art. 194.Le convenzioni matrimoniali non possono essere opposte ai terzi quando a margine dell’atto di matrimonio non risultano annotati la data del contratto, il notaio rogante e le generalità dei contraenti, ovvero la scelta di cui al secondo comma.
Art. 163 Modifica delle convenzioni	1. Quali sono le condizioni necessarie affinché le modifiche delle convenzioni matrimoniali abbiano effetto?	Le modifiche delle convenzioni matrimoniali, anteriori o successive al matrimonio, non hanno effetto se l’atto pubblico non è stipulato col consenso di tutte le persone che sono state parti nelle convenzioni medesime, o dei loro eredi (167 e seguenti).Se uno dei coniugi muore dopo aver consentito con atto pubblico alla modifica delle convenzioni, questa produce i suoi effetti se le altre parti esprimono anche successivamente il loro consenso, salva l’omologazione del giudice. L’omologazione può essere chiesta da tutte le persone che hanno partecipato alla modificazione delle convenzioni o dai loro eredi.Le modifiche convenute e la sentenza di omologazione hanno effetto rispetto ai terzi solo se ne è fatta annotazione in margine all’atto del matrimonio.L’annotazione deve inoltre essere fatta a margine della trascrizione delle convenzioni matrimoniali ove questa sia richiesta a norma degli artt. 2643 e seguenti.
Art. 163 Modifica delle convenzioni	2. Cosa accade se uno dei coniugi muore dopo aver consentito con atto pubblico alla modifica delle convenzioni matrimoniali?	Le modifiche delle convenzioni matrimoniali, anteriori o successive al matrimonio, non hanno effetto se l’atto pubblico non è stipulato col consenso di tutte le persone che sono state parti nelle convenzioni medesime, o dei loro eredi (167 e seguenti).Se uno dei coniugi muore dopo aver consentito con atto pubblico alla modifica delle convenzioni, questa produce i suoi effetti se le altre parti esprimono anche successivamente il loro consenso, salva l’omologazione del giudice. L’omologazione può essere chiesta da tutte le persone che hanno partecipato alla modificazione delle convenzioni o dai loro eredi.Le modifiche convenute e la sentenza di omologazione hanno effetto rispetto ai terzi solo se ne è fatta annotazione in margine all’atto del matrimonio.L’annotazione deve inoltre essere fatta a margine della trascrizione delle convenzioni matrimoniali ove questa sia richiesta a norma degli artt. 2643 e seguenti.
Art. 163 Modifica delle convenzioni	3. Chi può chiedere l’omologazione del giudice per le modifiche delle convenzioni matrimoniali?	Le modifiche delle convenzioni matrimoniali, anteriori o successive al matrimonio, non hanno effetto se l’atto pubblico non è stipulato col consenso di tutte le persone che sono state parti nelle convenzioni medesime, o dei loro eredi (167 e seguenti).Se uno dei coniugi muore dopo aver consentito con atto pubblico alla modifica delle convenzioni, questa produce i suoi effetti se le altre parti esprimono anche successivamente il loro consenso, salva l’omologazione del giudice. L’omologazione può essere chiesta da tutte le persone che hanno partecipato alla modificazione delle convenzioni o dai loro eredi.Le modifiche convenute e la sentenza di omologazione hanno effetto rispetto ai terzi solo se ne è fatta annotazione in margine all’atto del matrimonio.L’annotazione deve inoltre essere fatta a margine della trascrizione delle convenzioni matrimoniali ove questa sia richiesta a norma degli artt. 2643 e seguenti.
Art. 163 Modifica delle convenzioni	4. Quando le modifiche convenute e la sentenza di omologazione producono effetti rispetto ai terzi?	Le modifiche delle convenzioni matrimoniali, anteriori o successive al matrimonio, non hanno effetto se l’atto pubblico non è stipulato col consenso di tutte le persone che sono state parti nelle convenzioni medesime, o dei loro eredi (167 e seguenti).Se uno dei coniugi muore dopo aver consentito con atto pubblico alla modifica delle convenzioni, questa produce i suoi effetti se le altre parti esprimono anche successivamente il loro consenso, salva l’omologazione del giudice. L’omologazione può essere chiesta da tutte le persone che hanno partecipato alla modificazione delle convenzioni o dai loro eredi.Le modifiche convenute e la sentenza di omologazione hanno effetto rispetto ai terzi solo se ne è fatta annotazione in margine all’atto del matrimonio.L’annotazione deve inoltre essere fatta a margine della trascrizione delle convenzioni matrimoniali ove questa sia richiesta a norma degli artt. 2643 e seguenti.
Art. 163 Modifica delle convenzioni	5. Dove deve essere fatta l'annotazione delle modifiche delle convenzioni matrimoniali per avere effetto rispetto ai terzi?	Le modifiche delle convenzioni matrimoniali, anteriori o successive al matrimonio, non hanno effetto se l’atto pubblico non è stipulato col consenso di tutte le persone che sono state parti nelle convenzioni medesime, o dei loro eredi (167 e seguenti).Se uno dei coniugi muore dopo aver consentito con atto pubblico alla modifica delle convenzioni, questa produce i suoi effetti se le altre parti esprimono anche successivamente il loro consenso, salva l’omologazione del giudice. L’omologazione può essere chiesta da tutte le persone che hanno partecipato alla modificazione delle convenzioni o dai loro eredi.Le modifiche convenute e la sentenza di omologazione hanno effetto rispetto ai terzi solo se ne è fatta annotazione in margine all’atto del matrimonio.L’annotazione deve inoltre essere fatta a margine della trascrizione delle convenzioni matrimoniali ove questa sia richiesta a norma degli artt. 2643 e seguenti.
Art. 164 Simulazione delle convenzioni matrimoniali	1. In quali condizioni le controdichiarazioni scritte possono avere effetto nei confronti delle persone coinvolte nelle convenzioni matrimoniali?	E’ consentita ai terzi la prova della simulazione delle convenzioni matrimoniali. Le controdichiarazioni scritte possono aver effetto nei confronti di coloro tra i quali sono intervenute, solo se fatte con la presenza ed il simultaneo consenso di tutte le persone che sono state parti nelle convenzioni matrimoniali.
Art. 164 Simulazione delle convenzioni matrimoniali	2. È consentita ai terzi la prova della simulazione delle convenzioni matrimoniali?	E’ consentita ai terzi la prova della simulazione delle convenzioni matrimoniali. Le controdichiarazioni scritte possono aver effetto nei confronti di coloro tra i quali sono intervenute, solo se fatte con la presenza ed il simultaneo consenso di tutte le persone che sono state parti nelle convenzioni matrimoniali.
Art. 165 Capacità del minore	1. Il minore ammesso a contrarre matrimonio è capace di prestare il consenso per le convenzioni matrimoniali?	Il minore ammesso a contrarre matrimonio è pure capace di prestare il consenso per tutte le relative convenzioni matrimoniali, le quali sono valide se egli è assistito dai genitori esercenti la responsabilità genitoriale su di lui o dal tutore o dal curatore speciale nominato a norma dell’art. 90.
Art. 165 Capacità del minore	2. Quali figure possono assistere il minore ammesso a contrarre matrimonio per rendere valide le convenzioni matrimoniali?	Il minore ammesso a contrarre matrimonio è pure capace di prestare il consenso per tutte le relative convenzioni matrimoniali, le quali sono valide se egli è assistito dai genitori esercenti la responsabilità genitoriale su di lui o dal tutore o dal curatore speciale nominato a norma dell’art. 90.
Art. 165 Capacità del minore	3. Secondo quale articolo può essere nominato un curatore speciale per assistere il minore nelle convenzioni matrimoniali?	Il minore ammesso a contrarre matrimonio è pure capace di prestare il consenso per tutte le relative convenzioni matrimoniali, le quali sono valide se egli è assistito dai genitori esercenti la responsabilità genitoriale su di lui o dal tutore o dal curatore speciale nominato a norma dell’art. 90.
Art. 166 Capacità dell’inabilitato	1. Qual è la condizione necessaria per la validità delle stipulazioni e delle donazioni fatte nel contratto di matrimonio dall'inabilitato?	Per la validità delle stipulazioni e delle donazioni, fatte nel contratto di matrimonio dall’inabilitato o da colui contro il quale è stato promosso giudizio di inabilitazione, è necessaria l’assistenza del curatore già nominato. Se questi non è stato ancora nominato, si provvede alla nomina di un curatore speciale.
Art. 166 Capacità dell’inabilitato	2. Cosa si deve fare se il curatore non è stato ancora nominato al momento delle stipulazioni e delle donazioni nel contratto di matrimonio?	Per la validità delle stipulazioni e delle donazioni, fatte nel contratto di matrimonio dall’inabilitato o da colui contro il quale è stato promosso giudizio di inabilitazione, è necessaria l’assistenza del curatore già nominato. Se questi non è stato ancora nominato, si provvede alla nomina di un curatore speciale.
Art. 166-bis Divieto di costituzione di dote	1. Qual è la validità giuridica di una convenzione che mira alla costituzione di beni in dote?	E’ nulla ogni convenzione che comunque tenda alla costituzione di beni in dote.
Art. 167 Costituzione del fondo patrimoniale	1. Chi può costituire un fondo patrimoniale secondo il testo?	Ciascuno o ambedue i coniugi, per atto pubblico, o un terzo, anche per testamento, possono costituire un fondo patrimoniale, destinando determinati beni, immobili o mobili iscritti in pubblici registri, o titoli di credito (1992 e seguenti), a far fronte ai bisogni della famiglia (32 att.).La costituzione del fondo patrimoniale per atto tra vivi, effettuata dal terzo, si perfeziona con l’accettazione dei coniugi. L’accettazione può essere fatta con atto pubblico posteriore.La costituzione può essere fatta anche durante il matrimonio.I titoli di credito devono essere vincolati rendendoli nominativi con annotazione del vincolo o in altro modo idoneo (2021 e seguenti).
Art. 167 Costituzione del fondo patrimoniale	2. Quali tipi di beni possono essere destinati a un fondo patrimoniale?	Ciascuno o ambedue i coniugi, per atto pubblico, o un terzo, anche per testamento, possono costituire un fondo patrimoniale, destinando determinati beni, immobili o mobili iscritti in pubblici registri, o titoli di credito (1992 e seguenti), a far fronte ai bisogni della famiglia (32 att.).La costituzione del fondo patrimoniale per atto tra vivi, effettuata dal terzo, si perfeziona con l’accettazione dei coniugi. L’accettazione può essere fatta con atto pubblico posteriore.La costituzione può essere fatta anche durante il matrimonio.I titoli di credito devono essere vincolati rendendoli nominativi con annotazione del vincolo o in altro modo idoneo (2021 e seguenti).
Art. 167 Costituzione del fondo patrimoniale	3. Come si perfeziona la costituzione del fondo patrimoniale effettuata da un terzo?	Ciascuno o ambedue i coniugi, per atto pubblico, o un terzo, anche per testamento, possono costituire un fondo patrimoniale, destinando determinati beni, immobili o mobili iscritti in pubblici registri, o titoli di credito (1992 e seguenti), a far fronte ai bisogni della famiglia (32 att.).La costituzione del fondo patrimoniale per atto tra vivi, effettuata dal terzo, si perfeziona con l’accettazione dei coniugi. L’accettazione può essere fatta con atto pubblico posteriore.La costituzione può essere fatta anche durante il matrimonio.I titoli di credito devono essere vincolati rendendoli nominativi con annotazione del vincolo o in altro modo idoneo (2021 e seguenti).
Art. 167 Costituzione del fondo patrimoniale	4. In che modo devono essere vincolati i titoli di credito destinati al fondo patrimoniale?	Ciascuno o ambedue i coniugi, per atto pubblico, o un terzo, anche per testamento, possono costituire un fondo patrimoniale, destinando determinati beni, immobili o mobili iscritti in pubblici registri, o titoli di credito (1992 e seguenti), a far fronte ai bisogni della famiglia (32 att.).La costituzione del fondo patrimoniale per atto tra vivi, effettuata dal terzo, si perfeziona con l’accettazione dei coniugi. L’accettazione può essere fatta con atto pubblico posteriore.La costituzione può essere fatta anche durante il matrimonio.I titoli di credito devono essere vincolati rendendoli nominativi con annotazione del vincolo o in altro modo idoneo (2021 e seguenti).
Art. 167 Costituzione del fondo patrimoniale	5. È possibile costituire un fondo patrimoniale durante il matrimonio?	Ciascuno o ambedue i coniugi, per atto pubblico, o un terzo, anche per testamento, possono costituire un fondo patrimoniale, destinando determinati beni, immobili o mobili iscritti in pubblici registri, o titoli di credito (1992 e seguenti), a far fronte ai bisogni della famiglia (32 att.).La costituzione del fondo patrimoniale per atto tra vivi, effettuata dal terzo, si perfeziona con l’accettazione dei coniugi. L’accettazione può essere fatta con atto pubblico posteriore.La costituzione può essere fatta anche durante il matrimonio.I titoli di credito devono essere vincolati rendendoli nominativi con annotazione del vincolo o in altro modo idoneo (2021 e seguenti).
Art. 168 Impiego ed amministrazione del fondo	1. A chi spetta la proprietà dei beni costituenti il fondo patrimoniale?	La proprietà dei beni costituenti il fondo patrimoniale spetta ad entrambi i coniugi, salvo che sia diversamente stabilito nell’atto di costituzione.I frutti dei beni costituenti il fondo patrimoniale sono impiegati per i bisogni della famiglia.L’amministrazione dei beni costituenti il fondo patrimoniale è regolata dalle norme relative all’amministrazione della comunione legale (180 e seguenti).
Art. 168 Impiego ed amministrazione del fondo	2. Per quali scopi sono impiegati i frutti dei beni costituenti il fondo patrimoniale?	La proprietà dei beni costituenti il fondo patrimoniale spetta ad entrambi i coniugi, salvo che sia diversamente stabilito nell’atto di costituzione.I frutti dei beni costituenti il fondo patrimoniale sono impiegati per i bisogni della famiglia.L’amministrazione dei beni costituenti il fondo patrimoniale è regolata dalle norme relative all’amministrazione della comunione legale (180 e seguenti).
Art. 168 Impiego ed amministrazione del fondo	3. Quali norme regolano l’amministrazione dei beni costituenti il fondo patrimoniale?	La proprietà dei beni costituenti il fondo patrimoniale spetta ad entrambi i coniugi, salvo che sia diversamente stabilito nell’atto di costituzione.I frutti dei beni costituenti il fondo patrimoniale sono impiegati per i bisogni della famiglia.L’amministrazione dei beni costituenti il fondo patrimoniale è regolata dalle norme relative all’amministrazione della comunione legale (180 e seguenti).
Art. 168 Impiego ed amministrazione del fondo	4. È possibile che la proprietà dei beni costituenti il fondo patrimoniale sia diversa da quella stabilita nell’atto di costituzione?	La proprietà dei beni costituenti il fondo patrimoniale spetta ad entrambi i coniugi, salvo che sia diversamente stabilito nell’atto di costituzione.I frutti dei beni costituenti il fondo patrimoniale sono impiegati per i bisogni della famiglia.L’amministrazione dei beni costituenti il fondo patrimoniale è regolata dalle norme relative all’amministrazione della comunione legale (180 e seguenti).
Art. 169 Alienazione dei beni del fondo	1. È possibile alienare beni del fondo patrimoniale senza il consenso di entrambi i coniugi?	Se non è stato espressamente consentito nell’atto di costituzione, non si possono alienare, ipotecare, dare in pegno o comunque vincolare beni del fondo patrimoniale se non con il consenso di entrambi i coniugi e, se vi sono figli minori, con l’autorizzazione concessa dal giudice (32 att.), con provvedimento emesso in camera di consiglio, nei soli casi di necessità o di utilità evidente (38 att.).
Art. 169 Alienazione dei beni del fondo	2. Quali condizioni devono essere soddisfatte per vincolare beni del fondo patrimoniale se vi sono figli minori?	Se non è stato espressamente consentito nell’atto di costituzione, non si possono alienare, ipotecare, dare in pegno o comunque vincolare beni del fondo patrimoniale se non con il consenso di entrambi i coniugi e, se vi sono figli minori, con l’autorizzazione concessa dal giudice (32 att.), con provvedimento emesso in camera di consiglio, nei soli casi di necessità o di utilità evidente (38 att.).
Art. 169 Alienazione dei beni del fondo	3. Chi deve concedere l'autorizzazione per ipotecare beni del fondo patrimoniale in presenza di figli minori?	Se non è stato espressamente consentito nell’atto di costituzione, non si possono alienare, ipotecare, dare in pegno o comunque vincolare beni del fondo patrimoniale se non con il consenso di entrambi i coniugi e, se vi sono figli minori, con l’autorizzazione concessa dal giudice (32 att.), con provvedimento emesso in camera di consiglio, nei soli casi di necessità o di utilità evidente (38 att.).
Art. 169 Alienazione dei beni del fondo	4. In quali casi il giudice può emettere un provvedimento per vincolare beni del fondo patrimoniale?	Se non è stato espressamente consentito nell’atto di costituzione, non si possono alienare, ipotecare, dare in pegno o comunque vincolare beni del fondo patrimoniale se non con il consenso di entrambi i coniugi e, se vi sono figli minori, con l’autorizzazione concessa dal giudice (32 att.), con provvedimento emesso in camera di consiglio, nei soli casi di necessità o di utilità evidente (38 att.).
Art. 170 Esecuzione sui beni e sui frutti	1. L'esecuzione sui beni del fondo e sui frutti di essi può aver luogo per debiti che il creditore sapeva essere stati contratti per scopi estranei ai bisogni della famiglia?	L’esecuzione sui beni del fondo e sui frutti di essi non può aver luogo per debiti che il creditore conosceva essere stati contratti per scopi estranei ai bisogni della famiglia.
Art. 171 Cessazione del fondo	1. Quali eventi determinano la cessazione della destinazione del fondo?	La destinazione del fondo termina a seguito dell’annullamento o dello scioglimento o della cessazione degli effetti civili del matrimonio.Se vi sono figli minori il fondo dura fino al compimento della maggiore età dell’ultimo figlio. In tale caso il giudice (32, 38 att.) può dettare, su istanza di chi vi abbia interesse, norme per l’amministrazione del fondo.Considerate le condizioni economiche dei genitori e dei figli ed ogni altra circostanza, il giudice può altresì attribuire ai figli, in godimento o in proprietà, una quota dei beni del fondo.Se non vi sono figli, si applicano le disposizioni sullo scioglimento della comunione legale (117, 149, 191 e seguenti).
Art. 171 Cessazione del fondo	2. Fino a quando dura il fondo se vi sono figli minori?	La destinazione del fondo termina a seguito dell’annullamento o dello scioglimento o della cessazione degli effetti civili del matrimonio.Se vi sono figli minori il fondo dura fino al compimento della maggiore età dell’ultimo figlio. In tale caso il giudice (32, 38 att.) può dettare, su istanza di chi vi abbia interesse, norme per l’amministrazione del fondo.Considerate le condizioni economiche dei genitori e dei figli ed ogni altra circostanza, il giudice può altresì attribuire ai figli, in godimento o in proprietà, una quota dei beni del fondo.Se non vi sono figli, si applicano le disposizioni sullo scioglimento della comunione legale (117, 149, 191 e seguenti).
Art. 171 Cessazione del fondo	3. Quali poteri ha il giudice in relazione all'amministrazione del fondo quando vi sono figli minori?	La destinazione del fondo termina a seguito dell’annullamento o dello scioglimento o della cessazione degli effetti civili del matrimonio.Se vi sono figli minori il fondo dura fino al compimento della maggiore età dell’ultimo figlio. In tale caso il giudice (32, 38 att.) può dettare, su istanza di chi vi abbia interesse, norme per l’amministrazione del fondo.Considerate le condizioni economiche dei genitori e dei figli ed ogni altra circostanza, il giudice può altresì attribuire ai figli, in godimento o in proprietà, una quota dei beni del fondo.Se non vi sono figli, si applicano le disposizioni sullo scioglimento della comunione legale (117, 149, 191 e seguenti).
Art. 171 Cessazione del fondo	4. Cosa può fare il giudice considerando le condizioni economiche dei genitori e dei figli?	La destinazione del fondo termina a seguito dell’annullamento o dello scioglimento o della cessazione degli effetti civili del matrimonio.Se vi sono figli minori il fondo dura fino al compimento della maggiore età dell’ultimo figlio. In tale caso il giudice (32, 38 att.) può dettare, su istanza di chi vi abbia interesse, norme per l’amministrazione del fondo.Considerate le condizioni economiche dei genitori e dei figli ed ogni altra circostanza, il giudice può altresì attribuire ai figli, in godimento o in proprietà, una quota dei beni del fondo.Se non vi sono figli, si applicano le disposizioni sullo scioglimento della comunione legale (117, 149, 191 e seguenti).
Art. 177 Oggetto della comunione	1. Quali acquisti compiuti dai coniugi durante il matrimonio non rientrano nella comunione?	Costituiscono oggetto della comunione: a) gli acquisti compiuti dai due coniugi insieme o separatamente durante il matrimonio, ad esclusione di quelli relativi ai beni personali (179, 2555, 2659 n. 1);b) i frutti dei beni propri di ciascuno dei coniugi, percepiti e non consumati allo scioglimento della comunione;c) i proventi dell’attività separata di ciascuno dei coniugi se, allo scioglimento della comunione, non siano stati consumati;d) le aziende gestite da entrambi i coniugi e costituite dopo il matrimonio.Qualora si tratti di aziende appartenenti ad uno dei coniugi anteriormente al matrimonio ma gestite da entrambi, la comunione concerne solo gli utili e gli incrementi
Art. 177 Oggetto della comunione	2. Cosa accade ai frutti dei beni propri di ciascuno dei coniugi percepiti ma non consumati allo scioglimento della comunione?	Costituiscono oggetto della comunione: a) gli acquisti compiuti dai due coniugi insieme o separatamente durante il matrimonio, ad esclusione di quelli relativi ai beni personali (179, 2555, 2659 n. 1);b) i frutti dei beni propri di ciascuno dei coniugi, percepiti e non consumati allo scioglimento della comunione;c) i proventi dell’attività separata di ciascuno dei coniugi se, allo scioglimento della comunione, non siano stati consumati;d) le aziende gestite da entrambi i coniugi e costituite dopo il matrimonio.Qualora si tratti di aziende appartenenti ad uno dei coniugi anteriormente al matrimonio ma gestite da entrambi, la comunione concerne solo gli utili e gli incrementi
Art. 177 Oggetto della comunione	3. Come vengono trattati i proventi dell’attività separata di ciascuno dei coniugi allo scioglimento della comunione se non sono stati consumati?	Costituiscono oggetto della comunione: a) gli acquisti compiuti dai due coniugi insieme o separatamente durante il matrimonio, ad esclusione di quelli relativi ai beni personali (179, 2555, 2659 n. 1);b) i frutti dei beni propri di ciascuno dei coniugi, percepiti e non consumati allo scioglimento della comunione;c) i proventi dell’attività separata di ciascuno dei coniugi se, allo scioglimento della comunione, non siano stati consumati;d) le aziende gestite da entrambi i coniugi e costituite dopo il matrimonio.Qualora si tratti di aziende appartenenti ad uno dei coniugi anteriormente al matrimonio ma gestite da entrambi, la comunione concerne solo gli utili e gli incrementi
Art. 177 Oggetto della comunione	4. Quali aziende rientrano nella comunione se gestite da entrambi i coniugi e costituite dopo il matrimonio?	Costituiscono oggetto della comunione: a) gli acquisti compiuti dai due coniugi insieme o separatamente durante il matrimonio, ad esclusione di quelli relativi ai beni personali (179, 2555, 2659 n. 1);b) i frutti dei beni propri di ciascuno dei coniugi, percepiti e non consumati allo scioglimento della comunione;c) i proventi dell’attività separata di ciascuno dei coniugi se, allo scioglimento della comunione, non siano stati consumati;d) le aziende gestite da entrambi i coniugi e costituite dopo il matrimonio.Qualora si tratti di aziende appartenenti ad uno dei coniugi anteriormente al matrimonio ma gestite da entrambi, la comunione concerne solo gli utili e gli incrementi
Art. 177 Oggetto della comunione	5. Come viene trattata un'azienda appartenente ad uno dei coniugi anteriormente al matrimonio ma gestita da entrambi?	Costituiscono oggetto della comunione: a) gli acquisti compiuti dai due coniugi insieme o separatamente durante il matrimonio, ad esclusione di quelli relativi ai beni personali (179, 2555, 2659 n. 1);b) i frutti dei beni propri di ciascuno dei coniugi, percepiti e non consumati allo scioglimento della comunione;c) i proventi dell’attività separata di ciascuno dei coniugi se, allo scioglimento della comunione, non siano stati consumati;d) le aziende gestite da entrambi i coniugi e costituite dopo il matrimonio.Qualora si tratti di aziende appartenenti ad uno dei coniugi anteriormente al matrimonio ma gestite da entrambi, la comunione concerne solo gli utili e gli incrementi
Art. 177 Oggetto della comunione	6. Quali sono le condizioni affinché gli incrementi e gli utili di un'azienda appartenente ad uno dei coniugi anteriormente al matrimonio rientrino nella comunione?	Costituiscono oggetto della comunione: a) gli acquisti compiuti dai due coniugi insieme o separatamente durante il matrimonio, ad esclusione di quelli relativi ai beni personali (179, 2555, 2659 n. 1);b) i frutti dei beni propri di ciascuno dei coniugi, percepiti e non consumati allo scioglimento della comunione;c) i proventi dell’attività separata di ciascuno dei coniugi se, allo scioglimento della comunione, non siano stati consumati;d) le aziende gestite da entrambi i coniugi e costituite dopo il matrimonio.Qualora si tratti di aziende appartenenti ad uno dei coniugi anteriormente al matrimonio ma gestite da entrambi, la comunione concerne solo gli utili e gli incrementi
Art. 178 Beni destinati all’esercizio di impresa	1. I beni destinati all’esercizio dell’impresa di uno dei coniugi costituita dopo il matrimonio sono considerati oggetto della comunione se sussistono al momento dello scioglimento della comunione?	I beni destinati all’esercizio dell’impresa di uno dei coniugi costituita dopo il matrimonio e gli incrementi dell’impresa costituita anche precedentemente si considerano oggetto della comunione solo se sussistono al momento dello scioglimento di questa.
Art. 178 Beni destinati all’esercizio di impresa	2. Gli incrementi dell’impresa costituita precedentemente al matrimonio sono considerati oggetto della comunione se sussistono al momento dello scioglimento della comunione?	I beni destinati all’esercizio dell’impresa di uno dei coniugi costituita dopo il matrimonio e gli incrementi dell’impresa costituita anche precedentemente si considerano oggetto della comunione solo se sussistono al momento dello scioglimento di questa.
Art. 179 Beni personali	1. Quali beni di cui il coniuge era proprietario prima del matrimonio non costituiscono oggetto della comunione?	Non costituiscono oggetto della comunione e sono beni personali del coniuge :a) i beni di cui, prima del matrimonio, il coniuge era proprietario o rispetto ai quali era titolare di un diritto reale di godimento;b) i beni acquisiti successivamente al matrimonio per effetto di donazione o successione, quando nell’atto di liberalità o nel testamento non è specificato che essi sono attribuiti alla comunione;c) i beni di uso strettamente personale di ciascun coniuge ed i loro accessori;d) i beni che servono all’esercizio della professione del coniuge, tranne quelli destinati alla conduzione di una azienda facente parte della comunione;e) i beni ottenuti a titolo di risarcimento del danno nonché la pensione attinente alla perdita parziale o totale della capacità lavorativa;f) i beni acquisiti con il prezzo del trasferimento dei beni personali sopraelencati o col loro scambio purché ciò sia espressamente dichiarato all’atto dell’acquisto.L’acquisto di beni immobili, o di beni mobili elencati nell’articolo 2683, effettuato dopo il matrimonio, è escluso dalla comunione, ai sensi delle lettere c), d) ed f) del precedente comma, quando tale esclusione risulti dall’atto di acquisto se di esso sia stato parte anche l’altro coniuge.
Art. 179 Beni personali	2. In quali circostanze i beni acquisiti per effetto di donazione o successione dopo il matrimonio non entrano a far parte della comunione?	Non costituiscono oggetto della comunione e sono beni personali del coniuge :a) i beni di cui, prima del matrimonio, il coniuge era proprietario o rispetto ai quali era titolare di un diritto reale di godimento;b) i beni acquisiti successivamente al matrimonio per effetto di donazione o successione, quando nell’atto di liberalità o nel testamento non è specificato che essi sono attribuiti alla comunione;c) i beni di uso strettamente personale di ciascun coniuge ed i loro accessori;d) i beni che servono all’esercizio della professione del coniuge, tranne quelli destinati alla conduzione di una azienda facente parte della comunione;e) i beni ottenuti a titolo di risarcimento del danno nonché la pensione attinente alla perdita parziale o totale della capacità lavorativa;f) i beni acquisiti con il prezzo del trasferimento dei beni personali sopraelencati o col loro scambio purché ciò sia espressamente dichiarato all’atto dell’acquisto.L’acquisto di beni immobili, o di beni mobili elencati nell’articolo 2683, effettuato dopo il matrimonio, è escluso dalla comunione, ai sensi delle lettere c), d) ed f) del precedente comma, quando tale esclusione risulti dall’atto di acquisto se di esso sia stato parte anche l’altro coniuge.
Art. 179 Beni personali	3. Quali tipi di beni di uso strettamente personale sono esclusi dalla comunione?	Non costituiscono oggetto della comunione e sono beni personali del coniuge :a) i beni di cui, prima del matrimonio, il coniuge era proprietario o rispetto ai quali era titolare di un diritto reale di godimento;b) i beni acquisiti successivamente al matrimonio per effetto di donazione o successione, quando nell’atto di liberalità o nel testamento non è specificato che essi sono attribuiti alla comunione;c) i beni di uso strettamente personale di ciascun coniuge ed i loro accessori;d) i beni che servono all’esercizio della professione del coniuge, tranne quelli destinati alla conduzione di una azienda facente parte della comunione;e) i beni ottenuti a titolo di risarcimento del danno nonché la pensione attinente alla perdita parziale o totale della capacità lavorativa;f) i beni acquisiti con il prezzo del trasferimento dei beni personali sopraelencati o col loro scambio purché ciò sia espressamente dichiarato all’atto dell’acquisto.L’acquisto di beni immobili, o di beni mobili elencati nell’articolo 2683, effettuato dopo il matrimonio, è escluso dalla comunione, ai sensi delle lettere c), d) ed f) del precedente comma, quando tale esclusione risulti dall’atto di acquisto se di esso sia stato parte anche l’altro coniuge.
Art. 179 Beni personali	4. Come vengono trattati i beni che servono all’esercizio della professione del coniuge in relazione alla comunione?	Non costituiscono oggetto della comunione e sono beni personali del coniuge :a) i beni di cui, prima del matrimonio, il coniuge era proprietario o rispetto ai quali era titolare di un diritto reale di godimento;b) i beni acquisiti successivamente al matrimonio per effetto di donazione o successione, quando nell’atto di liberalità o nel testamento non è specificato che essi sono attribuiti alla comunione;c) i beni di uso strettamente personale di ciascun coniuge ed i loro accessori;d) i beni che servono all’esercizio della professione del coniuge, tranne quelli destinati alla conduzione di una azienda facente parte della comunione;e) i beni ottenuti a titolo di risarcimento del danno nonché la pensione attinente alla perdita parziale o totale della capacità lavorativa;f) i beni acquisiti con il prezzo del trasferimento dei beni personali sopraelencati o col loro scambio purché ciò sia espressamente dichiarato all’atto dell’acquisto.L’acquisto di beni immobili, o di beni mobili elencati nell’articolo 2683, effettuato dopo il matrimonio, è escluso dalla comunione, ai sensi delle lettere c), d) ed f) del precedente comma, quando tale esclusione risulti dall’atto di acquisto se di esso sia stato parte anche l’altro coniuge.
Art. 179 Beni personali	5. Quali condizioni devono essere soddisfatte affinché i beni acquisiti con il prezzo del trasferimento di beni personali siano esclusi dalla comunione?	Non costituiscono oggetto della comunione e sono beni personali del coniuge :a) i beni di cui, prima del matrimonio, il coniuge era proprietario o rispetto ai quali era titolare di un diritto reale di godimento;b) i beni acquisiti successivamente al matrimonio per effetto di donazione o successione, quando nell’atto di liberalità o nel testamento non è specificato che essi sono attribuiti alla comunione;c) i beni di uso strettamente personale di ciascun coniuge ed i loro accessori;d) i beni che servono all’esercizio della professione del coniuge, tranne quelli destinati alla conduzione di una azienda facente parte della comunione;e) i beni ottenuti a titolo di risarcimento del danno nonché la pensione attinente alla perdita parziale o totale della capacità lavorativa;f) i beni acquisiti con il prezzo del trasferimento dei beni personali sopraelencati o col loro scambio purché ciò sia espressamente dichiarato all’atto dell’acquisto.L’acquisto di beni immobili, o di beni mobili elencati nell’articolo 2683, effettuato dopo il matrimonio, è escluso dalla comunione, ai sensi delle lettere c), d) ed f) del precedente comma, quando tale esclusione risulti dall’atto di acquisto se di esso sia stato parte anche l’altro coniuge.
Art. 180 Amministrazione dei beni della comunione	1. Chi ha il diritto di amministrare i beni della comunione e rappresentare in giudizio per gli atti relativi?	L’amministrazione dei beni della comunione e la rappresentanza in giudizio per gli atti ad essa relativi spettano disgiuntamente ad entrambi i coniugi.Il compimento degli atti eccedenti l’ordinaria amministrazione, nonché la stipula dei contratti con i quali si concedono o si acquistano diritti personali di godimento e la rappresentanza in giudizio per le relative azioni spettano congiuntamente ad entrambi i coniugi.
Art. 180 Amministrazione dei beni della comunione	2. Quali atti richiedono il consenso congiunto di entrambi i coniugi?	L’amministrazione dei beni della comunione e la rappresentanza in giudizio per gli atti ad essa relativi spettano disgiuntamente ad entrambi i coniugi.Il compimento degli atti eccedenti l’ordinaria amministrazione, nonché la stipula dei contratti con i quali si concedono o si acquistano diritti personali di godimento e la rappresentanza in giudizio per le relative azioni spettano congiuntamente ad entrambi i coniugi.
Art. 181 Rifiuto di consenso	1. Cosa può fare un coniuge se l'altro rifiuta il consenso per la stipulazione di un atto di straordinaria amministrazione?	Se uno dei coniugi rifiuta il consenso per la stipulazione di un atto di straordinaria amministrazione o per gli altri atti per cui il consenso è richiesto, l’altro coniuge può rivolgersi al giudice per ottenere l’autorizzazione nel caso in cui la stipulazione dell’atto è necessaria nell’interesse della famiglia o dell’azienda che a norma della lettera d) dell’art. 177 fa parte della comunione (38 att.).
Art. 181 Rifiuto di consenso	2. In quali circostanze il giudice può autorizzare la stipulazione di un atto di straordinaria amministrazione senza il consenso di uno dei coniugi?	Se uno dei coniugi rifiuta il consenso per la stipulazione di un atto di straordinaria amministrazione o per gli altri atti per cui il consenso è richiesto, l’altro coniuge può rivolgersi al giudice per ottenere l’autorizzazione nel caso in cui la stipulazione dell’atto è necessaria nell’interesse della famiglia o dell’azienda che a norma della lettera d) dell’art. 177 fa parte della comunione (38 att.).
Art. 181 Rifiuto di consenso	3. Quali sono gli atti per cui è richiesto il consenso di entrambi i coniugi secondo il testo?	Se uno dei coniugi rifiuta il consenso per la stipulazione di un atto di straordinaria amministrazione o per gli altri atti per cui il consenso è richiesto, l’altro coniuge può rivolgersi al giudice per ottenere l’autorizzazione nel caso in cui la stipulazione dell’atto è necessaria nell’interesse della famiglia o dell’azienda che a norma della lettera d) dell’art. 177 fa parte della comunione (38 att.).
Art. 181 Rifiuto di consenso	4. A quale articolo si fa riferimento per determinare se un'azienda fa parte della comunione dei beni?	Se uno dei coniugi rifiuta il consenso per la stipulazione di un atto di straordinaria amministrazione o per gli altri atti per cui il consenso è richiesto, l’altro coniuge può rivolgersi al giudice per ottenere l’autorizzazione nel caso in cui la stipulazione dell’atto è necessaria nell’interesse della famiglia o dell’azienda che a norma della lettera d) dell’art. 177 fa parte della comunione (38 att.).
Art. 182 Amministrazione affidata ad uno solo dei coniugi	1. Quali sono le condizioni necessarie affinché un coniuge possa compiere atti per i quali è richiesto il consenso di entrambi in caso di lontananza o impedimento dell'altro coniuge?	In caso di lontananza o di altro impedimento di uno dei coniugi l’altro, in mancanza di procura del primo risultante da atto pubblico o da scrittura privata autenticata, può compiere, previa autorizzazione del giudice e con le cautele eventualmente da questo stabilite, gli atti necessari per i quali è richiesto, a norma del l’art. 180, il consenso di entrambi i coniugi.Nel caso di gestione comune di azienda, uno dei coniugi può essere delegato dall’altro al compimento di tutti gli atti necessari all’attività dell’impresa.
Art. 182 Amministrazione affidata ad uno solo dei coniugi	2. In che modo uno dei coniugi può essere delegato dall'altro per il compimento di atti necessari all'attività di un'azienda gestita in comune?	In caso di lontananza o di altro impedimento di uno dei coniugi l’altro, in mancanza di procura del primo risultante da atto pubblico o da scrittura privata autenticata, può compiere, previa autorizzazione del giudice e con le cautele eventualmente da questo stabilite, gli atti necessari per i quali è richiesto, a norma del l’art. 180, il consenso di entrambi i coniugi.Nel caso di gestione comune di azienda, uno dei coniugi può essere delegato dall’altro al compimento di tutti gli atti necessari all’attività dell’impresa.
Art. 183 Esclusione dall’amministrazione	1. In quali circostanze un coniuge può chiedere al giudice di escludere l'altro coniuge dall'amministrazione?	Se uno dei coniugi è minore o non può amministrare ovvero se ha male amministrato, l’altro coniuge può chiedere al giudice di escluderlo dall’amministrazione (33 att.).Il coniuge privato dell’amministrazione può chiedere al giudice di esservi reintegrato, se sono venuti meno i motivi che hanno determinato l’esclusione.La esclusione opera di diritto riguardo al coniuge interdetto e permane sino a quando non sia cessato lo stato di interdizione.
Art. 183 Esclusione dall’amministrazione	2. Quali sono le condizioni necessarie affinché un coniuge escluso dall'amministrazione possa chiedere di essere reintegrato?	Se uno dei coniugi è minore o non può amministrare ovvero se ha male amministrato, l’altro coniuge può chiedere al giudice di escluderlo dall’amministrazione (33 att.).Il coniuge privato dell’amministrazione può chiedere al giudice di esservi reintegrato, se sono venuti meno i motivi che hanno determinato l’esclusione.La esclusione opera di diritto riguardo al coniuge interdetto e permane sino a quando non sia cessato lo stato di interdizione.
Art. 183 Esclusione dall’amministrazione	3. Cosa accade all'amministrazione nel caso in cui uno dei coniugi sia interdetto?	Se uno dei coniugi è minore o non può amministrare ovvero se ha male amministrato, l’altro coniuge può chiedere al giudice di escluderlo dall’amministrazione (33 att.).Il coniuge privato dell’amministrazione può chiedere al giudice di esservi reintegrato, se sono venuti meno i motivi che hanno determinato l’esclusione.La esclusione opera di diritto riguardo al coniuge interdetto e permane sino a quando non sia cessato lo stato di interdizione.
Art. 184 Atti compiuti senza il necessario consenso	1. Quali sono le conseguenze per un coniuge che compie atti riguardanti beni immobili senza il consenso dell'altro coniuge?	Gli atti compiuti da un coniuge senza il necessario consenso dell’altro coniuge e da questo non convalidati sono annullabili se riguardano beni immobili o beni mobili elencati nell’art. 2683 (1327 e seguenti).L’azione può essere proposta dal coniuge il cui consenso era necessario entro un anno dalla data in cui ha avuto conoscenza dell’atto e in ogni caso entro un anno dalla data di trascrizione. Se l’atto non sia stato trascritto e quando il coniuge non ne abbia avuto conoscenza prima dello scioglimento della comunione l’azione non può essere proposta oltre l’anno dallo scioglimento stesso.Se gli atti riguardano beni mobili diversi da quelli indicati nel primo comma, il coniuge che li ha compiuti senza il consenso dell’altro è obbligato su istanza di quest’ultimo a ricostruire la comunione nello stato in cui era prima del compimento dell’atto o, qualora ciò non sia possibile, al pagamento dell’equivalente secondo i valori correnti all’epoca della ricostituzione della comunione.
Art. 184 Atti compiuti senza il necessario consenso	2. Entro quale termine può essere proposta l'azione di annullamento da parte del coniuge il cui consenso era necessario?	Gli atti compiuti da un coniuge senza il necessario consenso dell’altro coniuge e da questo non convalidati sono annullabili se riguardano beni immobili o beni mobili elencati nell’art. 2683 (1327 e seguenti).L’azione può essere proposta dal coniuge il cui consenso era necessario entro un anno dalla data in cui ha avuto conoscenza dell’atto e in ogni caso entro un anno dalla data di trascrizione. Se l’atto non sia stato trascritto e quando il coniuge non ne abbia avuto conoscenza prima dello scioglimento della comunione l’azione non può essere proposta oltre l’anno dallo scioglimento stesso.Se gli atti riguardano beni mobili diversi da quelli indicati nel primo comma, il coniuge che li ha compiuti senza il consenso dell’altro è obbligato su istanza di quest’ultimo a ricostruire la comunione nello stato in cui era prima del compimento dell’atto o, qualora ciò non sia possibile, al pagamento dell’equivalente secondo i valori correnti all’epoca della ricostituzione della comunione.
Art. 184 Atti compiuti senza il necessario consenso	3. Cosa accade se l'atto non è stato trascritto e il coniuge non ne ha avuto conoscenza prima dello scioglimento della comunione?	Gli atti compiuti da un coniuge senza il necessario consenso dell’altro coniuge e da questo non convalidati sono annullabili se riguardano beni immobili o beni mobili elencati nell’art. 2683 (1327 e seguenti).L’azione può essere proposta dal coniuge il cui consenso era necessario entro un anno dalla data in cui ha avuto conoscenza dell’atto e in ogni caso entro un anno dalla data di trascrizione. Se l’atto non sia stato trascritto e quando il coniuge non ne abbia avuto conoscenza prima dello scioglimento della comunione l’azione non può essere proposta oltre l’anno dallo scioglimento stesso.Se gli atti riguardano beni mobili diversi da quelli indicati nel primo comma, il coniuge che li ha compiuti senza il consenso dell’altro è obbligato su istanza di quest’ultimo a ricostruire la comunione nello stato in cui era prima del compimento dell’atto o, qualora ciò non sia possibile, al pagamento dell’equivalente secondo i valori correnti all’epoca della ricostituzione della comunione.
Art. 184 Atti compiuti senza il necessario consenso	4. Quali obblighi ha il coniuge che compie atti riguardanti beni mobili non elencati nell'art. 2683 senza il consenso dell'altro coniuge?	Gli atti compiuti da un coniuge senza il necessario consenso dell’altro coniuge e da questo non convalidati sono annullabili se riguardano beni immobili o beni mobili elencati nell’art. 2683 (1327 e seguenti).L’azione può essere proposta dal coniuge il cui consenso era necessario entro un anno dalla data in cui ha avuto conoscenza dell’atto e in ogni caso entro un anno dalla data di trascrizione. Se l’atto non sia stato trascritto e quando il coniuge non ne abbia avuto conoscenza prima dello scioglimento della comunione l’azione non può essere proposta oltre l’anno dallo scioglimento stesso.Se gli atti riguardano beni mobili diversi da quelli indicati nel primo comma, il coniuge che li ha compiuti senza il consenso dell’altro è obbligato su istanza di quest’ultimo a ricostruire la comunione nello stato in cui era prima del compimento dell’atto o, qualora ciò non sia possibile, al pagamento dell’equivalente secondo i valori correnti all’epoca della ricostituzione della comunione.
Art. 185 Amministrazione dei beni personali del coniuge	1. Quali disposizioni si applicano all’amministrazione dei beni che non rientrano nella comunione o nel fondo patrimoniale?	All’amministrazione dei beni che non rientrano nella comunione o nel fondo patrimoniale (167 e seguenti) si applicano le disposizioni dei commi secondo, terzo e quarto dell’art. 217.
Art. 186 Obblighi gravanti sui beni della comunione	1. Di quali pesi ed oneri rispondono i beni della comunione al momento dell'acquisto?	I beni della comunione rispondono: a) di tutti i pesi ed oneri gravanti su di essi al momento dell’acquisto; b) di tutti i carichi dell’amministrazione; c) delle spese per il mantenimento della famiglia e per l’istruzione e l’educazione dei figli e di ogni obbligazione contratta dai coniugi, anche separatamente, nell’interesse della famiglia; d) di ogni obbligazione contratta congiuntamente dai coniugi.
Art. 186 Obblighi gravanti sui beni della comunione	2. Quali carichi devono essere coperti dai beni della comunione in relazione all'amministrazione?	I beni della comunione rispondono: a) di tutti i pesi ed oneri gravanti su di essi al momento dell’acquisto; b) di tutti i carichi dell’amministrazione; c) delle spese per il mantenimento della famiglia e per l’istruzione e l’educazione dei figli e di ogni obbligazione contratta dai coniugi, anche separatamente, nell’interesse della famiglia; d) di ogni obbligazione contratta congiuntamente dai coniugi.
Art. 186 Obblighi gravanti sui beni della comunione	3. Le spese per il mantenimento della famiglia e per l'istruzione ed educazione dei figli sono coperte dai beni della comunione?	I beni della comunione rispondono: a) di tutti i pesi ed oneri gravanti su di essi al momento dell’acquisto; b) di tutti i carichi dell’amministrazione; c) delle spese per il mantenimento della famiglia e per l’istruzione e l’educazione dei figli e di ogni obbligazione contratta dai coniugi, anche separatamente, nell’interesse della famiglia; d) di ogni obbligazione contratta congiuntamente dai coniugi.
Art. 186 Obblighi gravanti sui beni della comunione	4. I beni della comunione rispondono delle obbligazioni contratte separatamente dai coniugi nell'interesse della famiglia?	I beni della comunione rispondono: a) di tutti i pesi ed oneri gravanti su di essi al momento dell’acquisto; b) di tutti i carichi dell’amministrazione; c) delle spese per il mantenimento della famiglia e per l’istruzione e l’educazione dei figli e di ogni obbligazione contratta dai coniugi, anche separatamente, nell’interesse della famiglia; d) di ogni obbligazione contratta congiuntamente dai coniugi.
Art. 186 Obblighi gravanti sui beni della comunione	5. Le obbligazioni contratte congiuntamente dai coniugi sono coperte dai beni della comunione?	I beni della comunione rispondono: a) di tutti i pesi ed oneri gravanti su di essi al momento dell’acquisto; b) di tutti i carichi dell’amministrazione; c) delle spese per il mantenimento della famiglia e per l’istruzione e l’educazione dei figli e di ogni obbligazione contratta dai coniugi, anche separatamente, nell’interesse della famiglia; d) di ogni obbligazione contratta congiuntamente dai coniugi.
Art. 187 Obbligazioni contratte dai coniugi prima del matrimonio	1. I beni della comunione rispondono delle obbligazioni contratte da uno dei coniugi prima del matrimonio?	I beni della comunione, salvo quanto disposto nell’art. 189, non rispondono delle obbligazioni contratte da uno dei coniugi prima del matrimonio.
Art. 188 Obbligazioni derivanti da donazioni o successioni	1. I beni della comunione rispondono delle obbligazioni derivanti da donazioni e successioni conseguite dai coniugi durante il matrimonio?	I beni della comunione, salvo quanto disposto nell’art. 189, non rispondono delle obbligazioni da cui sono gravate le donazioni e le successioni (752 e seguenti) conseguite dai coniugi durante il matrimonio e non attribuite alla comunione (179 e seguenti).
Art. 189 Obbligazioni contratte separatamente dai coniugi	1. In quali circostanze i beni della comunione rispondono delle obbligazioni contratte da uno dei coniugi?	I beni della comunione fino al valore corrispondente alla quota del coniuge obbligato, rispondono, quando i creditori non possono soddisfarsi sui beni personali delle obbligazioni contratte dopo il matrimonio, da uno dei coniugi per il compimento di atti eccedenti l’ordinaria amministrazione senza il necessario consenso dell’altro.I creditori particolari di uno dei coniugi, anche se il credito è sorto anteriormente al matrimonio, possono soddisfarsi in via sussidiaria sui beni della comunione, fino al valore corrispondente alla quota del coniuge obbligato. Ad essi, se chirografari, sono preferiti i creditori della comunione.
Art. 189 Obbligazioni contratte separatamente dai coniugi	2. I creditori particolari di uno dei coniugi possono soddisfarsi sui beni della comunione se il credito è sorto anteriormente al matrimonio?	I beni della comunione fino al valore corrispondente alla quota del coniuge obbligato, rispondono, quando i creditori non possono soddisfarsi sui beni personali delle obbligazioni contratte dopo il matrimonio, da uno dei coniugi per il compimento di atti eccedenti l’ordinaria amministrazione senza il necessario consenso dell’altro.I creditori particolari di uno dei coniugi, anche se il credito è sorto anteriormente al matrimonio, possono soddisfarsi in via sussidiaria sui beni della comunione, fino al valore corrispondente alla quota del coniuge obbligato. Ad essi, se chirografari, sono preferiti i creditori della comunione.
Art. 189 Obbligazioni contratte separatamente dai coniugi	3. Quali creditori sono preferiti nel soddisfacimento sui beni della comunione, i creditori particolari di uno dei coniugi o i creditori della comunione?	I beni della comunione fino al valore corrispondente alla quota del coniuge obbligato, rispondono, quando i creditori non possono soddisfarsi sui beni personali delle obbligazioni contratte dopo il matrimonio, da uno dei coniugi per il compimento di atti eccedenti l’ordinaria amministrazione senza il necessario consenso dell’altro.I creditori particolari di uno dei coniugi, anche se il credito è sorto anteriormente al matrimonio, possono soddisfarsi in via sussidiaria sui beni della comunione, fino al valore corrispondente alla quota del coniuge obbligato. Ad essi, se chirografari, sono preferiti i creditori della comunione.
Art. 190 Responsabilità sussidiaria dei beni personali	1. In quale misura i creditori possono agire sui beni personali di ciascuno dei coniugi quando i beni della comunione non sono sufficienti a soddisfare i debiti?	I creditori possono agire in via sussidiaria sui beni personali di ciascuno dei coniugi, nella misura della metà del credito, quando i beni della comunione non sono sufficienti a soddisfare i debiti su di essa gravanti.
Art. 191 Scioglimento della comunione	1. Quali sono le cause che possono portare allo scioglimento della comunione tra coniugi?	La comunione si scioglie per la dichiarazione di assenza o di morte presunta, di uno dei coniugi, per l’annullamento, per lo scioglimento o per la cessazione degli effetti civili del matrimonio, per la separazione personale, per la separazione giudiziale dei beni, per mutamento convenzionale del regime patrimoniale, per il fallimento di uno dei coniugi (150 e seguenti).Nel caso di azienda di cui alla lettera d) dell’art. 177, lo scioglimento della comunione può essere deciso, per accordo dei coniugi, osservata la forma prevista dall’art. 162.
Art. 191 Scioglimento della comunione	2. In che modo può essere deciso lo scioglimento della comunione nel caso di un'azienda di cui alla lettera d) dell'art. 177?	La comunione si scioglie per la dichiarazione di assenza o di morte presunta, di uno dei coniugi, per l’annullamento, per lo scioglimento o per la cessazione degli effetti civili del matrimonio, per la separazione personale, per la separazione giudiziale dei beni, per mutamento convenzionale del regime patrimoniale, per il fallimento di uno dei coniugi (150 e seguenti).Nel caso di azienda di cui alla lettera d) dell’art. 177, lo scioglimento della comunione può essere deciso, per accordo dei coniugi, osservata la forma prevista dall’art. 162.
Art. 192 Rimborsi e restituzioni	1. Quali somme devono essere rimborsate alla comunione dai coniugi?	Ciascuno dei coniugi è tenuto a rimborsare alla comunione le somme prelevate dal patrimonio comune per fini diversi dall’adempimento delle obbligazioni previste dall’art. 186.E’ tenuto altresì a rimborsare il valore dei beni di cui all’art. 189, a meno che, trattandosi di atto di straordinaria amministrazione da lui compiuto, dimostri che l’atto stesso sia stato vantaggioso per la comunione o abbia soddisfatto una necessità della famiglia.Ciascuno dei coniugi può richiedere la restituzione delle somme prelevate dal patrimonio personale ed impiegate in spese ed investimenti del patrimonio comune.I rimborsi e le restituzioni si effettuano al momento dello scioglimento della comunione; tuttavia il giudice può autorizzarli in un momento anteriore se l’interesse della famiglia lo esige o lo consente.Il coniuge che risulta creditore può chiedere di prelevare beni comuni sino a concorrenza del proprio credito. In caso di dissenso si applica il quarto comma. I prelievi si effettuano sul denaro, quindi sui mobili e infine sugli immobili (38 att., 180).
Art. 192 Rimborsi e restituzioni	2. In quali circostanze un coniuge è tenuto a rimborsare il valore dei beni di cui all’art. 189?	Ciascuno dei coniugi è tenuto a rimborsare alla comunione le somme prelevate dal patrimonio comune per fini diversi dall’adempimento delle obbligazioni previste dall’art. 186.E’ tenuto altresì a rimborsare il valore dei beni di cui all’art. 189, a meno che, trattandosi di atto di straordinaria amministrazione da lui compiuto, dimostri che l’atto stesso sia stato vantaggioso per la comunione o abbia soddisfatto una necessità della famiglia.Ciascuno dei coniugi può richiedere la restituzione delle somme prelevate dal patrimonio personale ed impiegate in spese ed investimenti del patrimonio comune.I rimborsi e le restituzioni si effettuano al momento dello scioglimento della comunione; tuttavia il giudice può autorizzarli in un momento anteriore se l’interesse della famiglia lo esige o lo consente.Il coniuge che risulta creditore può chiedere di prelevare beni comuni sino a concorrenza del proprio credito. In caso di dissenso si applica il quarto comma. I prelievi si effettuano sul denaro, quindi sui mobili e infine sugli immobili (38 att., 180).
Art. 192 Rimborsi e restituzioni	3. Quali condizioni devono essere soddisfatte affinché un atto di straordinaria amministrazione non richieda il rimborso alla comunione?	Ciascuno dei coniugi è tenuto a rimborsare alla comunione le somme prelevate dal patrimonio comune per fini diversi dall’adempimento delle obbligazioni previste dall’art. 186.E’ tenuto altresì a rimborsare il valore dei beni di cui all’art. 189, a meno che, trattandosi di atto di straordinaria amministrazione da lui compiuto, dimostri che l’atto stesso sia stato vantaggioso per la comunione o abbia soddisfatto una necessità della famiglia.Ciascuno dei coniugi può richiedere la restituzione delle somme prelevate dal patrimonio personale ed impiegate in spese ed investimenti del patrimonio comune.I rimborsi e le restituzioni si effettuano al momento dello scioglimento della comunione; tuttavia il giudice può autorizzarli in un momento anteriore se l’interesse della famiglia lo esige o lo consente.Il coniuge che risulta creditore può chiedere di prelevare beni comuni sino a concorrenza del proprio credito. In caso di dissenso si applica il quarto comma. I prelievi si effettuano sul denaro, quindi sui mobili e infine sugli immobili (38 att., 180).
Art. 192 Rimborsi e restituzioni	4. Quando ciascuno dei coniugi può richiedere la restituzione delle somme prelevate dal patrimonio personale?	Ciascuno dei coniugi è tenuto a rimborsare alla comunione le somme prelevate dal patrimonio comune per fini diversi dall’adempimento delle obbligazioni previste dall’art. 186.E’ tenuto altresì a rimborsare il valore dei beni di cui all’art. 189, a meno che, trattandosi di atto di straordinaria amministrazione da lui compiuto, dimostri che l’atto stesso sia stato vantaggioso per la comunione o abbia soddisfatto una necessità della famiglia.Ciascuno dei coniugi può richiedere la restituzione delle somme prelevate dal patrimonio personale ed impiegate in spese ed investimenti del patrimonio comune.I rimborsi e le restituzioni si effettuano al momento dello scioglimento della comunione; tuttavia il giudice può autorizzarli in un momento anteriore se l’interesse della famiglia lo esige o lo consente.Il coniuge che risulta creditore può chiedere di prelevare beni comuni sino a concorrenza del proprio credito. In caso di dissenso si applica il quarto comma. I prelievi si effettuano sul denaro, quindi sui mobili e infine sugli immobili (38 att., 180).
Art. 192 Rimborsi e restituzioni	5. In quale momento si effettuano i rimborsi e le restituzioni delle somme prelevate dal patrimonio comune o personale?	Ciascuno dei coniugi è tenuto a rimborsare alla comunione le somme prelevate dal patrimonio comune per fini diversi dall’adempimento delle obbligazioni previste dall’art. 186.E’ tenuto altresì a rimborsare il valore dei beni di cui all’art. 189, a meno che, trattandosi di atto di straordinaria amministrazione da lui compiuto, dimostri che l’atto stesso sia stato vantaggioso per la comunione o abbia soddisfatto una necessità della famiglia.Ciascuno dei coniugi può richiedere la restituzione delle somme prelevate dal patrimonio personale ed impiegate in spese ed investimenti del patrimonio comune.I rimborsi e le restituzioni si effettuano al momento dello scioglimento della comunione; tuttavia il giudice può autorizzarli in un momento anteriore se l’interesse della famiglia lo esige o lo consente.Il coniuge che risulta creditore può chiedere di prelevare beni comuni sino a concorrenza del proprio credito. In caso di dissenso si applica il quarto comma. I prelievi si effettuano sul denaro, quindi sui mobili e infine sugli immobili (38 att., 180).
Art. 192 Rimborsi e restituzioni	6. In quali circostanze il giudice può autorizzare i rimborsi e le restituzioni in un momento anteriore allo scioglimento della comunione?	Ciascuno dei coniugi è tenuto a rimborsare alla comunione le somme prelevate dal patrimonio comune per fini diversi dall’adempimento delle obbligazioni previste dall’art. 186.E’ tenuto altresì a rimborsare il valore dei beni di cui all’art. 189, a meno che, trattandosi di atto di straordinaria amministrazione da lui compiuto, dimostri che l’atto stesso sia stato vantaggioso per la comunione o abbia soddisfatto una necessità della famiglia.Ciascuno dei coniugi può richiedere la restituzione delle somme prelevate dal patrimonio personale ed impiegate in spese ed investimenti del patrimonio comune.I rimborsi e le restituzioni si effettuano al momento dello scioglimento della comunione; tuttavia il giudice può autorizzarli in un momento anteriore se l’interesse della famiglia lo esige o lo consente.Il coniuge che risulta creditore può chiedere di prelevare beni comuni sino a concorrenza del proprio credito. In caso di dissenso si applica il quarto comma. I prelievi si effettuano sul denaro, quindi sui mobili e infine sugli immobili (38 att., 180).
Art. 192 Rimborsi e restituzioni	7. Quali beni può prelevare il coniuge creditore in caso di dissenso?	Ciascuno dei coniugi è tenuto a rimborsare alla comunione le somme prelevate dal patrimonio comune per fini diversi dall’adempimento delle obbligazioni previste dall’art. 186.E’ tenuto altresì a rimborsare il valore dei beni di cui all’art. 189, a meno che, trattandosi di atto di straordinaria amministrazione da lui compiuto, dimostri che l’atto stesso sia stato vantaggioso per la comunione o abbia soddisfatto una necessità della famiglia.Ciascuno dei coniugi può richiedere la restituzione delle somme prelevate dal patrimonio personale ed impiegate in spese ed investimenti del patrimonio comune.I rimborsi e le restituzioni si effettuano al momento dello scioglimento della comunione; tuttavia il giudice può autorizzarli in un momento anteriore se l’interesse della famiglia lo esige o lo consente.Il coniuge che risulta creditore può chiedere di prelevare beni comuni sino a concorrenza del proprio credito. In caso di dissenso si applica il quarto comma. I prelievi si effettuano sul denaro, quindi sui mobili e infine sugli immobili (38 att., 180).
Art. 192 Rimborsi e restituzioni	8. Qual è l'ordine di prelievo dei beni comuni in caso di credito di un coniuge?	Ciascuno dei coniugi è tenuto a rimborsare alla comunione le somme prelevate dal patrimonio comune per fini diversi dall’adempimento delle obbligazioni previste dall’art. 186.E’ tenuto altresì a rimborsare il valore dei beni di cui all’art. 189, a meno che, trattandosi di atto di straordinaria amministrazione da lui compiuto, dimostri che l’atto stesso sia stato vantaggioso per la comunione o abbia soddisfatto una necessità della famiglia.Ciascuno dei coniugi può richiedere la restituzione delle somme prelevate dal patrimonio personale ed impiegate in spese ed investimenti del patrimonio comune.I rimborsi e le restituzioni si effettuano al momento dello scioglimento della comunione; tuttavia il giudice può autorizzarli in un momento anteriore se l’interesse della famiglia lo esige o lo consente.Il coniuge che risulta creditore può chiedere di prelevare beni comuni sino a concorrenza del proprio credito. In caso di dissenso si applica il quarto comma. I prelievi si effettuano sul denaro, quindi sui mobili e infine sugli immobili (38 att., 180).
Art. 193 Separazione giudiziale dei beni	1. In quali casi può essere pronunziata la separazione giudiziale dei beni?	La separazione giudiziale dei beni può essere pronunziata in caso di interdizione o di inabilitazione di uno dei coniugi o di cattiva amministrazione della comunione.Può altresì essere pronunziata quando il disordine degli affari di uno dei coniugi o la condotta da questi tenuta nell’amministrazione dei beni mette in pericolo gli interessi dell’altro o della comunione o della famiglia, oppure quando uno dei coniugi non contribuisce ai bisogni di questa in misura proporzionale alle proprie sostanze o capacità di lavoro.La separazione può essere chiesta da uno dei coniugi o dal suo legale rappresentante.La sentenza che pronunzia la separazione retroagisce al giorno in cui è stata proposta la domanda ed ha l’effetto di instaurare il regime di separazione dei beni regolato nella sezione V del presente capo, salvi i diritti dei terzi.La sentenza è annotata a margine dell’atto di matrimonio e sull’originale delle convenzioni matrimoniali.
Art. 193 Separazione giudiziale dei beni	2. Chi può chiedere la separazione giudiziale dei beni?	La separazione giudiziale dei beni può essere pronunziata in caso di interdizione o di inabilitazione di uno dei coniugi o di cattiva amministrazione della comunione.Può altresì essere pronunziata quando il disordine degli affari di uno dei coniugi o la condotta da questi tenuta nell’amministrazione dei beni mette in pericolo gli interessi dell’altro o della comunione o della famiglia, oppure quando uno dei coniugi non contribuisce ai bisogni di questa in misura proporzionale alle proprie sostanze o capacità di lavoro.La separazione può essere chiesta da uno dei coniugi o dal suo legale rappresentante.La sentenza che pronunzia la separazione retroagisce al giorno in cui è stata proposta la domanda ed ha l’effetto di instaurare il regime di separazione dei beni regolato nella sezione V del presente capo, salvi i diritti dei terzi.La sentenza è annotata a margine dell’atto di matrimonio e sull’originale delle convenzioni matrimoniali.
Art. 193 Separazione giudiziale dei beni	3. Quali sono le conseguenze della sentenza che pronunzia la separazione dei beni?	La separazione giudiziale dei beni può essere pronunziata in caso di interdizione o di inabilitazione di uno dei coniugi o di cattiva amministrazione della comunione.Può altresì essere pronunziata quando il disordine degli affari di uno dei coniugi o la condotta da questi tenuta nell’amministrazione dei beni mette in pericolo gli interessi dell’altro o della comunione o della famiglia, oppure quando uno dei coniugi non contribuisce ai bisogni di questa in misura proporzionale alle proprie sostanze o capacità di lavoro.La separazione può essere chiesta da uno dei coniugi o dal suo legale rappresentante.La sentenza che pronunzia la separazione retroagisce al giorno in cui è stata proposta la domanda ed ha l’effetto di instaurare il regime di separazione dei beni regolato nella sezione V del presente capo, salvi i diritti dei terzi.La sentenza è annotata a margine dell’atto di matrimonio e sull’originale delle convenzioni matrimoniali.
Art. 193 Separazione giudiziale dei beni	4. A partire da quale momento la sentenza di separazione dei beni retroagisce?	La separazione giudiziale dei beni può essere pronunziata in caso di interdizione o di inabilitazione di uno dei coniugi o di cattiva amministrazione della comunione.Può altresì essere pronunziata quando il disordine degli affari di uno dei coniugi o la condotta da questi tenuta nell’amministrazione dei beni mette in pericolo gli interessi dell’altro o della comunione o della famiglia, oppure quando uno dei coniugi non contribuisce ai bisogni di questa in misura proporzionale alle proprie sostanze o capacità di lavoro.La separazione può essere chiesta da uno dei coniugi o dal suo legale rappresentante.La sentenza che pronunzia la separazione retroagisce al giorno in cui è stata proposta la domanda ed ha l’effetto di instaurare il regime di separazione dei beni regolato nella sezione V del presente capo, salvi i diritti dei terzi.La sentenza è annotata a margine dell’atto di matrimonio e sull’originale delle convenzioni matrimoniali.
Art. 193 Separazione giudiziale dei beni	5. Dove viene annotata la sentenza di separazione dei beni?	La separazione giudiziale dei beni può essere pronunziata in caso di interdizione o di inabilitazione di uno dei coniugi o di cattiva amministrazione della comunione.Può altresì essere pronunziata quando il disordine degli affari di uno dei coniugi o la condotta da questi tenuta nell’amministrazione dei beni mette in pericolo gli interessi dell’altro o della comunione o della famiglia, oppure quando uno dei coniugi non contribuisce ai bisogni di questa in misura proporzionale alle proprie sostanze o capacità di lavoro.La separazione può essere chiesta da uno dei coniugi o dal suo legale rappresentante.La sentenza che pronunzia la separazione retroagisce al giorno in cui è stata proposta la domanda ed ha l’effetto di instaurare il regime di separazione dei beni regolato nella sezione V del presente capo, salvi i diritti dei terzi.La sentenza è annotata a margine dell’atto di matrimonio e sull’originale delle convenzioni matrimoniali.
Art. 193 Separazione giudiziale dei beni	6. Quali diritti sono salvaguardati dalla sentenza di separazione dei beni?	La separazione giudiziale dei beni può essere pronunziata in caso di interdizione o di inabilitazione di uno dei coniugi o di cattiva amministrazione della comunione.Può altresì essere pronunziata quando il disordine degli affari di uno dei coniugi o la condotta da questi tenuta nell’amministrazione dei beni mette in pericolo gli interessi dell’altro o della comunione o della famiglia, oppure quando uno dei coniugi non contribuisce ai bisogni di questa in misura proporzionale alle proprie sostanze o capacità di lavoro.La separazione può essere chiesta da uno dei coniugi o dal suo legale rappresentante.La sentenza che pronunzia la separazione retroagisce al giorno in cui è stata proposta la domanda ed ha l’effetto di instaurare il regime di separazione dei beni regolato nella sezione V del presente capo, salvi i diritti dei terzi.La sentenza è annotata a margine dell’atto di matrimonio e sull’originale delle convenzioni matrimoniali.
Art. 194 Divisione dei beni della comunione	1. In che modo si effettua la divisione dei beni della comunione legale?	La divisione dei beni della comunione legale si effettua ripartendo in parti eguali l’attivo e il passivo.Il giudice (38 att.), in relazione alle necessità della prole e all’affidamento di essa, può costituire a favore di uno dei coniugi l’usufrutto su una parte dei beni spettanti all’altro coniuge.
Art. 194 Divisione dei beni della comunione	2. Quali considerazioni può fare il giudice in relazione alla costituzione dell'usufrutto a favore di uno dei coniugi?	La divisione dei beni della comunione legale si effettua ripartendo in parti eguali l’attivo e il passivo.Il giudice (38 att.), in relazione alle necessità della prole e all’affidamento di essa, può costituire a favore di uno dei coniugi l’usufrutto su una parte dei beni spettanti all’altro coniuge.
Art. 195 Prelevamento dei beni mobili	1. Quali beni mobili hanno diritto di prelevare i coniugi o i loro eredi nella divisione?	Nella divisione i coniugi o i loro eredi hanno diritto di prelevare i beni mobili che appartenevano ai coniugi stessi prima della comunione o che sono ad essi pervenuti durante la medesima per successione o donazione. In mancanza di prova contraria si presume che i beni mobili facciano parte della comunione.
Art. 195 Prelevamento dei beni mobili	2. Cosa si presume in mancanza di prova contraria riguardo ai beni mobili?	Nella divisione i coniugi o i loro eredi hanno diritto di prelevare i beni mobili che appartenevano ai coniugi stessi prima della comunione o che sono ad essi pervenuti durante la medesima per successione o donazione. In mancanza di prova contraria si presume che i beni mobili facciano parte della comunione.
Art. 196 Ripetizione del valore in caso di mancanza delle cose da prelevare	1. Cosa possono fare il coniuge o i suoi eredi se non si trovano i beni mobili che hanno diritto di prelevare a norma dell’articolo precedente?	Se non si trovano i beni mobili che il coniuge o i suoi eredi hanno diritto di prelevare a norma dell’articolo precedente essi possono ripeterne il valore, provandone l’ammontare anche per notorietà, salvo che la mancanza di quei beni sia dovuta a consumazione per uso o perimento o per altra causa non imputabile all’altro coniuge.
Art. 196 Ripetizione del valore in caso di mancanza delle cose da prelevare	2. Come possono il coniuge o i suoi eredi provare l'ammontare del valore dei beni mobili non trovati?	Se non si trovano i beni mobili che il coniuge o i suoi eredi hanno diritto di prelevare a norma dell’articolo precedente essi possono ripeterne il valore, provandone l’ammontare anche per notorietà, salvo che la mancanza di quei beni sia dovuta a consumazione per uso o perimento o per altra causa non imputabile all’altro coniuge.
Art. 196 Ripetizione del valore in caso di mancanza delle cose da prelevare	3. In quali casi non è possibile ripetere il valore dei beni mobili non trovati?	Se non si trovano i beni mobili che il coniuge o i suoi eredi hanno diritto di prelevare a norma dell’articolo precedente essi possono ripeterne il valore, provandone l’ammontare anche per notorietà, salvo che la mancanza di quei beni sia dovuta a consumazione per uso o perimento o per altra causa non imputabile all’altro coniuge.
Art. 197 Limiti al prelevamento nei riguardi dei terzi	1. In quali circostanze il prelevamento autorizzato dagli articoli precedenti non può essere effettuato a pregiudizio dei terzi?	Il prelevamento autorizzato dagli articoli precedenti non può farsi, a pregiudizio dei terzi, qualora la proprietà individuale dei beni non risulti da atto avente data certa. E’ fatto salvo al coniuge o ai suoi eredi il diritto di regresso sui beni della comunione spettanti all’altro coniuge nonché sugli altri beni di lui.
Art. 197 Limiti al prelevamento nei riguardi dei terzi	2. Quali diritti sono fatti salvi al coniuge o ai suoi eredi in caso di prelevamento autorizzato?	Il prelevamento autorizzato dagli articoli precedenti non può farsi, a pregiudizio dei terzi, qualora la proprietà individuale dei beni non risulti da atto avente data certa. E’ fatto salvo al coniuge o ai suoi eredi il diritto di regresso sui beni della comunione spettanti all’altro coniuge nonché sugli altri beni di lui.
Art. 210 Modifiche convenzionali alla comunione legale dei beni	1. Quali articoli del codice civile regolano la possibilità per i coniugi di modificare il regime della comunione legale dei beni?	I coniugi possono, mediante convenzione stipulata a norma dell’art. 162, modificare il regime della comunione legale dei beni purché i patti non siano in contrasto con le disposizioni dell’art. 161.I beni indicati alle lettere c), d) ed e) dell’art. 179 non possono essere compresi nella comunione convenzionale.Non sono derogabili le norme della comunione legale relative all’amministrazione dei beni della comunione (180 e seguenti) e all’uguaglianza delle quote limitatamente ai beni che formerebbero oggetto della comunione legale (177 e seguenti).
Art. 210 Modifiche convenzionali alla comunione legale dei beni	2. Quali beni non possono essere inclusi nella comunione convenzionale secondo l'art. 179?	I coniugi possono, mediante convenzione stipulata a norma dell’art. 162, modificare il regime della comunione legale dei beni purché i patti non siano in contrasto con le disposizioni dell’art. 161.I beni indicati alle lettere c), d) ed e) dell’art. 179 non possono essere compresi nella comunione convenzionale.Non sono derogabili le norme della comunione legale relative all’amministrazione dei beni della comunione (180 e seguenti) e all’uguaglianza delle quote limitatamente ai beni che formerebbero oggetto della comunione legale (177 e seguenti).
Art. 210 Modifiche convenzionali alla comunione legale dei beni	3. Quali norme della comunione legale non sono derogabili in base al testo?	I coniugi possono, mediante convenzione stipulata a norma dell’art. 162, modificare il regime della comunione legale dei beni purché i patti non siano in contrasto con le disposizioni dell’art. 161.I beni indicati alle lettere c), d) ed e) dell’art. 179 non possono essere compresi nella comunione convenzionale.Non sono derogabili le norme della comunione legale relative all’amministrazione dei beni della comunione (180 e seguenti) e all’uguaglianza delle quote limitatamente ai beni che formerebbero oggetto della comunione legale (177 e seguenti).
Art. 211 Obbligazioni dei coniugi contratte prima del matrimonio	1. I beni della comunione rispondono delle obbligazioni contratte da uno dei coniugi prima del matrimonio?	I beni della comunione rispondono delle obbligazioni contratte da uno dei coniugi prima del matrimonio limitatamente al valore dei beni di proprietà del coniuge stesso prima del matrimonio che, in base a convenzione stipulata a norma dell’art. 162, sono entrati a far parte della comunione dei beni.
Art. 211 Obbligazioni dei coniugi contratte prima del matrimonio	2. Qual è il limite di responsabilità dei beni della comunione per le obbligazioni contratte da uno dei coniugi prima del matrimonio?	I beni della comunione rispondono delle obbligazioni contratte da uno dei coniugi prima del matrimonio limitatamente al valore dei beni di proprietà del coniuge stesso prima del matrimonio che, in base a convenzione stipulata a norma dell’art. 162, sono entrati a far parte della comunione dei beni.
Art. 211 Obbligazioni dei coniugi contratte prima del matrimonio	3. Quali beni devono essere entrati a far parte della comunione dei beni per rispondere delle obbligazioni contratte da uno dei coniugi prima del matrimonio?	I beni della comunione rispondono delle obbligazioni contratte da uno dei coniugi prima del matrimonio limitatamente al valore dei beni di proprietà del coniuge stesso prima del matrimonio che, in base a convenzione stipulata a norma dell’art. 162, sono entrati a far parte della comunione dei beni.
Art. 211 Obbligazioni dei coniugi contratte prima del matrimonio	4. In base a quale articolo deve essere stipulata la convenzione per far entrare i beni di proprietà di un coniuge prima del matrimonio nella comunione dei beni?	I beni della comunione rispondono delle obbligazioni contratte da uno dei coniugi prima del matrimonio limitatamente al valore dei beni di proprietà del coniuge stesso prima del matrimonio che, in base a convenzione stipulata a norma dell’art. 162, sono entrati a far parte della comunione dei beni.
Art. 215	1. I coniugi possono stabilire che ciascuno di essi mantenga la titolarità esclusiva dei beni acquistati durante il matrimonio?	I coniugi possono convenire che ciascuno di essi conservi la titolarità esclusiva dei beni acquistati durante il matrimonio.
Art. 217 Amministrazione e godimento dei beni	1. Quali sono le responsabilità di un coniuge che amministra i beni dell'altro con procura e con l'obbligo di rendere conto dei frutti?	Ciascun coniuge ha il godimento e l’amministrazione dei beni di cui è titolare esclusivo.Se ad uno dei coniugi è stata conferita la procura ad amministrare i beni dell’altro con l’obbligo di rendere conto dei frutti, egli è tenuto verso l’altro coniuge secondo le regole del mandato.Se uno dei coniugi ha amministrato i beni dell’altro con procura senza l’obbligo di rendere conto dei frutti, egli ed i suoi eredi, a richiesta dell’altro coniuge o allo scioglimento o alla cessazione degli effetti civili del matrimonio, sono tenuti a consegnare i frutti esistenti e non rispondono per quelli consumati.Se uno dei coniugi, nonostante l’opposizione dell’altro, amministra i beni di questo o comunque compie atti relativi a detti beni risponde dei danni e della mancata percezione dei frutti.
Art. 217 Amministrazione e godimento dei beni	2. Cosa accade se un coniuge amministra i beni dell'altro con procura ma senza l'obbligo di rendere conto dei frutti?	Ciascun coniuge ha il godimento e l’amministrazione dei beni di cui è titolare esclusivo.Se ad uno dei coniugi è stata conferita la procura ad amministrare i beni dell’altro con l’obbligo di rendere conto dei frutti, egli è tenuto verso l’altro coniuge secondo le regole del mandato.Se uno dei coniugi ha amministrato i beni dell’altro con procura senza l’obbligo di rendere conto dei frutti, egli ed i suoi eredi, a richiesta dell’altro coniuge o allo scioglimento o alla cessazione degli effetti civili del matrimonio, sono tenuti a consegnare i frutti esistenti e non rispondono per quelli consumati.Se uno dei coniugi, nonostante l’opposizione dell’altro, amministra i beni di questo o comunque compie atti relativi a detti beni risponde dei danni e della mancata percezione dei frutti.
Art. 217 Amministrazione e godimento dei beni	3. Quali sono le conseguenze per un coniuge che amministra i beni dell'altro nonostante l'opposizione di quest'ultimo?	Ciascun coniuge ha il godimento e l’amministrazione dei beni di cui è titolare esclusivo.Se ad uno dei coniugi è stata conferita la procura ad amministrare i beni dell’altro con l’obbligo di rendere conto dei frutti, egli è tenuto verso l’altro coniuge secondo le regole del mandato.Se uno dei coniugi ha amministrato i beni dell’altro con procura senza l’obbligo di rendere conto dei frutti, egli ed i suoi eredi, a richiesta dell’altro coniuge o allo scioglimento o alla cessazione degli effetti civili del matrimonio, sono tenuti a consegnare i frutti esistenti e non rispondono per quelli consumati.Se uno dei coniugi, nonostante l’opposizione dell’altro, amministra i beni di questo o comunque compie atti relativi a detti beni risponde dei danni e della mancata percezione dei frutti.
Art. 217 Amministrazione e godimento dei beni	4. In quali circostanze un coniuge è tenuto a consegnare i frutti esistenti dei beni amministrati dell'altro coniuge?	Ciascun coniuge ha il godimento e l’amministrazione dei beni di cui è titolare esclusivo.Se ad uno dei coniugi è stata conferita la procura ad amministrare i beni dell’altro con l’obbligo di rendere conto dei frutti, egli è tenuto verso l’altro coniuge secondo le regole del mandato.Se uno dei coniugi ha amministrato i beni dell’altro con procura senza l’obbligo di rendere conto dei frutti, egli ed i suoi eredi, a richiesta dell’altro coniuge o allo scioglimento o alla cessazione degli effetti civili del matrimonio, sono tenuti a consegnare i frutti esistenti e non rispondono per quelli consumati.Se uno dei coniugi, nonostante l’opposizione dell’altro, amministra i beni di questo o comunque compie atti relativi a detti beni risponde dei danni e della mancata percezione dei frutti.
Art. 218 Obbligazioni del coniuge che gode dei beni dell’altro coniuge	1. Quali obbligazioni deve rispettare il coniuge che gode dei beni dell'altro coniuge?	Il coniuge che gode dei beni dell’altro coniuge è soggetto a tutte le obbligazioni dell’usufruttuario (1001 e seguenti).
Art. 219 Prova della proprietà dei beni	1. Quali mezzi può utilizzare un coniuge per provare la proprietà esclusiva di un bene nei confronti dell'altro coniuge?	Il coniuge può provare con ogni mezzo nei confronti dell’altro la proprietà esclusiva di un bene.I beni di cui nessuno dei coniugi può dimostrare la proprietà esclusiva sono di proprietà indivisa per pari quota di entrambi i coniugi.
Art. 219 Prova della proprietà dei beni	2. Cosa accade ai beni di cui nessuno dei coniugi può dimostrare la proprietà esclusiva?	Il coniuge può provare con ogni mezzo nei confronti dell’altro la proprietà esclusiva di un bene.I beni di cui nessuno dei coniugi può dimostrare la proprietà esclusiva sono di proprietà indivisa per pari quota di entrambi i coniugi.
Art. 230-bis Impresa familiare	1. Quali diritti ha il familiare che presta in modo continuativo la sua attività di lavoro nella famiglia o nell’impresa familiare?	Salvo che sia configurabile un diverso rapporto, il familiare che presta in modo continuativo la sua attività di lavoro nella famiglia o nell’impresa familiare ha diritto al mantenimento secondo la condizione patrimoniale della famiglia e partecipa agli utili dell’impresa familiare ed ai beni acquistati con essi nonché agli incrementi dell’azienda, anche in ordine all’avviamento, in proporzione alla quantità e alla qualità del lavoro prestato. Le decisioni concernenti l’impiego degli utili e degli incrementi nonché quelle inerenti alla gestione straordinaria, agli indirizzi produttivi e alla cessazione dell’impresa sono adottate, a maggioranza, dai familiari che partecipano alla impresa stessa. I familiari partecipanti all’impresa che non hanno la piena capacità di agire sono rappresentati nel voto da chi esercita la potestà su di essi (315 e seguenti).Il lavoro della donna è considerato equivalente a quello dell’uomo (36, 37 Costit).Ai fini della disposizione di cui al primo comma si intende come familiare il coniuge, i parenti entro il terzo grado, gli affini entro il secondo ; per impresa familiare quella cui collaborano il coniuge, i parenti entro il terzo grado, gli affini entro il secondo.Il diritto di partecipazione di cui al primo comma è intrasferibile, salvo che il trasferimento avvenga a favore di familiari indicati nel comma precedente col consenso di tutti i partecipi. Esso può essere liquidato in danaro alla cessazione, per qualsiasi causa, della prestazione del lavoro, ed altresì in caso di alienazione dell’azienda. Il pagamento può avvenire in più annualità, determinate, in difetto di accordo, dal giudice.In caso di divisione ereditaria (713 e seguenti) o di trasferimento dell’azienda i partecipi di cui al primo comma hanno diritto di prelazione sull’azienda (2557 e seguenti). Si applica, nei limiti in cui è compatibile, la disposizione dell’art. 732.Le comunioni tacite familiari nell’esercizio dell’agricoltura sono regolate dagli usi che non contrastino con le precedenti norme (2882, 2094, 2251 e seguenti, 2427).
Art. 230-bis Impresa familiare	2. Come vengono adottate le decisioni concernenti l’impiego degli utili e degli incrementi nell’impresa familiare?	Salvo che sia configurabile un diverso rapporto, il familiare che presta in modo continuativo la sua attività di lavoro nella famiglia o nell’impresa familiare ha diritto al mantenimento secondo la condizione patrimoniale della famiglia e partecipa agli utili dell’impresa familiare ed ai beni acquistati con essi nonché agli incrementi dell’azienda, anche in ordine all’avviamento, in proporzione alla quantità e alla qualità del lavoro prestato. Le decisioni concernenti l’impiego degli utili e degli incrementi nonché quelle inerenti alla gestione straordinaria, agli indirizzi produttivi e alla cessazione dell’impresa sono adottate, a maggioranza, dai familiari che partecipano alla impresa stessa. I familiari partecipanti all’impresa che non hanno la piena capacità di agire sono rappresentati nel voto da chi esercita la potestà su di essi (315 e seguenti).Il lavoro della donna è considerato equivalente a quello dell’uomo (36, 37 Costit).Ai fini della disposizione di cui al primo comma si intende come familiare il coniuge, i parenti entro il terzo grado, gli affini entro il secondo ; per impresa familiare quella cui collaborano il coniuge, i parenti entro il terzo grado, gli affini entro il secondo.Il diritto di partecipazione di cui al primo comma è intrasferibile, salvo che il trasferimento avvenga a favore di familiari indicati nel comma precedente col consenso di tutti i partecipi. Esso può essere liquidato in danaro alla cessazione, per qualsiasi causa, della prestazione del lavoro, ed altresì in caso di alienazione dell’azienda. Il pagamento può avvenire in più annualità, determinate, in difetto di accordo, dal giudice.In caso di divisione ereditaria (713 e seguenti) o di trasferimento dell’azienda i partecipi di cui al primo comma hanno diritto di prelazione sull’azienda (2557 e seguenti). Si applica, nei limiti in cui è compatibile, la disposizione dell’art. 732.Le comunioni tacite familiari nell’esercizio dell’agricoltura sono regolate dagli usi che non contrastino con le precedenti norme (2882, 2094, 2251 e seguenti, 2427).
Art. 230-bis Impresa familiare	3. Chi rappresenta nel voto i familiari partecipanti all’impresa che non hanno la piena capacità di agire?	Salvo che sia configurabile un diverso rapporto, il familiare che presta in modo continuativo la sua attività di lavoro nella famiglia o nell’impresa familiare ha diritto al mantenimento secondo la condizione patrimoniale della famiglia e partecipa agli utili dell’impresa familiare ed ai beni acquistati con essi nonché agli incrementi dell’azienda, anche in ordine all’avviamento, in proporzione alla quantità e alla qualità del lavoro prestato. Le decisioni concernenti l’impiego degli utili e degli incrementi nonché quelle inerenti alla gestione straordinaria, agli indirizzi produttivi e alla cessazione dell’impresa sono adottate, a maggioranza, dai familiari che partecipano alla impresa stessa. I familiari partecipanti all’impresa che non hanno la piena capacità di agire sono rappresentati nel voto da chi esercita la potestà su di essi (315 e seguenti).Il lavoro della donna è considerato equivalente a quello dell’uomo (36, 37 Costit).Ai fini della disposizione di cui al primo comma si intende come familiare il coniuge, i parenti entro il terzo grado, gli affini entro il secondo ; per impresa familiare quella cui collaborano il coniuge, i parenti entro il terzo grado, gli affini entro il secondo.Il diritto di partecipazione di cui al primo comma è intrasferibile, salvo che il trasferimento avvenga a favore di familiari indicati nel comma precedente col consenso di tutti i partecipi. Esso può essere liquidato in danaro alla cessazione, per qualsiasi causa, della prestazione del lavoro, ed altresì in caso di alienazione dell’azienda. Il pagamento può avvenire in più annualità, determinate, in difetto di accordo, dal giudice.In caso di divisione ereditaria (713 e seguenti) o di trasferimento dell’azienda i partecipi di cui al primo comma hanno diritto di prelazione sull’azienda (2557 e seguenti). Si applica, nei limiti in cui è compatibile, la disposizione dell’art. 732.Le comunioni tacite familiari nell’esercizio dell’agricoltura sono regolate dagli usi che non contrastino con le precedenti norme (2882, 2094, 2251 e seguenti, 2427).
Art. 230-bis Impresa familiare	4. Come viene considerato il lavoro della donna rispetto a quello dell’uomo?	Salvo che sia configurabile un diverso rapporto, il familiare che presta in modo continuativo la sua attività di lavoro nella famiglia o nell’impresa familiare ha diritto al mantenimento secondo la condizione patrimoniale della famiglia e partecipa agli utili dell’impresa familiare ed ai beni acquistati con essi nonché agli incrementi dell’azienda, anche in ordine all’avviamento, in proporzione alla quantità e alla qualità del lavoro prestato. Le decisioni concernenti l’impiego degli utili e degli incrementi nonché quelle inerenti alla gestione straordinaria, agli indirizzi produttivi e alla cessazione dell’impresa sono adottate, a maggioranza, dai familiari che partecipano alla impresa stessa. I familiari partecipanti all’impresa che non hanno la piena capacità di agire sono rappresentati nel voto da chi esercita la potestà su di essi (315 e seguenti).Il lavoro della donna è considerato equivalente a quello dell’uomo (36, 37 Costit).Ai fini della disposizione di cui al primo comma si intende come familiare il coniuge, i parenti entro il terzo grado, gli affini entro il secondo ; per impresa familiare quella cui collaborano il coniuge, i parenti entro il terzo grado, gli affini entro il secondo.Il diritto di partecipazione di cui al primo comma è intrasferibile, salvo che il trasferimento avvenga a favore di familiari indicati nel comma precedente col consenso di tutti i partecipi. Esso può essere liquidato in danaro alla cessazione, per qualsiasi causa, della prestazione del lavoro, ed altresì in caso di alienazione dell’azienda. Il pagamento può avvenire in più annualità, determinate, in difetto di accordo, dal giudice.In caso di divisione ereditaria (713 e seguenti) o di trasferimento dell’azienda i partecipi di cui al primo comma hanno diritto di prelazione sull’azienda (2557 e seguenti). Si applica, nei limiti in cui è compatibile, la disposizione dell’art. 732.Le comunioni tacite familiari nell’esercizio dell’agricoltura sono regolate dagli usi che non contrastino con le precedenti norme (2882, 2094, 2251 e seguenti, 2427).
Art. 230-bis Impresa familiare	5. Chi è considerato familiare ai fini della disposizione di cui al primo comma?	Salvo che sia configurabile un diverso rapporto, il familiare che presta in modo continuativo la sua attività di lavoro nella famiglia o nell’impresa familiare ha diritto al mantenimento secondo la condizione patrimoniale della famiglia e partecipa agli utili dell’impresa familiare ed ai beni acquistati con essi nonché agli incrementi dell’azienda, anche in ordine all’avviamento, in proporzione alla quantità e alla qualità del lavoro prestato. Le decisioni concernenti l’impiego degli utili e degli incrementi nonché quelle inerenti alla gestione straordinaria, agli indirizzi produttivi e alla cessazione dell’impresa sono adottate, a maggioranza, dai familiari che partecipano alla impresa stessa. I familiari partecipanti all’impresa che non hanno la piena capacità di agire sono rappresentati nel voto da chi esercita la potestà su di essi (315 e seguenti).Il lavoro della donna è considerato equivalente a quello dell’uomo (36, 37 Costit).Ai fini della disposizione di cui al primo comma si intende come familiare il coniuge, i parenti entro il terzo grado, gli affini entro il secondo ; per impresa familiare quella cui collaborano il coniuge, i parenti entro il terzo grado, gli affini entro il secondo.Il diritto di partecipazione di cui al primo comma è intrasferibile, salvo che il trasferimento avvenga a favore di familiari indicati nel comma precedente col consenso di tutti i partecipi. Esso può essere liquidato in danaro alla cessazione, per qualsiasi causa, della prestazione del lavoro, ed altresì in caso di alienazione dell’azienda. Il pagamento può avvenire in più annualità, determinate, in difetto di accordo, dal giudice.In caso di divisione ereditaria (713 e seguenti) o di trasferimento dell’azienda i partecipi di cui al primo comma hanno diritto di prelazione sull’azienda (2557 e seguenti). Si applica, nei limiti in cui è compatibile, la disposizione dell’art. 732.Le comunioni tacite familiari nell’esercizio dell’agricoltura sono regolate dagli usi che non contrastino con le precedenti norme (2882, 2094, 2251 e seguenti, 2427).
Art. 230-bis Impresa familiare	6. Che cosa si intende per impresa familiare secondo il testo?	Salvo che sia configurabile un diverso rapporto, il familiare che presta in modo continuativo la sua attività di lavoro nella famiglia o nell’impresa familiare ha diritto al mantenimento secondo la condizione patrimoniale della famiglia e partecipa agli utili dell’impresa familiare ed ai beni acquistati con essi nonché agli incrementi dell’azienda, anche in ordine all’avviamento, in proporzione alla quantità e alla qualità del lavoro prestato. Le decisioni concernenti l’impiego degli utili e degli incrementi nonché quelle inerenti alla gestione straordinaria, agli indirizzi produttivi e alla cessazione dell’impresa sono adottate, a maggioranza, dai familiari che partecipano alla impresa stessa. I familiari partecipanti all’impresa che non hanno la piena capacità di agire sono rappresentati nel voto da chi esercita la potestà su di essi (315 e seguenti).Il lavoro della donna è considerato equivalente a quello dell’uomo (36, 37 Costit).Ai fini della disposizione di cui al primo comma si intende come familiare il coniuge, i parenti entro il terzo grado, gli affini entro il secondo ; per impresa familiare quella cui collaborano il coniuge, i parenti entro il terzo grado, gli affini entro il secondo.Il diritto di partecipazione di cui al primo comma è intrasferibile, salvo che il trasferimento avvenga a favore di familiari indicati nel comma precedente col consenso di tutti i partecipi. Esso può essere liquidato in danaro alla cessazione, per qualsiasi causa, della prestazione del lavoro, ed altresì in caso di alienazione dell’azienda. Il pagamento può avvenire in più annualità, determinate, in difetto di accordo, dal giudice.In caso di divisione ereditaria (713 e seguenti) o di trasferimento dell’azienda i partecipi di cui al primo comma hanno diritto di prelazione sull’azienda (2557 e seguenti). Si applica, nei limiti in cui è compatibile, la disposizione dell’art. 732.Le comunioni tacite familiari nell’esercizio dell’agricoltura sono regolate dagli usi che non contrastino con le precedenti norme (2882, 2094, 2251 e seguenti, 2427).
Art. 230-bis Impresa familiare	7. In quali casi il diritto di partecipazione di cui al primo comma può essere trasferito?	Salvo che sia configurabile un diverso rapporto, il familiare che presta in modo continuativo la sua attività di lavoro nella famiglia o nell’impresa familiare ha diritto al mantenimento secondo la condizione patrimoniale della famiglia e partecipa agli utili dell’impresa familiare ed ai beni acquistati con essi nonché agli incrementi dell’azienda, anche in ordine all’avviamento, in proporzione alla quantità e alla qualità del lavoro prestato. Le decisioni concernenti l’impiego degli utili e degli incrementi nonché quelle inerenti alla gestione straordinaria, agli indirizzi produttivi e alla cessazione dell’impresa sono adottate, a maggioranza, dai familiari che partecipano alla impresa stessa. I familiari partecipanti all’impresa che non hanno la piena capacità di agire sono rappresentati nel voto da chi esercita la potestà su di essi (315 e seguenti).Il lavoro della donna è considerato equivalente a quello dell’uomo (36, 37 Costit).Ai fini della disposizione di cui al primo comma si intende come familiare il coniuge, i parenti entro il terzo grado, gli affini entro il secondo ; per impresa familiare quella cui collaborano il coniuge, i parenti entro il terzo grado, gli affini entro il secondo.Il diritto di partecipazione di cui al primo comma è intrasferibile, salvo che il trasferimento avvenga a favore di familiari indicati nel comma precedente col consenso di tutti i partecipi. Esso può essere liquidato in danaro alla cessazione, per qualsiasi causa, della prestazione del lavoro, ed altresì in caso di alienazione dell’azienda. Il pagamento può avvenire in più annualità, determinate, in difetto di accordo, dal giudice.In caso di divisione ereditaria (713 e seguenti) o di trasferimento dell’azienda i partecipi di cui al primo comma hanno diritto di prelazione sull’azienda (2557 e seguenti). Si applica, nei limiti in cui è compatibile, la disposizione dell’art. 732.Le comunioni tacite familiari nell’esercizio dell’agricoltura sono regolate dagli usi che non contrastino con le precedenti norme (2882, 2094, 2251 e seguenti, 2427).
Art. 230-bis Impresa familiare	8. Come può essere liquidato il diritto di partecipazione alla cessazione della prestazione del lavoro?	Salvo che sia configurabile un diverso rapporto, il familiare che presta in modo continuativo la sua attività di lavoro nella famiglia o nell’impresa familiare ha diritto al mantenimento secondo la condizione patrimoniale della famiglia e partecipa agli utili dell’impresa familiare ed ai beni acquistati con essi nonché agli incrementi dell’azienda, anche in ordine all’avviamento, in proporzione alla quantità e alla qualità del lavoro prestato. Le decisioni concernenti l’impiego degli utili e degli incrementi nonché quelle inerenti alla gestione straordinaria, agli indirizzi produttivi e alla cessazione dell’impresa sono adottate, a maggioranza, dai familiari che partecipano alla impresa stessa. I familiari partecipanti all’impresa che non hanno la piena capacità di agire sono rappresentati nel voto da chi esercita la potestà su di essi (315 e seguenti).Il lavoro della donna è considerato equivalente a quello dell’uomo (36, 37 Costit).Ai fini della disposizione di cui al primo comma si intende come familiare il coniuge, i parenti entro il terzo grado, gli affini entro il secondo ; per impresa familiare quella cui collaborano il coniuge, i parenti entro il terzo grado, gli affini entro il secondo.Il diritto di partecipazione di cui al primo comma è intrasferibile, salvo che il trasferimento avvenga a favore di familiari indicati nel comma precedente col consenso di tutti i partecipi. Esso può essere liquidato in danaro alla cessazione, per qualsiasi causa, della prestazione del lavoro, ed altresì in caso di alienazione dell’azienda. Il pagamento può avvenire in più annualità, determinate, in difetto di accordo, dal giudice.In caso di divisione ereditaria (713 e seguenti) o di trasferimento dell’azienda i partecipi di cui al primo comma hanno diritto di prelazione sull’azienda (2557 e seguenti). Si applica, nei limiti in cui è compatibile, la disposizione dell’art. 732.Le comunioni tacite familiari nell’esercizio dell’agricoltura sono regolate dagli usi che non contrastino con le precedenti norme (2882, 2094, 2251 e seguenti, 2427).
Art. 230-bis Impresa familiare	9. In caso di divisione ereditaria, quale diritto hanno i partecipi di cui al primo comma sull’azienda?	Salvo che sia configurabile un diverso rapporto, il familiare che presta in modo continuativo la sua attività di lavoro nella famiglia o nell’impresa familiare ha diritto al mantenimento secondo la condizione patrimoniale della famiglia e partecipa agli utili dell’impresa familiare ed ai beni acquistati con essi nonché agli incrementi dell’azienda, anche in ordine all’avviamento, in proporzione alla quantità e alla qualità del lavoro prestato. Le decisioni concernenti l’impiego degli utili e degli incrementi nonché quelle inerenti alla gestione straordinaria, agli indirizzi produttivi e alla cessazione dell’impresa sono adottate, a maggioranza, dai familiari che partecipano alla impresa stessa. I familiari partecipanti all’impresa che non hanno la piena capacità di agire sono rappresentati nel voto da chi esercita la potestà su di essi (315 e seguenti).Il lavoro della donna è considerato equivalente a quello dell’uomo (36, 37 Costit).Ai fini della disposizione di cui al primo comma si intende come familiare il coniuge, i parenti entro il terzo grado, gli affini entro il secondo ; per impresa familiare quella cui collaborano il coniuge, i parenti entro il terzo grado, gli affini entro il secondo.Il diritto di partecipazione di cui al primo comma è intrasferibile, salvo che il trasferimento avvenga a favore di familiari indicati nel comma precedente col consenso di tutti i partecipi. Esso può essere liquidato in danaro alla cessazione, per qualsiasi causa, della prestazione del lavoro, ed altresì in caso di alienazione dell’azienda. Il pagamento può avvenire in più annualità, determinate, in difetto di accordo, dal giudice.In caso di divisione ereditaria (713 e seguenti) o di trasferimento dell’azienda i partecipi di cui al primo comma hanno diritto di prelazione sull’azienda (2557 e seguenti). Si applica, nei limiti in cui è compatibile, la disposizione dell’art. 732.Le comunioni tacite familiari nell’esercizio dell’agricoltura sono regolate dagli usi che non contrastino con le precedenti norme (2882, 2094, 2251 e seguenti, 2427).
Art. 230-bis Impresa familiare	10. Quale disposizione si applica nei limiti in cui è compatibile in caso di divisione ereditaria o trasferimento dell’azienda?	Salvo che sia configurabile un diverso rapporto, il familiare che presta in modo continuativo la sua attività di lavoro nella famiglia o nell’impresa familiare ha diritto al mantenimento secondo la condizione patrimoniale della famiglia e partecipa agli utili dell’impresa familiare ed ai beni acquistati con essi nonché agli incrementi dell’azienda, anche in ordine all’avviamento, in proporzione alla quantità e alla qualità del lavoro prestato. Le decisioni concernenti l’impiego degli utili e degli incrementi nonché quelle inerenti alla gestione straordinaria, agli indirizzi produttivi e alla cessazione dell’impresa sono adottate, a maggioranza, dai familiari che partecipano alla impresa stessa. I familiari partecipanti all’impresa che non hanno la piena capacità di agire sono rappresentati nel voto da chi esercita la potestà su di essi (315 e seguenti).Il lavoro della donna è considerato equivalente a quello dell’uomo (36, 37 Costit).Ai fini della disposizione di cui al primo comma si intende come familiare il coniuge, i parenti entro il terzo grado, gli affini entro il secondo ; per impresa familiare quella cui collaborano il coniuge, i parenti entro il terzo grado, gli affini entro il secondo.Il diritto di partecipazione di cui al primo comma è intrasferibile, salvo che il trasferimento avvenga a favore di familiari indicati nel comma precedente col consenso di tutti i partecipi. Esso può essere liquidato in danaro alla cessazione, per qualsiasi causa, della prestazione del lavoro, ed altresì in caso di alienazione dell’azienda. Il pagamento può avvenire in più annualità, determinate, in difetto di accordo, dal giudice.In caso di divisione ereditaria (713 e seguenti) o di trasferimento dell’azienda i partecipi di cui al primo comma hanno diritto di prelazione sull’azienda (2557 e seguenti). Si applica, nei limiti in cui è compatibile, la disposizione dell’art. 732.Le comunioni tacite familiari nell’esercizio dell’agricoltura sono regolate dagli usi che non contrastino con le precedenti norme (2882, 2094, 2251 e seguenti, 2427).
Art. 230-bis Impresa familiare	11. Come sono regolate le comunioni tacite familiari nell’esercizio dell’agricoltura?	Salvo che sia configurabile un diverso rapporto, il familiare che presta in modo continuativo la sua attività di lavoro nella famiglia o nell’impresa familiare ha diritto al mantenimento secondo la condizione patrimoniale della famiglia e partecipa agli utili dell’impresa familiare ed ai beni acquistati con essi nonché agli incrementi dell’azienda, anche in ordine all’avviamento, in proporzione alla quantità e alla qualità del lavoro prestato. Le decisioni concernenti l’impiego degli utili e degli incrementi nonché quelle inerenti alla gestione straordinaria, agli indirizzi produttivi e alla cessazione dell’impresa sono adottate, a maggioranza, dai familiari che partecipano alla impresa stessa. I familiari partecipanti all’impresa che non hanno la piena capacità di agire sono rappresentati nel voto da chi esercita la potestà su di essi (315 e seguenti).Il lavoro della donna è considerato equivalente a quello dell’uomo (36, 37 Costit).Ai fini della disposizione di cui al primo comma si intende come familiare il coniuge, i parenti entro il terzo grado, gli affini entro il secondo ; per impresa familiare quella cui collaborano il coniuge, i parenti entro il terzo grado, gli affini entro il secondo.Il diritto di partecipazione di cui al primo comma è intrasferibile, salvo che il trasferimento avvenga a favore di familiari indicati nel comma precedente col consenso di tutti i partecipi. Esso può essere liquidato in danaro alla cessazione, per qualsiasi causa, della prestazione del lavoro, ed altresì in caso di alienazione dell’azienda. Il pagamento può avvenire in più annualità, determinate, in difetto di accordo, dal giudice.In caso di divisione ereditaria (713 e seguenti) o di trasferimento dell’azienda i partecipi di cui al primo comma hanno diritto di prelazione sull’azienda (2557 e seguenti). Si applica, nei limiti in cui è compatibile, la disposizione dell’art. 732.Le comunioni tacite familiari nell’esercizio dell’agricoltura sono regolate dagli usi che non contrastino con le precedenti norme (2882, 2094, 2251 e seguenti, 2427).
Art. 230-bis Impresa familiare	12. Quali norme non devono essere contrastate dagli usi che regolano le comunioni tacite familiari nell’esercizio dell’agricoltura?	Salvo che sia configurabile un diverso rapporto, il familiare che presta in modo continuativo la sua attività di lavoro nella famiglia o nell’impresa familiare ha diritto al mantenimento secondo la condizione patrimoniale della famiglia e partecipa agli utili dell’impresa familiare ed ai beni acquistati con essi nonché agli incrementi dell’azienda, anche in ordine all’avviamento, in proporzione alla quantità e alla qualità del lavoro prestato. Le decisioni concernenti l’impiego degli utili e degli incrementi nonché quelle inerenti alla gestione straordinaria, agli indirizzi produttivi e alla cessazione dell’impresa sono adottate, a maggioranza, dai familiari che partecipano alla impresa stessa. I familiari partecipanti all’impresa che non hanno la piena capacità di agire sono rappresentati nel voto da chi esercita la potestà su di essi (315 e seguenti).Il lavoro della donna è considerato equivalente a quello dell’uomo (36, 37 Costit).Ai fini della disposizione di cui al primo comma si intende come familiare il coniuge, i parenti entro il terzo grado, gli affini entro il secondo ; per impresa familiare quella cui collaborano il coniuge, i parenti entro il terzo grado, gli affini entro il secondo.Il diritto di partecipazione di cui al primo comma è intrasferibile, salvo che il trasferimento avvenga a favore di familiari indicati nel comma precedente col consenso di tutti i partecipi. Esso può essere liquidato in danaro alla cessazione, per qualsiasi causa, della prestazione del lavoro, ed altresì in caso di alienazione dell’azienda. Il pagamento può avvenire in più annualità, determinate, in difetto di accordo, dal giudice.In caso di divisione ereditaria (713 e seguenti) o di trasferimento dell’azienda i partecipi di cui al primo comma hanno diritto di prelazione sull’azienda (2557 e seguenti). Si applica, nei limiti in cui è compatibile, la disposizione dell’art. 732.Le comunioni tacite familiari nell’esercizio dell’agricoltura sono regolate dagli usi che non contrastino con le precedenti norme (2882, 2094, 2251 e seguenti, 2427).
Art. 231 Paternità del marito	1. Qual è la presunzione legale riguardante la paternità del figlio concepito o nato durante il matrimonio?	Il marito è padre del figlio concepito o nato durante il matrimonio.
Art. 232 Presunzione di concepimento durante il matrimonio	1. Quando si presume concepito durante il matrimonio un figlio nato dopo l'annullamento, lo scioglimento o la cessazione degli effetti civili del matrimonio?	Si presume concepito durante il matrimonio il figlio nato quando non sono ancora trascorsi trecento giorni dalla data dell'annullamento, dello scioglimento o della cessazione degli effetti civili del matrimonio.La presunzione non opera decorsi trecento giorni dalla pronuncia di separazione giudiziale, o dalla omologazione di separazione consensuale, ovvero dalla data della comparizione dei coniugi avanti al giudice quando gli stessi sono stati autorizzati a vivere separatamente nelle more del giudizio di separazione o dei giudizi previsti nel comma precedente.
Art. 232 Presunzione di concepimento durante il matrimonio	2. In quali casi la presunzione di concepimento durante il matrimonio non opera decorsi trecento giorni?	Si presume concepito durante il matrimonio il figlio nato quando non sono ancora trascorsi trecento giorni dalla data dell'annullamento, dello scioglimento o della cessazione degli effetti civili del matrimonio.La presunzione non opera decorsi trecento giorni dalla pronuncia di separazione giudiziale, o dalla omologazione di separazione consensuale, ovvero dalla data della comparizione dei coniugi avanti al giudice quando gli stessi sono stati autorizzati a vivere separatamente nelle more del giudizio di separazione o dei giudizi previsti nel comma precedente.
Art. 234 Nascita del figlio dopo i trecento giorni	1. Chi può provare che un figlio nato dopo i trecento giorni dall'annullamento del matrimonio è stato concepito durante il matrimonio?	Ciascuno dei coniugi e i loro eredi possono provare che il figlio, nato dopo i trecento giorni dall'annullamento (117 e seguenti), dallo scioglimento o dalla cessazione degli effetti civili del matrimonio, è stato concepito durante il matrimonio.Possono analogamente provare il concepimento durante la convivenza quando il figlio sia nato dopo i trecento giorni dalla pronuncia di separazione giudiziale, o dalla omologazione di separazione consensuale, ovvero dalla data di comparizione dei coniugi avanti al giudice quando gli stessi sono stati autorizzati a vivere separatamente nelle more del giudizio di separazione o dei giudizi previsti nel comma precedente.In ogni caso il figlio può proporre azione per reclamare lo stato di legittimo.
Art. 234 Nascita del figlio dopo i trecento giorni	2. In quali circostanze i coniugi possono provare il concepimento durante la convivenza se il figlio è nato dopo i trecento giorni dalla separazione?	Ciascuno dei coniugi e i loro eredi possono provare che il figlio, nato dopo i trecento giorni dall'annullamento (117 e seguenti), dallo scioglimento o dalla cessazione degli effetti civili del matrimonio, è stato concepito durante il matrimonio.Possono analogamente provare il concepimento durante la convivenza quando il figlio sia nato dopo i trecento giorni dalla pronuncia di separazione giudiziale, o dalla omologazione di separazione consensuale, ovvero dalla data di comparizione dei coniugi avanti al giudice quando gli stessi sono stati autorizzati a vivere separatamente nelle more del giudizio di separazione o dei giudizi previsti nel comma precedente.In ogni caso il figlio può proporre azione per reclamare lo stato di legittimo.
Art. 234 Nascita del figlio dopo i trecento giorni	3. Quale azione può proporre il figlio in ogni caso per reclamare lo stato di legittimo?	Ciascuno dei coniugi e i loro eredi possono provare che il figlio, nato dopo i trecento giorni dall'annullamento (117 e seguenti), dallo scioglimento o dalla cessazione degli effetti civili del matrimonio, è stato concepito durante il matrimonio.Possono analogamente provare il concepimento durante la convivenza quando il figlio sia nato dopo i trecento giorni dalla pronuncia di separazione giudiziale, o dalla omologazione di separazione consensuale, ovvero dalla data di comparizione dei coniugi avanti al giudice quando gli stessi sono stati autorizzati a vivere separatamente nelle more del giudizio di separazione o dei giudizi previsti nel comma precedente.In ogni caso il figlio può proporre azione per reclamare lo stato di legittimo.
Art. 236 Atto di nascita e possesso di stato	1. Come si prova la filiazione legittima secondo il testo?	La filiazione legittima si prova con l’atto di nascita iscritto nei registri dello stato civile.Basta, in mancanza di questo titolo, il possesso continuo dello stato di figlio legittimo.
Art. 236 Atto di nascita e possesso di stato	2. Cosa può sostituire l'atto di nascita iscritto nei registri dello stato civile per provare la filiazione legittima?	La filiazione legittima si prova con l’atto di nascita iscritto nei registri dello stato civile.Basta, in mancanza di questo titolo, il possesso continuo dello stato di figlio legittimo.
Art. 237 Fatti costitutivi del possesso di stato	1. Quali fatti devono concorrere per dimostrare il possesso di stato?	Il possesso di stato risulta da una serie di fatti che nel loro complesso valgono a dimostrare le relazioni di filiazioni e di parentela fra una persona e la famiglia a cui essa pretende di appartenere.In ogni caso devono concorrere i seguenti fatti: che il genitore abbia trattato la persona come figlio ed abbia provveduto in questa qualità al mantenimento, all'educazione e al collocamento di essa;che la persona sia stata costantemente considerata come tale nei rapporti sociali; che sia stata riconosciuta in detta qualità dalla famiglia.
Art. 237 Fatti costitutivi del possesso di stato	2. In che modo il genitore deve trattare la persona per dimostrare il possesso di stato?	Il possesso di stato risulta da una serie di fatti che nel loro complesso valgono a dimostrare le relazioni di filiazioni e di parentela fra una persona e la famiglia a cui essa pretende di appartenere.In ogni caso devono concorrere i seguenti fatti: che il genitore abbia trattato la persona come figlio ed abbia provveduto in questa qualità al mantenimento, all'educazione e al collocamento di essa;che la persona sia stata costantemente considerata come tale nei rapporti sociali; che sia stata riconosciuta in detta qualità dalla famiglia.
Art. 237 Fatti costitutivi del possesso di stato	3. Come deve essere considerata la persona nei rapporti sociali per dimostrare il possesso di stato?	Il possesso di stato risulta da una serie di fatti che nel loro complesso valgono a dimostrare le relazioni di filiazioni e di parentela fra una persona e la famiglia a cui essa pretende di appartenere.In ogni caso devono concorrere i seguenti fatti: che il genitore abbia trattato la persona come figlio ed abbia provveduto in questa qualità al mantenimento, all'educazione e al collocamento di essa;che la persona sia stata costantemente considerata come tale nei rapporti sociali; che sia stata riconosciuta in detta qualità dalla famiglia.
Art. 237 Fatti costitutivi del possesso di stato	4. Quale riconoscimento deve avvenire da parte della famiglia per dimostrare il possesso di stato?	Il possesso di stato risulta da una serie di fatti che nel loro complesso valgono a dimostrare le relazioni di filiazioni e di parentela fra una persona e la famiglia a cui essa pretende di appartenere.In ogni caso devono concorrere i seguenti fatti: che il genitore abbia trattato la persona come figlio ed abbia provveduto in questa qualità al mantenimento, all'educazione e al collocamento di essa;che la persona sia stata costantemente considerata come tale nei rapporti sociali; che sia stata riconosciuta in detta qualità dalla famiglia.
Art. 238 Atto di nascita conforme al possesso di stato	1. Quali articoli sono citati come eccezioni alla regola che nessuno può reclamare uno stato contrario a quello attribuito dall'atto di nascita di figlio legittimo e dal possesso di stato conforme all'atto stesso?	Salvo quanto disposto dagli articoli 128, 233, 234, 235 e 239, nessuno può reclamare uno stato contrario a quello che gli attribuiscono l’atto di nascita di figlio legittimo e il possesso di stato conforme all'atto stesso.Parimenti non si può contestare la legittimità di colui il quale ha un possesso di stato conforme all'atto di nascita.
Art. 238 Atto di nascita conforme al possesso di stato	2. È possibile contestare la legittimità di una persona che ha un possesso di stato conforme all'atto di nascita?	Salvo quanto disposto dagli articoli 128, 233, 234, 235 e 239, nessuno può reclamare uno stato contrario a quello che gli attribuiscono l’atto di nascita di figlio legittimo e il possesso di stato conforme all'atto stesso.Parimenti non si può contestare la legittimità di colui il quale ha un possesso di stato conforme all'atto di nascita.
Art. 239 Supposizione di parto o sostituzione di neonato	1. In quali circostanze il figlio può reclamare uno stato diverso nonostante vi sia un atto di nascita conforme al possesso di stato?	Qualora si tratti di supposizione di parto o di sostituzione di neonato (Cod. Pen. 566 e seguenti), ancorché vi sia un atto di nascita conforme al possesso di stato, il figlio può reclamare uno stato diverso, dando la prova della filiazione anche a mezzo di testimoni nei limiti e secondo le regole dell’art. 241.Parimenti si può contestare la legittimità del figlio dando anche a mezzo di testimoni, nei limiti e secondo le regole sopra indicati, la prova della supposizione o della sostituzione predette.
Art. 239 Supposizione di parto o sostituzione di neonato	2. Quali mezzi di prova sono ammessi per contestare la legittimità del figlio in caso di supposizione o sostituzione di neonato?	Qualora si tratti di supposizione di parto o di sostituzione di neonato (Cod. Pen. 566 e seguenti), ancorché vi sia un atto di nascita conforme al possesso di stato, il figlio può reclamare uno stato diverso, dando la prova della filiazione anche a mezzo di testimoni nei limiti e secondo le regole dell’art. 241.Parimenti si può contestare la legittimità del figlio dando anche a mezzo di testimoni, nei limiti e secondo le regole sopra indicati, la prova della supposizione o della sostituzione predette.
Art. 240 Contestazione dello stato di figlio	1. In quali casi può essere contestato lo stato di figlio secondo l'articolo 239?	Lo stato di figlio può essere contestato nei casi di cui al primo e secondo comma dell'articolo 239.
Art. 241 Prova con testimoni	1. In quali circostanze la prova della filiazione può essere data col mezzo di testimoni?	Quando mancano l’atto di nascita e il possesso di stato, o quando il figlio fu iscritto sotto falsi nomi (Cod. Pen. 495) o come nato da genitori ignoti, la prova della filiazione può darsi col mezzo di testimoni.Questa prova non può essere ammessa che quando vi è un principio di prova per iscritto, ovvero quando le presunzioni e gli indizi sono abbastanza gravi da determinare l’ammissione della prova (2727 e seguenti).
Art. 241 Prova con testimoni	2. Quali condizioni devono essere soddisfatte per ammettere la prova della filiazione tramite testimoni?	Quando mancano l’atto di nascita e il possesso di stato, o quando il figlio fu iscritto sotto falsi nomi (Cod. Pen. 495) o come nato da genitori ignoti, la prova della filiazione può darsi col mezzo di testimoni.Questa prova non può essere ammessa che quando vi è un principio di prova per iscritto, ovvero quando le presunzioni e gli indizi sono abbastanza gravi da determinare l’ammissione della prova (2727 e seguenti).
Art. 242 Principio di prova per iscritto	1. Quali sono le fonti da cui può risultare il principio di prova per iscritto?	Il principio di prova per iscritto risulta dai documenti di famiglia, dai registri e dalle carte private del padre o della madre, dagli atti pubblici e privati provenienti da una delle parti che sono impegnate nella controversia o da altra persona, che, se fosse in vita, avrebbe interesse nella controversia.
Art. 243 Prova contraria	1. Quali mezzi possono essere utilizzati per dimostrare che il reclamante non è figlio della donna che egli pretende di avere per madre?	La prova contraria può darsi con tutti i mezzi atti a dimostrare che il reclamante non è figlio della donna che egli pretende di avere per madre, oppure che non è figlio del marito della madre (231 e seguenti), quando risulta provata la maternità.
Art. 243 Prova contraria	2. Cosa deve essere provato per contestare che il reclamante non è figlio del marito della madre?	La prova contraria può darsi con tutti i mezzi atti a dimostrare che il reclamante non è figlio della donna che egli pretende di avere per madre, oppure che non è figlio del marito della madre (231 e seguenti), quando risulta provata la maternità.
Art. 244 Termini dell’azione di disconoscimento	1. Entro quale termine la madre deve proporre l'azione di disconoscimento della paternità?	L’azione di disconoscimento della paternità da parte della madre deve essere proposta nel termine di sei mesi dalla nascita del figlio.Il marito può disconoscere il figlio nel termine di un anno che decorre dal giorno della nascita quando egli si trovava al tempo di questa nel luogo in cui è nato il figlio; dal giorno del suo ritorno nel luogo in cui è nato il figlio o in cui è la residenza familiare se egli ne era lontano. In ogni caso, se egli prova di non aver avuto notizia della nascita in detti giorni, il termine decorre dal giorno in cui ne ha avuto notizia.L’azione di disconoscimento della paternità può essere proposta dal figlio, entro un anno dal compimento della maggiore età o dal momento in cui viene successivamente a conoscenza dei fatti che rendono ammissibile il disconoscimento.L’azione può essere altresì promossa da un curatore speciale nominato dal giudice, assunte sommarie informazioni, su istanza del figlio minore che ha compiuto i sedici anni, o del pubblico ministero quando si tratta di minore di età inferiore.NOTA Il secondo comma è stato dichiarato in parte illegittimo dalla Corte Costit. (sentenza 134 del 2 maggio 1985).
Art. 244 Termini dell’azione di disconoscimento	2. Qual è il termine entro cui il marito può disconoscere il figlio se si trovava nel luogo della nascita al momento della stessa?	L’azione di disconoscimento della paternità da parte della madre deve essere proposta nel termine di sei mesi dalla nascita del figlio.Il marito può disconoscere il figlio nel termine di un anno che decorre dal giorno della nascita quando egli si trovava al tempo di questa nel luogo in cui è nato il figlio; dal giorno del suo ritorno nel luogo in cui è nato il figlio o in cui è la residenza familiare se egli ne era lontano. In ogni caso, se egli prova di non aver avuto notizia della nascita in detti giorni, il termine decorre dal giorno in cui ne ha avuto notizia.L’azione di disconoscimento della paternità può essere proposta dal figlio, entro un anno dal compimento della maggiore età o dal momento in cui viene successivamente a conoscenza dei fatti che rendono ammissibile il disconoscimento.L’azione può essere altresì promossa da un curatore speciale nominato dal giudice, assunte sommarie informazioni, su istanza del figlio minore che ha compiuto i sedici anni, o del pubblico ministero quando si tratta di minore di età inferiore.NOTA Il secondo comma è stato dichiarato in parte illegittimo dalla Corte Costit. (sentenza 134 del 2 maggio 1985).
Art. 244 Termini dell’azione di disconoscimento	3. Da quando decorre il termine per il marito per disconoscere il figlio se era lontano dal luogo della nascita?	L’azione di disconoscimento della paternità da parte della madre deve essere proposta nel termine di sei mesi dalla nascita del figlio.Il marito può disconoscere il figlio nel termine di un anno che decorre dal giorno della nascita quando egli si trovava al tempo di questa nel luogo in cui è nato il figlio; dal giorno del suo ritorno nel luogo in cui è nato il figlio o in cui è la residenza familiare se egli ne era lontano. In ogni caso, se egli prova di non aver avuto notizia della nascita in detti giorni, il termine decorre dal giorno in cui ne ha avuto notizia.L’azione di disconoscimento della paternità può essere proposta dal figlio, entro un anno dal compimento della maggiore età o dal momento in cui viene successivamente a conoscenza dei fatti che rendono ammissibile il disconoscimento.L’azione può essere altresì promossa da un curatore speciale nominato dal giudice, assunte sommarie informazioni, su istanza del figlio minore che ha compiuto i sedici anni, o del pubblico ministero quando si tratta di minore di età inferiore.NOTA Il secondo comma è stato dichiarato in parte illegittimo dalla Corte Costit. (sentenza 134 del 2 maggio 1985).
Art. 244 Termini dell’azione di disconoscimento	4. Cosa deve provare il marito per far decorrere il termine dal giorno in cui ha avuto notizia della nascita?	L’azione di disconoscimento della paternità da parte della madre deve essere proposta nel termine di sei mesi dalla nascita del figlio.Il marito può disconoscere il figlio nel termine di un anno che decorre dal giorno della nascita quando egli si trovava al tempo di questa nel luogo in cui è nato il figlio; dal giorno del suo ritorno nel luogo in cui è nato il figlio o in cui è la residenza familiare se egli ne era lontano. In ogni caso, se egli prova di non aver avuto notizia della nascita in detti giorni, il termine decorre dal giorno in cui ne ha avuto notizia.L’azione di disconoscimento della paternità può essere proposta dal figlio, entro un anno dal compimento della maggiore età o dal momento in cui viene successivamente a conoscenza dei fatti che rendono ammissibile il disconoscimento.L’azione può essere altresì promossa da un curatore speciale nominato dal giudice, assunte sommarie informazioni, su istanza del figlio minore che ha compiuto i sedici anni, o del pubblico ministero quando si tratta di minore di età inferiore.NOTA Il secondo comma è stato dichiarato in parte illegittimo dalla Corte Costit. (sentenza 134 del 2 maggio 1985).
Art. 244 Termini dell’azione di disconoscimento	5. Entro quanto tempo il figlio può proporre l'azione di disconoscimento della paternità dopo aver compiuto la maggiore età?	L’azione di disconoscimento della paternità da parte della madre deve essere proposta nel termine di sei mesi dalla nascita del figlio.Il marito può disconoscere il figlio nel termine di un anno che decorre dal giorno della nascita quando egli si trovava al tempo di questa nel luogo in cui è nato il figlio; dal giorno del suo ritorno nel luogo in cui è nato il figlio o in cui è la residenza familiare se egli ne era lontano. In ogni caso, se egli prova di non aver avuto notizia della nascita in detti giorni, il termine decorre dal giorno in cui ne ha avuto notizia.L’azione di disconoscimento della paternità può essere proposta dal figlio, entro un anno dal compimento della maggiore età o dal momento in cui viene successivamente a conoscenza dei fatti che rendono ammissibile il disconoscimento.L’azione può essere altresì promossa da un curatore speciale nominato dal giudice, assunte sommarie informazioni, su istanza del figlio minore che ha compiuto i sedici anni, o del pubblico ministero quando si tratta di minore di età inferiore.NOTA Il secondo comma è stato dichiarato in parte illegittimo dalla Corte Costit. (sentenza 134 del 2 maggio 1985).
Art. 244 Termini dell’azione di disconoscimento	6. Chi può promuovere l'azione di disconoscimento della paternità per un figlio minore che ha compiuto sedici anni?	L’azione di disconoscimento della paternità da parte della madre deve essere proposta nel termine di sei mesi dalla nascita del figlio.Il marito può disconoscere il figlio nel termine di un anno che decorre dal giorno della nascita quando egli si trovava al tempo di questa nel luogo in cui è nato il figlio; dal giorno del suo ritorno nel luogo in cui è nato il figlio o in cui è la residenza familiare se egli ne era lontano. In ogni caso, se egli prova di non aver avuto notizia della nascita in detti giorni, il termine decorre dal giorno in cui ne ha avuto notizia.L’azione di disconoscimento della paternità può essere proposta dal figlio, entro un anno dal compimento della maggiore età o dal momento in cui viene successivamente a conoscenza dei fatti che rendono ammissibile il disconoscimento.L’azione può essere altresì promossa da un curatore speciale nominato dal giudice, assunte sommarie informazioni, su istanza del figlio minore che ha compiuto i sedici anni, o del pubblico ministero quando si tratta di minore di età inferiore.NOTA Il secondo comma è stato dichiarato in parte illegittimo dalla Corte Costit. (sentenza 134 del 2 maggio 1985).
Art. 244 Termini dell’azione di disconoscimento	7. In quali circostanze il pubblico ministero può promuovere l'azione di disconoscimento della paternità?	L’azione di disconoscimento della paternità da parte della madre deve essere proposta nel termine di sei mesi dalla nascita del figlio.Il marito può disconoscere il figlio nel termine di un anno che decorre dal giorno della nascita quando egli si trovava al tempo di questa nel luogo in cui è nato il figlio; dal giorno del suo ritorno nel luogo in cui è nato il figlio o in cui è la residenza familiare se egli ne era lontano. In ogni caso, se egli prova di non aver avuto notizia della nascita in detti giorni, il termine decorre dal giorno in cui ne ha avuto notizia.L’azione di disconoscimento della paternità può essere proposta dal figlio, entro un anno dal compimento della maggiore età o dal momento in cui viene successivamente a conoscenza dei fatti che rendono ammissibile il disconoscimento.L’azione può essere altresì promossa da un curatore speciale nominato dal giudice, assunte sommarie informazioni, su istanza del figlio minore che ha compiuto i sedici anni, o del pubblico ministero quando si tratta di minore di età inferiore.NOTA Il secondo comma è stato dichiarato in parte illegittimo dalla Corte Costit. (sentenza 134 del 2 maggio 1985).
Art. 244 Termini dell’azione di disconoscimento	8. Quale sentenza della Corte Costituzionale ha dichiarato in parte illegittimo il secondo comma del testo?	L’azione di disconoscimento della paternità da parte della madre deve essere proposta nel termine di sei mesi dalla nascita del figlio.Il marito può disconoscere il figlio nel termine di un anno che decorre dal giorno della nascita quando egli si trovava al tempo di questa nel luogo in cui è nato il figlio; dal giorno del suo ritorno nel luogo in cui è nato il figlio o in cui è la residenza familiare se egli ne era lontano. In ogni caso, se egli prova di non aver avuto notizia della nascita in detti giorni, il termine decorre dal giorno in cui ne ha avuto notizia.L’azione di disconoscimento della paternità può essere proposta dal figlio, entro un anno dal compimento della maggiore età o dal momento in cui viene successivamente a conoscenza dei fatti che rendono ammissibile il disconoscimento.L’azione può essere altresì promossa da un curatore speciale nominato dal giudice, assunte sommarie informazioni, su istanza del figlio minore che ha compiuto i sedici anni, o del pubblico ministero quando si tratta di minore di età inferiore.NOTA Il secondo comma è stato dichiarato in parte illegittimo dalla Corte Costit. (sentenza 134 del 2 maggio 1985).
Art. 245 Sospensione del termine	1. In quale circostanza la decorrenza del termine per promuovere l'azione di disconoscimento della paternità è sospesa?	Se la parte interessata a promuovere l’azione di disconoscimento della paternità si trova in stato di interdizione per infermità di mente, la decorrenza del termine indicato nell'articolo precedente è sospesa, nei suoi confronti, sino a che dura lo stato di interdizione. L’azione può tuttavia essere promossa dal tutore (235, 414 e seguenti).
Art. 245 Sospensione del termine	2. Chi può promuovere l'azione di disconoscimento della paternità se la parte interessata è interdetta per infermità di mente?	Se la parte interessata a promuovere l’azione di disconoscimento della paternità si trova in stato di interdizione per infermità di mente, la decorrenza del termine indicato nell'articolo precedente è sospesa, nei suoi confronti, sino a che dura lo stato di interdizione. L’azione può tuttavia essere promossa dal tutore (235, 414 e seguenti).
Art. 246 Trasmissibilità dell’azione	1. Chi può esercitare l'azione di disconoscimento della paternità nel caso di morte del presunto padre o della madre?	Se il titolare dell’azione di disconoscimento della paternità muore senza averla promossa, ma prima che ne sia decorso il termine, sono ammessi ad esercitarla in sua vece: 1) nel caso di morte del presunto padre o della madre, i discendenti e gli ascendenti; il nuovo termine decorre dalla morte del presunto padre o della madre, o dalla nascita del figlio se si tratta di figlio postumo; 2) nel caso di morte del figlio, il coniuge o i discendenti; il nuovo termine decorre dalla morte del figlio o dal raggiungimento della maggiore età da parte di ciascuno dei discendenti.
Art. 246 Trasmissibilità dell’azione	2. Da quando decorre il nuovo termine per l'azione di disconoscimento della paternità nel caso di morte del presunto padre o della madre?	Se il titolare dell’azione di disconoscimento della paternità muore senza averla promossa, ma prima che ne sia decorso il termine, sono ammessi ad esercitarla in sua vece: 1) nel caso di morte del presunto padre o della madre, i discendenti e gli ascendenti; il nuovo termine decorre dalla morte del presunto padre o della madre, o dalla nascita del figlio se si tratta di figlio postumo; 2) nel caso di morte del figlio, il coniuge o i discendenti; il nuovo termine decorre dalla morte del figlio o dal raggiungimento della maggiore età da parte di ciascuno dei discendenti.
Art. 246 Trasmissibilità dell’azione	3. Chi può esercitare l'azione di disconoscimento della paternità nel caso di morte del figlio?	Se il titolare dell’azione di disconoscimento della paternità muore senza averla promossa, ma prima che ne sia decorso il termine, sono ammessi ad esercitarla in sua vece: 1) nel caso di morte del presunto padre o della madre, i discendenti e gli ascendenti; il nuovo termine decorre dalla morte del presunto padre o della madre, o dalla nascita del figlio se si tratta di figlio postumo; 2) nel caso di morte del figlio, il coniuge o i discendenti; il nuovo termine decorre dalla morte del figlio o dal raggiungimento della maggiore età da parte di ciascuno dei discendenti.
Art. 246 Trasmissibilità dell’azione	4. Da quando decorre il nuovo termine per l'azione di disconoscimento della paternità nel caso di morte del figlio?	Se il titolare dell’azione di disconoscimento della paternità muore senza averla promossa, ma prima che ne sia decorso il termine, sono ammessi ad esercitarla in sua vece: 1) nel caso di morte del presunto padre o della madre, i discendenti e gli ascendenti; il nuovo termine decorre dalla morte del presunto padre o della madre, o dalla nascita del figlio se si tratta di figlio postumo; 2) nel caso di morte del figlio, il coniuge o i discendenti; il nuovo termine decorre dalla morte del figlio o dal raggiungimento della maggiore età da parte di ciascuno dei discendenti.
Art. 246 Trasmissibilità dell’azione	5. Quali sono le condizioni per cui i discendenti possono esercitare l'azione di disconoscimento della paternità?	Se il titolare dell’azione di disconoscimento della paternità muore senza averla promossa, ma prima che ne sia decorso il termine, sono ammessi ad esercitarla in sua vece: 1) nel caso di morte del presunto padre o della madre, i discendenti e gli ascendenti; il nuovo termine decorre dalla morte del presunto padre o della madre, o dalla nascita del figlio se si tratta di figlio postumo; 2) nel caso di morte del figlio, il coniuge o i discendenti; il nuovo termine decorre dalla morte del figlio o dal raggiungimento della maggiore età da parte di ciascuno dei discendenti.
Art. 246 Trasmissibilità dell’azione	6. In quale caso il nuovo termine per l'azione di disconoscimento della paternità decorre dalla nascita del figlio?	Se il titolare dell’azione di disconoscimento della paternità muore senza averla promossa, ma prima che ne sia decorso il termine, sono ammessi ad esercitarla in sua vece: 1) nel caso di morte del presunto padre o della madre, i discendenti e gli ascendenti; il nuovo termine decorre dalla morte del presunto padre o della madre, o dalla nascita del figlio se si tratta di figlio postumo; 2) nel caso di morte del figlio, il coniuge o i discendenti; il nuovo termine decorre dalla morte del figlio o dal raggiungimento della maggiore età da parte di ciascuno dei discendenti.
Art. 247 Legittimazione passiva	1. Chi sono i litisconsorti necessari nel giudizio di disconoscimento?	Il presunto padre, la madre ed il figlio sono litisconsorti (Cod. Proc. Civ. 102) necessari nel giudizio di disconoscimento.Se una delle parti è minore o interdetta, l’azione è proposta in contraddittorio con un curatore nominato dal giudice davanti al quale il giudizio deve essere promosso.Se una delle parti è un minore emancipato o un maggiore inabilitato, l’azione è proposta contro la stessa assistita da un curatore parimenti nominato dal giudice.Se il presunto padre o la madre o il figlio sono morti l’azione si propone nei confronti delle persone indicate nell’articolo precedente o, in loro mancanza, nei confronti di un curatore parimenti nominato dal giudice.
Art. 247 Legittimazione passiva	2. Cosa accade se una delle parti coinvolte nel giudizio di disconoscimento è minore o interdetta?	Il presunto padre, la madre ed il figlio sono litisconsorti (Cod. Proc. Civ. 102) necessari nel giudizio di disconoscimento.Se una delle parti è minore o interdetta, l’azione è proposta in contraddittorio con un curatore nominato dal giudice davanti al quale il giudizio deve essere promosso.Se una delle parti è un minore emancipato o un maggiore inabilitato, l’azione è proposta contro la stessa assistita da un curatore parimenti nominato dal giudice.Se il presunto padre o la madre o il figlio sono morti l’azione si propone nei confronti delle persone indicate nell’articolo precedente o, in loro mancanza, nei confronti di un curatore parimenti nominato dal giudice.
Art. 247 Legittimazione passiva	3. Come viene gestita l'azione di disconoscimento se una delle parti è un minore emancipato o un maggiore inabilitato?	Il presunto padre, la madre ed il figlio sono litisconsorti (Cod. Proc. Civ. 102) necessari nel giudizio di disconoscimento.Se una delle parti è minore o interdetta, l’azione è proposta in contraddittorio con un curatore nominato dal giudice davanti al quale il giudizio deve essere promosso.Se una delle parti è un minore emancipato o un maggiore inabilitato, l’azione è proposta contro la stessa assistita da un curatore parimenti nominato dal giudice.Se il presunto padre o la madre o il figlio sono morti l’azione si propone nei confronti delle persone indicate nell’articolo precedente o, in loro mancanza, nei confronti di un curatore parimenti nominato dal giudice.
Art. 247 Legittimazione passiva	4. Contro chi si propone l'azione di disconoscimento se il presunto padre, la madre o il figlio sono morti?	Il presunto padre, la madre ed il figlio sono litisconsorti (Cod. Proc. Civ. 102) necessari nel giudizio di disconoscimento.Se una delle parti è minore o interdetta, l’azione è proposta in contraddittorio con un curatore nominato dal giudice davanti al quale il giudizio deve essere promosso.Se una delle parti è un minore emancipato o un maggiore inabilitato, l’azione è proposta contro la stessa assistita da un curatore parimenti nominato dal giudice.Se il presunto padre o la madre o il figlio sono morti l’azione si propone nei confronti delle persone indicate nell’articolo precedente o, in loro mancanza, nei confronti di un curatore parimenti nominato dal giudice.
Art. 248 Legittimazione all’azione di contestazione della legittimità. Imprescrittibilità	1. Chi ha il diritto di contestare la legittimità dell'atto di nascita del figlio?	L’azione per contestare la legittimità spetta a chi dall’atto di nascita del figlio risulti suo genitore e a chiunque vi abbia interesse.L’azione è imprescrittibile (117 e seguenti).Quando l’azione è proposta nei confronti di persone premorte o minori o altrimenti incapaci, si osservano le disposizioni dell’articolo precedente.Nel giudizio devono essere chiamati entrambi i genitori (Cod. Proc. Civ. 70, 102, 715).
Art. 248 Legittimazione all’azione di contestazione della legittimità. Imprescrittibilità	2. L'azione per contestare la legittimità dell'atto di nascita è soggetta a prescrizione?	L’azione per contestare la legittimità spetta a chi dall’atto di nascita del figlio risulti suo genitore e a chiunque vi abbia interesse.L’azione è imprescrittibile (117 e seguenti).Quando l’azione è proposta nei confronti di persone premorte o minori o altrimenti incapaci, si osservano le disposizioni dell’articolo precedente.Nel giudizio devono essere chiamati entrambi i genitori (Cod. Proc. Civ. 70, 102, 715).
Art. 248 Legittimazione all’azione di contestazione della legittimità. Imprescrittibilità	3. Quali disposizioni si osservano quando l'azione è proposta nei confronti di persone premorte, minori o altrimenti incapaci?	L’azione per contestare la legittimità spetta a chi dall’atto di nascita del figlio risulti suo genitore e a chiunque vi abbia interesse.L’azione è imprescrittibile (117 e seguenti).Quando l’azione è proposta nei confronti di persone premorte o minori o altrimenti incapaci, si osservano le disposizioni dell’articolo precedente.Nel giudizio devono essere chiamati entrambi i genitori (Cod. Proc. Civ. 70, 102, 715).
Art. 248 Legittimazione all’azione di contestazione della legittimità. Imprescrittibilità	4. Chi deve essere chiamato nel giudizio per contestare la legittimità dell'atto di nascita del figlio?	L’azione per contestare la legittimità spetta a chi dall’atto di nascita del figlio risulti suo genitore e a chiunque vi abbia interesse.L’azione è imprescrittibile (117 e seguenti).Quando l’azione è proposta nei confronti di persone premorte o minori o altrimenti incapaci, si osservano le disposizioni dell’articolo precedente.Nel giudizio devono essere chiamati entrambi i genitori (Cod. Proc. Civ. 70, 102, 715).
Art. 249 Reclamo della legittimità	1. Chi ha il diritto di promuovere l'azione per reclamare lo stato legittimo?	L’azione per reclamare lo stato legittimo spetta al figlio; ma, se egli non l’ha promossa ed è morto in età minore o nei cinque anni dopo aver raggiunto la maggiore età, può essere promossa dai discendenti di lui. Essa deve essere proposta contro entrambi i genitori, e, in loro mancanza, contro i loro eredi (att. 121). L’azione è imprescrittibile riguardo al figlio.
Art. 249 Reclamo della legittimità	2. In quali circostanze i discendenti del figlio possono promuovere l'azione per reclamare lo stato legittimo?	L’azione per reclamare lo stato legittimo spetta al figlio; ma, se egli non l’ha promossa ed è morto in età minore o nei cinque anni dopo aver raggiunto la maggiore età, può essere promossa dai discendenti di lui. Essa deve essere proposta contro entrambi i genitori, e, in loro mancanza, contro i loro eredi (att. 121). L’azione è imprescrittibile riguardo al figlio.
Art. 249 Reclamo della legittimità	3. Contro chi deve essere proposta l'azione per reclamare lo stato legittimo?	L’azione per reclamare lo stato legittimo spetta al figlio; ma, se egli non l’ha promossa ed è morto in età minore o nei cinque anni dopo aver raggiunto la maggiore età, può essere promossa dai discendenti di lui. Essa deve essere proposta contro entrambi i genitori, e, in loro mancanza, contro i loro eredi (att. 121). L’azione è imprescrittibile riguardo al figlio.
Art. 249 Reclamo della legittimità	4. L'azione per reclamare lo stato legittimo è soggetta a prescrizione riguardo al figlio?	L’azione per reclamare lo stato legittimo spetta al figlio; ma, se egli non l’ha promossa ed è morto in età minore o nei cinque anni dopo aver raggiunto la maggiore età, può essere promossa dai discendenti di lui. Essa deve essere proposta contro entrambi i genitori, e, in loro mancanza, contro i loro eredi (att. 121). L’azione è imprescrittibile riguardo al figlio.
Art. 250 Riconoscimento	1. In quali modi può essere riconosciuto il figlio naturale secondo l'art. 254?	Il figlio naturale può essere riconosciuto, nei modi previsti dall’art. 254, dal padre e dalla madre, anche se già uniti in matrimonio con altra persona all’epoca del concepimento. Il riconoscimento può avvenire tanto congiuntamente quanto separatamente.Il riconoscimento del figlio che ha compiuto i sedici anni non produce effetto senza il suo assenso.Il riconoscimento del figlio che non ha compiuto i sedici anni non può avvenire senza il consenso dell’altro genitore che abbia già effettuato il riconoscimento.Il consenso non può essere rifiutato ove il riconoscimento risponda all’interesse del figlio. Se vi è opposizione, su ricorso del genitore che vuole effettuare il riconoscimento, sentito il minore in contraddittorio con il genitore che si oppone e con l’intervento del pubblico ministero, decide il tribunale con sentenza che, in caso di accoglimento della domanda, tiene luogo del consenso mancante.Il riconoscimento non può essere fatto dai genitori che non abbiano compiuto il sedicesimo anno di età.
Art. 250 Riconoscimento	2. Il riconoscimento del figlio naturale può avvenire se i genitori sono già uniti in matrimonio con altre persone all'epoca del concepimento?	Il figlio naturale può essere riconosciuto, nei modi previsti dall’art. 254, dal padre e dalla madre, anche se già uniti in matrimonio con altra persona all’epoca del concepimento. Il riconoscimento può avvenire tanto congiuntamente quanto separatamente.Il riconoscimento del figlio che ha compiuto i sedici anni non produce effetto senza il suo assenso.Il riconoscimento del figlio che non ha compiuto i sedici anni non può avvenire senza il consenso dell’altro genitore che abbia già effettuato il riconoscimento.Il consenso non può essere rifiutato ove il riconoscimento risponda all’interesse del figlio. Se vi è opposizione, su ricorso del genitore che vuole effettuare il riconoscimento, sentito il minore in contraddittorio con il genitore che si oppone e con l’intervento del pubblico ministero, decide il tribunale con sentenza che, in caso di accoglimento della domanda, tiene luogo del consenso mancante.Il riconoscimento non può essere fatto dai genitori che non abbiano compiuto il sedicesimo anno di età.
Art. 250 Riconoscimento	3. È possibile effettuare il riconoscimento del figlio naturale congiuntamente e separatamente?	Il figlio naturale può essere riconosciuto, nei modi previsti dall’art. 254, dal padre e dalla madre, anche se già uniti in matrimonio con altra persona all’epoca del concepimento. Il riconoscimento può avvenire tanto congiuntamente quanto separatamente.Il riconoscimento del figlio che ha compiuto i sedici anni non produce effetto senza il suo assenso.Il riconoscimento del figlio che non ha compiuto i sedici anni non può avvenire senza il consenso dell’altro genitore che abbia già effettuato il riconoscimento.Il consenso non può essere rifiutato ove il riconoscimento risponda all’interesse del figlio. Se vi è opposizione, su ricorso del genitore che vuole effettuare il riconoscimento, sentito il minore in contraddittorio con il genitore che si oppone e con l’intervento del pubblico ministero, decide il tribunale con sentenza che, in caso di accoglimento della domanda, tiene luogo del consenso mancante.Il riconoscimento non può essere fatto dai genitori che non abbiano compiuto il sedicesimo anno di età.
Art. 250 Riconoscimento	4. Qual è la condizione necessaria per il riconoscimento del figlio naturale che ha compiuto i sedici anni?	Il figlio naturale può essere riconosciuto, nei modi previsti dall’art. 254, dal padre e dalla madre, anche se già uniti in matrimonio con altra persona all’epoca del concepimento. Il riconoscimento può avvenire tanto congiuntamente quanto separatamente.Il riconoscimento del figlio che ha compiuto i sedici anni non produce effetto senza il suo assenso.Il riconoscimento del figlio che non ha compiuto i sedici anni non può avvenire senza il consenso dell’altro genitore che abbia già effettuato il riconoscimento.Il consenso non può essere rifiutato ove il riconoscimento risponda all’interesse del figlio. Se vi è opposizione, su ricorso del genitore che vuole effettuare il riconoscimento, sentito il minore in contraddittorio con il genitore che si oppone e con l’intervento del pubblico ministero, decide il tribunale con sentenza che, in caso di accoglimento della domanda, tiene luogo del consenso mancante.Il riconoscimento non può essere fatto dai genitori che non abbiano compiuto il sedicesimo anno di età.
Art. 250 Riconoscimento	5. Qual è il requisito per il riconoscimento del figlio naturale che non ha compiuto i sedici anni?	Il figlio naturale può essere riconosciuto, nei modi previsti dall’art. 254, dal padre e dalla madre, anche se già uniti in matrimonio con altra persona all’epoca del concepimento. Il riconoscimento può avvenire tanto congiuntamente quanto separatamente.Il riconoscimento del figlio che ha compiuto i sedici anni non produce effetto senza il suo assenso.Il riconoscimento del figlio che non ha compiuto i sedici anni non può avvenire senza il consenso dell’altro genitore che abbia già effettuato il riconoscimento.Il consenso non può essere rifiutato ove il riconoscimento risponda all’interesse del figlio. Se vi è opposizione, su ricorso del genitore che vuole effettuare il riconoscimento, sentito il minore in contraddittorio con il genitore che si oppone e con l’intervento del pubblico ministero, decide il tribunale con sentenza che, in caso di accoglimento della domanda, tiene luogo del consenso mancante.Il riconoscimento non può essere fatto dai genitori che non abbiano compiuto il sedicesimo anno di età.
Art. 250 Riconoscimento	6. Cosa accade se vi è opposizione al riconoscimento del figlio naturale da parte dell'altro genitore?	Il figlio naturale può essere riconosciuto, nei modi previsti dall’art. 254, dal padre e dalla madre, anche se già uniti in matrimonio con altra persona all’epoca del concepimento. Il riconoscimento può avvenire tanto congiuntamente quanto separatamente.Il riconoscimento del figlio che ha compiuto i sedici anni non produce effetto senza il suo assenso.Il riconoscimento del figlio che non ha compiuto i sedici anni non può avvenire senza il consenso dell’altro genitore che abbia già effettuato il riconoscimento.Il consenso non può essere rifiutato ove il riconoscimento risponda all’interesse del figlio. Se vi è opposizione, su ricorso del genitore che vuole effettuare il riconoscimento, sentito il minore in contraddittorio con il genitore che si oppone e con l’intervento del pubblico ministero, decide il tribunale con sentenza che, in caso di accoglimento della domanda, tiene luogo del consenso mancante.Il riconoscimento non può essere fatto dai genitori che non abbiano compiuto il sedicesimo anno di età.
Art. 250 Riconoscimento	7. I genitori che non hanno compiuto il sedicesimo anno di età possono effettuare il riconoscimento del figlio naturale?	Il figlio naturale può essere riconosciuto, nei modi previsti dall’art. 254, dal padre e dalla madre, anche se già uniti in matrimonio con altra persona all’epoca del concepimento. Il riconoscimento può avvenire tanto congiuntamente quanto separatamente.Il riconoscimento del figlio che ha compiuto i sedici anni non produce effetto senza il suo assenso.Il riconoscimento del figlio che non ha compiuto i sedici anni non può avvenire senza il consenso dell’altro genitore che abbia già effettuato il riconoscimento.Il consenso non può essere rifiutato ove il riconoscimento risponda all’interesse del figlio. Se vi è opposizione, su ricorso del genitore che vuole effettuare il riconoscimento, sentito il minore in contraddittorio con il genitore che si oppone e con l’intervento del pubblico ministero, decide il tribunale con sentenza che, in caso di accoglimento della domanda, tiene luogo del consenso mancante.Il riconoscimento non può essere fatto dai genitori che non abbiano compiuto il sedicesimo anno di età.
Art. 251 Riconoscimento di figli incestuosi	1. In quali casi i figli nati da persone con un vincolo di parentela o affinità possono essere riconosciuti dai loro genitori?	I figli nati da persone, tra le quali esiste un vincolo di parentela anche soltanto naturale, in linea retta all’infinito o in linea collaterale nel secondo grado, ovvero un vincolo di affinità in linea retta, non possono essere riconosciuti dai loro genitori, salvo che questi al tempo del concepimento ignorassero il vincolo esistente tra di loro o che sia stato dichiarato nullo il matrimonio da cui deriva l’affinità. Quando uno solo dei genitori è stato in buona fede, il riconoscimento del figlio può essere fatto solo da lui.Il riconoscimento è autorizzato 253) dal giudice, avuto riguardo all’interesse del figlio ed alla necessità di evitare allo stesso qualsiasi pregiudizio.
Art. 251 Riconoscimento di figli incestuosi	2. Cosa accade se solo uno dei genitori era in buona fede riguardo al vincolo di parentela o affinità al momento del concepimento?	I figli nati da persone, tra le quali esiste un vincolo di parentela anche soltanto naturale, in linea retta all’infinito o in linea collaterale nel secondo grado, ovvero un vincolo di affinità in linea retta, non possono essere riconosciuti dai loro genitori, salvo che questi al tempo del concepimento ignorassero il vincolo esistente tra di loro o che sia stato dichiarato nullo il matrimonio da cui deriva l’affinità. Quando uno solo dei genitori è stato in buona fede, il riconoscimento del figlio può essere fatto solo da lui.Il riconoscimento è autorizzato 253) dal giudice, avuto riguardo all’interesse del figlio ed alla necessità di evitare allo stesso qualsiasi pregiudizio.
Art. 251 Riconoscimento di figli incestuosi	3. Quali criteri deve considerare il giudice per autorizzare il riconoscimento di un figlio?	I figli nati da persone, tra le quali esiste un vincolo di parentela anche soltanto naturale, in linea retta all’infinito o in linea collaterale nel secondo grado, ovvero un vincolo di affinità in linea retta, non possono essere riconosciuti dai loro genitori, salvo che questi al tempo del concepimento ignorassero il vincolo esistente tra di loro o che sia stato dichiarato nullo il matrimonio da cui deriva l’affinità. Quando uno solo dei genitori è stato in buona fede, il riconoscimento del figlio può essere fatto solo da lui.Il riconoscimento è autorizzato 253) dal giudice, avuto riguardo all’interesse del figlio ed alla necessità di evitare allo stesso qualsiasi pregiudizio.
Art. 252 Affidamento del figlio naturale e suo inserimento nella famiglia legittima	1. Quali provvedimenti può adottare il giudice in caso di riconoscimento del figlio naturale durante il matrimonio?	Qualora il figlio naturale di uno dei coniugi sia riconosciuto durante il matrimonio il giudice, valutate le circostanze, decide in ordine all’affidamento del minore e adotta ogni altro provvedimento a tutela del suo interesse morale e materiale.L’eventuale inserimento del figlio naturale nella famiglia legittima di uno dei genitori può essere autorizzato dal giudice qualora ciò non sia contrario all’interesse del minore e sia accertato il consenso dell’altro coniuge e dei figli legittimi che abbiano compiuto il sedicesimo anno di età e siano conviventi, nonché dell’altro genitore naturale che abbia effettuato il riconoscimento. In questo caso il giudice stabilisce le condizioni che il genitore cui il figlio è affidato deve osservare e quelle cui deve attenersi l’altro genitore.Qualora il figlio naturale sia riconosciuto anteriormente al matrimonio, il suo inserimento nella famiglia legittima è subordinato al consenso dell’altro coniuge, a meno che il figlio fosse già convivente con il genitore all’atto del matrimonio o l’altro coniuge conoscesse l’esistenza del figlio naturale.È altresì richiesto il consenso dell’altro genitore naturale che abbia effettuato il riconoscimento.
Art. 252 Affidamento del figlio naturale e suo inserimento nella famiglia legittima	2. Quali condizioni devono essere soddisfatte per l'inserimento del figlio naturale nella famiglia legittima di uno dei genitori?	Qualora il figlio naturale di uno dei coniugi sia riconosciuto durante il matrimonio il giudice, valutate le circostanze, decide in ordine all’affidamento del minore e adotta ogni altro provvedimento a tutela del suo interesse morale e materiale.L’eventuale inserimento del figlio naturale nella famiglia legittima di uno dei genitori può essere autorizzato dal giudice qualora ciò non sia contrario all’interesse del minore e sia accertato il consenso dell’altro coniuge e dei figli legittimi che abbiano compiuto il sedicesimo anno di età e siano conviventi, nonché dell’altro genitore naturale che abbia effettuato il riconoscimento. In questo caso il giudice stabilisce le condizioni che il genitore cui il figlio è affidato deve osservare e quelle cui deve attenersi l’altro genitore.Qualora il figlio naturale sia riconosciuto anteriormente al matrimonio, il suo inserimento nella famiglia legittima è subordinato al consenso dell’altro coniuge, a meno che il figlio fosse già convivente con il genitore all’atto del matrimonio o l’altro coniuge conoscesse l’esistenza del figlio naturale.È altresì richiesto il consenso dell’altro genitore naturale che abbia effettuato il riconoscimento.
Art. 252 Affidamento del figlio naturale e suo inserimento nella famiglia legittima	3. Quali sono i requisiti per l'inserimento del figlio naturale nella famiglia legittima se il riconoscimento avviene prima del matrimonio?	Qualora il figlio naturale di uno dei coniugi sia riconosciuto durante il matrimonio il giudice, valutate le circostanze, decide in ordine all’affidamento del minore e adotta ogni altro provvedimento a tutela del suo interesse morale e materiale.L’eventuale inserimento del figlio naturale nella famiglia legittima di uno dei genitori può essere autorizzato dal giudice qualora ciò non sia contrario all’interesse del minore e sia accertato il consenso dell’altro coniuge e dei figli legittimi che abbiano compiuto il sedicesimo anno di età e siano conviventi, nonché dell’altro genitore naturale che abbia effettuato il riconoscimento. In questo caso il giudice stabilisce le condizioni che il genitore cui il figlio è affidato deve osservare e quelle cui deve attenersi l’altro genitore.Qualora il figlio naturale sia riconosciuto anteriormente al matrimonio, il suo inserimento nella famiglia legittima è subordinato al consenso dell’altro coniuge, a meno che il figlio fosse già convivente con il genitore all’atto del matrimonio o l’altro coniuge conoscesse l’esistenza del figlio naturale.È altresì richiesto il consenso dell’altro genitore naturale che abbia effettuato il riconoscimento.
Art. 252 Affidamento del figlio naturale e suo inserimento nella famiglia legittima	4. Di quali consensi ha bisogno il giudice per autorizzare l'inserimento del figlio naturale nella famiglia legittima?	Qualora il figlio naturale di uno dei coniugi sia riconosciuto durante il matrimonio il giudice, valutate le circostanze, decide in ordine all’affidamento del minore e adotta ogni altro provvedimento a tutela del suo interesse morale e materiale.L’eventuale inserimento del figlio naturale nella famiglia legittima di uno dei genitori può essere autorizzato dal giudice qualora ciò non sia contrario all’interesse del minore e sia accertato il consenso dell’altro coniuge e dei figli legittimi che abbiano compiuto il sedicesimo anno di età e siano conviventi, nonché dell’altro genitore naturale che abbia effettuato il riconoscimento. In questo caso il giudice stabilisce le condizioni che il genitore cui il figlio è affidato deve osservare e quelle cui deve attenersi l’altro genitore.Qualora il figlio naturale sia riconosciuto anteriormente al matrimonio, il suo inserimento nella famiglia legittima è subordinato al consenso dell’altro coniuge, a meno che il figlio fosse già convivente con il genitore all’atto del matrimonio o l’altro coniuge conoscesse l’esistenza del figlio naturale.È altresì richiesto il consenso dell’altro genitore naturale che abbia effettuato il riconoscimento.
Art. 253 Inammissibilità del riconoscimento	1. In quali circostanze non è ammesso un riconoscimento in contrasto con lo stato di figlio legittimo o legittimato?	In nessun caso è ammesso un riconoscimento in contrasto con lo stato di figlio legittimo (231 e seguenti) o legittimato (280 e seguenti) in cui la persona si trova.
Art. 254 Forma del riconoscimento	1. In quali modi può essere effettuato il riconoscimento del figlio naturale?	Il riconoscimento del figlio naturale è fatto nell’atto di nascita, oppure con una apposita dichiarazione, posteriore alla nascita o al concepimento, davanti ad un ufficiale dello stato civile o in un atto pubblico o in un testamento (587 e seguenti) qualunque sia la forma di questo.La domanda di legittimazione di un figlio naturale presentata al giudice o la dichiarazione della volontà di legittimarlo espressa dal genitore in un atto pubblico o in un testamento importa riconoscimento, anche se la legittimazione non abbia luogo.
Art. 254 Forma del riconoscimento	2. Cosa comporta la domanda di legittimazione di un figlio naturale presentata al giudice?	Il riconoscimento del figlio naturale è fatto nell’atto di nascita, oppure con una apposita dichiarazione, posteriore alla nascita o al concepimento, davanti ad un ufficiale dello stato civile o in un atto pubblico o in un testamento (587 e seguenti) qualunque sia la forma di questo.La domanda di legittimazione di un figlio naturale presentata al giudice o la dichiarazione della volontà di legittimarlo espressa dal genitore in un atto pubblico o in un testamento importa riconoscimento, anche se la legittimazione non abbia luogo.
Art. 255 Riconoscimento di un figlio premorto	1. In quali casi può aver luogo il riconoscimento del figlio premorto?	Può anche aver luogo il riconoscimento del figlio premorto in favore dei suoi discendenti legittimi e dei suoi figli naturali riconosciuti.
Art. 256 Irrevocabilità del riconoscimento	1. Qual è l'effetto del riconoscimento contenuto in un testamento dal giorno della morte del testatore?	Il riconoscimento è irrevocabile. Quando è contenuto in un testamento ha effetto dal giorno della morte del testatore, anche se il testamento è stato revocato (679 e seguenti).
Art. 256 Irrevocabilità del riconoscimento	2. Il riconoscimento contenuto in un testamento ha effetto anche se il testamento è stato revocato?	Il riconoscimento è irrevocabile. Quando è contenuto in un testamento ha effetto dal giorno della morte del testatore, anche se il testamento è stato revocato (679 e seguenti).
Art. 257 Clausole limitatrici	1. Quali sono le conseguenze giuridiche di una clausola che tenta di limitare gli effetti del riconoscimento?	È nulla ogni clausola diretta a limitare gli effetti del riconoscimento.
Art. 258 Effetti del riconoscimento	1. Quali effetti produce il riconoscimento riguardo al genitore che lo ha fatto?	Il riconoscimento non produce effetti che riguardo al genitore da cui fu fatto, salvo i casi previsti dalla legge.L’atto di riconoscimento di uno solo dei genitori non può contenere indicazioni relative all’altro genitore. Queste indicazioni, qualora siano state fatte, sono senza effetto.Il pubblico ufficiale che le riceve e l’ufficiale dello stato civile che le riproduce sui registri dello stato civile sono puniti con l’ammenda da L. 20.000 (euro 10,33) a L. 160.000 (euro 82,63). Le indicazioni stesse devono essere cancellate (262, 317-bis).
Art. 258 Effetti del riconoscimento	2. È possibile che l'atto di riconoscimento di uno solo dei genitori contenga indicazioni relative all'altro genitore?	Il riconoscimento non produce effetti che riguardo al genitore da cui fu fatto, salvo i casi previsti dalla legge.L’atto di riconoscimento di uno solo dei genitori non può contenere indicazioni relative all’altro genitore. Queste indicazioni, qualora siano state fatte, sono senza effetto.Il pubblico ufficiale che le riceve e l’ufficiale dello stato civile che le riproduce sui registri dello stato civile sono puniti con l’ammenda da L. 20.000 (euro 10,33) a L. 160.000 (euro 82,63). Le indicazioni stesse devono essere cancellate (262, 317-bis).
Art. 258 Effetti del riconoscimento	3. Quali sono le conseguenze se un atto di riconoscimento contiene indicazioni relative all'altro genitore?	Il riconoscimento non produce effetti che riguardo al genitore da cui fu fatto, salvo i casi previsti dalla legge.L’atto di riconoscimento di uno solo dei genitori non può contenere indicazioni relative all’altro genitore. Queste indicazioni, qualora siano state fatte, sono senza effetto.Il pubblico ufficiale che le riceve e l’ufficiale dello stato civile che le riproduce sui registri dello stato civile sono puniti con l’ammenda da L. 20.000 (euro 10,33) a L. 160.000 (euro 82,63). Le indicazioni stesse devono essere cancellate (262, 317-bis).
Art. 258 Effetti del riconoscimento	4. Quali sanzioni sono previste per il pubblico ufficiale che riceve indicazioni relative all'altro genitore nell'atto di riconoscimento?	Il riconoscimento non produce effetti che riguardo al genitore da cui fu fatto, salvo i casi previsti dalla legge.L’atto di riconoscimento di uno solo dei genitori non può contenere indicazioni relative all’altro genitore. Queste indicazioni, qualora siano state fatte, sono senza effetto.Il pubblico ufficiale che le riceve e l’ufficiale dello stato civile che le riproduce sui registri dello stato civile sono puniti con l’ammenda da L. 20.000 (euro 10,33) a L. 160.000 (euro 82,63). Le indicazioni stesse devono essere cancellate (262, 317-bis).
Art. 258 Effetti del riconoscimento	5. Cosa deve essere fatto con le indicazioni relative all'altro genitore se sono state inserite nell'atto di riconoscimento?	Il riconoscimento non produce effetti che riguardo al genitore da cui fu fatto, salvo i casi previsti dalla legge.L’atto di riconoscimento di uno solo dei genitori non può contenere indicazioni relative all’altro genitore. Queste indicazioni, qualora siano state fatte, sono senza effetto.Il pubblico ufficiale che le riceve e l’ufficiale dello stato civile che le riproduce sui registri dello stato civile sono puniti con l’ammenda da L. 20.000 (euro 10,33) a L. 160.000 (euro 82,63). Le indicazioni stesse devono essere cancellate (262, 317-bis).
Art. 261 Diritti e doveri derivanti al genitore dal riconoscimento	1. Quali doveri e diritti assume il genitore nei confronti dei figli legittimi a seguito del riconoscimento?	Il riconoscimento comporta da parte del genitore l’assunzione di tutti i doveri e di tutti i diritti che egli ha nei confronti dei figli legittimi (147 e seguenti).
Art. 262 Cognome del figlio	1. Quale cognome assume il figlio naturale se viene riconosciuto contemporaneamente da entrambi i genitori?	Il figlio naturale assume il cognome del genitore che per primo lo ha riconosciuto. Se il riconoscimento è stato effettuato contemporaneamente da entrambi i genitori il figlio naturale assume il cognome del padre.Se la filiazione nei confronti del padre è stata accertata o riconosciuta successivamente al riconoscimento da parte della madre, il figlio naturale può assumere il cognome del padre aggiungendolo o sostituendolo a quello della madre.Nel caso di minore età del figlio, il giudice decide circa l’assunzione del cognome del padre.
Art. 262 Cognome del figlio	2. Cosa accade al cognome del figlio naturale se la filiazione nei confronti del padre viene accertata o riconosciuta dopo il riconoscimento da parte della madre?	Il figlio naturale assume il cognome del genitore che per primo lo ha riconosciuto. Se il riconoscimento è stato effettuato contemporaneamente da entrambi i genitori il figlio naturale assume il cognome del padre.Se la filiazione nei confronti del padre è stata accertata o riconosciuta successivamente al riconoscimento da parte della madre, il figlio naturale può assumere il cognome del padre aggiungendolo o sostituendolo a quello della madre.Nel caso di minore età del figlio, il giudice decide circa l’assunzione del cognome del padre.
Art. 262 Cognome del figlio	3. Chi decide sull'assunzione del cognome del padre nel caso in cui il figlio naturale sia minorenne?	Il figlio naturale assume il cognome del genitore che per primo lo ha riconosciuto. Se il riconoscimento è stato effettuato contemporaneamente da entrambi i genitori il figlio naturale assume il cognome del padre.Se la filiazione nei confronti del padre è stata accertata o riconosciuta successivamente al riconoscimento da parte della madre, il figlio naturale può assumere il cognome del padre aggiungendolo o sostituendolo a quello della madre.Nel caso di minore età del figlio, il giudice decide circa l’assunzione del cognome del padre.
Art. 262 Cognome del figlio	4. Quale cognome assume il figlio naturale se viene riconosciuto per primo dalla madre?	Il figlio naturale assume il cognome del genitore che per primo lo ha riconosciuto. Se il riconoscimento è stato effettuato contemporaneamente da entrambi i genitori il figlio naturale assume il cognome del padre.Se la filiazione nei confronti del padre è stata accertata o riconosciuta successivamente al riconoscimento da parte della madre, il figlio naturale può assumere il cognome del padre aggiungendolo o sostituendolo a quello della madre.Nel caso di minore età del figlio, il giudice decide circa l’assunzione del cognome del padre.
Art. 263 Impugnazione del riconoscimento per difetto di veridicità	1. Chi può impugnare il riconoscimento per difetto di veridicità?	Il riconoscimento può essere impugnato per difetto di veridicità dall’autore del riconoscimento, da colui che è stato riconosciuto e da chiunque vi abbia interesse.L’impugnazione è ammessa anche dopo la legittimazione (280 e seguenti).L’azione è imprescrittibile.
Art. 263 Impugnazione del riconoscimento per difetto di veridicità	2. È possibile impugnare il riconoscimento anche dopo la legittimazione?	Il riconoscimento può essere impugnato per difetto di veridicità dall’autore del riconoscimento, da colui che è stato riconosciuto e da chiunque vi abbia interesse.L’impugnazione è ammessa anche dopo la legittimazione (280 e seguenti).L’azione è imprescrittibile.
Art. 263 Impugnazione del riconoscimento per difetto di veridicità	3. L'azione di impugnazione del riconoscimento è soggetta a prescrizione?	Il riconoscimento può essere impugnato per difetto di veridicità dall’autore del riconoscimento, da colui che è stato riconosciuto e da chiunque vi abbia interesse.L’impugnazione è ammessa anche dopo la legittimazione (280 e seguenti).L’azione è imprescrittibile.
Art. 264 Impugnazione da parte del riconosciuto	1. Chi può presentare istanza al giudice per ottenere l'autorizzazione a impugnare il riconoscimento durante la minore età o lo stato d’interdizione per infermità di mente?	Colui che è stato riconosciuto non può, durante la minore età o lo stato d’interdizione per infermità di mente, impugnare il riconoscimento.Tuttavia il giudice (38 att.), con provvedimento in camera di consiglio su istanza del pubblico ministero o del tutore o dell’altro genitore che abbia validamente riconosciuto il figlio o del figlio stesso che abbia compiuto il sedicesimo anno di età, può dare l’autorizzazione per impugnare il riconoscimento, nominando un curatore speciale.
Art. 264 Impugnazione da parte del riconosciuto	2. Quali sono le condizioni necessarie affinché il giudice possa autorizzare l'impugnazione del riconoscimento?	Colui che è stato riconosciuto non può, durante la minore età o lo stato d’interdizione per infermità di mente, impugnare il riconoscimento.Tuttavia il giudice (38 att.), con provvedimento in camera di consiglio su istanza del pubblico ministero o del tutore o dell’altro genitore che abbia validamente riconosciuto il figlio o del figlio stesso che abbia compiuto il sedicesimo anno di età, può dare l’autorizzazione per impugnare il riconoscimento, nominando un curatore speciale.
Art. 265 Impugnazione per violenza	1. Entro quanto tempo può l'autore del riconoscimento impugnare il riconoscimento per violenza?	Il riconoscimento può essere impugnato per violenza (1434 e seguenti) dall’autore del riconoscimento entro un anno dal giorno in cui la violenza è cessata.Se l’autore del riconoscimento è minore, l’azione può essere promossa entro un anno dal conseguimento dell’età maggiore.
Art. 265 Impugnazione per violenza	2. Qual è il termine per impugnare il riconoscimento per violenza se l'autore del riconoscimento è minore?	Il riconoscimento può essere impugnato per violenza (1434 e seguenti) dall’autore del riconoscimento entro un anno dal giorno in cui la violenza è cessata.Se l’autore del riconoscimento è minore, l’azione può essere promossa entro un anno dal conseguimento dell’età maggiore.
Art. 266 Impugnazione del riconoscimento per effetto di interdizione giudiziale	1. Chi può impugnare il riconoscimento per incapacità derivante da interdizione giudiziale?	Il riconoscimento può essere impugnato per l’incapacità che deriva da interdizione giudiziale (414 e seguenti) dal rappresentante dell’interdetto e, dopo la revoca dell’interdizione, dall’autore del riconoscimento, entro un anno dalla data della revoca.
Art. 266 Impugnazione del riconoscimento per effetto di interdizione giudiziale	2. Entro quanto tempo dall'avvenuta revoca dell'interdizione può l'autore del riconoscimento impugnare il riconoscimento stesso?	Il riconoscimento può essere impugnato per l’incapacità che deriva da interdizione giudiziale (414 e seguenti) dal rappresentante dell’interdetto e, dopo la revoca dell’interdizione, dall’autore del riconoscimento, entro un anno dalla data della revoca.
Art. 267 Trasmissibilità dell’azione	1. Chi può promuovere l'azione se l'autore del riconoscimento è morto senza averla promossa ma prima che sia scaduto il termine?	Nei casi indicati dagli articoli 265 e 266, se l’autore del riconoscimento è morto senza aver promosso l’azione, ma prima che sia scaduto il termine, l’azione può essere promossa dai discendenti, dagli ascendenti o dagli eredi.
Art. 268 Provvedimenti in pendenza del giudizio	1. Quali provvedimenti può adottare il giudice nell'interesse del figlio quando è impugnato il riconoscimento?	Quando è impugnato il riconoscimento, il giudice può dare, in pendenza del giudizio, i provvedimenti che ritenga opportuni nell’interesse del figlio.
Art. 269 Dichiarazione giudiziale di paternità e maternità	1. In quali casi la paternità e la maternità naturale possono essere giudizialmente dichiarate?	La paternità (123 att.) e la maternità naturale possono essere giudizialmente dichiarate (38 att.) nei casi in cui il riconoscimento è ammesso.La prova della paternità e della maternità può essere data con ogni mezzo.La maternità è dimostrata provando la identità di colui che si pretende essere figlio e di colui ce fu partorito dalla donna, la quale si assume essere madre.La sola dichiarazione della madre e la sola esistenza di rapporti tra la madre e il preteso padre all’epoca del concepimento non costituiscono prova della paternità naturale.
Art. 269 Dichiarazione giudiziale di paternità e maternità	2. Con quali mezzi può essere data la prova della paternità e della maternità?	La paternità (123 att.) e la maternità naturale possono essere giudizialmente dichiarate (38 att.) nei casi in cui il riconoscimento è ammesso.La prova della paternità e della maternità può essere data con ogni mezzo.La maternità è dimostrata provando la identità di colui che si pretende essere figlio e di colui ce fu partorito dalla donna, la quale si assume essere madre.La sola dichiarazione della madre e la sola esistenza di rapporti tra la madre e il preteso padre all’epoca del concepimento non costituiscono prova della paternità naturale.
Art. 269 Dichiarazione giudiziale di paternità e maternità	3. Come si dimostra la maternità secondo il testo?	La paternità (123 att.) e la maternità naturale possono essere giudizialmente dichiarate (38 att.) nei casi in cui il riconoscimento è ammesso.La prova della paternità e della maternità può essere data con ogni mezzo.La maternità è dimostrata provando la identità di colui che si pretende essere figlio e di colui ce fu partorito dalla donna, la quale si assume essere madre.La sola dichiarazione della madre e la sola esistenza di rapporti tra la madre e il preteso padre all’epoca del concepimento non costituiscono prova della paternità naturale.
Art. 269 Dichiarazione giudiziale di paternità e maternità	4. Perché la sola dichiarazione della madre e l'esistenza di rapporti tra la madre e il preteso padre all'epoca del concepimento non costituiscono prova della paternità naturale?	La paternità (123 att.) e la maternità naturale possono essere giudizialmente dichiarate (38 att.) nei casi in cui il riconoscimento è ammesso.La prova della paternità e della maternità può essere data con ogni mezzo.La maternità è dimostrata provando la identità di colui che si pretende essere figlio e di colui ce fu partorito dalla donna, la quale si assume essere madre.La sola dichiarazione della madre e la sola esistenza di rapporti tra la madre e il preteso padre all’epoca del concepimento non costituiscono prova della paternità naturale.
Art. 270 Legittimazione attiva e termine	1. Entro quanto tempo i discendenti legittimi, legittimati o naturali riconosciuti possono promuovere l'azione per dichiarare la paternità o maternità naturale se il figlio muore prima di averla iniziata?	L’azione per ottenere che sia dichiarata giudizialmente la paternità o la maternità naturale è imprescrittibile riguardo al figlio.Se il figlio muore prima di avere iniziato l’azione, questa può essere promossa dai discendenti legittimi, legittimati o naturali riconosciuti, entro due anni dalla morte.L’azione promossa dal figlio, se egli muore, può essere proseguita dai discendenti legittimi, legittimati o naturali riconosciuti.
Art. 270 Legittimazione attiva e termine	2. Chi può proseguire l'azione per dichiarare la paternità o maternità naturale se il figlio muore dopo averla iniziata?	L’azione per ottenere che sia dichiarata giudizialmente la paternità o la maternità naturale è imprescrittibile riguardo al figlio.Se il figlio muore prima di avere iniziato l’azione, questa può essere promossa dai discendenti legittimi, legittimati o naturali riconosciuti, entro due anni dalla morte.L’azione promossa dal figlio, se egli muore, può essere proseguita dai discendenti legittimi, legittimati o naturali riconosciuti.
Art. 270 Legittimazione attiva e termine	3. L'azione per ottenere la dichiarazione giudiziale della paternità o maternità naturale è soggetta a prescrizione riguardo al figlio?	L’azione per ottenere che sia dichiarata giudizialmente la paternità o la maternità naturale è imprescrittibile riguardo al figlio.Se il figlio muore prima di avere iniziato l’azione, questa può essere promossa dai discendenti legittimi, legittimati o naturali riconosciuti, entro due anni dalla morte.L’azione promossa dal figlio, se egli muore, può essere proseguita dai discendenti legittimi, legittimati o naturali riconosciuti.
Art. 273 Azione nell’interesse del minore o dell’interdetto	1. Chi può promuovere l'azione per ottenere la dichiarazione giudiziale di paternità o maternità naturale nell'interesse del minore?	L’azione per ottenere che sia giudizialmente dichiarata la paternità o la maternità naturale può essere promossa, nell’interesse del minore, dal genitore che esercita la potestà prevista dall’art. 316 o dal tutore. Il tutore però deve chiedere l’autorizzazione del giudice, il quale può anche nominare un curatore speciale.Occorre il consenso del figlio per promuovere o per proseguire l’azione se egli ha compiuto l’età di sedici anni.Per l’interdetto l’azione può essere promossa dal tutore previa autorizzazione del giudice.
Art. 273 Azione nell’interesse del minore o dell’interdetto	2. Quale autorizzazione deve ottenere il tutore per promuovere l'azione di dichiarazione di paternità o maternità naturale?	L’azione per ottenere che sia giudizialmente dichiarata la paternità o la maternità naturale può essere promossa, nell’interesse del minore, dal genitore che esercita la potestà prevista dall’art. 316 o dal tutore. Il tutore però deve chiedere l’autorizzazione del giudice, il quale può anche nominare un curatore speciale.Occorre il consenso del figlio per promuovere o per proseguire l’azione se egli ha compiuto l’età di sedici anni.Per l’interdetto l’azione può essere promossa dal tutore previa autorizzazione del giudice.
Art. 273 Azione nell’interesse del minore o dell’interdetto	3. A quale età è necessario il consenso del figlio per promuovere o proseguire l'azione di dichiarazione di paternità o maternità naturale?	L’azione per ottenere che sia giudizialmente dichiarata la paternità o la maternità naturale può essere promossa, nell’interesse del minore, dal genitore che esercita la potestà prevista dall’art. 316 o dal tutore. Il tutore però deve chiedere l’autorizzazione del giudice, il quale può anche nominare un curatore speciale.Occorre il consenso del figlio per promuovere o per proseguire l’azione se egli ha compiuto l’età di sedici anni.Per l’interdetto l’azione può essere promossa dal tutore previa autorizzazione del giudice.
Art. 273 Azione nell’interesse del minore o dell’interdetto	4. Chi può promuovere l'azione di dichiarazione di paternità o maternità naturale per un interdetto?	L’azione per ottenere che sia giudizialmente dichiarata la paternità o la maternità naturale può essere promossa, nell’interesse del minore, dal genitore che esercita la potestà prevista dall’art. 316 o dal tutore. Il tutore però deve chiedere l’autorizzazione del giudice, il quale può anche nominare un curatore speciale.Occorre il consenso del figlio per promuovere o per proseguire l’azione se egli ha compiuto l’età di sedici anni.Per l’interdetto l’azione può essere promossa dal tutore previa autorizzazione del giudice.
Art. 274 Ammissibilità dell’azione	1. Quali sono le condizioni necessarie per l'ammissibilità dell'azione per la dichiarazione giudiziale di paternità o maternità naturale?	L’azione per la dichiarazione giudiziale di paternità o di maternità naturale è ammessa solo quando concorrono specifiche circostanze tali da farla apparire giustificata.Sull’ammissibilità il tribunale decide in camera di consiglio con decreto motivato, su ricorso (Cod. Proc. Civ. 125, 737) di chi intende promuovere l’azione, sentiti il pubblico ministero e le parti e assunte le informazioni del caso. Contro il decreto si può proporre reclamo con ricorso alla Corte d’appello, che pronuncia anche essa in camera di consiglio.L’inchiesta sommaria compiuta dal tribunale ha luogo senza alcuna pubblicità e deve essere mantenuta segreta. Al termine dell’inchiesta gli atti e i documenti della stessa sono depositati in cancelleria ed il cancelliere deve darne avviso alle parti le quali, entro quindici giorni dalla comunicazione di detto avviso, hanno facoltà di esaminarli e di depositare memorie illustrative.Il tribunale, anche prima di ammettere l’azione, può, se trattasi di minore o d’altra persona incapace, nominare un curatore speciale che la rappresenti in giudizio.
Art. 274 Ammissibilità dell’azione	2. Chi decide sull'ammissibilità dell'azione per la dichiarazione giudiziale di paternità o maternità naturale e con quale modalità?	L’azione per la dichiarazione giudiziale di paternità o di maternità naturale è ammessa solo quando concorrono specifiche circostanze tali da farla apparire giustificata.Sull’ammissibilità il tribunale decide in camera di consiglio con decreto motivato, su ricorso (Cod. Proc. Civ. 125, 737) di chi intende promuovere l’azione, sentiti il pubblico ministero e le parti e assunte le informazioni del caso. Contro il decreto si può proporre reclamo con ricorso alla Corte d’appello, che pronuncia anche essa in camera di consiglio.L’inchiesta sommaria compiuta dal tribunale ha luogo senza alcuna pubblicità e deve essere mantenuta segreta. Al termine dell’inchiesta gli atti e i documenti della stessa sono depositati in cancelleria ed il cancelliere deve darne avviso alle parti le quali, entro quindici giorni dalla comunicazione di detto avviso, hanno facoltà di esaminarli e di depositare memorie illustrative.Il tribunale, anche prima di ammettere l’azione, può, se trattasi di minore o d’altra persona incapace, nominare un curatore speciale che la rappresenti in giudizio.
Art. 274 Ammissibilità dell’azione	3. Quali soggetti devono essere sentiti dal tribunale prima di decidere sull'ammissibilità dell'azione per la dichiarazione giudiziale di paternità o maternità naturale?	L’azione per la dichiarazione giudiziale di paternità o di maternità naturale è ammessa solo quando concorrono specifiche circostanze tali da farla apparire giustificata.Sull’ammissibilità il tribunale decide in camera di consiglio con decreto motivato, su ricorso (Cod. Proc. Civ. 125, 737) di chi intende promuovere l’azione, sentiti il pubblico ministero e le parti e assunte le informazioni del caso. Contro il decreto si può proporre reclamo con ricorso alla Corte d’appello, che pronuncia anche essa in camera di consiglio.L’inchiesta sommaria compiuta dal tribunale ha luogo senza alcuna pubblicità e deve essere mantenuta segreta. Al termine dell’inchiesta gli atti e i documenti della stessa sono depositati in cancelleria ed il cancelliere deve darne avviso alle parti le quali, entro quindici giorni dalla comunicazione di detto avviso, hanno facoltà di esaminarli e di depositare memorie illustrative.Il tribunale, anche prima di ammettere l’azione, può, se trattasi di minore o d’altra persona incapace, nominare un curatore speciale che la rappresenti in giudizio.
Art. 274 Ammissibilità dell’azione	4. Qual è la procedura da seguire se si vuole proporre reclamo contro il decreto del tribunale sull'ammissibilità dell'azione per la dichiarazione giudiziale di paternità o maternità naturale?	L’azione per la dichiarazione giudiziale di paternità o di maternità naturale è ammessa solo quando concorrono specifiche circostanze tali da farla apparire giustificata.Sull’ammissibilità il tribunale decide in camera di consiglio con decreto motivato, su ricorso (Cod. Proc. Civ. 125, 737) di chi intende promuovere l’azione, sentiti il pubblico ministero e le parti e assunte le informazioni del caso. Contro il decreto si può proporre reclamo con ricorso alla Corte d’appello, che pronuncia anche essa in camera di consiglio.L’inchiesta sommaria compiuta dal tribunale ha luogo senza alcuna pubblicità e deve essere mantenuta segreta. Al termine dell’inchiesta gli atti e i documenti della stessa sono depositati in cancelleria ed il cancelliere deve darne avviso alle parti le quali, entro quindici giorni dalla comunicazione di detto avviso, hanno facoltà di esaminarli e di depositare memorie illustrative.Il tribunale, anche prima di ammettere l’azione, può, se trattasi di minore o d’altra persona incapace, nominare un curatore speciale che la rappresenti in giudizio.
Art. 274 Ammissibilità dell’azione	5. Quali sono le caratteristiche dell'inchiesta sommaria compiuta dal tribunale in merito all'azione per la dichiarazione giudiziale di paternità o maternità naturale?	L’azione per la dichiarazione giudiziale di paternità o di maternità naturale è ammessa solo quando concorrono specifiche circostanze tali da farla apparire giustificata.Sull’ammissibilità il tribunale decide in camera di consiglio con decreto motivato, su ricorso (Cod. Proc. Civ. 125, 737) di chi intende promuovere l’azione, sentiti il pubblico ministero e le parti e assunte le informazioni del caso. Contro il decreto si può proporre reclamo con ricorso alla Corte d’appello, che pronuncia anche essa in camera di consiglio.L’inchiesta sommaria compiuta dal tribunale ha luogo senza alcuna pubblicità e deve essere mantenuta segreta. Al termine dell’inchiesta gli atti e i documenti della stessa sono depositati in cancelleria ed il cancelliere deve darne avviso alle parti le quali, entro quindici giorni dalla comunicazione di detto avviso, hanno facoltà di esaminarli e di depositare memorie illustrative.Il tribunale, anche prima di ammettere l’azione, può, se trattasi di minore o d’altra persona incapace, nominare un curatore speciale che la rappresenti in giudizio.
Art. 274 Ammissibilità dell’azione	6. In quali circostanze il tribunale può nominare un curatore speciale prima di ammettere l'azione per la dichiarazione giudiziale di paternità o maternità naturale?	L’azione per la dichiarazione giudiziale di paternità o di maternità naturale è ammessa solo quando concorrono specifiche circostanze tali da farla apparire giustificata.Sull’ammissibilità il tribunale decide in camera di consiglio con decreto motivato, su ricorso (Cod. Proc. Civ. 125, 737) di chi intende promuovere l’azione, sentiti il pubblico ministero e le parti e assunte le informazioni del caso. Contro il decreto si può proporre reclamo con ricorso alla Corte d’appello, che pronuncia anche essa in camera di consiglio.L’inchiesta sommaria compiuta dal tribunale ha luogo senza alcuna pubblicità e deve essere mantenuta segreta. Al termine dell’inchiesta gli atti e i documenti della stessa sono depositati in cancelleria ed il cancelliere deve darne avviso alle parti le quali, entro quindici giorni dalla comunicazione di detto avviso, hanno facoltà di esaminarli e di depositare memorie illustrative.Il tribunale, anche prima di ammettere l’azione, può, se trattasi di minore o d’altra persona incapace, nominare un curatore speciale che la rappresenti in giudizio.
Art. 276 Legittimazione passiva	1. Nei confronti di chi deve essere proposta la domanda per la dichiarazione di paternità o di maternità naturale in mancanza del presunto genitore?	La domanda per la dichiarazione di paternità o di maternità naturale deve essere proposta nei confronti del presunto genitore o, in mancanza di lui, nei confronti dei suoi eredi (Cod. Proc. Civ. 102).Alla domanda può contraddire chiunque vi abbia interesse.
Art. 276 Legittimazione passiva	2. Chi può contraddire alla domanda per la dichiarazione di paternità o di maternità naturale?	La domanda per la dichiarazione di paternità o di maternità naturale deve essere proposta nei confronti del presunto genitore o, in mancanza di lui, nei confronti dei suoi eredi (Cod. Proc. Civ. 102).Alla domanda può contraddire chiunque vi abbia interesse.
Art. 277 Effetti della sentenza	1. Quali effetti produce la sentenza che dichiara la filiazione naturale?	La sentenza che dichiara la filiazione naturale produce gli effetti del riconoscimento (258 e seguenti).Il giudice può anche dare i provvedimenti che stima utili per il mantenimento, l’istruzione e l’educazione del figlio e per la tutela degli interessi patrimoniali di lui.
Art. 277 Effetti della sentenza	2. Quali provvedimenti può adottare il giudice in relazione al figlio in caso di dichiarazione di filiazione naturale?	La sentenza che dichiara la filiazione naturale produce gli effetti del riconoscimento (258 e seguenti).Il giudice può anche dare i provvedimenti che stima utili per il mantenimento, l’istruzione e l’educazione del figlio e per la tutela degli interessi patrimoniali di lui.
Art. 278 Indagini sulla paternità o maternità	1. In quali casi le indagini sulla paternità o sulla maternità non sono ammesse secondo l'art. 251?	Le indagini sulla paternità o sulla maternità non sono ammesse nei casi in cui, a norma dell’art. 251, il riconoscimento dei figli incestuosi è vietato.Possono essere ammesse dal giudice quando vi è stato ratto o violenza carnale nel tempo che corrisponde a quello del concepimento (Cod. Pen. 519, 523 e seguenti).
Art. 278 Indagini sulla paternità o maternità	2. Quando possono essere ammesse dal giudice le indagini sulla paternità o sulla maternità?	Le indagini sulla paternità o sulla maternità non sono ammesse nei casi in cui, a norma dell’art. 251, il riconoscimento dei figli incestuosi è vietato.Possono essere ammesse dal giudice quando vi è stato ratto o violenza carnale nel tempo che corrisponde a quello del concepimento (Cod. Pen. 519, 523 e seguenti).
Art. 279 Responsabilità per il mantenimento e l’educazione	1. In quali casi il figlio naturale può agire per ottenere il mantenimento, l'istruzione e l'educazione?	In ogni caso in cui non può proporsi l’azione per la dichiarazione giudiziale di paternità o di maternità, il figlio naturale può agire per ottenere il mantenimento, I’istruzione e l’educazione (147, 580, 594; 34 att.). Il figlio naturale se maggiorenne e in stato di bisogno può agire per ottenere gli alimenti (433 e seguenti).L’azione è ammessa previa autorizzazione del giudice ai sensi dell’art. 274 (51 att.).L’azione può essere promossa nell’interesse del figlio minore da un curatore speciale nominato dal giudice su richiesta del pubblico ministero o del genitore che esercita la potestà.
Art. 279 Responsabilità per il mantenimento e l’educazione	2. Quali sono i requisiti per un figlio naturale maggiorenne per poter agire per ottenere gli alimenti?	In ogni caso in cui non può proporsi l’azione per la dichiarazione giudiziale di paternità o di maternità, il figlio naturale può agire per ottenere il mantenimento, I’istruzione e l’educazione (147, 580, 594; 34 att.). Il figlio naturale se maggiorenne e in stato di bisogno può agire per ottenere gli alimenti (433 e seguenti).L’azione è ammessa previa autorizzazione del giudice ai sensi dell’art. 274 (51 att.).L’azione può essere promossa nell’interesse del figlio minore da un curatore speciale nominato dal giudice su richiesta del pubblico ministero o del genitore che esercita la potestà.
Art. 279 Responsabilità per il mantenimento e l’educazione	3. Quale autorizzazione è necessaria per ammettere l'azione del figlio naturale?	In ogni caso in cui non può proporsi l’azione per la dichiarazione giudiziale di paternità o di maternità, il figlio naturale può agire per ottenere il mantenimento, I’istruzione e l’educazione (147, 580, 594; 34 att.). Il figlio naturale se maggiorenne e in stato di bisogno può agire per ottenere gli alimenti (433 e seguenti).L’azione è ammessa previa autorizzazione del giudice ai sensi dell’art. 274 (51 att.).L’azione può essere promossa nell’interesse del figlio minore da un curatore speciale nominato dal giudice su richiesta del pubblico ministero o del genitore che esercita la potestà.
Art. 279 Responsabilità per il mantenimento e l’educazione	4. Chi può promuovere l'azione nell'interesse del figlio minore?	In ogni caso in cui non può proporsi l’azione per la dichiarazione giudiziale di paternità o di maternità, il figlio naturale può agire per ottenere il mantenimento, I’istruzione e l’educazione (147, 580, 594; 34 att.). Il figlio naturale se maggiorenne e in stato di bisogno può agire per ottenere gli alimenti (433 e seguenti).L’azione è ammessa previa autorizzazione del giudice ai sensi dell’art. 274 (51 att.).L’azione può essere promossa nell’interesse del figlio minore da un curatore speciale nominato dal giudice su richiesta del pubblico ministero o del genitore che esercita la potestà.
Art. 279 Responsabilità per il mantenimento e l’educazione	5. Chi può richiedere la nomina di un curatore speciale per il figlio minore?	In ogni caso in cui non può proporsi l’azione per la dichiarazione giudiziale di paternità o di maternità, il figlio naturale può agire per ottenere il mantenimento, I’istruzione e l’educazione (147, 580, 594; 34 att.). Il figlio naturale se maggiorenne e in stato di bisogno può agire per ottenere gli alimenti (433 e seguenti).L’azione è ammessa previa autorizzazione del giudice ai sensi dell’art. 274 (51 att.).L’azione può essere promossa nell’interesse del figlio minore da un curatore speciale nominato dal giudice su richiesta del pubblico ministero o del genitore che esercita la potestà.
Art. 280 Legittimazione	1. Quali sono i due modi attraverso i quali può avvenire la legittimazione di un figlio nato fuori del matrimonio?	La legittimazione attribuisce a colui che è nato fuori del matrimonio la qualità di figlio legittimo (231 e seguenti, 567; 35 att.).Essa avviene per susseguente matrimonio dei genitori del figlio naturale o per provvedimento del giudice.
Art. 280 Legittimazione	2. Quale qualità viene attribuita a colui che è nato fuori del matrimonio attraverso la legittimazione?	La legittimazione attribuisce a colui che è nato fuori del matrimonio la qualità di figlio legittimo (231 e seguenti, 567; 35 att.).Essa avviene per susseguente matrimonio dei genitori del figlio naturale o per provvedimento del giudice.
Art. 280 Legittimazione	3. Quali articoli del codice civile sono citati in relazione alla legittimazione di un figlio nato fuori del matrimonio?	La legittimazione attribuisce a colui che è nato fuori del matrimonio la qualità di figlio legittimo (231 e seguenti, 567; 35 att.).Essa avviene per susseguente matrimonio dei genitori del figlio naturale o per provvedimento del giudice.
Art. 281 Divieto di legittimazione	1. Quali sono le condizioni per cui i figli non possono essere legittimati?	Non possono essere legittimati i figli che non possono essere riconosciuti.
Art. 282 Legittimazione dei figli premorti	1. In quali casi può aver luogo la legittimazione dei figli premorti?	La legittimazione dei figli premorti può anche aver luogo in favore dei loro discendenti legittimi e dei loro figli naturali riconosciuti.
Art. 283 Effetti e decorrenza della legittimazione per susseguente matrimonio	1. Quali diritti acquisiscono i figli legittimati per susseguente matrimonio?	I figli legittimati per susseguente matrimonio acquistano i diritti dei figli legittimi dal giorno del matrimonio, se sono stati riconosciuti da entrambi i genitori nell’atto di matrimonio o anteriormente, oppure dal giorno del riconoscimento se questo è avvenuto dopo il matrimonio (250 e seguenti9.
Art. 283 Effetti e decorrenza della legittimazione per susseguente matrimonio	2. Da quale giorno i figli legittimati per susseguente matrimonio acquisiscono i diritti dei figli legittimi se sono stati riconosciuti da entrambi i genitori nell'atto di matrimonio o anteriormente?	I figli legittimati per susseguente matrimonio acquistano i diritti dei figli legittimi dal giorno del matrimonio, se sono stati riconosciuti da entrambi i genitori nell’atto di matrimonio o anteriormente, oppure dal giorno del riconoscimento se questo è avvenuto dopo il matrimonio (250 e seguenti9.
Art. 283 Effetti e decorrenza della legittimazione per susseguente matrimonio	3. Da quale giorno i figli legittimati per susseguente matrimonio acquisiscono i diritti dei figli legittimi se il riconoscimento avviene dopo il matrimonio?	I figli legittimati per susseguente matrimonio acquistano i diritti dei figli legittimi dal giorno del matrimonio, se sono stati riconosciuti da entrambi i genitori nell’atto di matrimonio o anteriormente, oppure dal giorno del riconoscimento se questo è avvenuto dopo il matrimonio (250 e seguenti9.
Art. 284 Legittimazione per provvedimento del giudice	1. Quali sono le condizioni necessarie affinché la legittimazione possa essere concessa dal giudice?	La legittimazione può essere concessa con provvedimento del giudice (250, 289; 35 att.) soltanto se corrisponde agli interessi del figlio ed inoltre se concorrono le seguenti condizioni: 1) che sia domandata dai genitori stessi o da uno di essi e che il genitore abbia compiuto l’età indicata nel quinto comma dell’art. 250; 2) che per il genitore vi sia l’impossibilità o un gravissimo ostacolo a legittimare il figlio per susseguente matrimonio; 3) che vi sia l’assenso dell’altro coniuge se il richiedente è unito in matrimonio e non è legalmente separato; 4) che vi sia il consenso del figlio legittimando se ha compiuto gli anni sedici, o dell’altro genitore o del curatore speciale, se il figlio è minore degli anni sedici, salvo che il figlio sia già riconosciuto. La legittimazione può essere chiesta anche in presenza di figli legittimi o legittimati. In tal caso il presidente del tribunale deve ascoltare i figli legittimi o legittimati, se di eta superiore ai sedici anni.
Art. 284 Legittimazione per provvedimento del giudice	2. Chi può domandare la legittimazione del figlio secondo il testo?	La legittimazione può essere concessa con provvedimento del giudice (250, 289; 35 att.) soltanto se corrisponde agli interessi del figlio ed inoltre se concorrono le seguenti condizioni: 1) che sia domandata dai genitori stessi o da uno di essi e che il genitore abbia compiuto l’età indicata nel quinto comma dell’art. 250; 2) che per il genitore vi sia l’impossibilità o un gravissimo ostacolo a legittimare il figlio per susseguente matrimonio; 3) che vi sia l’assenso dell’altro coniuge se il richiedente è unito in matrimonio e non è legalmente separato; 4) che vi sia il consenso del figlio legittimando se ha compiuto gli anni sedici, o dell’altro genitore o del curatore speciale, se il figlio è minore degli anni sedici, salvo che il figlio sia già riconosciuto. La legittimazione può essere chiesta anche in presenza di figli legittimi o legittimati. In tal caso il presidente del tribunale deve ascoltare i figli legittimi o legittimati, se di eta superiore ai sedici anni.
Art. 284 Legittimazione per provvedimento del giudice	3. Qual è l'età minima che il genitore deve aver compiuto per poter domandare la legittimazione del figlio?	La legittimazione può essere concessa con provvedimento del giudice (250, 289; 35 att.) soltanto se corrisponde agli interessi del figlio ed inoltre se concorrono le seguenti condizioni: 1) che sia domandata dai genitori stessi o da uno di essi e che il genitore abbia compiuto l’età indicata nel quinto comma dell’art. 250; 2) che per il genitore vi sia l’impossibilità o un gravissimo ostacolo a legittimare il figlio per susseguente matrimonio; 3) che vi sia l’assenso dell’altro coniuge se il richiedente è unito in matrimonio e non è legalmente separato; 4) che vi sia il consenso del figlio legittimando se ha compiuto gli anni sedici, o dell’altro genitore o del curatore speciale, se il figlio è minore degli anni sedici, salvo che il figlio sia già riconosciuto. La legittimazione può essere chiesta anche in presenza di figli legittimi o legittimati. In tal caso il presidente del tribunale deve ascoltare i figli legittimi o legittimati, se di eta superiore ai sedici anni.
Art. 284 Legittimazione per provvedimento del giudice	4. Quali sono le condizioni che devono sussistere per il genitore affinché possa legittimare il figlio per susseguente matrimonio?	La legittimazione può essere concessa con provvedimento del giudice (250, 289; 35 att.) soltanto se corrisponde agli interessi del figlio ed inoltre se concorrono le seguenti condizioni: 1) che sia domandata dai genitori stessi o da uno di essi e che il genitore abbia compiuto l’età indicata nel quinto comma dell’art. 250; 2) che per il genitore vi sia l’impossibilità o un gravissimo ostacolo a legittimare il figlio per susseguente matrimonio; 3) che vi sia l’assenso dell’altro coniuge se il richiedente è unito in matrimonio e non è legalmente separato; 4) che vi sia il consenso del figlio legittimando se ha compiuto gli anni sedici, o dell’altro genitore o del curatore speciale, se il figlio è minore degli anni sedici, salvo che il figlio sia già riconosciuto. La legittimazione può essere chiesta anche in presenza di figli legittimi o legittimati. In tal caso il presidente del tribunale deve ascoltare i figli legittimi o legittimati, se di eta superiore ai sedici anni.
Art. 284 Legittimazione per provvedimento del giudice	5. Cosa è richiesto se il genitore richiedente è unito in matrimonio e non è legalmente separato?	La legittimazione può essere concessa con provvedimento del giudice (250, 289; 35 att.) soltanto se corrisponde agli interessi del figlio ed inoltre se concorrono le seguenti condizioni: 1) che sia domandata dai genitori stessi o da uno di essi e che il genitore abbia compiuto l’età indicata nel quinto comma dell’art. 250; 2) che per il genitore vi sia l’impossibilità o un gravissimo ostacolo a legittimare il figlio per susseguente matrimonio; 3) che vi sia l’assenso dell’altro coniuge se il richiedente è unito in matrimonio e non è legalmente separato; 4) che vi sia il consenso del figlio legittimando se ha compiuto gli anni sedici, o dell’altro genitore o del curatore speciale, se il figlio è minore degli anni sedici, salvo che il figlio sia già riconosciuto. La legittimazione può essere chiesta anche in presenza di figli legittimi o legittimati. In tal caso il presidente del tribunale deve ascoltare i figli legittimi o legittimati, se di eta superiore ai sedici anni.
Art. 284 Legittimazione per provvedimento del giudice	6. Quali consensi sono necessari se il figlio legittimando ha compiuto sedici anni?	La legittimazione può essere concessa con provvedimento del giudice (250, 289; 35 att.) soltanto se corrisponde agli interessi del figlio ed inoltre se concorrono le seguenti condizioni: 1) che sia domandata dai genitori stessi o da uno di essi e che il genitore abbia compiuto l’età indicata nel quinto comma dell’art. 250; 2) che per il genitore vi sia l’impossibilità o un gravissimo ostacolo a legittimare il figlio per susseguente matrimonio; 3) che vi sia l’assenso dell’altro coniuge se il richiedente è unito in matrimonio e non è legalmente separato; 4) che vi sia il consenso del figlio legittimando se ha compiuto gli anni sedici, o dell’altro genitore o del curatore speciale, se il figlio è minore degli anni sedici, salvo che il figlio sia già riconosciuto. La legittimazione può essere chiesta anche in presenza di figli legittimi o legittimati. In tal caso il presidente del tribunale deve ascoltare i figli legittimi o legittimati, se di eta superiore ai sedici anni.
Art. 284 Legittimazione per provvedimento del giudice	7. Chi deve dare il consenso se il figlio legittimando è minore di sedici anni e non è già riconosciuto?	La legittimazione può essere concessa con provvedimento del giudice (250, 289; 35 att.) soltanto se corrisponde agli interessi del figlio ed inoltre se concorrono le seguenti condizioni: 1) che sia domandata dai genitori stessi o da uno di essi e che il genitore abbia compiuto l’età indicata nel quinto comma dell’art. 250; 2) che per il genitore vi sia l’impossibilità o un gravissimo ostacolo a legittimare il figlio per susseguente matrimonio; 3) che vi sia l’assenso dell’altro coniuge se il richiedente è unito in matrimonio e non è legalmente separato; 4) che vi sia il consenso del figlio legittimando se ha compiuto gli anni sedici, o dell’altro genitore o del curatore speciale, se il figlio è minore degli anni sedici, salvo che il figlio sia già riconosciuto. La legittimazione può essere chiesta anche in presenza di figli legittimi o legittimati. In tal caso il presidente del tribunale deve ascoltare i figli legittimi o legittimati, se di eta superiore ai sedici anni.
Art. 284 Legittimazione per provvedimento del giudice	8. Cosa deve fare il presidente del tribunale in presenza di figli legittimi o legittimati di età superiore ai sedici anni?	La legittimazione può essere concessa con provvedimento del giudice (250, 289; 35 att.) soltanto se corrisponde agli interessi del figlio ed inoltre se concorrono le seguenti condizioni: 1) che sia domandata dai genitori stessi o da uno di essi e che il genitore abbia compiuto l’età indicata nel quinto comma dell’art. 250; 2) che per il genitore vi sia l’impossibilità o un gravissimo ostacolo a legittimare il figlio per susseguente matrimonio; 3) che vi sia l’assenso dell’altro coniuge se il richiedente è unito in matrimonio e non è legalmente separato; 4) che vi sia il consenso del figlio legittimando se ha compiuto gli anni sedici, o dell’altro genitore o del curatore speciale, se il figlio è minore degli anni sedici, salvo che il figlio sia già riconosciuto. La legittimazione può essere chiesta anche in presenza di figli legittimi o legittimati. In tal caso il presidente del tribunale deve ascoltare i figli legittimi o legittimati, se di eta superiore ai sedici anni.
Art. 285 Condizione per la legittimazione dopo la morte dei genitori	1. Quali sono i requisiti necessari affinché i figli naturali possano domandare la legittimazione dopo la morte del genitore?	Se uno dei genitori ha espresso in un testamento (258 e seguenti) o in un atto pubblico la volontà di legittimare i figli naturali, questi possono, dopo la morte di lui, domandare la legittimazione se sussisteva la condizione prevista nel n. 2 dell’articolo precedente.In questo caso la domanda deve essere comunicata agli ascendenti, discendenti, e coniuge o, in loro mancanza, a due tra i prossimi parenti, del genitore entro il quarto grado.
Art. 285 Condizione per la legittimazione dopo la morte dei genitori	2. A chi deve essere comunicata la domanda di legittimazione dei figli naturali?	Se uno dei genitori ha espresso in un testamento (258 e seguenti) o in un atto pubblico la volontà di legittimare i figli naturali, questi possono, dopo la morte di lui, domandare la legittimazione se sussisteva la condizione prevista nel n. 2 dell’articolo precedente.In questo caso la domanda deve essere comunicata agli ascendenti, discendenti, e coniuge o, in loro mancanza, a due tra i prossimi parenti, del genitore entro il quarto grado.
Art. 286 Legittimazione domandata dall’ascendente	1. In caso di morte del genitore, chi può presentare la domanda di legittimazione di un figlio naturale riconosciuto?	La domanda di legittimazione di un figlio naturale riconosciuto può in caso di morte del genitore essere fatta da uno degli ascendenti legittimi di lui, se il genitore non ha comunque espressa una volontà in contrasto con quella di legittimare (254; att. 124).
Art. 286 Legittimazione domandata dall’ascendente	2. Quale condizione deve essere soddisfatta affinché un ascendente legittimo possa presentare la domanda di legittimazione di un figlio naturale riconosciuto?	La domanda di legittimazione di un figlio naturale riconosciuto può in caso di morte del genitore essere fatta da uno degli ascendenti legittimi di lui, se il genitore non ha comunque espressa una volontà in contrasto con quella di legittimare (254; att. 124).
Art. 286 Legittimazione domandata dall’ascendente	3. Cosa impedisce a un ascendente legittimo di presentare la domanda di legittimazione di un figlio naturale riconosciuto in caso di morte del genitore?	La domanda di legittimazione di un figlio naturale riconosciuto può in caso di morte del genitore essere fatta da uno degli ascendenti legittimi di lui, se il genitore non ha comunque espressa una volontà in contrasto con quella di legittimare (254; att. 124).
Art. 287 Legittimazione in base alla procura per il matrimonio	1. In quali casi la legittimazione dei figli naturali può essere domandata in base alla procura a contrarre il matrimonio?	Nei casi in cui è consentito di celebrare il matrimonio per procura, quando concorrono le condizioni per la legittimazione per susseguente matrimonio la legittimazione dei figli naturali con provvedimento del giudice può essere domandata in base alla procura a contrarre il matrimonio, se questo non poté essere celebrato per la sopravvenuta morte del mandante (125 att.).Quando i figli sono stati riconosciuti, per domandarne la legittimazione è necessario che dalla procura risulti la volontà di riconoscerli o di legittimarli (43; 35 att.).
Art. 287 Legittimazione in base alla procura per il matrimonio	2. Quale condizione deve risultare dalla procura per domandare la legittimazione dei figli già riconosciuti?	Nei casi in cui è consentito di celebrare il matrimonio per procura, quando concorrono le condizioni per la legittimazione per susseguente matrimonio la legittimazione dei figli naturali con provvedimento del giudice può essere domandata in base alla procura a contrarre il matrimonio, se questo non poté essere celebrato per la sopravvenuta morte del mandante (125 att.).Quando i figli sono stati riconosciuti, per domandarne la legittimazione è necessario che dalla procura risulti la volontà di riconoscerli o di legittimarli (43; 35 att.).
Art. 288 Procedura	1. A chi deve essere diretta la domanda di legittimazione accompagnata dai documenti giustificativi?	La domanda di legittimazione accompagnata dai documenti giustificativi deve essere diretta al presidente del tribunale nella cui circoscrizione il richiedente ha la residenza.Il tribunale, sentito il pubblico ministero, accerta la sussistenza delle condizioni stabilite negli articoli precedenti e delibera, in camera di consiglio (Cod. Proc. Civ. 737) sulla domanda di legittimazione.Il pubblico ministero e la parte possono, entro venti giorni dalla comunicazione, proporre reclamo alla Corte d’appello. Questa, richiamati gli atti dal tribunale, delibera in camera di consiglio, sentito il pubblico ministero.In ogni caso la sentenza che accoglie la domanda è annotata in calce all’atto di nascita del figlio.
Art. 288 Procedura	2. Quali sono i passaggi che il tribunale deve seguire per accertare la sussistenza delle condizioni stabilite negli articoli precedenti?	La domanda di legittimazione accompagnata dai documenti giustificativi deve essere diretta al presidente del tribunale nella cui circoscrizione il richiedente ha la residenza.Il tribunale, sentito il pubblico ministero, accerta la sussistenza delle condizioni stabilite negli articoli precedenti e delibera, in camera di consiglio (Cod. Proc. Civ. 737) sulla domanda di legittimazione.Il pubblico ministero e la parte possono, entro venti giorni dalla comunicazione, proporre reclamo alla Corte d’appello. Questa, richiamati gli atti dal tribunale, delibera in camera di consiglio, sentito il pubblico ministero.In ogni caso la sentenza che accoglie la domanda è annotata in calce all’atto di nascita del figlio.
Art. 288 Procedura	3. Entro quanti giorni dalla comunicazione possono il pubblico ministero e la parte proporre reclamo alla Corte d’appello?	La domanda di legittimazione accompagnata dai documenti giustificativi deve essere diretta al presidente del tribunale nella cui circoscrizione il richiedente ha la residenza.Il tribunale, sentito il pubblico ministero, accerta la sussistenza delle condizioni stabilite negli articoli precedenti e delibera, in camera di consiglio (Cod. Proc. Civ. 737) sulla domanda di legittimazione.Il pubblico ministero e la parte possono, entro venti giorni dalla comunicazione, proporre reclamo alla Corte d’appello. Questa, richiamati gli atti dal tribunale, delibera in camera di consiglio, sentito il pubblico ministero.In ogni caso la sentenza che accoglie la domanda è annotata in calce all’atto di nascita del figlio.
Art. 288 Procedura	4. Qual è la procedura che segue la Corte d’appello una volta richiamati gli atti dal tribunale?	La domanda di legittimazione accompagnata dai documenti giustificativi deve essere diretta al presidente del tribunale nella cui circoscrizione il richiedente ha la residenza.Il tribunale, sentito il pubblico ministero, accerta la sussistenza delle condizioni stabilite negli articoli precedenti e delibera, in camera di consiglio (Cod. Proc. Civ. 737) sulla domanda di legittimazione.Il pubblico ministero e la parte possono, entro venti giorni dalla comunicazione, proporre reclamo alla Corte d’appello. Questa, richiamati gli atti dal tribunale, delibera in camera di consiglio, sentito il pubblico ministero.In ogni caso la sentenza che accoglie la domanda è annotata in calce all’atto di nascita del figlio.
Art. 288 Procedura	5. Dove viene annotata la sentenza che accoglie la domanda di legittimazione?	La domanda di legittimazione accompagnata dai documenti giustificativi deve essere diretta al presidente del tribunale nella cui circoscrizione il richiedente ha la residenza.Il tribunale, sentito il pubblico ministero, accerta la sussistenza delle condizioni stabilite negli articoli precedenti e delibera, in camera di consiglio (Cod. Proc. Civ. 737) sulla domanda di legittimazione.Il pubblico ministero e la parte possono, entro venti giorni dalla comunicazione, proporre reclamo alla Corte d’appello. Questa, richiamati gli atti dal tribunale, delibera in camera di consiglio, sentito il pubblico ministero.In ogni caso la sentenza che accoglie la domanda è annotata in calce all’atto di nascita del figlio.
Art. 289 Azioni esperibili dopo la legittimazione	1. Quali sono le condizioni indicate negli articoli 285, 286 e 287 che possono essere contestate in un'azione ordinaria riguardante lo stato di figlio legittimato?	La legittimazione per provvedimento del giudice non impedisce l’azione ordinaria per la contestazione dello stato di figlio legittimato per la mancanza delle condizioni indicate nel n. 1 dell’art. 284, negli artt. 285, 286 e 287, ferma restando la disposizione dell’art. 263.Se manca la condizione indicata nel n. 3 dell’art. 284 la contestazione può essere promossa soltanto dal coniuge del quale è mancato l’assenso.
Art. 289 Azioni esperibili dopo la legittimazione	2. Chi può promuovere la contestazione se manca la condizione indicata nel n. 3 dell’art. 284?	La legittimazione per provvedimento del giudice non impedisce l’azione ordinaria per la contestazione dello stato di figlio legittimato per la mancanza delle condizioni indicate nel n. 1 dell’art. 284, negli artt. 285, 286 e 287, ferma restando la disposizione dell’art. 263.Se manca la condizione indicata nel n. 3 dell’art. 284 la contestazione può essere promossa soltanto dal coniuge del quale è mancato l’assenso.
Art. 290 Effetti e decorrenza della legittimazione per provvedimento del giudice	1. Quali sono gli effetti della legittimazione per provvedimento del giudice rispetto a quella per susseguente matrimonio?	La legittimazione per provvedimento del giudice produce gli stessi effetti della legittimazione per susseguente matrimonio, ma soltanto dalla data del provvedimento e nei confronti del genitore riguardo al quale la legittimazione è stata concessa.Se il provvedimento interviene dopo la morte del genitore, gli effetti risalgono alla data della morte, purché la domanda di legittimazione non sia stata presentata dopo un anno da tale data 283 e seguenti).
Art. 290 Effetti e decorrenza della legittimazione per provvedimento del giudice	2. Cosa accade se il provvedimento di legittimazione interviene dopo la morte del genitore?	La legittimazione per provvedimento del giudice produce gli stessi effetti della legittimazione per susseguente matrimonio, ma soltanto dalla data del provvedimento e nei confronti del genitore riguardo al quale la legittimazione è stata concessa.Se il provvedimento interviene dopo la morte del genitore, gli effetti risalgono alla data della morte, purché la domanda di legittimazione non sia stata presentata dopo un anno da tale data 283 e seguenti).
Art. 291 Condizioni	1. Quali sono i requisiti di età per l'adozione secondo il testo?	L’adozione è permessa alle persone che non hanno discendenti legittimi o legittimati, che hanno compiuto gli anni trentacinque e che superano almeno di diciotto anni l’età di coloro che essi intendono adottare (231 e seguenti).Quando eccezionali circostanze lo consigliano, il tribunale può autorizzare l’adozione se l’adottante ha raggiunto almeno l’età di trent’anni, ferma restando la differenza di età di cui al comma precedente.
Art. 291 Condizioni	2. In quali circostanze il tribunale può autorizzare l'adozione se l'adottante ha raggiunto almeno l'età di trent'anni?	L’adozione è permessa alle persone che non hanno discendenti legittimi o legittimati, che hanno compiuto gli anni trentacinque e che superano almeno di diciotto anni l’età di coloro che essi intendono adottare (231 e seguenti).Quando eccezionali circostanze lo consigliano, il tribunale può autorizzare l’adozione se l’adottante ha raggiunto almeno l’età di trent’anni, ferma restando la differenza di età di cui al comma precedente.
Art. 293 Divieto d’adozione di figli nati fuori del matrimonio	1. I figli nati fuori del matrimonio possono essere adottati dai loro genitori?	I figli nati fuori del matrimonio non possono essere adottati dai loro genitori (250 e seguenti).
Art. 294 Pluralità di adottati o di adottanti	1. È possibile adottare più persone con atti successivi?	È ammessa l’adozione di più persone anche con atti successivi (87 n. 7).Nessuno può essere adottato da più di una persona, salvo che i due adottanti siano marito e moglie.
Art. 294 Pluralità di adottati o di adottanti	2. In quali circostanze una persona può essere adottata da più di una persona?	È ammessa l’adozione di più persone anche con atti successivi (87 n. 7).Nessuno può essere adottato da più di una persona, salvo che i due adottanti siano marito e moglie.
Art. 295 Adozione da parte del tutore	1. Il tutore può adottare la persona della quale ha avuto la tutela prima che sia stato approvato il conto della sua amministrazione?	Il tutore non può adottare la persona della quale ha avuto la tutela, se non dopo che sia stato approvato il conto della sua amministrazione, sia stata fatta la consegna dei beni e siano state estinte le obbligazioni risultanti a suo carico o data idonea garanzia per il loro adempimento (385 e seguenti, 1179).
Art. 295 Adozione da parte del tutore	2. Quali condizioni devono essere soddisfatte affinché il tutore possa adottare la persona della quale ha avuto la tutela?	Il tutore non può adottare la persona della quale ha avuto la tutela, se non dopo che sia stato approvato il conto della sua amministrazione, sia stata fatta la consegna dei beni e siano state estinte le obbligazioni risultanti a suo carico o data idonea garanzia per il loro adempimento (385 e seguenti, 1179).
Art. 295 Adozione da parte del tutore	3. È necessario che le obbligazioni risultanti a carico del tutore siano estinte o garantite prima che possa adottare la persona della quale ha avuto la tutela?	Il tutore non può adottare la persona della quale ha avuto la tutela, se non dopo che sia stato approvato il conto della sua amministrazione, sia stata fatta la consegna dei beni e siano state estinte le obbligazioni risultanti a suo carico o data idonea garanzia per il loro adempimento (385 e seguenti, 1179).
Art. 295 Adozione da parte del tutore	4. La consegna dei beni è una condizione necessaria per permettere al tutore di adottare la persona della quale ha avuto la tutela?	Il tutore non può adottare la persona della quale ha avuto la tutela, se non dopo che sia stato approvato il conto della sua amministrazione, sia stata fatta la consegna dei beni e siano state estinte le obbligazioni risultanti a suo carico o data idonea garanzia per il loro adempimento (385 e seguenti, 1179).
Art. 295 Adozione da parte del tutore	5. Cosa deve essere approvato prima che il tutore possa adottare la persona della quale ha avuto la tutela?	Il tutore non può adottare la persona della quale ha avuto la tutela, se non dopo che sia stato approvato il conto della sua amministrazione, sia stata fatta la consegna dei beni e siano state estinte le obbligazioni risultanti a suo carico o data idonea garanzia per il loro adempimento (385 e seguenti, 1179).
Art. 296 Consenso per l’adozione	1. Quali sono i requisiti di consenso necessari per l'adozione secondo gli articoli 298, 311 e seguenti?	Per l’adozione si richiede il consenso dell’adottante e dell’adottando (298, 311 e seguenti).
Art. 297 Assenso del coniuge o dei genitori	1. Quali sono le persone il cui assenso è necessario per l'adozione?	Per l’adozione è necessario l’assenso dei genitori dell’adottando e l’assenso del coniuge dell’adottante e dell’adottando, se coniugati e non legalmente separati (150, 311 e seguenti).Quando è negato l’assenso previsto dal primo comma, il tribunale, sentiti gli interessati, su istanza dell’adottante, può, ove ritenga. ll rifiuto ingiustificato o contrario all’interesse dell’adottando, pronunziare ugualmente l’adozione, salvo che si tratti dell’assenso dei genitori esercenti la potestà o del coniuge, se convivente, dell’adottante o dell’adottando. Parimenti il tribunale può pronunziare l’adozione quando è impossibile ottenere l’assenso per incapacità o irreperibilità delle persone chiamate ad esprimerlo.
Art. 297 Assenso del coniuge o dei genitori	2. In quali circostanze il tribunale può pronunciare l'adozione nonostante il rifiuto dell'assenso?	Per l’adozione è necessario l’assenso dei genitori dell’adottando e l’assenso del coniuge dell’adottante e dell’adottando, se coniugati e non legalmente separati (150, 311 e seguenti).Quando è negato l’assenso previsto dal primo comma, il tribunale, sentiti gli interessati, su istanza dell’adottante, può, ove ritenga. ll rifiuto ingiustificato o contrario all’interesse dell’adottando, pronunziare ugualmente l’adozione, salvo che si tratti dell’assenso dei genitori esercenti la potestà o del coniuge, se convivente, dell’adottante o dell’adottando. Parimenti il tribunale può pronunziare l’adozione quando è impossibile ottenere l’assenso per incapacità o irreperibilità delle persone chiamate ad esprimerlo.
Art. 297 Assenso del coniuge o dei genitori	3. Cosa deve fare il tribunale prima di pronunciare l'adozione in caso di rifiuto dell'assenso?	Per l’adozione è necessario l’assenso dei genitori dell’adottando e l’assenso del coniuge dell’adottante e dell’adottando, se coniugati e non legalmente separati (150, 311 e seguenti).Quando è negato l’assenso previsto dal primo comma, il tribunale, sentiti gli interessati, su istanza dell’adottante, può, ove ritenga. ll rifiuto ingiustificato o contrario all’interesse dell’adottando, pronunziare ugualmente l’adozione, salvo che si tratti dell’assenso dei genitori esercenti la potestà o del coniuge, se convivente, dell’adottante o dell’adottando. Parimenti il tribunale può pronunziare l’adozione quando è impossibile ottenere l’assenso per incapacità o irreperibilità delle persone chiamate ad esprimerlo.
Art. 297 Assenso del coniuge o dei genitori	4. Quali sono le eccezioni in cui il tribunale non può pronunciare l'adozione nonostante il rifiuto dell'assenso?	Per l’adozione è necessario l’assenso dei genitori dell’adottando e l’assenso del coniuge dell’adottante e dell’adottando, se coniugati e non legalmente separati (150, 311 e seguenti).Quando è negato l’assenso previsto dal primo comma, il tribunale, sentiti gli interessati, su istanza dell’adottante, può, ove ritenga. ll rifiuto ingiustificato o contrario all’interesse dell’adottando, pronunziare ugualmente l’adozione, salvo che si tratti dell’assenso dei genitori esercenti la potestà o del coniuge, se convivente, dell’adottante o dell’adottando. Parimenti il tribunale può pronunziare l’adozione quando è impossibile ottenere l’assenso per incapacità o irreperibilità delle persone chiamate ad esprimerlo.
Art. 298 Decorrenza degli effetti dell’adozione	1. Da quale momento l'adozione produce i suoi effetti?	L’adozione produce i suoi effetti dalla data del decreto che la pronunzia (209, 313; 35 att.).Finché il decreto non è emanato, tanto l’adottante quanto l’adottando possono revocare il loro consenso.Se l’adottante muore dopo la prestazione del consenso e prima dell’emanazione del decreto, si può procedere al compimento degli atti necessari per l’adozione.Gli eredi dell’adottante possono presentare alla corte memorie e osservazioni per opporsi all’adozione.Se l’adozione è ammessa, essa produce i suoi effetti dal momento della morte dell’adottante.
Art. 298 Decorrenza degli effetti dell’adozione	2. Fino a quando l'adottante e l'adottando possono revocare il loro consenso?	L’adozione produce i suoi effetti dalla data del decreto che la pronunzia (209, 313; 35 att.).Finché il decreto non è emanato, tanto l’adottante quanto l’adottando possono revocare il loro consenso.Se l’adottante muore dopo la prestazione del consenso e prima dell’emanazione del decreto, si può procedere al compimento degli atti necessari per l’adozione.Gli eredi dell’adottante possono presentare alla corte memorie e osservazioni per opporsi all’adozione.Se l’adozione è ammessa, essa produce i suoi effetti dal momento della morte dell’adottante.
Art. 298 Decorrenza degli effetti dell’adozione	3. Cosa accade se l'adottante muore dopo aver prestato il consenso ma prima dell'emanazione del decreto?	L’adozione produce i suoi effetti dalla data del decreto che la pronunzia (209, 313; 35 att.).Finché il decreto non è emanato, tanto l’adottante quanto l’adottando possono revocare il loro consenso.Se l’adottante muore dopo la prestazione del consenso e prima dell’emanazione del decreto, si può procedere al compimento degli atti necessari per l’adozione.Gli eredi dell’adottante possono presentare alla corte memorie e osservazioni per opporsi all’adozione.Se l’adozione è ammessa, essa produce i suoi effetti dal momento della morte dell’adottante.
Art. 298 Decorrenza degli effetti dell’adozione	4. Quali diritti hanno gli eredi dell'adottante in merito all'adozione?	L’adozione produce i suoi effetti dalla data del decreto che la pronunzia (209, 313; 35 att.).Finché il decreto non è emanato, tanto l’adottante quanto l’adottando possono revocare il loro consenso.Se l’adottante muore dopo la prestazione del consenso e prima dell’emanazione del decreto, si può procedere al compimento degli atti necessari per l’adozione.Gli eredi dell’adottante possono presentare alla corte memorie e osservazioni per opporsi all’adozione.Se l’adozione è ammessa, essa produce i suoi effetti dal momento della morte dell’adottante.
Art. 298 Decorrenza degli effetti dell’adozione	5. Da quando l'adozione produce i suoi effetti se l'adottante muore prima dell'emanazione del decreto?	L’adozione produce i suoi effetti dalla data del decreto che la pronunzia (209, 313; 35 att.).Finché il decreto non è emanato, tanto l’adottante quanto l’adottando possono revocare il loro consenso.Se l’adottante muore dopo la prestazione del consenso e prima dell’emanazione del decreto, si può procedere al compimento degli atti necessari per l’adozione.Gli eredi dell’adottante possono presentare alla corte memorie e osservazioni per opporsi all’adozione.Se l’adozione è ammessa, essa produce i suoi effetti dal momento della morte dell’adottante.
Art. 299 Cognome dell’adottato	1. Quale cognome assume l'adottato che sia figlio naturale non riconosciuto dai propri genitori?	L’adottato assume il cognome dell’adottante e lo antepone al proprio.L’adottato che sia figlio naturale non riconosciuto (250 e seguenti) dei propri genitori assume solo il cognome dell’adottante. Il riconoscimento successivo all’adozione non fa assumere all’adottato il cognome del genitore che lo ha riconosciuto, salvo che l’adozione sia successivamente revocata (305 e seguenti). Il figlio naturale che sia stato riconosciuto dai propri genitori e sia successivamente adottato, assume il cognome dell’adottante.Se l’adozione è compiuta da una donna maritata, l’adottato, che non sia figlio del marito, assume il cognome della famiglia di lei.
Art. 299 Cognome dell’adottato	2. Cosa accade al cognome dell'adottato se il riconoscimento da parte del genitore avviene dopo l'adozione?	L’adottato assume il cognome dell’adottante e lo antepone al proprio.L’adottato che sia figlio naturale non riconosciuto (250 e seguenti) dei propri genitori assume solo il cognome dell’adottante. Il riconoscimento successivo all’adozione non fa assumere all’adottato il cognome del genitore che lo ha riconosciuto, salvo che l’adozione sia successivamente revocata (305 e seguenti). Il figlio naturale che sia stato riconosciuto dai propri genitori e sia successivamente adottato, assume il cognome dell’adottante.Se l’adozione è compiuta da una donna maritata, l’adottato, che non sia figlio del marito, assume il cognome della famiglia di lei.
Art. 299 Cognome dell’adottato	3. Quale cognome assume il figlio naturale che sia stato riconosciuto dai propri genitori e sia successivamente adottato?	L’adottato assume il cognome dell’adottante e lo antepone al proprio.L’adottato che sia figlio naturale non riconosciuto (250 e seguenti) dei propri genitori assume solo il cognome dell’adottante. Il riconoscimento successivo all’adozione non fa assumere all’adottato il cognome del genitore che lo ha riconosciuto, salvo che l’adozione sia successivamente revocata (305 e seguenti). Il figlio naturale che sia stato riconosciuto dai propri genitori e sia successivamente adottato, assume il cognome dell’adottante.Se l’adozione è compiuta da una donna maritata, l’adottato, che non sia figlio del marito, assume il cognome della famiglia di lei.
Art. 299 Cognome dell’adottato	4. Quale cognome assume l'adottato se l'adozione è compiuta da una donna maritata e l'adottato non è figlio del marito?	L’adottato assume il cognome dell’adottante e lo antepone al proprio.L’adottato che sia figlio naturale non riconosciuto (250 e seguenti) dei propri genitori assume solo il cognome dell’adottante. Il riconoscimento successivo all’adozione non fa assumere all’adottato il cognome del genitore che lo ha riconosciuto, salvo che l’adozione sia successivamente revocata (305 e seguenti). Il figlio naturale che sia stato riconosciuto dai propri genitori e sia successivamente adottato, assume il cognome dell’adottante.Se l’adozione è compiuta da una donna maritata, l’adottato, che non sia figlio del marito, assume il cognome della famiglia di lei.
Art. 299 Cognome dell’adottato	5. In quale caso l'adottato non assume il cognome del genitore che lo ha riconosciuto successivamente all'adozione?	L’adottato assume il cognome dell’adottante e lo antepone al proprio.L’adottato che sia figlio naturale non riconosciuto (250 e seguenti) dei propri genitori assume solo il cognome dell’adottante. Il riconoscimento successivo all’adozione non fa assumere all’adottato il cognome del genitore che lo ha riconosciuto, salvo che l’adozione sia successivamente revocata (305 e seguenti). Il figlio naturale che sia stato riconosciuto dai propri genitori e sia successivamente adottato, assume il cognome dell’adottante.Se l’adozione è compiuta da una donna maritata, l’adottato, che non sia figlio del marito, assume il cognome della famiglia di lei.
Art. 300 Diritti e doveri dell’adottato	1. Quali diritti e doveri conserva l'adottato verso la sua famiglia di origine?	L’adottato conserva tutti i diritti e i doveri verso la sua famiglia di origine (315 e seguenti), salve le eccezioni stabilite dalla legge.L’adozione non induce alcun rapporto civile tra l’adottante e la famiglia dell’adottato né tra l’adottato e i parenti dell’adottante, salve le eccezioni stabilite dalla legge.
Art. 300 Diritti e doveri dell’adottato	2. L'adozione crea rapporti civili tra l'adottante e la famiglia dell'adottato?	L’adottato conserva tutti i diritti e i doveri verso la sua famiglia di origine (315 e seguenti), salve le eccezioni stabilite dalla legge.L’adozione non induce alcun rapporto civile tra l’adottante e la famiglia dell’adottato né tra l’adottato e i parenti dell’adottante, salve le eccezioni stabilite dalla legge.
Art. 304 Diritti di successione	1. Quali diritti di successione ha l'adottante nei confronti dell'adottato?	L’adozione non attribuisce all’adottante alcun diritto di successione.I diritti dell’adottato nella successione dell’adottante sono regolati dalle norme contenute nel libro II.
Art. 304 Diritti di successione	2. In quale libro del codice civile sono regolati i diritti dell'adottato nella successione dell'adottante?	L’adozione non attribuisce all’adottante alcun diritto di successione.I diritti dell’adottato nella successione dell’adottante sono regolati dalle norme contenute nel libro II.
Art. 305 Revoca dell’adozione	1. Quali sono i casi previsti dagli articoli seguenti in cui l'adozione può essere revocata?	L’adozione si può revocare soltanto nei casi preveduti dagli articoli seguenti (att. 35, 127).
Art. 306 Revoca per indegnità dell’adottato	1. In quali circostanze il tribunale può pronunciare la revoca dell'adozione su domanda dell'adottante?	La revoca dell’adozione può essere pronunziata dal tribunale su domanda dell’adottante, quando l’adottato abbia attentato alla vita di lui o del suo coniuge, dei suoi discendenti o ascendenti, ovvero si sia reso colpevole verso loro di delitto punibile con pena restrittiva della libertà personale non inferiore nel minimo a tre anni (35 att.).Se l’adottante muore in conseguenza dell’attentato, la revoca dell’adozione può essere chiesta da coloro ai quali si devolverebbe l’eredità in mancanza dell’adottato e dei suoi discendenti.
Art. 306 Revoca per indegnità dell’adottato	2. Chi può chiedere la revoca dell'adozione se l'adottante muore a causa dell'attentato?	La revoca dell’adozione può essere pronunziata dal tribunale su domanda dell’adottante, quando l’adottato abbia attentato alla vita di lui o del suo coniuge, dei suoi discendenti o ascendenti, ovvero si sia reso colpevole verso loro di delitto punibile con pena restrittiva della libertà personale non inferiore nel minimo a tre anni (35 att.).Se l’adottante muore in conseguenza dell’attentato, la revoca dell’adozione può essere chiesta da coloro ai quali si devolverebbe l’eredità in mancanza dell’adottato e dei suoi discendenti.
Art. 307 Revoca per indegnità dell’adottante	1. In quali circostanze la revoca può essere pronunziata su domanda dell’adottato?	Quando i fatti previsti dall’articolo precedente sono stati compiuti dall’adottante contro l’adottato, oppure contro il coniuge o i discendenti o gli ascendenti di lui, la revoca può essere pronunziata su domanda dell’adottato.
Art. 309 Decorrenza degli effetti della revoca	1. Quando cessano gli effetti dell'adozione secondo il testo?	Gli effetti dell’adozione (298 e seguenti) cessano quando passa in giudicato la sentenza di revoca (37 att.)Se tuttavia la revoca è pronunziata dopo la morte dell’adottante per fatto imputabile all’adottato, l’adottato e i suoi discendenti sono esclusi dalla successione dell’adottante (463 e seguenti.).
Art. 309 Decorrenza degli effetti della revoca	2. Cosa accade se la revoca dell'adozione è pronunziata dopo la morte dell'adottante per fatto imputabile all'adottato?	Gli effetti dell’adozione (298 e seguenti) cessano quando passa in giudicato la sentenza di revoca (37 att.)Se tuttavia la revoca è pronunziata dopo la morte dell’adottante per fatto imputabile all’adottato, l’adottato e i suoi discendenti sono esclusi dalla successione dell’adottante (463 e seguenti.).
Art. 309 Decorrenza degli effetti della revoca	3. Chi viene escluso dalla successione dell'adottante se la revoca è pronunziata dopo la morte dell'adottante per fatto imputabile all'adottato?	Gli effetti dell’adozione (298 e seguenti) cessano quando passa in giudicato la sentenza di revoca (37 att.)Se tuttavia la revoca è pronunziata dopo la morte dell’adottante per fatto imputabile all’adottato, l’adottato e i suoi discendenti sono esclusi dalla successione dell’adottante (463 e seguenti.).
Art. 311 Manifestazione del consenso	1. Dove deve essere manifestato personalmente il consenso dell’adottante e dell’adottando o del legale rappresentante di quest'ultimo?	Il consenso dell’adottante e dell’adottando o del legale rappresentante di questo, deve essere manifestato personalmente al presidente del tribunale nel cui circondario l’adottante ha la residenza.L’assenso delle persone indicate negli articoli 296 e 297 può essere dato da persona munita di procura speciale rilasciata per atto pubblico o per scrittura privata autenticata.
Art. 311 Manifestazione del consenso	2. In che forma può essere dato l’assenso delle persone indicate negli articoli 296 e 297?	Il consenso dell’adottante e dell’adottando o del legale rappresentante di questo, deve essere manifestato personalmente al presidente del tribunale nel cui circondario l’adottante ha la residenza.L’assenso delle persone indicate negli articoli 296 e 297 può essere dato da persona munita di procura speciale rilasciata per atto pubblico o per scrittura privata autenticata.
Art. 312 Accertamenti del tribunale	1. Quali sono le condizioni che il tribunale deve verificare per accertare se tutte le condizioni della legge sono state adempiute?	Il tribunale, assunte le opportune informazioni, verifica (291 e seguenti): 1) se tutte le condizioni della legge sono state adempiute; 2) se l’adozione conviene all’adottando.
Art. 312 Accertamenti del tribunale	2. In che modo il tribunale determina se l'adozione conviene all'adottando?	Il tribunale, assunte le opportune informazioni, verifica (291 e seguenti): 1) se tutte le condizioni della legge sono state adempiute; 2) se l’adozione conviene all’adottando.
Art. 313 Provvedimento del tribunale 	1. Chi può impugnare il decreto del tribunale riguardante l'adozione?	Il tribunale, in camera di consiglio, sentito il pubblico ministero e omessa ogni altra formalità di procedura, provvede con sentenza decidendo di far luogo o non far luogo alla adozione.L’adottante, il pubblico ministero, l’adottando, entro trenta giorni dalla comunicazione, possono impugnare il decreto del tribunale con reclamo alla corte di appello, che decide in camera di consiglio, sentito il pubblico ministero.
Art. 313 Provvedimento del tribunale 	2. Entro quanti giorni dalla comunicazione si può impugnare il decreto del tribunale con reclamo alla corte di appello?	Il tribunale, in camera di consiglio, sentito il pubblico ministero e omessa ogni altra formalità di procedura, provvede con sentenza decidendo di far luogo o non far luogo alla adozione.L’adottante, il pubblico ministero, l’adottando, entro trenta giorni dalla comunicazione, possono impugnare il decreto del tribunale con reclamo alla corte di appello, che decide in camera di consiglio, sentito il pubblico ministero.
Art. 314 Pubblicità 	1. Entro quanti giorni deve essere trascritta la sentenza definitiva che pronuncia l'adozione?	La sentenza definitiva che pronuncia l’adozione è trascritta a cura del cancelliere del tribunale competente, entro il decimo giorno successivo a quello della relativa comunicazione, da effettuarsi non oltre cinque giorni dal deposito, da parte del cancelliere del giudice dell’impugnazione, su apposito registro e comunica all’ufficiale di stato civile per l’annotazione a margine dell’atto di nascita dell’adottato.con la procedura di cui al primo comma deve essere altresì trascritta e annotata la sentenza di revoca della adozione, passata in giudicato. Con la procedura di cui al comma precedente deve essere altresì trascritta ed annotata la sentenza di revoca della adozione, passata in giudicato.L’autorità giudiziaria può inoltre ordinare la pubblicazione del decreto che pronunzia l’adozione o della sentenza di revoca nei modi che ritiene opportuni.
Art. 314 Pubblicità 	2. Chi è responsabile della trascrizione della sentenza definitiva che pronuncia l'adozione?	La sentenza definitiva che pronuncia l’adozione è trascritta a cura del cancelliere del tribunale competente, entro il decimo giorno successivo a quello della relativa comunicazione, da effettuarsi non oltre cinque giorni dal deposito, da parte del cancelliere del giudice dell’impugnazione, su apposito registro e comunica all’ufficiale di stato civile per l’annotazione a margine dell’atto di nascita dell’adottato.con la procedura di cui al primo comma deve essere altresì trascritta e annotata la sentenza di revoca della adozione, passata in giudicato. Con la procedura di cui al comma precedente deve essere altresì trascritta ed annotata la sentenza di revoca della adozione, passata in giudicato.L’autorità giudiziaria può inoltre ordinare la pubblicazione del decreto che pronunzia l’adozione o della sentenza di revoca nei modi che ritiene opportuni.
Art. 314 Pubblicità 	3. Quali altre sentenze devono essere trascritte e annotate con la stessa procedura della sentenza definitiva che pronuncia l'adozione?	La sentenza definitiva che pronuncia l’adozione è trascritta a cura del cancelliere del tribunale competente, entro il decimo giorno successivo a quello della relativa comunicazione, da effettuarsi non oltre cinque giorni dal deposito, da parte del cancelliere del giudice dell’impugnazione, su apposito registro e comunica all’ufficiale di stato civile per l’annotazione a margine dell’atto di nascita dell’adottato.con la procedura di cui al primo comma deve essere altresì trascritta e annotata la sentenza di revoca della adozione, passata in giudicato. Con la procedura di cui al comma precedente deve essere altresì trascritta ed annotata la sentenza di revoca della adozione, passata in giudicato.L’autorità giudiziaria può inoltre ordinare la pubblicazione del decreto che pronunzia l’adozione o della sentenza di revoca nei modi che ritiene opportuni.
Art. 315 Doveri del figlio verso i genitori	1. Quali obblighi ha il figlio nei confronti dei genitori secondo l'articolo 231 e seguenti?	Il figlio (231 e seguenti) deve rispettare i genitori e deve contribuire in relazione alle proprie sostanze e al proprio reddito, al mantenimento della famiglia finché convive con essa. 1
Art. 315 Doveri del figlio verso i genitori	2. In che modo il figlio deve contribuire al mantenimento della famiglia?	Il figlio (231 e seguenti) deve rispettare i genitori e deve contribuire in relazione alle proprie sostanze e al proprio reddito, al mantenimento della famiglia finché convive con essa. 1
Art. 316 Esercizio della potestà dei genitori	1. Fino a quale età il figlio è soggetto alla potestà dei genitori?	Il figlio è soggetto alla potestà dei genitori sino all’età maggiore o alla emancipazione.La potestà è esercitata di comune accordo da entrambi i genitori.In caso di contrasto su questioni di particolare importanza ciascuno dei genitori può ricorrere senza formalità al giudice indicando i provvedimenti che ritiene più idonei.Se sussiste un incombente pericolo di grave pregiudizio per il figlio, il padre può adottare i provvedimenti urgenti ed indifferibili.Il giudice (38 att.), sentiti i genitori ed il figlio, se maggiore degli anni quattordici, suggerisce le determinazioni che ritiene più utili nell’interesse del figlio e dell’unità familiare. Se il contrasto permane il giudice attribuisce il potere di decisione a quello dei genitori che, nel singolo caso, ritiene il più idoneo a curare l’interesse del figlio (Costit. 29).
Art. 316 Esercizio della potestà dei genitori	2. Come viene esercitata la potestà genitoriale?	Il figlio è soggetto alla potestà dei genitori sino all’età maggiore o alla emancipazione.La potestà è esercitata di comune accordo da entrambi i genitori.In caso di contrasto su questioni di particolare importanza ciascuno dei genitori può ricorrere senza formalità al giudice indicando i provvedimenti che ritiene più idonei.Se sussiste un incombente pericolo di grave pregiudizio per il figlio, il padre può adottare i provvedimenti urgenti ed indifferibili.Il giudice (38 att.), sentiti i genitori ed il figlio, se maggiore degli anni quattordici, suggerisce le determinazioni che ritiene più utili nell’interesse del figlio e dell’unità familiare. Se il contrasto permane il giudice attribuisce il potere di decisione a quello dei genitori che, nel singolo caso, ritiene il più idoneo a curare l’interesse del figlio (Costit. 29).
Art. 316 Esercizio della potestà dei genitori	3. Cosa possono fare i genitori in caso di contrasto su questioni di particolare importanza?	Il figlio è soggetto alla potestà dei genitori sino all’età maggiore o alla emancipazione.La potestà è esercitata di comune accordo da entrambi i genitori.In caso di contrasto su questioni di particolare importanza ciascuno dei genitori può ricorrere senza formalità al giudice indicando i provvedimenti che ritiene più idonei.Se sussiste un incombente pericolo di grave pregiudizio per il figlio, il padre può adottare i provvedimenti urgenti ed indifferibili.Il giudice (38 att.), sentiti i genitori ed il figlio, se maggiore degli anni quattordici, suggerisce le determinazioni che ritiene più utili nell’interesse del figlio e dell’unità familiare. Se il contrasto permane il giudice attribuisce il potere di decisione a quello dei genitori che, nel singolo caso, ritiene il più idoneo a curare l’interesse del figlio (Costit. 29).
Art. 316 Esercizio della potestà dei genitori	4. Chi può adottare provvedimenti urgenti in caso di incombente pericolo di grave pregiudizio per il figlio?	Il figlio è soggetto alla potestà dei genitori sino all’età maggiore o alla emancipazione.La potestà è esercitata di comune accordo da entrambi i genitori.In caso di contrasto su questioni di particolare importanza ciascuno dei genitori può ricorrere senza formalità al giudice indicando i provvedimenti che ritiene più idonei.Se sussiste un incombente pericolo di grave pregiudizio per il figlio, il padre può adottare i provvedimenti urgenti ed indifferibili.Il giudice (38 att.), sentiti i genitori ed il figlio, se maggiore degli anni quattordici, suggerisce le determinazioni che ritiene più utili nell’interesse del figlio e dell’unità familiare. Se il contrasto permane il giudice attribuisce il potere di decisione a quello dei genitori che, nel singolo caso, ritiene il più idoneo a curare l’interesse del figlio (Costit. 29).
Art. 316 Esercizio della potestà dei genitori	5. Quali soggetti il giudice deve sentire prima di suggerire le determinazioni nell'interesse del figlio?	Il figlio è soggetto alla potestà dei genitori sino all’età maggiore o alla emancipazione.La potestà è esercitata di comune accordo da entrambi i genitori.In caso di contrasto su questioni di particolare importanza ciascuno dei genitori può ricorrere senza formalità al giudice indicando i provvedimenti che ritiene più idonei.Se sussiste un incombente pericolo di grave pregiudizio per il figlio, il padre può adottare i provvedimenti urgenti ed indifferibili.Il giudice (38 att.), sentiti i genitori ed il figlio, se maggiore degli anni quattordici, suggerisce le determinazioni che ritiene più utili nell’interesse del figlio e dell’unità familiare. Se il contrasto permane il giudice attribuisce il potere di decisione a quello dei genitori che, nel singolo caso, ritiene il più idoneo a curare l’interesse del figlio (Costit. 29).
Art. 316 Esercizio della potestà dei genitori	6. Cosa fa il giudice se il contrasto tra i genitori permane?	Il figlio è soggetto alla potestà dei genitori sino all’età maggiore o alla emancipazione.La potestà è esercitata di comune accordo da entrambi i genitori.In caso di contrasto su questioni di particolare importanza ciascuno dei genitori può ricorrere senza formalità al giudice indicando i provvedimenti che ritiene più idonei.Se sussiste un incombente pericolo di grave pregiudizio per il figlio, il padre può adottare i provvedimenti urgenti ed indifferibili.Il giudice (38 att.), sentiti i genitori ed il figlio, se maggiore degli anni quattordici, suggerisce le determinazioni che ritiene più utili nell’interesse del figlio e dell’unità familiare. Se il contrasto permane il giudice attribuisce il potere di decisione a quello dei genitori che, nel singolo caso, ritiene il più idoneo a curare l’interesse del figlio (Costit. 29).
Art. 316 Esercizio della potestà dei genitori	7. A chi il giudice attribuisce il potere di decisione in caso di contrasto tra i genitori?	Il figlio è soggetto alla potestà dei genitori sino all’età maggiore o alla emancipazione.La potestà è esercitata di comune accordo da entrambi i genitori.In caso di contrasto su questioni di particolare importanza ciascuno dei genitori può ricorrere senza formalità al giudice indicando i provvedimenti che ritiene più idonei.Se sussiste un incombente pericolo di grave pregiudizio per il figlio, il padre può adottare i provvedimenti urgenti ed indifferibili.Il giudice (38 att.), sentiti i genitori ed il figlio, se maggiore degli anni quattordici, suggerisce le determinazioni che ritiene più utili nell’interesse del figlio e dell’unità familiare. Se il contrasto permane il giudice attribuisce il potere di decisione a quello dei genitori che, nel singolo caso, ritiene il più idoneo a curare l’interesse del figlio (Costit. 29).
Art. 317 Impedimento di uno dei genitori	1. In quali circostanze uno dei genitori può esercitare la potestà in modo esclusivo?	Nel caso di lontananza, di incapacità o di altro impedimento che renda impossibile ad uno dei genitori l’esercizio della potestà, questa è esercitata in modo esclusivo dall’altro.La potestà comune dei genitori non cessa quando, a seguito di separazione (150 e seguenti), di scioglimento, di annullamento (117 e seguenti) o di cessazione degli effetti civili del matrimonio, i figli vengono affidati ad uno di essi. L’esercizio della potestà è regolato, in tali casi, secondo quanto disposto nell’art. 155 (414 e seguenti).
Art. 317 Impedimento di uno dei genitori	2. La potestà comune dei genitori cessa in caso di separazione o scioglimento del matrimonio?	Nel caso di lontananza, di incapacità o di altro impedimento che renda impossibile ad uno dei genitori l’esercizio della potestà, questa è esercitata in modo esclusivo dall’altro.La potestà comune dei genitori non cessa quando, a seguito di separazione (150 e seguenti), di scioglimento, di annullamento (117 e seguenti) o di cessazione degli effetti civili del matrimonio, i figli vengono affidati ad uno di essi. L’esercizio della potestà è regolato, in tali casi, secondo quanto disposto nell’art. 155 (414 e seguenti).
Art. 317 Impedimento di uno dei genitori	3. A quale articolo si fa riferimento per la regolazione dell'esercizio della potestà in caso di separazione o scioglimento del matrimonio?	Nel caso di lontananza, di incapacità o di altro impedimento che renda impossibile ad uno dei genitori l’esercizio della potestà, questa è esercitata in modo esclusivo dall’altro.La potestà comune dei genitori non cessa quando, a seguito di separazione (150 e seguenti), di scioglimento, di annullamento (117 e seguenti) o di cessazione degli effetti civili del matrimonio, i figli vengono affidati ad uno di essi. L’esercizio della potestà è regolato, in tali casi, secondo quanto disposto nell’art. 155 (414 e seguenti).
Art. 317-bis Esercizio della potestà	1. A chi spetta la potestà sul figlio naturale se il riconoscimento è fatto da un solo genitore?	Al genitore che ha riconosciuto il figlio naturale spetta la potestà su di lui.Se il riconoscimento è fatto da entrambi i genitori, l’esercizio della potestà spetta congiuntamente ad entrambi qualora siano conviventi. Si applicano le disposizioni dell’art. 316. Se i genitori non convivono l’esercizio della potestà spetta al genitore col quale il figlio convive ovvero, se non convive con alcuno di essi, al primo che ha fatto il riconoscimento. Il giudice, nell’esclusivo interesse del figlio, può disporre diversamente; può anche escludere dall’esercizio della potestà entrambi i genitori, provvedendo alla nomina di un tutore.Il genitore che non esercita la potestà ha il potere di vigilare sull’istruzione, sull’educazione e sulle condizioni di vita del figlio minore.
Art. 317-bis Esercizio della potestà	2. Cosa accade all'esercizio della potestà se entrambi i genitori riconoscono il figlio naturale e sono conviventi?	Al genitore che ha riconosciuto il figlio naturale spetta la potestà su di lui.Se il riconoscimento è fatto da entrambi i genitori, l’esercizio della potestà spetta congiuntamente ad entrambi qualora siano conviventi. Si applicano le disposizioni dell’art. 316. Se i genitori non convivono l’esercizio della potestà spetta al genitore col quale il figlio convive ovvero, se non convive con alcuno di essi, al primo che ha fatto il riconoscimento. Il giudice, nell’esclusivo interesse del figlio, può disporre diversamente; può anche escludere dall’esercizio della potestà entrambi i genitori, provvedendo alla nomina di un tutore.Il genitore che non esercita la potestà ha il potere di vigilare sull’istruzione, sull’educazione e sulle condizioni di vita del figlio minore.
Art. 317-bis Esercizio della potestà	3. Quali disposizioni si applicano se entrambi i genitori riconoscono il figlio naturale e sono conviventi?	Al genitore che ha riconosciuto il figlio naturale spetta la potestà su di lui.Se il riconoscimento è fatto da entrambi i genitori, l’esercizio della potestà spetta congiuntamente ad entrambi qualora siano conviventi. Si applicano le disposizioni dell’art. 316. Se i genitori non convivono l’esercizio della potestà spetta al genitore col quale il figlio convive ovvero, se non convive con alcuno di essi, al primo che ha fatto il riconoscimento. Il giudice, nell’esclusivo interesse del figlio, può disporre diversamente; può anche escludere dall’esercizio della potestà entrambi i genitori, provvedendo alla nomina di un tutore.Il genitore che non esercita la potestà ha il potere di vigilare sull’istruzione, sull’educazione e sulle condizioni di vita del figlio minore.
Art. 317-bis Esercizio della potestà	4. Chi esercita la potestà sul figlio naturale se i genitori non convivono?	Al genitore che ha riconosciuto il figlio naturale spetta la potestà su di lui.Se il riconoscimento è fatto da entrambi i genitori, l’esercizio della potestà spetta congiuntamente ad entrambi qualora siano conviventi. Si applicano le disposizioni dell’art. 316. Se i genitori non convivono l’esercizio della potestà spetta al genitore col quale il figlio convive ovvero, se non convive con alcuno di essi, al primo che ha fatto il riconoscimento. Il giudice, nell’esclusivo interesse del figlio, può disporre diversamente; può anche escludere dall’esercizio della potestà entrambi i genitori, provvedendo alla nomina di un tutore.Il genitore che non esercita la potestà ha il potere di vigilare sull’istruzione, sull’educazione e sulle condizioni di vita del figlio minore.
Art. 317-bis Esercizio della potestà	5. In quale caso il giudice può disporre diversamente riguardo all'esercizio della potestà sul figlio naturale?	Al genitore che ha riconosciuto il figlio naturale spetta la potestà su di lui.Se il riconoscimento è fatto da entrambi i genitori, l’esercizio della potestà spetta congiuntamente ad entrambi qualora siano conviventi. Si applicano le disposizioni dell’art. 316. Se i genitori non convivono l’esercizio della potestà spetta al genitore col quale il figlio convive ovvero, se non convive con alcuno di essi, al primo che ha fatto il riconoscimento. Il giudice, nell’esclusivo interesse del figlio, può disporre diversamente; può anche escludere dall’esercizio della potestà entrambi i genitori, provvedendo alla nomina di un tutore.Il genitore che non esercita la potestà ha il potere di vigilare sull’istruzione, sull’educazione e sulle condizioni di vita del figlio minore.
Art. 317-bis Esercizio della potestà	6. Quali poteri ha il genitore che non esercita la potestà sul figlio minore?	Al genitore che ha riconosciuto il figlio naturale spetta la potestà su di lui.Se il riconoscimento è fatto da entrambi i genitori, l’esercizio della potestà spetta congiuntamente ad entrambi qualora siano conviventi. Si applicano le disposizioni dell’art. 316. Se i genitori non convivono l’esercizio della potestà spetta al genitore col quale il figlio convive ovvero, se non convive con alcuno di essi, al primo che ha fatto il riconoscimento. Il giudice, nell’esclusivo interesse del figlio, può disporre diversamente; può anche escludere dall’esercizio della potestà entrambi i genitori, provvedendo alla nomina di un tutore.Il genitore che non esercita la potestà ha il potere di vigilare sull’istruzione, sull’educazione e sulle condizioni di vita del figlio minore.
Art. 317-bis Esercizio della potestà	7. Cosa può fare il giudice nell'esclusivo interesse del figlio naturale riguardo all'esercizio della potestà?	Al genitore che ha riconosciuto il figlio naturale spetta la potestà su di lui.Se il riconoscimento è fatto da entrambi i genitori, l’esercizio della potestà spetta congiuntamente ad entrambi qualora siano conviventi. Si applicano le disposizioni dell’art. 316. Se i genitori non convivono l’esercizio della potestà spetta al genitore col quale il figlio convive ovvero, se non convive con alcuno di essi, al primo che ha fatto il riconoscimento. Il giudice, nell’esclusivo interesse del figlio, può disporre diversamente; può anche escludere dall’esercizio della potestà entrambi i genitori, provvedendo alla nomina di un tutore.Il genitore che non esercita la potestà ha il potere di vigilare sull’istruzione, sull’educazione e sulle condizioni di vita del figlio minore.
Art. 318 Abbandono della casa del genitore	1. Quali azioni possono intraprendere i genitori se il figlio si allontana dalla casa senza permesso?	Il figlio non può abbandonare la casa dei genitori o del genitore che esercita su di lui la potestà né la dimora da essi assegnatagli. Qualora se ne allontani senza il permesso, i genitori possono richiamarlo ricorrendo, se necessario, al giudice tutelare.
Art. 318 Abbandono della casa del genitore	2. A quale autorità possono rivolgersi i genitori per richiamare il figlio che si è allontanato senza permesso?	Il figlio non può abbandonare la casa dei genitori o del genitore che esercita su di lui la potestà né la dimora da essi assegnatagli. Qualora se ne allontani senza il permesso, i genitori possono richiamarlo ricorrendo, se necessario, al giudice tutelare.
Art. 320 Rappresentanza e amministrazione	1. Chi rappresenta i figli nati e nascituri in tutti gli atti civili?	I genitori congiuntamente, o quello di essi che esercita in via esclusiva la potestà, rappresentano i figli nati e nascituri in tutti gli atti civili e ne amministrano i beni. Gli atti di ordinaria amministrazione, esclusi i contratti con i quali si concedono o si acquistano diritti personali di godimento, possono essere compiuti disgiuntamente da ciascun genitore (155, 165, 317-bis, 465, 643, 2784, 2806).Si applicano, in caso di disaccordo o di esercizio difforme dalle decisioni concordate, le disposizioni dell’art. 316.I genitori non possono alienare, ipotecare (2806 e seguenti) o dare in pegno (2784 e seguenti) i beni pervenuti al figlio a qualsiasi titolo, anche a causa di morte, accettare o rinunziare ad eredità o legati, accettare donazioni, procedere allo scioglimento di comunioni, contrarre mutui o locazioni ultranovennali o compiere altri atti eccedenti la ordinaria amministrazione né promuovere, transigere o compromettere in arbitri giudizi relativi a tali atti, se non per necessità o utilità evidente del figlio dopo autorizzazione del giudice tutelare.I capitali non possono essere riscossi senza autorizzazione del giudice tutelare, il quale ne determina l’impiego.L’esercizio di una impresa commerciale non può essere continuato se non con l’autorizzazione del tribunale su parere del giudice tutelare. Questi può consentire l’esercizio provvisorio dell’impresa, fino a quando il tribunale abbia deliberato sulla istanza.Se sorge conflitto di interessi patrimoniali tra i figli soggetti alla stessa potestà, o tra essi e i genitori o quello di essi che esercita in via esclusiva la potestà, il giudice tutelare nomina ai figli un curatore speciale. Se il conflitto sorge tra i figli e uno solo dei genitori esercenti la potestà, la rappresentanza dei figli spetta esclusivamente all’altro genitore (45 att.).
Art. 320 Rappresentanza e amministrazione	2. Quali atti possono essere compiuti disgiuntamente da ciascun genitore?	I genitori congiuntamente, o quello di essi che esercita in via esclusiva la potestà, rappresentano i figli nati e nascituri in tutti gli atti civili e ne amministrano i beni. Gli atti di ordinaria amministrazione, esclusi i contratti con i quali si concedono o si acquistano diritti personali di godimento, possono essere compiuti disgiuntamente da ciascun genitore (155, 165, 317-bis, 465, 643, 2784, 2806).Si applicano, in caso di disaccordo o di esercizio difforme dalle decisioni concordate, le disposizioni dell’art. 316.I genitori non possono alienare, ipotecare (2806 e seguenti) o dare in pegno (2784 e seguenti) i beni pervenuti al figlio a qualsiasi titolo, anche a causa di morte, accettare o rinunziare ad eredità o legati, accettare donazioni, procedere allo scioglimento di comunioni, contrarre mutui o locazioni ultranovennali o compiere altri atti eccedenti la ordinaria amministrazione né promuovere, transigere o compromettere in arbitri giudizi relativi a tali atti, se non per necessità o utilità evidente del figlio dopo autorizzazione del giudice tutelare.I capitali non possono essere riscossi senza autorizzazione del giudice tutelare, il quale ne determina l’impiego.L’esercizio di una impresa commerciale non può essere continuato se non con l’autorizzazione del tribunale su parere del giudice tutelare. Questi può consentire l’esercizio provvisorio dell’impresa, fino a quando il tribunale abbia deliberato sulla istanza.Se sorge conflitto di interessi patrimoniali tra i figli soggetti alla stessa potestà, o tra essi e i genitori o quello di essi che esercita in via esclusiva la potestà, il giudice tutelare nomina ai figli un curatore speciale. Se il conflitto sorge tra i figli e uno solo dei genitori esercenti la potestà, la rappresentanza dei figli spetta esclusivamente all’altro genitore (45 att.).
Art. 320 Rappresentanza e amministrazione	3. Quali disposizioni si applicano in caso di disaccordo tra i genitori o di esercizio difforme dalle decisioni concordate?	I genitori congiuntamente, o quello di essi che esercita in via esclusiva la potestà, rappresentano i figli nati e nascituri in tutti gli atti civili e ne amministrano i beni. Gli atti di ordinaria amministrazione, esclusi i contratti con i quali si concedono o si acquistano diritti personali di godimento, possono essere compiuti disgiuntamente da ciascun genitore (155, 165, 317-bis, 465, 643, 2784, 2806).Si applicano, in caso di disaccordo o di esercizio difforme dalle decisioni concordate, le disposizioni dell’art. 316.I genitori non possono alienare, ipotecare (2806 e seguenti) o dare in pegno (2784 e seguenti) i beni pervenuti al figlio a qualsiasi titolo, anche a causa di morte, accettare o rinunziare ad eredità o legati, accettare donazioni, procedere allo scioglimento di comunioni, contrarre mutui o locazioni ultranovennali o compiere altri atti eccedenti la ordinaria amministrazione né promuovere, transigere o compromettere in arbitri giudizi relativi a tali atti, se non per necessità o utilità evidente del figlio dopo autorizzazione del giudice tutelare.I capitali non possono essere riscossi senza autorizzazione del giudice tutelare, il quale ne determina l’impiego.L’esercizio di una impresa commerciale non può essere continuato se non con l’autorizzazione del tribunale su parere del giudice tutelare. Questi può consentire l’esercizio provvisorio dell’impresa, fino a quando il tribunale abbia deliberato sulla istanza.Se sorge conflitto di interessi patrimoniali tra i figli soggetti alla stessa potestà, o tra essi e i genitori o quello di essi che esercita in via esclusiva la potestà, il giudice tutelare nomina ai figli un curatore speciale. Se il conflitto sorge tra i figli e uno solo dei genitori esercenti la potestà, la rappresentanza dei figli spetta esclusivamente all’altro genitore (45 att.).
Art. 320 Rappresentanza e amministrazione	4. Quali atti non possono essere compiuti dai genitori senza autorizzazione del giudice tutelare?	I genitori congiuntamente, o quello di essi che esercita in via esclusiva la potestà, rappresentano i figli nati e nascituri in tutti gli atti civili e ne amministrano i beni. Gli atti di ordinaria amministrazione, esclusi i contratti con i quali si concedono o si acquistano diritti personali di godimento, possono essere compiuti disgiuntamente da ciascun genitore (155, 165, 317-bis, 465, 643, 2784, 2806).Si applicano, in caso di disaccordo o di esercizio difforme dalle decisioni concordate, le disposizioni dell’art. 316.I genitori non possono alienare, ipotecare (2806 e seguenti) o dare in pegno (2784 e seguenti) i beni pervenuti al figlio a qualsiasi titolo, anche a causa di morte, accettare o rinunziare ad eredità o legati, accettare donazioni, procedere allo scioglimento di comunioni, contrarre mutui o locazioni ultranovennali o compiere altri atti eccedenti la ordinaria amministrazione né promuovere, transigere o compromettere in arbitri giudizi relativi a tali atti, se non per necessità o utilità evidente del figlio dopo autorizzazione del giudice tutelare.I capitali non possono essere riscossi senza autorizzazione del giudice tutelare, il quale ne determina l’impiego.L’esercizio di una impresa commerciale non può essere continuato se non con l’autorizzazione del tribunale su parere del giudice tutelare. Questi può consentire l’esercizio provvisorio dell’impresa, fino a quando il tribunale abbia deliberato sulla istanza.Se sorge conflitto di interessi patrimoniali tra i figli soggetti alla stessa potestà, o tra essi e i genitori o quello di essi che esercita in via esclusiva la potestà, il giudice tutelare nomina ai figli un curatore speciale. Se il conflitto sorge tra i figli e uno solo dei genitori esercenti la potestà, la rappresentanza dei figli spetta esclusivamente all’altro genitore (45 att.).
Art. 320 Rappresentanza e amministrazione	5. In quali circostanze i capitali possono essere riscossi dai genitori?	I genitori congiuntamente, o quello di essi che esercita in via esclusiva la potestà, rappresentano i figli nati e nascituri in tutti gli atti civili e ne amministrano i beni. Gli atti di ordinaria amministrazione, esclusi i contratti con i quali si concedono o si acquistano diritti personali di godimento, possono essere compiuti disgiuntamente da ciascun genitore (155, 165, 317-bis, 465, 643, 2784, 2806).Si applicano, in caso di disaccordo o di esercizio difforme dalle decisioni concordate, le disposizioni dell’art. 316.I genitori non possono alienare, ipotecare (2806 e seguenti) o dare in pegno (2784 e seguenti) i beni pervenuti al figlio a qualsiasi titolo, anche a causa di morte, accettare o rinunziare ad eredità o legati, accettare donazioni, procedere allo scioglimento di comunioni, contrarre mutui o locazioni ultranovennali o compiere altri atti eccedenti la ordinaria amministrazione né promuovere, transigere o compromettere in arbitri giudizi relativi a tali atti, se non per necessità o utilità evidente del figlio dopo autorizzazione del giudice tutelare.I capitali non possono essere riscossi senza autorizzazione del giudice tutelare, il quale ne determina l’impiego.L’esercizio di una impresa commerciale non può essere continuato se non con l’autorizzazione del tribunale su parere del giudice tutelare. Questi può consentire l’esercizio provvisorio dell’impresa, fino a quando il tribunale abbia deliberato sulla istanza.Se sorge conflitto di interessi patrimoniali tra i figli soggetti alla stessa potestà, o tra essi e i genitori o quello di essi che esercita in via esclusiva la potestà, il giudice tutelare nomina ai figli un curatore speciale. Se il conflitto sorge tra i figli e uno solo dei genitori esercenti la potestà, la rappresentanza dei figli spetta esclusivamente all’altro genitore (45 att.).
Art. 320 Rappresentanza e amministrazione	6. Quale autorizzazione è necessaria per continuare l'esercizio di una impresa commerciale?	I genitori congiuntamente, o quello di essi che esercita in via esclusiva la potestà, rappresentano i figli nati e nascituri in tutti gli atti civili e ne amministrano i beni. Gli atti di ordinaria amministrazione, esclusi i contratti con i quali si concedono o si acquistano diritti personali di godimento, possono essere compiuti disgiuntamente da ciascun genitore (155, 165, 317-bis, 465, 643, 2784, 2806).Si applicano, in caso di disaccordo o di esercizio difforme dalle decisioni concordate, le disposizioni dell’art. 316.I genitori non possono alienare, ipotecare (2806 e seguenti) o dare in pegno (2784 e seguenti) i beni pervenuti al figlio a qualsiasi titolo, anche a causa di morte, accettare o rinunziare ad eredità o legati, accettare donazioni, procedere allo scioglimento di comunioni, contrarre mutui o locazioni ultranovennali o compiere altri atti eccedenti la ordinaria amministrazione né promuovere, transigere o compromettere in arbitri giudizi relativi a tali atti, se non per necessità o utilità evidente del figlio dopo autorizzazione del giudice tutelare.I capitali non possono essere riscossi senza autorizzazione del giudice tutelare, il quale ne determina l’impiego.L’esercizio di una impresa commerciale non può essere continuato se non con l’autorizzazione del tribunale su parere del giudice tutelare. Questi può consentire l’esercizio provvisorio dell’impresa, fino a quando il tribunale abbia deliberato sulla istanza.Se sorge conflitto di interessi patrimoniali tra i figli soggetti alla stessa potestà, o tra essi e i genitori o quello di essi che esercita in via esclusiva la potestà, il giudice tutelare nomina ai figli un curatore speciale. Se il conflitto sorge tra i figli e uno solo dei genitori esercenti la potestà, la rappresentanza dei figli spetta esclusivamente all’altro genitore (45 att.).
Art. 320 Rappresentanza e amministrazione	7. Cosa accade se sorge un conflitto di interessi patrimoniali tra i figli soggetti alla stessa potestà?	I genitori congiuntamente, o quello di essi che esercita in via esclusiva la potestà, rappresentano i figli nati e nascituri in tutti gli atti civili e ne amministrano i beni. Gli atti di ordinaria amministrazione, esclusi i contratti con i quali si concedono o si acquistano diritti personali di godimento, possono essere compiuti disgiuntamente da ciascun genitore (155, 165, 317-bis, 465, 643, 2784, 2806).Si applicano, in caso di disaccordo o di esercizio difforme dalle decisioni concordate, le disposizioni dell’art. 316.I genitori non possono alienare, ipotecare (2806 e seguenti) o dare in pegno (2784 e seguenti) i beni pervenuti al figlio a qualsiasi titolo, anche a causa di morte, accettare o rinunziare ad eredità o legati, accettare donazioni, procedere allo scioglimento di comunioni, contrarre mutui o locazioni ultranovennali o compiere altri atti eccedenti la ordinaria amministrazione né promuovere, transigere o compromettere in arbitri giudizi relativi a tali atti, se non per necessità o utilità evidente del figlio dopo autorizzazione del giudice tutelare.I capitali non possono essere riscossi senza autorizzazione del giudice tutelare, il quale ne determina l’impiego.L’esercizio di una impresa commerciale non può essere continuato se non con l’autorizzazione del tribunale su parere del giudice tutelare. Questi può consentire l’esercizio provvisorio dell’impresa, fino a quando il tribunale abbia deliberato sulla istanza.Se sorge conflitto di interessi patrimoniali tra i figli soggetti alla stessa potestà, o tra essi e i genitori o quello di essi che esercita in via esclusiva la potestà, il giudice tutelare nomina ai figli un curatore speciale. Se il conflitto sorge tra i figli e uno solo dei genitori esercenti la potestà, la rappresentanza dei figli spetta esclusivamente all’altro genitore (45 att.).
Art. 320 Rappresentanza e amministrazione	8. Chi rappresenta i figli in caso di conflitto di interessi tra i figli e uno solo dei genitori esercenti la potestà?	I genitori congiuntamente, o quello di essi che esercita in via esclusiva la potestà, rappresentano i figli nati e nascituri in tutti gli atti civili e ne amministrano i beni. Gli atti di ordinaria amministrazione, esclusi i contratti con i quali si concedono o si acquistano diritti personali di godimento, possono essere compiuti disgiuntamente da ciascun genitore (155, 165, 317-bis, 465, 643, 2784, 2806).Si applicano, in caso di disaccordo o di esercizio difforme dalle decisioni concordate, le disposizioni dell’art. 316.I genitori non possono alienare, ipotecare (2806 e seguenti) o dare in pegno (2784 e seguenti) i beni pervenuti al figlio a qualsiasi titolo, anche a causa di morte, accettare o rinunziare ad eredità o legati, accettare donazioni, procedere allo scioglimento di comunioni, contrarre mutui o locazioni ultranovennali o compiere altri atti eccedenti la ordinaria amministrazione né promuovere, transigere o compromettere in arbitri giudizi relativi a tali atti, se non per necessità o utilità evidente del figlio dopo autorizzazione del giudice tutelare.I capitali non possono essere riscossi senza autorizzazione del giudice tutelare, il quale ne determina l’impiego.L’esercizio di una impresa commerciale non può essere continuato se non con l’autorizzazione del tribunale su parere del giudice tutelare. Questi può consentire l’esercizio provvisorio dell’impresa, fino a quando il tribunale abbia deliberato sulla istanza.Se sorge conflitto di interessi patrimoniali tra i figli soggetti alla stessa potestà, o tra essi e i genitori o quello di essi che esercita in via esclusiva la potestà, il giudice tutelare nomina ai figli un curatore speciale. Se il conflitto sorge tra i figli e uno solo dei genitori esercenti la potestà, la rappresentanza dei figli spetta esclusivamente all’altro genitore (45 att.).
Art. 321 Nomina di un curatore speciale	1. In quali circostanze il giudice può nominare un curatore speciale per un figlio?	In tutti i casi in cui i genitori congiuntamente, o quello di essi che esercita in via esclusiva la potestà, non possono o non vogliono compiere uno o più atti di interesse del figlio, eccedente l’ordinaria amministrazione, il giudice, su richiesta del figlio stesso, del pubblico ministero o di uno dei parenti che vi abbia interesse, e sentiti i genitori, può nominare al figlio un curatore speciale autorizzandolo al compimento di tali atti.
Art. 321 Nomina di un curatore speciale	2. Chi può richiedere la nomina di un curatore speciale per un figlio?	In tutti i casi in cui i genitori congiuntamente, o quello di essi che esercita in via esclusiva la potestà, non possono o non vogliono compiere uno o più atti di interesse del figlio, eccedente l’ordinaria amministrazione, il giudice, su richiesta del figlio stesso, del pubblico ministero o di uno dei parenti che vi abbia interesse, e sentiti i genitori, può nominare al figlio un curatore speciale autorizzandolo al compimento di tali atti.
Art. 321 Nomina di un curatore speciale	3. Quali atti deve compiere il curatore speciale nominato dal giudice?	In tutti i casi in cui i genitori congiuntamente, o quello di essi che esercita in via esclusiva la potestà, non possono o non vogliono compiere uno o più atti di interesse del figlio, eccedente l’ordinaria amministrazione, il giudice, su richiesta del figlio stesso, del pubblico ministero o di uno dei parenti che vi abbia interesse, e sentiti i genitori, può nominare al figlio un curatore speciale autorizzandolo al compimento di tali atti.
Art. 321 Nomina di un curatore speciale	4. Chi deve essere sentito dal giudice prima di nominare un curatore speciale per un figlio?	In tutti i casi in cui i genitori congiuntamente, o quello di essi che esercita in via esclusiva la potestà, non possono o non vogliono compiere uno o più atti di interesse del figlio, eccedente l’ordinaria amministrazione, il giudice, su richiesta del figlio stesso, del pubblico ministero o di uno dei parenti che vi abbia interesse, e sentiti i genitori, può nominare al figlio un curatore speciale autorizzandolo al compimento di tali atti.
Art. 321 Nomina di un curatore speciale	5. Quali sono le condizioni che giustificano la nomina di un curatore speciale per un figlio?	In tutti i casi in cui i genitori congiuntamente, o quello di essi che esercita in via esclusiva la potestà, non possono o non vogliono compiere uno o più atti di interesse del figlio, eccedente l’ordinaria amministrazione, il giudice, su richiesta del figlio stesso, del pubblico ministero o di uno dei parenti che vi abbia interesse, e sentiti i genitori, può nominare al figlio un curatore speciale autorizzandolo al compimento di tali atti.
Art. 322 Inosservanza delle disposizioni precedenti	1. Quali soggetti possono richiedere l'annullamento degli atti compiuti senza osservare le norme dei precedenti articoli del presente titolo?	Gli atti compiuti senza osservare le norme dei precedenti articoli del presente titolo possono essere annullati su istanza dei genitori esercenti la potestà o del figlio o dei suoi eredi o aventi causa (1425, 1441 e seguenti).
Art. 323 Atti vietati ai genitori	1. Quali sono le conseguenze legali per i genitori che acquistano beni o diritti del minore in violazione del divieto previsto?	I genitori esercenti la potestà sui figli non possono, neppure all’asta pubblica, rendersi acquirenti direttamente o per interposta persona dei beni e dei diritti del minore.Gli atti compiuti in violazione del divieto previsto nel comma precedente possono essere annullati su istanza del figlio o dei suoi eredi o aventi causa (1441 e seguenti).I genitori esercenti la potestà non possono diventare cessionari di alcuna ragione o credito verso il minore (1260 e seguenti).
Art. 323 Atti vietati ai genitori	2. Chi può richiedere l'annullamento degli atti compiuti in violazione del divieto di acquisto di beni e diritti del minore da parte dei genitori?	I genitori esercenti la potestà sui figli non possono, neppure all’asta pubblica, rendersi acquirenti direttamente o per interposta persona dei beni e dei diritti del minore.Gli atti compiuti in violazione del divieto previsto nel comma precedente possono essere annullati su istanza del figlio o dei suoi eredi o aventi causa (1441 e seguenti).I genitori esercenti la potestà non possono diventare cessionari di alcuna ragione o credito verso il minore (1260 e seguenti).
Art. 323 Atti vietati ai genitori	3. I genitori esercenti la potestà possono diventare cessionari di crediti verso il minore?	I genitori esercenti la potestà sui figli non possono, neppure all’asta pubblica, rendersi acquirenti direttamente o per interposta persona dei beni e dei diritti del minore.Gli atti compiuti in violazione del divieto previsto nel comma precedente possono essere annullati su istanza del figlio o dei suoi eredi o aventi causa (1441 e seguenti).I genitori esercenti la potestà non possono diventare cessionari di alcuna ragione o credito verso il minore (1260 e seguenti).
Art. 324 Usufrutto legale	1. Qual è la destinazione dei frutti percepiti dai beni del figlio sotto l'usufrutto dei genitori esercenti la potestà?	I genitori esercenti la potestà hanno in comune l’usufrutto dei beni del figlio.I frutti percepiti sono destinati al mantenimento della famiglia e all’istruzione ed educazione dei figli (143 e seguenti, 315, 321).Non sono soggetti ad usufrutto legale:1) i beni acquistati dal figlio con i proventi del proprio lavoro;2) i beni lasciati o donati al figlio per intraprendere una carriera, un’arte o una professione;3) i beni lasciati o donati con la condizione che i genitori esercenti la potestà o uno di essi non ne abbiano l’usufrutto: la condizione però non ha effetto per i beni spettanti al figlio a titolo di legittima (536 e seguenti);4) i beni pervenuti al figlio per eredità, legato o donazione e accettati nell’interesse del figlio contro la volontà dei genitori esercenti la potestà. Se uno solo di essi era favorevole all’accettazione, l’usufrutto legale spetta esclusivamente a lui.
Art. 324 Usufrutto legale	2. Quali beni del figlio non sono soggetti ad usufrutto legale se acquistati con i proventi del proprio lavoro?	I genitori esercenti la potestà hanno in comune l’usufrutto dei beni del figlio.I frutti percepiti sono destinati al mantenimento della famiglia e all’istruzione ed educazione dei figli (143 e seguenti, 315, 321).Non sono soggetti ad usufrutto legale:1) i beni acquistati dal figlio con i proventi del proprio lavoro;2) i beni lasciati o donati al figlio per intraprendere una carriera, un’arte o una professione;3) i beni lasciati o donati con la condizione che i genitori esercenti la potestà o uno di essi non ne abbiano l’usufrutto: la condizione però non ha effetto per i beni spettanti al figlio a titolo di legittima (536 e seguenti);4) i beni pervenuti al figlio per eredità, legato o donazione e accettati nell’interesse del figlio contro la volontà dei genitori esercenti la potestà. Se uno solo di essi era favorevole all’accettazione, l’usufrutto legale spetta esclusivamente a lui.
Art. 324 Usufrutto legale	3. In quali circostanze i beni lasciati o donati al figlio non sono soggetti ad usufrutto legale per intraprendere una carriera, un’arte o una professione?	I genitori esercenti la potestà hanno in comune l’usufrutto dei beni del figlio.I frutti percepiti sono destinati al mantenimento della famiglia e all’istruzione ed educazione dei figli (143 e seguenti, 315, 321).Non sono soggetti ad usufrutto legale:1) i beni acquistati dal figlio con i proventi del proprio lavoro;2) i beni lasciati o donati al figlio per intraprendere una carriera, un’arte o una professione;3) i beni lasciati o donati con la condizione che i genitori esercenti la potestà o uno di essi non ne abbiano l’usufrutto: la condizione però non ha effetto per i beni spettanti al figlio a titolo di legittima (536 e seguenti);4) i beni pervenuti al figlio per eredità, legato o donazione e accettati nell’interesse del figlio contro la volontà dei genitori esercenti la potestà. Se uno solo di essi era favorevole all’accettazione, l’usufrutto legale spetta esclusivamente a lui.
Art. 324 Usufrutto legale	4. Qual è l'effetto della condizione che i genitori non abbiano l'usufrutto sui beni lasciati o donati al figlio, in relazione ai beni spettanti al figlio a titolo di legittima?	I genitori esercenti la potestà hanno in comune l’usufrutto dei beni del figlio.I frutti percepiti sono destinati al mantenimento della famiglia e all’istruzione ed educazione dei figli (143 e seguenti, 315, 321).Non sono soggetti ad usufrutto legale:1) i beni acquistati dal figlio con i proventi del proprio lavoro;2) i beni lasciati o donati al figlio per intraprendere una carriera, un’arte o una professione;3) i beni lasciati o donati con la condizione che i genitori esercenti la potestà o uno di essi non ne abbiano l’usufrutto: la condizione però non ha effetto per i beni spettanti al figlio a titolo di legittima (536 e seguenti);4) i beni pervenuti al figlio per eredità, legato o donazione e accettati nell’interesse del figlio contro la volontà dei genitori esercenti la potestà. Se uno solo di essi era favorevole all’accettazione, l’usufrutto legale spetta esclusivamente a lui.
Art. 324 Usufrutto legale	5. Chi ha diritto all'usufrutto legale dei beni pervenuti al figlio per eredità, legato o donazione se uno solo dei genitori era favorevole all'accettazione?	I genitori esercenti la potestà hanno in comune l’usufrutto dei beni del figlio.I frutti percepiti sono destinati al mantenimento della famiglia e all’istruzione ed educazione dei figli (143 e seguenti, 315, 321).Non sono soggetti ad usufrutto legale:1) i beni acquistati dal figlio con i proventi del proprio lavoro;2) i beni lasciati o donati al figlio per intraprendere una carriera, un’arte o una professione;3) i beni lasciati o donati con la condizione che i genitori esercenti la potestà o uno di essi non ne abbiano l’usufrutto: la condizione però non ha effetto per i beni spettanti al figlio a titolo di legittima (536 e seguenti);4) i beni pervenuti al figlio per eredità, legato o donazione e accettati nell’interesse del figlio contro la volontà dei genitori esercenti la potestà. Se uno solo di essi era favorevole all’accettazione, l’usufrutto legale spetta esclusivamente a lui.
Art. 325 Obblighi inerenti all’usufrutto legale	1. Quali sono gli obblighi propri dell'usufruttuario secondo gli articoli 1001 e seguenti?	Gravano sull’usufrutto legale gli obblighi propri dell’usufruttuario (1001 e seguenti).
Art. 326 Inalienabilità dell’usufrutto legale. Esecuzione sui frutti.	1. L'usufrutto legale può essere oggetto di alienazione, pegno o ipoteca?	L’usufrutto legale non può essere oggetto di alienazione, di pegno o di ipoteca né di esecuzione da parte dei creditori.L’esecuzione sui frutti dei beni del figlio da parte dei creditori dei genitori o di quello di essi che ne è titolare esclusivo non può aver luogo per debiti che il creditore conosceva essere stati contratti per scopi estranei ai bisogni della famiglia.
Art. 326 Inalienabilità dell’usufrutto legale. Esecuzione sui frutti.	2. L'esecuzione sui frutti dei beni del figlio da parte dei creditori dei genitori può aver luogo per debiti contratti per scopi estranei ai bisogni della famiglia?	L’usufrutto legale non può essere oggetto di alienazione, di pegno o di ipoteca né di esecuzione da parte dei creditori.L’esecuzione sui frutti dei beni del figlio da parte dei creditori dei genitori o di quello di essi che ne è titolare esclusivo non può aver luogo per debiti che il creditore conosceva essere stati contratti per scopi estranei ai bisogni della famiglia.
Art. 327 Usufrutto legale di uno solo dei genitori	1. Chi è il titolare dell'usufrutto legale quando un genitore esercita in modo esclusivo la potestà?	Il genitore che esercita in modo esclusivo la potestà è il solo titolare dell’usufrutto legale (317-bis, 465).
Art. 328 Nuove nozze	1. Quali obblighi ha il genitore che passa a nuove nozze riguardo all'usufrutto legale in favore del figlio?	Il genitore che passa a nuove nozze conserva l’usufrutto legale, con l’obbligo tuttavia di accantonare in favore del figlio quanto risulti eccedente rispetto alle spese per il mantenimento, l’istruzione e l’educazione di quest’ultimo.
Art. 329 Godimento dei beni dopo la cessazione dell’usufrutto legale	1. Quali sono gli obblighi del genitore o dei suoi eredi riguardo ai frutti esistenti al tempo della domanda, se il genitore ha continuato a godere i beni del figlio convivente senza procura ma senza opposizione?	Cessato l’usufrutto legale, se il genitore ha continuato a godere i beni del figlio convivente con esso senza procura ma senza opposizione, o anche con procura ma senza l’obbligo di rendere conto dei frutti, egli o i suoi eredi non sono tenuti che a consegnare i frutti esistenti al tempo della domanda.
Art. 329 Godimento dei beni dopo la cessazione dell’usufrutto legale	2. Cosa deve fare il genitore o i suoi eredi se ha goduto dei beni del figlio convivente con procura ma senza l’obbligo di rendere conto dei frutti?	Cessato l’usufrutto legale, se il genitore ha continuato a godere i beni del figlio convivente con esso senza procura ma senza opposizione, o anche con procura ma senza l’obbligo di rendere conto dei frutti, egli o i suoi eredi non sono tenuti che a consegnare i frutti esistenti al tempo della domanda.
Art. 329 Godimento dei beni dopo la cessazione dell’usufrutto legale	3. In quale situazione il genitore o i suoi eredi non sono tenuti a rendere conto dei frutti goduti dai beni del figlio convivente?	Cessato l’usufrutto legale, se il genitore ha continuato a godere i beni del figlio convivente con esso senza procura ma senza opposizione, o anche con procura ma senza l’obbligo di rendere conto dei frutti, egli o i suoi eredi non sono tenuti che a consegnare i frutti esistenti al tempo della domanda.
Art. 330 Decadenza dalla potestà sui figli	1. In quali circostanze il giudice può pronunciare la decadenza della potestà genitoriale?	Il giudice può pronunziare la decadenza della potestà quando il genitore viola o trascura i doveri (147; Cod. Pen. 570) ad essa inerenti o abusa dei relativi poteri con grave pregiudizio del figlio. In tale caso, per gravi motivi, il giudice può ordinare l’allontanamento del figlio dalla residenza familiare ovvero l’allontanamento del genitore o convivente che maltratta o abusa del minore.
Art. 330 Decadenza dalla potestà sui figli	2. Quali misure può adottare il giudice in caso di gravi motivi legati alla violazione dei doveri genitoriali?	Il giudice può pronunziare la decadenza della potestà quando il genitore viola o trascura i doveri (147; Cod. Pen. 570) ad essa inerenti o abusa dei relativi poteri con grave pregiudizio del figlio. In tale caso, per gravi motivi, il giudice può ordinare l’allontanamento del figlio dalla residenza familiare ovvero l’allontanamento del genitore o convivente che maltratta o abusa del minore.
Art. 330 Decadenza dalla potestà sui figli	3. Chi può essere allontanato dalla residenza familiare secondo il testo?	Il giudice può pronunziare la decadenza della potestà quando il genitore viola o trascura i doveri (147; Cod. Pen. 570) ad essa inerenti o abusa dei relativi poteri con grave pregiudizio del figlio. In tale caso, per gravi motivi, il giudice può ordinare l’allontanamento del figlio dalla residenza familiare ovvero l’allontanamento del genitore o convivente che maltratta o abusa del minore.
Art. 332 Reintegrazione nella potestà	1. In quali circostanze il giudice può reintegrare nella potestà un genitore che ne è decaduto?	Il giudice (38, 51 att.) può reintegrare nella potestà il genitore che ne è decaduto, quando, cessate le ragioni per le quali la decadenza è stata pronunciata, e escluso ogni pericolo di pregiudizio per il figlio.
Art. 333 Condotta del genitore pregiudizievole ai figli	1. In quali circostanze il giudice può adottare provvedimenti convenienti senza pronunciare la decadenza prevista dall’art. 330?	Quando la condotta di uno o di entrambi i genitori non è tale da dare luogo alla pronuncia di decadenza prevista dall’art. 330, ma appare comunque pregiudizievole al figlio, il giudice (38, 51 att), secondo le circostanze, può adottare i provvedimenti convenienti e può anche disporre l’allontanamento di lui dalla residenza familiare ovvero l’allontanamento del genitore o convivente che maltratta o abusa del minore.Tali provvedimenti sono revocabili in qualsiasi momento.
Art. 333 Condotta del genitore pregiudizievole ai figli	2. Quali misure può disporre il giudice se la condotta di un genitore appare pregiudizievole al figlio?	Quando la condotta di uno o di entrambi i genitori non è tale da dare luogo alla pronuncia di decadenza prevista dall’art. 330, ma appare comunque pregiudizievole al figlio, il giudice (38, 51 att), secondo le circostanze, può adottare i provvedimenti convenienti e può anche disporre l’allontanamento di lui dalla residenza familiare ovvero l’allontanamento del genitore o convivente che maltratta o abusa del minore.Tali provvedimenti sono revocabili in qualsiasi momento.
Art. 334 Rimozione dall’amministrazione	1. Quali misure può adottare il tribunale se il patrimonio del minore è male amministrato dai genitori?	Quando il patrimonio del minore è male amministrato, il tribunale può stabilire le condizioni a cui i genitori devono attenersi nell’amministrazione o può rimuovere entrambi o uno solo di essi dall’amministrazione stessa e privarli, in tutto o in parte, dell’usufrutto legale.L’amministrazione è affidata ad un curatore, se è disposta la rimozione di entrambi i genitori.
Art. 334 Rimozione dall’amministrazione	2. A chi viene affidata l'amministrazione del patrimonio del minore se entrambi i genitori vengono rimossi?	Quando il patrimonio del minore è male amministrato, il tribunale può stabilire le condizioni a cui i genitori devono attenersi nell’amministrazione o può rimuovere entrambi o uno solo di essi dall’amministrazione stessa e privarli, in tutto o in parte, dell’usufrutto legale.L’amministrazione è affidata ad un curatore, se è disposta la rimozione di entrambi i genitori.
Art. 335 Riammissione nell’esercizio dell’amministrazione	1. In quali circostanze un genitore rimosso dall’amministrazione e privato dell’usufrutto legale può essere riammesso dal tribunale?	Il genitore rimosso dall’amministrazione ed eventualmente privato dell’usufrutto legale può essere riammesso dal tribunale nell’esercizio dell’una o nel godimento dell’altro, quando sono cessati i motivi che hanno provocato il provvedimento (336; att. 38, 51).
Art. 336 Procedimento	1. Chi può presentare ricorso per i provvedimenti indicati negli articoli precedenti?	I provvedimenti indicati negli articoli precedenti sono adottati su ricorso dell’altro genitore, dei parenti o del pubblico ministero e, quando si tratta di revocare deliberazioni anteriori, anche del genitore interessato.Il tribunale provvede in camera di consiglio (Cod. Proc. Civ. 737) assunte informazioni e sentito il pubblico ministero. Nei casi in cui il provvedimento e richiesto contro il genitore, questi deve essere sentito.In caso di urgente necessità il tribunale può adottare, anche di ufficio, provvedimenti temporanei nell’interesse del figlio.Per i provvedimenti di cui ai commi precedenti il genitore e i minori sono assistiti da un difensore, anche a spese dello Stato nei casi previsti dalla legge.
Art. 336 Procedimento	2. In quale sede il tribunale provvede per i provvedimenti indicati?	I provvedimenti indicati negli articoli precedenti sono adottati su ricorso dell’altro genitore, dei parenti o del pubblico ministero e, quando si tratta di revocare deliberazioni anteriori, anche del genitore interessato.Il tribunale provvede in camera di consiglio (Cod. Proc. Civ. 737) assunte informazioni e sentito il pubblico ministero. Nei casi in cui il provvedimento e richiesto contro il genitore, questi deve essere sentito.In caso di urgente necessità il tribunale può adottare, anche di ufficio, provvedimenti temporanei nell’interesse del figlio.Per i provvedimenti di cui ai commi precedenti il genitore e i minori sono assistiti da un difensore, anche a spese dello Stato nei casi previsti dalla legge.
Art. 336 Procedimento	3. Quali informazioni deve assumere il tribunale prima di provvedere?	I provvedimenti indicati negli articoli precedenti sono adottati su ricorso dell’altro genitore, dei parenti o del pubblico ministero e, quando si tratta di revocare deliberazioni anteriori, anche del genitore interessato.Il tribunale provvede in camera di consiglio (Cod. Proc. Civ. 737) assunte informazioni e sentito il pubblico ministero. Nei casi in cui il provvedimento e richiesto contro il genitore, questi deve essere sentito.In caso di urgente necessità il tribunale può adottare, anche di ufficio, provvedimenti temporanei nell’interesse del figlio.Per i provvedimenti di cui ai commi precedenti il genitore e i minori sono assistiti da un difensore, anche a spese dello Stato nei casi previsti dalla legge.
Art. 336 Procedimento	4. Cosa può fare il tribunale in caso di urgente necessità?	I provvedimenti indicati negli articoli precedenti sono adottati su ricorso dell’altro genitore, dei parenti o del pubblico ministero e, quando si tratta di revocare deliberazioni anteriori, anche del genitore interessato.Il tribunale provvede in camera di consiglio (Cod. Proc. Civ. 737) assunte informazioni e sentito il pubblico ministero. Nei casi in cui il provvedimento e richiesto contro il genitore, questi deve essere sentito.In caso di urgente necessità il tribunale può adottare, anche di ufficio, provvedimenti temporanei nell’interesse del figlio.Per i provvedimenti di cui ai commi precedenti il genitore e i minori sono assistiti da un difensore, anche a spese dello Stato nei casi previsti dalla legge.
Art. 336 Procedimento	5. Chi assiste il genitore e i minori nei provvedimenti di cui ai commi precedenti?	I provvedimenti indicati negli articoli precedenti sono adottati su ricorso dell’altro genitore, dei parenti o del pubblico ministero e, quando si tratta di revocare deliberazioni anteriori, anche del genitore interessato.Il tribunale provvede in camera di consiglio (Cod. Proc. Civ. 737) assunte informazioni e sentito il pubblico ministero. Nei casi in cui il provvedimento e richiesto contro il genitore, questi deve essere sentito.In caso di urgente necessità il tribunale può adottare, anche di ufficio, provvedimenti temporanei nell’interesse del figlio.Per i provvedimenti di cui ai commi precedenti il genitore e i minori sono assistiti da un difensore, anche a spese dello Stato nei casi previsti dalla legge.
Art. 337 Vigilanza del giudice tutelare	1. Quali sono le responsabilità del giudice tutelare riguardo all'osservanza delle condizioni stabilite dal tribunale per l'esercizio della potestà?	Il giudice tutelare deve vigilare sull’osservanza delle condizioni che il tribunale abbia stabilito per l’esercizio della potestà e per l’amministrazione dei beni.
Art. 337 Vigilanza del giudice tutelare	2. In che modo il giudice tutelare deve vigilare sull'amministrazione dei beni secondo le condizioni stabilite dal tribunale?	Il giudice tutelare deve vigilare sull’osservanza delle condizioni che il tribunale abbia stabilito per l’esercizio della potestà e per l’amministrazione dei beni.
Art. 343 Apertura della tutela	1. In quali circostanze si apre la tutela presso la pretura del mandamento per un minore?	Se entrambi i genitori sono morti o per altre cause non possono esercitare la potestà dei genitori, si apre la tutela presso la pretura del mandamento dove è la sede principale degli affari e interessi del minore (316; att. 129).Se il tutore è domiciliato o trasferisce il domicilio in altro circondario, la tutela può essere ivi trasferita con decreto del tribunale.
Art. 343 Apertura della tutela	2. Quale autorità può trasferire la tutela in un altro circondario se il tutore cambia domicilio?	Se entrambi i genitori sono morti o per altre cause non possono esercitare la potestà dei genitori, si apre la tutela presso la pretura del mandamento dove è la sede principale degli affari e interessi del minore (316; att. 129).Se il tutore è domiciliato o trasferisce il domicilio in altro circondario, la tutela può essere ivi trasferita con decreto del tribunale.
Art. 344 Funzioni del giudice tutelare	1. Quali funzioni esercita il giudice tutelare presso ogni tribunale?	Presso ogni tribunale il giudice tutelare soprintende alle tutele e alle curatele ed esercita le altre funzioni affidategli dalla legge.Il giudice tutelare può chiedere l’assistenza degli organi della pubblica amministrazione e di tutti gli enti i cui scopi corrispondono alle sue funzioni (att. 43 e seguenti).
Art. 344 Funzioni del giudice tutelare	2. A chi può chiedere assistenza il giudice tutelare per svolgere le sue funzioni?	Presso ogni tribunale il giudice tutelare soprintende alle tutele e alle curatele ed esercita le altre funzioni affidategli dalla legge.Il giudice tutelare può chiedere l’assistenza degli organi della pubblica amministrazione e di tutti gli enti i cui scopi corrispondono alle sue funzioni (att. 43 e seguenti).
Art. 345 Denunzie al giudice tutelare	1. Entro quanti giorni l'ufficiale dello stato civile deve dare notizia al giudice tutelare della dichiarazione di morte di una persona che ha lasciato figli in età minore?	L’ufficiale dello stato civile, che riceve la dichiarazione di morte di una persona la quale ha lasciato figli in età minore ovvero la dichiarazione di nascita di un figlio di genitori ignoti, e il notaio, che, procede alla pubblicazione di un testamento contenente la designazione di un tutore o di un protutore, devono darne notizia al giudice tutelare entro dieci giorni.Il cancelliere, entro quindici giorni dalla pubblicazione o dal deposito in cancelleria, deve dare notizia al giudice tutelare delle decisioni dalle quali derivi l’apertura di una tutela.I parenti entro il terzo grado devono denunziare al giudice tutelare il fatto da cui deriva l’apertura della tutela entro dieci giorni da quello in cui ne hanno avuto notizia. La denunzia deve essere fatta anche dalla persona designata quale tutore o protutore entro dieci giorni da quello in cui ha avuto notizia della designazione (587, 620 e seguenti).
Art. 345 Denunzie al giudice tutelare	2. Chi deve dare notizia al giudice tutelare della pubblicazione di un testamento contenente la designazione di un tutore o di un protutore?	L’ufficiale dello stato civile, che riceve la dichiarazione di morte di una persona la quale ha lasciato figli in età minore ovvero la dichiarazione di nascita di un figlio di genitori ignoti, e il notaio, che, procede alla pubblicazione di un testamento contenente la designazione di un tutore o di un protutore, devono darne notizia al giudice tutelare entro dieci giorni.Il cancelliere, entro quindici giorni dalla pubblicazione o dal deposito in cancelleria, deve dare notizia al giudice tutelare delle decisioni dalle quali derivi l’apertura di una tutela.I parenti entro il terzo grado devono denunziare al giudice tutelare il fatto da cui deriva l’apertura della tutela entro dieci giorni da quello in cui ne hanno avuto notizia. La denunzia deve essere fatta anche dalla persona designata quale tutore o protutore entro dieci giorni da quello in cui ha avuto notizia della designazione (587, 620 e seguenti).
Art. 345 Denunzie al giudice tutelare	3. Entro quanti giorni il cancelliere deve dare notizia al giudice tutelare delle decisioni dalle quali derivi l’apertura di una tutela?	L’ufficiale dello stato civile, che riceve la dichiarazione di morte di una persona la quale ha lasciato figli in età minore ovvero la dichiarazione di nascita di un figlio di genitori ignoti, e il notaio, che, procede alla pubblicazione di un testamento contenente la designazione di un tutore o di un protutore, devono darne notizia al giudice tutelare entro dieci giorni.Il cancelliere, entro quindici giorni dalla pubblicazione o dal deposito in cancelleria, deve dare notizia al giudice tutelare delle decisioni dalle quali derivi l’apertura di una tutela.I parenti entro il terzo grado devono denunziare al giudice tutelare il fatto da cui deriva l’apertura della tutela entro dieci giorni da quello in cui ne hanno avuto notizia. La denunzia deve essere fatta anche dalla persona designata quale tutore o protutore entro dieci giorni da quello in cui ha avuto notizia della designazione (587, 620 e seguenti).
Art. 345 Denunzie al giudice tutelare	4. Chi deve denunziare al giudice tutelare il fatto da cui deriva l’apertura della tutela entro dieci giorni da quello in cui ne ha avuto notizia?	L’ufficiale dello stato civile, che riceve la dichiarazione di morte di una persona la quale ha lasciato figli in età minore ovvero la dichiarazione di nascita di un figlio di genitori ignoti, e il notaio, che, procede alla pubblicazione di un testamento contenente la designazione di un tutore o di un protutore, devono darne notizia al giudice tutelare entro dieci giorni.Il cancelliere, entro quindici giorni dalla pubblicazione o dal deposito in cancelleria, deve dare notizia al giudice tutelare delle decisioni dalle quali derivi l’apertura di una tutela.I parenti entro il terzo grado devono denunziare al giudice tutelare il fatto da cui deriva l’apertura della tutela entro dieci giorni da quello in cui ne hanno avuto notizia. La denunzia deve essere fatta anche dalla persona designata quale tutore o protutore entro dieci giorni da quello in cui ha avuto notizia della designazione (587, 620 e seguenti).
Art. 346 Nomina del tutore e del protutore	1. Quali sono i primi passi che il giudice tutelare deve compiere una volta avuta notizia del fatto che richiede l'apertura della tutela?	Il giudice tutelare, appena avuta notizia del fatto da cui deriva l’apertura della tutela, procede alla nomina del tutore e del protutore.
Art. 347 Tutela di più fratelli	1. In quali circostanze può essere nominato più di un tutore per fratelli e sorelle?	È nominato un solo tutore a più fratelli e sorelle, salvo che particolari circostanze consiglino la nomina di più tutori. Se vi è conflitto di interessi tra minori soggetti alla stessa tutela, il giudice tutelare nomina ai minori un curatore speciale.
Art. 347 Tutela di più fratelli	2. Cosa deve fare il giudice tutelare in caso di conflitto di interessi tra minori soggetti alla stessa tutela?	È nominato un solo tutore a più fratelli e sorelle, salvo che particolari circostanze consiglino la nomina di più tutori. Se vi è conflitto di interessi tra minori soggetti alla stessa tutela, il giudice tutelare nomina ai minori un curatore speciale.
Art. 348 Scelta del tutore	1. In quali modi può essere fatta la designazione del tutore da parte del genitore che ha esercitato per ultimo la potestà dei genitori?	Il giudice tutelare nomina tutore la persona designata dal genitore che ha esercitato per ultimo la potestà dei genitori. La designazione può essere fatta per testamento (587-2), per atto pubblico o per scrittura privata autenticata (2699; 2703).Se manca la designazione ovvero se gravi motivi si oppongono alla nomina della persona designata, la scelta del tutore avviene preferibilmente tra gli ascendenti o tra gli altri prossimi parenti o affini del minore, i quali, in quanto sia opportuno, devono essere sentiti.Il giudice, prima di procedere alla nomina del tutore, deve anche sentire il minore che abbia raggiunto l’età di anni sedici.In ogni caso la scelta deve cadere su persona idonea all’ufficio, di ineccepibile condotta, la quale dia affidamento di educare e istruire il minore conformemente a quanto è prescritto nell’art. 147.
Art. 348 Scelta del tutore	2. Quali sono le alternative se manca la designazione del tutore o se gravi motivi si oppongono alla nomina della persona designata?	Il giudice tutelare nomina tutore la persona designata dal genitore che ha esercitato per ultimo la potestà dei genitori. La designazione può essere fatta per testamento (587-2), per atto pubblico o per scrittura privata autenticata (2699; 2703).Se manca la designazione ovvero se gravi motivi si oppongono alla nomina della persona designata, la scelta del tutore avviene preferibilmente tra gli ascendenti o tra gli altri prossimi parenti o affini del minore, i quali, in quanto sia opportuno, devono essere sentiti.Il giudice, prima di procedere alla nomina del tutore, deve anche sentire il minore che abbia raggiunto l’età di anni sedici.In ogni caso la scelta deve cadere su persona idonea all’ufficio, di ineccepibile condotta, la quale dia affidamento di educare e istruire il minore conformemente a quanto è prescritto nell’art. 147.
Art. 348 Scelta del tutore	3. Chi deve essere sentito dal giudice prima di procedere alla nomina del tutore?	Il giudice tutelare nomina tutore la persona designata dal genitore che ha esercitato per ultimo la potestà dei genitori. La designazione può essere fatta per testamento (587-2), per atto pubblico o per scrittura privata autenticata (2699; 2703).Se manca la designazione ovvero se gravi motivi si oppongono alla nomina della persona designata, la scelta del tutore avviene preferibilmente tra gli ascendenti o tra gli altri prossimi parenti o affini del minore, i quali, in quanto sia opportuno, devono essere sentiti.Il giudice, prima di procedere alla nomina del tutore, deve anche sentire il minore che abbia raggiunto l’età di anni sedici.In ogni caso la scelta deve cadere su persona idonea all’ufficio, di ineccepibile condotta, la quale dia affidamento di educare e istruire il minore conformemente a quanto è prescritto nell’art. 147.
Art. 348 Scelta del tutore	4. Quali requisiti deve possedere la persona scelta come tutore?	Il giudice tutelare nomina tutore la persona designata dal genitore che ha esercitato per ultimo la potestà dei genitori. La designazione può essere fatta per testamento (587-2), per atto pubblico o per scrittura privata autenticata (2699; 2703).Se manca la designazione ovvero se gravi motivi si oppongono alla nomina della persona designata, la scelta del tutore avviene preferibilmente tra gli ascendenti o tra gli altri prossimi parenti o affini del minore, i quali, in quanto sia opportuno, devono essere sentiti.Il giudice, prima di procedere alla nomina del tutore, deve anche sentire il minore che abbia raggiunto l’età di anni sedici.In ogni caso la scelta deve cadere su persona idonea all’ufficio, di ineccepibile condotta, la quale dia affidamento di educare e istruire il minore conformemente a quanto è prescritto nell’art. 147.
Art. 348 Scelta del tutore	5. A quale età il minore deve essere sentito dal giudice prima della nomina del tutore?	Il giudice tutelare nomina tutore la persona designata dal genitore che ha esercitato per ultimo la potestà dei genitori. La designazione può essere fatta per testamento (587-2), per atto pubblico o per scrittura privata autenticata (2699; 2703).Se manca la designazione ovvero se gravi motivi si oppongono alla nomina della persona designata, la scelta del tutore avviene preferibilmente tra gli ascendenti o tra gli altri prossimi parenti o affini del minore, i quali, in quanto sia opportuno, devono essere sentiti.Il giudice, prima di procedere alla nomina del tutore, deve anche sentire il minore che abbia raggiunto l’età di anni sedici.In ogni caso la scelta deve cadere su persona idonea all’ufficio, di ineccepibile condotta, la quale dia affidamento di educare e istruire il minore conformemente a quanto è prescritto nell’art. 147.
Art. 349 Giuramento del tutore	1. Quale atto deve compiere il tutore prima di assumere l'ufficio?	Il tutore, prima di assumere l’ufficio, presta davanti al giudice tutelare giuramento di esercitarlo con fedeltà e diligenza.
Art. 350 Incapacità all’ufficio tutelare	1. Chi non può essere nominato tutore se non ha la libera amministrazione del proprio patrimonio?	Non possono essere nominati tutori e, se sono stati nominati, devono cessare dall’ufficio (att. 129):1) coloro che non hanno la libera amministrazione del proprio patrimonio;2) coloro che sono stati esclusi dalla tutela per disposizione scritta del genitore il quale per ultimo ha esercitato la patria potestà;3) coloro che hanno o sono per avere o dei quali gli ascendenti, i discendenti o il coniuge hanno o sono per avere col minore una lite, per effetto della quale può essere pregiudicato lo stato del minore o una parte notevole del patrimonio di lui;4) coloro che sono incorsi nella perdita della patria potestà o nella decadenza da essa, o sono stati rimossi da altra tutela ;5) il fallito che non è stato cancellato dal registro dei falliti.
Art. 350 Incapacità all’ufficio tutelare	2. Quali persone devono cessare dall'ufficio di tutore se sono state escluse dalla tutela per disposizione scritta del genitore che per ultimo ha esercitato la patria potestà?	Non possono essere nominati tutori e, se sono stati nominati, devono cessare dall’ufficio (att. 129):1) coloro che non hanno la libera amministrazione del proprio patrimonio;2) coloro che sono stati esclusi dalla tutela per disposizione scritta del genitore il quale per ultimo ha esercitato la patria potestà;3) coloro che hanno o sono per avere o dei quali gli ascendenti, i discendenti o il coniuge hanno o sono per avere col minore una lite, per effetto della quale può essere pregiudicato lo stato del minore o una parte notevole del patrimonio di lui;4) coloro che sono incorsi nella perdita della patria potestà o nella decadenza da essa, o sono stati rimossi da altra tutela ;5) il fallito che non è stato cancellato dal registro dei falliti.
Art. 350 Incapacità all’ufficio tutelare	3. In quali circostanze una persona non può essere nominata tutore se ha una lite con il minore che può pregiudicare lo stato del minore o una parte notevole del suo patrimonio?	Non possono essere nominati tutori e, se sono stati nominati, devono cessare dall’ufficio (att. 129):1) coloro che non hanno la libera amministrazione del proprio patrimonio;2) coloro che sono stati esclusi dalla tutela per disposizione scritta del genitore il quale per ultimo ha esercitato la patria potestà;3) coloro che hanno o sono per avere o dei quali gli ascendenti, i discendenti o il coniuge hanno o sono per avere col minore una lite, per effetto della quale può essere pregiudicato lo stato del minore o una parte notevole del patrimonio di lui;4) coloro che sono incorsi nella perdita della patria potestà o nella decadenza da essa, o sono stati rimossi da altra tutela ;5) il fallito che non è stato cancellato dal registro dei falliti.
Art. 350 Incapacità all’ufficio tutelare	4. Chi non può essere nominato tutore se è incorso nella perdita della patria potestà o nella decadenza da essa?	Non possono essere nominati tutori e, se sono stati nominati, devono cessare dall’ufficio (att. 129):1) coloro che non hanno la libera amministrazione del proprio patrimonio;2) coloro che sono stati esclusi dalla tutela per disposizione scritta del genitore il quale per ultimo ha esercitato la patria potestà;3) coloro che hanno o sono per avere o dei quali gli ascendenti, i discendenti o il coniuge hanno o sono per avere col minore una lite, per effetto della quale può essere pregiudicato lo stato del minore o una parte notevole del patrimonio di lui;4) coloro che sono incorsi nella perdita della patria potestà o nella decadenza da essa, o sono stati rimossi da altra tutela ;5) il fallito che non è stato cancellato dal registro dei falliti.
Art. 350 Incapacità all’ufficio tutelare	5. Per quale motivo un fallito non può essere nominato tutore?	Non possono essere nominati tutori e, se sono stati nominati, devono cessare dall’ufficio (att. 129):1) coloro che non hanno la libera amministrazione del proprio patrimonio;2) coloro che sono stati esclusi dalla tutela per disposizione scritta del genitore il quale per ultimo ha esercitato la patria potestà;3) coloro che hanno o sono per avere o dei quali gli ascendenti, i discendenti o il coniuge hanno o sono per avere col minore una lite, per effetto della quale può essere pregiudicato lo stato del minore o una parte notevole del patrimonio di lui;4) coloro che sono incorsi nella perdita della patria potestà o nella decadenza da essa, o sono stati rimossi da altra tutela ;5) il fallito che non è stato cancellato dal registro dei falliti.
Art. 351 Dispensa dall’ufficio tutelare	1. Quali figure sono dispensate dall'ufficio di tutore secondo il testo?	Sono dispensati dall’ufficio di tutore:1) abrogato;2) il Presidente del Consiglio dei Ministri;3) i membri del Sacro Collegio;4) i Presidenti delle Assemblee legislative:5) i Ministri Segretari di Stato.Le persone indicate nei numeri 2, 3, 4 e 5 possono far noto al giudice tutelare che non intendono valersi della dispensa.
Art. 351 Dispensa dall’ufficio tutelare	2. Le persone indicate nei numeri 2, 3, 4 e 5 possono rinunciare alla dispensa dall'ufficio di tutore?	Sono dispensati dall’ufficio di tutore:1) abrogato;2) il Presidente del Consiglio dei Ministri;3) i membri del Sacro Collegio;4) i Presidenti delle Assemblee legislative:5) i Ministri Segretari di Stato.Le persone indicate nei numeri 2, 3, 4 e 5 possono far noto al giudice tutelare che non intendono valersi della dispensa.
Art. 352 Dispensa su domanda	1. Quali categorie di persone hanno diritto di essere dispensate dall’assumere o dal continuare l’esercizio della tutela?	Hanno diritto di essere dispensati su loro domanda dall’assumere o dal continuare l’esercizio della tutela:1) i grandi ufficiali dello Stato non compresi nell’articolo precedente;2) gli arcivescovi, i vescovi e i ministri del culto aventi cura d’anime;3) abrogato;4) i militari in attività di servizio;5) chi ha compiuto gli anni sessantacinque;6) chi ha più di tre figli minori;7) chi esercita altra tutela;8) chi è impedito di esercitare la tutela da infermità permanente;9) chi ha missione dal Governo fuori dello Stato o risiede per ragioni di pubblico servizio fuori della circoscrizione del tribunale dove è costituita la tutela.
Art. 352 Dispensa su domanda	2. Quali sono le condizioni che permettono ai militari in attività di servizio di essere dispensati dall’esercizio della tutela?	Hanno diritto di essere dispensati su loro domanda dall’assumere o dal continuare l’esercizio della tutela:1) i grandi ufficiali dello Stato non compresi nell’articolo precedente;2) gli arcivescovi, i vescovi e i ministri del culto aventi cura d’anime;3) abrogato;4) i militari in attività di servizio;5) chi ha compiuto gli anni sessantacinque;6) chi ha più di tre figli minori;7) chi esercita altra tutela;8) chi è impedito di esercitare la tutela da infermità permanente;9) chi ha missione dal Governo fuori dello Stato o risiede per ragioni di pubblico servizio fuori della circoscrizione del tribunale dove è costituita la tutela.
Art. 352 Dispensa su domanda	3. Quali sono le circostanze che permettono a chi ha compiuto sessantacinque anni di essere dispensato dall’esercizio della tutela?	Hanno diritto di essere dispensati su loro domanda dall’assumere o dal continuare l’esercizio della tutela:1) i grandi ufficiali dello Stato non compresi nell’articolo precedente;2) gli arcivescovi, i vescovi e i ministri del culto aventi cura d’anime;3) abrogato;4) i militari in attività di servizio;5) chi ha compiuto gli anni sessantacinque;6) chi ha più di tre figli minori;7) chi esercita altra tutela;8) chi è impedito di esercitare la tutela da infermità permanente;9) chi ha missione dal Governo fuori dello Stato o risiede per ragioni di pubblico servizio fuori della circoscrizione del tribunale dove è costituita la tutela.
Art. 353 Domanda di dispensa	1. Quando deve essere presentata la domanda di dispensa per le cause indicate nell'articolo precedente?	La domanda di dispensa per le cause indicate nell’articolo precedente deve essere presentata al giudice tutelare prima della prestazione del giuramento, salvo che la causa di dispensa sia sopravvenuta.Il tutore è tenuto ad assumere e a mantenere l’ufficio fino a quando la tutela non sia stata conferita ad altra persona.
Art. 353 Domanda di dispensa	2. Fino a quando il tutore è tenuto ad assumere e mantenere l'ufficio?	La domanda di dispensa per le cause indicate nell’articolo precedente deve essere presentata al giudice tutelare prima della prestazione del giuramento, salvo che la causa di dispensa sia sopravvenuta.Il tutore è tenuto ad assumere e a mantenere l’ufficio fino a quando la tutela non sia stata conferita ad altra persona.
Art. 354 Tutela affidata a enti di assistenza	1. In quali casi la tutela dei minori può essere deferita a un ente di assistenza o a un ospizio?	La tutela dei minori, che non hanno nel luogo del loro domicilio parenti conosciuti o capaci di esercitare l’ufficio di tutore, può essere deferita dal giudice tutelare a un ente di assistenza nel comune dove ha domicilio il minore o all’ospizio in cui questi e ricoverato. L’amministrazione dell’ente o dell’ospizio delega uno dei propri membri a esercitare le funzioni di tutela.È tuttavia in facoltà del giudice tutelare di nominare un tutore al minore quando la natura o I’entità dei beni o altre circostanze lo richiedono.
Art. 354 Tutela affidata a enti di assistenza	2. Chi delega uno dei propri membri a esercitare le funzioni di tutela quando la tutela è deferita a un ente di assistenza o a un ospizio?	La tutela dei minori, che non hanno nel luogo del loro domicilio parenti conosciuti o capaci di esercitare l’ufficio di tutore, può essere deferita dal giudice tutelare a un ente di assistenza nel comune dove ha domicilio il minore o all’ospizio in cui questi e ricoverato. L’amministrazione dell’ente o dell’ospizio delega uno dei propri membri a esercitare le funzioni di tutela.È tuttavia in facoltà del giudice tutelare di nominare un tutore al minore quando la natura o I’entità dei beni o altre circostanze lo richiedono.
Art. 354 Tutela affidata a enti di assistenza	3. Quali circostanze possono indurre il giudice tutelare a nominare un tutore al minore?	La tutela dei minori, che non hanno nel luogo del loro domicilio parenti conosciuti o capaci di esercitare l’ufficio di tutore, può essere deferita dal giudice tutelare a un ente di assistenza nel comune dove ha domicilio il minore o all’ospizio in cui questi e ricoverato. L’amministrazione dell’ente o dell’ospizio delega uno dei propri membri a esercitare le funzioni di tutela.È tuttavia in facoltà del giudice tutelare di nominare un tutore al minore quando la natura o I’entità dei beni o altre circostanze lo richiedono.
Art. 355 Protutore	1. Quali disposizioni sono applicabili al protutore secondo il testo?	Sono applicabili al protutore le disposizioni stabilite per il tutore in questa sezione.Non si nomina il protutore nei casi contemplati nel primo comma dell’art. 354 (346 e seguenti).
Art. 355 Protutore	2. In quali casi non si nomina il protutore secondo il testo?	Sono applicabili al protutore le disposizioni stabilite per il tutore in questa sezione.Non si nomina il protutore nei casi contemplati nel primo comma dell’art. 354 (346 e seguenti).
Art. 356 Donazione o disposizione testamentaria a favore del minore	1. Quali articoli devono essere osservati dal curatore speciale per il compimento di atti eccedenti l’ordinaria amministrazione se il donante o il testatore non ha disposto altrimenti?	Chi fa una donazione o dispone con testamento a favore di un minore, anche se questi è soggetto alla patria potestà, può nominargli un curatore speciale per l’amministrazione dei beni donati o lasciati.Se il donante o il testatore non ha disposto altrimenti, il curatore speciale deve osservare le forme stabilite dagli artt. 374 e 375 per il compimento di atti eccedenti l’ordinaria amministrazione.Si applica in ogni caso al curatore speciale l’art. 384.
Art. 356 Donazione o disposizione testamentaria a favore del minore	2. Chi può nominare un curatore speciale per l’amministrazione dei beni donati o lasciati a un minore?	Chi fa una donazione o dispone con testamento a favore di un minore, anche se questi è soggetto alla patria potestà, può nominargli un curatore speciale per l’amministrazione dei beni donati o lasciati.Se il donante o il testatore non ha disposto altrimenti, il curatore speciale deve osservare le forme stabilite dagli artt. 374 e 375 per il compimento di atti eccedenti l’ordinaria amministrazione.Si applica in ogni caso al curatore speciale l’art. 384.
Art. 356 Donazione o disposizione testamentaria a favore del minore	3. Quale articolo si applica in ogni caso al curatore speciale?	Chi fa una donazione o dispone con testamento a favore di un minore, anche se questi è soggetto alla patria potestà, può nominargli un curatore speciale per l’amministrazione dei beni donati o lasciati.Se il donante o il testatore non ha disposto altrimenti, il curatore speciale deve osservare le forme stabilite dagli artt. 374 e 375 per il compimento di atti eccedenti l’ordinaria amministrazione.Si applica in ogni caso al curatore speciale l’art. 384.
Art. 357 Funzioni del tutore	1. Quali sono i compiti del tutore nei confronti del minore secondo il testo?	Il tutore ha la cura della persona del minore, lo rappresenta in tutti gli atti civili (320, 1387 e seguenti) e ne amministra i beni (362 e seguenti, 2048, 2941 n.3).
Art. 358 Doveri del minore	1. Quali sono i doveri del minore nei confronti del tutore?	Il minore deve rispetto e obbedienza al tutore. Egli non può abbandonare la casa o l’istituto al quale è stato destinato, senza il permesso del tutore.Qualora se ne allontani senza permesso, il tutore ha diritto di richiamarvelo, ricorrendo, se è necessario, al giudice tutelare.
Art. 358 Doveri del minore	2. Cosa deve fare il tutore se il minore abbandona la casa o l'istituto senza permesso?	Il minore deve rispetto e obbedienza al tutore. Egli non può abbandonare la casa o l’istituto al quale è stato destinato, senza il permesso del tutore.Qualora se ne allontani senza permesso, il tutore ha diritto di richiamarvelo, ricorrendo, se è necessario, al giudice tutelare.
Art. 358 Doveri del minore	3. A chi può rivolgersi il tutore se il minore si allontana senza permesso e non vuole tornare?	Il minore deve rispetto e obbedienza al tutore. Egli non può abbandonare la casa o l’istituto al quale è stato destinato, senza il permesso del tutore.Qualora se ne allontani senza permesso, il tutore ha diritto di richiamarvelo, ricorrendo, se è necessario, al giudice tutelare.
Art. 360 Funzioni del protutore	1. In quali casi il protutore rappresenta il minore?	Il protutore rappresenta il minore nei casi in cui l’interesse di questo è in opposizione con l’interesse del tutore.Se anche il protutore si trova in opposizione d’interessi col minore, il giudice tutelare nomina un curatore speciale.Il protutore è tenuto a promuovere la nomina di un nuovo tutore nel caso in cui il tutore è venuto a mancare o ha abbandonato l’ufficio. Frattanto egli ha cura della persona del minore, lo rappresenta e può fare tutti gli atti conservativi e gli atti urgenti di amministrazione.
Art. 360 Funzioni del protutore	2. Cosa accade se anche il protutore si trova in opposizione d’interessi col minore?	Il protutore rappresenta il minore nei casi in cui l’interesse di questo è in opposizione con l’interesse del tutore.Se anche il protutore si trova in opposizione d’interessi col minore, il giudice tutelare nomina un curatore speciale.Il protutore è tenuto a promuovere la nomina di un nuovo tutore nel caso in cui il tutore è venuto a mancare o ha abbandonato l’ufficio. Frattanto egli ha cura della persona del minore, lo rappresenta e può fare tutti gli atti conservativi e gli atti urgenti di amministrazione.
Art. 360 Funzioni del protutore	3. Qual è il compito del protutore se il tutore è venuto a mancare o ha abbandonato l’ufficio?	Il protutore rappresenta il minore nei casi in cui l’interesse di questo è in opposizione con l’interesse del tutore.Se anche il protutore si trova in opposizione d’interessi col minore, il giudice tutelare nomina un curatore speciale.Il protutore è tenuto a promuovere la nomina di un nuovo tutore nel caso in cui il tutore è venuto a mancare o ha abbandonato l’ufficio. Frattanto egli ha cura della persona del minore, lo rappresenta e può fare tutti gli atti conservativi e gli atti urgenti di amministrazione.
Art. 360 Funzioni del protutore	4. Quali atti può compiere il protutore mentre si attende la nomina di un nuovo tutore?	Il protutore rappresenta il minore nei casi in cui l’interesse di questo è in opposizione con l’interesse del tutore.Se anche il protutore si trova in opposizione d’interessi col minore, il giudice tutelare nomina un curatore speciale.Il protutore è tenuto a promuovere la nomina di un nuovo tutore nel caso in cui il tutore è venuto a mancare o ha abbandonato l’ufficio. Frattanto egli ha cura della persona del minore, lo rappresenta e può fare tutti gli atti conservativi e gli atti urgenti di amministrazione.
Art. 361 Provvedimenti urgenti	1. Quali soggetti possono richiedere al giudice tutelare di prendere provvedimenti urgenti per la cura del minore o per la conservazione e amministrazione del patrimonio prima che il tutore o il protutore abbia assunto le proprie funzioni?	Prima che il tutore o il protutore abbia assunto le proprie funzioni, spetta al giudice tutelare di dare, sia d’ufficio sia su richiesta del pubblico ministero, di un parente o di un affine del minore, i provvedimenti urgenti che possono occorrere per la cura del minore o per conservare e amministrare il patrimonio. Il giudice può procedere, occorrendo, all’apposizione dei sigilli (Cod. Proc. Civ. 752 e seguenti), nonostante qualsiasi dispensa (344; 43 att.).
Art. 361 Provvedimenti urgenti	2. Quali azioni può intraprendere il giudice tutelare per proteggere il patrimonio del minore prima che il tutore o il protutore abbia assunto le proprie funzioni?	Prima che il tutore o il protutore abbia assunto le proprie funzioni, spetta al giudice tutelare di dare, sia d’ufficio sia su richiesta del pubblico ministero, di un parente o di un affine del minore, i provvedimenti urgenti che possono occorrere per la cura del minore o per conservare e amministrare il patrimonio. Il giudice può procedere, occorrendo, all’apposizione dei sigilli (Cod. Proc. Civ. 752 e seguenti), nonostante qualsiasi dispensa (344; 43 att.).
Art. 362 Inventario	1. Entro quanti giorni il tutore deve procedere all'inventario dei beni del minore dopo aver avuto legalmente notizia della sua nomina?	Il tutore, nei dieci giorni successivi a quello in cui ha avuto legalmente notizia della sua nomina, deve procedere all’inventario dei beni del minore, nonostante qualsiasi dispensa (363 e seguenti; att. 46).L’inventario deve essere compiuto nel termine di trenta giorni, salva al giudice tutelare la facoltà di prorogare il termine se le circostanze lo esigono.
Art. 362 Inventario	2. Qual è il termine entro cui l'inventario deve essere compiuto e chi ha la facoltà di prorogare tale termine?	Il tutore, nei dieci giorni successivi a quello in cui ha avuto legalmente notizia della sua nomina, deve procedere all’inventario dei beni del minore, nonostante qualsiasi dispensa (363 e seguenti; att. 46).L’inventario deve essere compiuto nel termine di trenta giorni, salva al giudice tutelare la facoltà di prorogare il termine se le circostanze lo esigono.
Art. 363 Formazione dell’inventario	1. Chi può essere delegato dal giudice tutelare per fare l'inventario?	L’inventario si fa col ministero del cancelliere della pretura o di un notaio a ciò delegato dal giudice tutelare, con l’intervento del protutore e, se è possibile, anche del minore che abbia compiuto gli anni sedici, e con l’assistenza di due testimoni scelti preferibilmente fra i parenti o gli amici della famiglia.Il giudice può consentire che l’inventario sia fatto senza ministero di cancelliere o di notaio, se il valore presumibile del patrimonio non eccede quindicimila lire (euro 7,75).L’inventario è depositato presso il tribunale.Nel verbale di deposito il tutore e il protutore ne dichiarano con giuramento la sincerità (46, 48 att.).
Art. 363 Formazione dell’inventario	2. Quali sono i requisiti per la presenza del minore durante l'inventario?	L’inventario si fa col ministero del cancelliere della pretura o di un notaio a ciò delegato dal giudice tutelare, con l’intervento del protutore e, se è possibile, anche del minore che abbia compiuto gli anni sedici, e con l’assistenza di due testimoni scelti preferibilmente fra i parenti o gli amici della famiglia.Il giudice può consentire che l’inventario sia fatto senza ministero di cancelliere o di notaio, se il valore presumibile del patrimonio non eccede quindicimila lire (euro 7,75).L’inventario è depositato presso il tribunale.Nel verbale di deposito il tutore e il protutore ne dichiarano con giuramento la sincerità (46, 48 att.).
Art. 363 Formazione dell’inventario	3. In quali circostanze il giudice può consentire che l'inventario sia fatto senza il ministero di cancelliere o di notaio?	L’inventario si fa col ministero del cancelliere della pretura o di un notaio a ciò delegato dal giudice tutelare, con l’intervento del protutore e, se è possibile, anche del minore che abbia compiuto gli anni sedici, e con l’assistenza di due testimoni scelti preferibilmente fra i parenti o gli amici della famiglia.Il giudice può consentire che l’inventario sia fatto senza ministero di cancelliere o di notaio, se il valore presumibile del patrimonio non eccede quindicimila lire (euro 7,75).L’inventario è depositato presso il tribunale.Nel verbale di deposito il tutore e il protutore ne dichiarano con giuramento la sincerità (46, 48 att.).
Art. 363 Formazione dell’inventario	4. Dove viene depositato l'inventario una volta completato?	L’inventario si fa col ministero del cancelliere della pretura o di un notaio a ciò delegato dal giudice tutelare, con l’intervento del protutore e, se è possibile, anche del minore che abbia compiuto gli anni sedici, e con l’assistenza di due testimoni scelti preferibilmente fra i parenti o gli amici della famiglia.Il giudice può consentire che l’inventario sia fatto senza ministero di cancelliere o di notaio, se il valore presumibile del patrimonio non eccede quindicimila lire (euro 7,75).L’inventario è depositato presso il tribunale.Nel verbale di deposito il tutore e il protutore ne dichiarano con giuramento la sincerità (46, 48 att.).
Art. 364 Contenuto dell’inventario	1. Quali elementi devono essere indicati nell'inventario secondo il codice di procedura civile?	Nell’inventario si indicano gli immobili, i mobili, i crediti e i debiti e si descrivono le carte, note e scritture relative allo stato attivo e passivo del patrimonio, osservando le formalità stabilite nel codice di procedura civile (Cod. Proc. Civ. 769 e seguenti).
Art. 364 Contenuto dell’inventario	2. Quali formalità devono essere osservate nella descrizione delle carte, note e scritture relative allo stato attivo e passivo del patrimonio?	Nell’inventario si indicano gli immobili, i mobili, i crediti e i debiti e si descrivono le carte, note e scritture relative allo stato attivo e passivo del patrimonio, osservando le formalità stabilite nel codice di procedura civile (Cod. Proc. Civ. 769 e seguenti).
Art. 364 Contenuto dell’inventario	3. A quali articoli del codice di procedura civile si fa riferimento per le formalità dell'inventario?	Nell’inventario si indicano gli immobili, i mobili, i crediti e i debiti e si descrivono le carte, note e scritture relative allo stato attivo e passivo del patrimonio, osservando le formalità stabilite nel codice di procedura civile (Cod. Proc. Civ. 769 e seguenti).
Art. 365 Inventario di aziende	1. Quali forme vengono utilizzate per la formazione dell'inventario di aziende commerciali o agricole appartenenti a un minore?	Se nel patrimonio del minore esistono aziende commerciali o agricole, si procede con le forme usate nel commercio o nell’economia agraria alla formazione dell’inventario dell’azienda (2214 e seguenti), con l’assistenza e l’intervento delle persone indicate nell’art. 363. Questi particolari inventari sono pure depositati presso il tribunale e il loro riepilogo e riportato nell’inventario generale.
Art. 365 Inventario di aziende	2. Dove vengono depositati gli inventari particolari delle aziende commerciali o agricole appartenenti a un minore?	Se nel patrimonio del minore esistono aziende commerciali o agricole, si procede con le forme usate nel commercio o nell’economia agraria alla formazione dell’inventario dell’azienda (2214 e seguenti), con l’assistenza e l’intervento delle persone indicate nell’art. 363. Questi particolari inventari sono pure depositati presso il tribunale e il loro riepilogo e riportato nell’inventario generale.
Art. 366 Beni amministrati da curatore speciale	1. Il tutore deve includere nell'inventario generale del patrimonio del minore anche i beni amministrati da un curatore speciale?	Il tutore deve comprendere nell’inventario generale del patrimonio del minore anche i beni, la cui amministrazione è stata deferita a un curatore speciale. Se questi ha formato un inventario particolare di tali beni, deve rimetterne copia al tutore, il quale lo unirà all’inventario generale.Il curatore deve anche comunicare al tutore copia dei conti periodici della sua amministrazione, salvo che il disponente lo abbia esonerato.
Art. 366 Beni amministrati da curatore speciale	2. Cosa deve fare il curatore speciale se ha formato un inventario particolare dei beni amministrati?	Il tutore deve comprendere nell’inventario generale del patrimonio del minore anche i beni, la cui amministrazione è stata deferita a un curatore speciale. Se questi ha formato un inventario particolare di tali beni, deve rimetterne copia al tutore, il quale lo unirà all’inventario generale.Il curatore deve anche comunicare al tutore copia dei conti periodici della sua amministrazione, salvo che il disponente lo abbia esonerato.
Art. 366 Beni amministrati da curatore speciale	3. In quali circostanze il curatore speciale è esonerato dal comunicare al tutore copia dei conti periodici della sua amministrazione?	Il tutore deve comprendere nell’inventario generale del patrimonio del minore anche i beni, la cui amministrazione è stata deferita a un curatore speciale. Se questi ha formato un inventario particolare di tali beni, deve rimetterne copia al tutore, il quale lo unirà all’inventario generale.Il curatore deve anche comunicare al tutore copia dei conti periodici della sua amministrazione, salvo che il disponente lo abbia esonerato.
Art. 367 Dichiarazione di debiti o crediti del tutore	1. Quali obblighi ha il tutore che possiede debiti, crediti o altre ragioni verso il minore?	Il tutore, che ha debiti, crediti o altre ragioni verso il minore, deve esattamente dichiararli prima della chiusura dell’inventario. Il cancelliere o il notaio hanno l’obbligo d’interpellarlo al riguardo.Nel caso d’inventario senza opera di cancelliere o di notaio, il tutore è interpellato dal giudice tutelare all’atto del deposito.In ogni caso si fa menzione dell’interpellazione e della dichiarazione del tutore nell’inventario o nel verbale di deposito.
Art. 367 Dichiarazione di debiti o crediti del tutore	2. Chi ha l'obbligo di interpellare il tutore riguardo ai suoi debiti, crediti o altre ragioni verso il minore?	Il tutore, che ha debiti, crediti o altre ragioni verso il minore, deve esattamente dichiararli prima della chiusura dell’inventario. Il cancelliere o il notaio hanno l’obbligo d’interpellarlo al riguardo.Nel caso d’inventario senza opera di cancelliere o di notaio, il tutore è interpellato dal giudice tutelare all’atto del deposito.In ogni caso si fa menzione dell’interpellazione e della dichiarazione del tutore nell’inventario o nel verbale di deposito.
Art. 367 Dichiarazione di debiti o crediti del tutore	3. Cosa accade se l'inventario viene effettuato senza l'opera di un cancelliere o di un notaio?	Il tutore, che ha debiti, crediti o altre ragioni verso il minore, deve esattamente dichiararli prima della chiusura dell’inventario. Il cancelliere o il notaio hanno l’obbligo d’interpellarlo al riguardo.Nel caso d’inventario senza opera di cancelliere o di notaio, il tutore è interpellato dal giudice tutelare all’atto del deposito.In ogni caso si fa menzione dell’interpellazione e della dichiarazione del tutore nell’inventario o nel verbale di deposito.
Art. 367 Dichiarazione di debiti o crediti del tutore	4. Dove viene menzionata l'interpellazione e la dichiarazione del tutore?	Il tutore, che ha debiti, crediti o altre ragioni verso il minore, deve esattamente dichiararli prima della chiusura dell’inventario. Il cancelliere o il notaio hanno l’obbligo d’interpellarlo al riguardo.Nel caso d’inventario senza opera di cancelliere o di notaio, il tutore è interpellato dal giudice tutelare all’atto del deposito.In ogni caso si fa menzione dell’interpellazione e della dichiarazione del tutore nell’inventario o nel verbale di deposito.
Art. 368 Omissione della dichiarazione	1. Cosa accade al tutore che, conoscendo il suo credito o le sue ragioni, espressamente interpellato non li ha dichiarati?	Se il tutore, conoscendo il suo credito o le sue ragioni, espressamente interpellato non li ha dichiarati, decade da ogni suo diritto.Qualora, sapendo di essere debitore, non abbia dichiarato fedelmente il proprio debito, può essere rimosso dalla tutela.
Art. 368 Omissione della dichiarazione	2. Quali sono le conseguenze per il tutore che, sapendo di essere debitore, non dichiara fedelmente il proprio debito?	Se il tutore, conoscendo il suo credito o le sue ragioni, espressamente interpellato non li ha dichiarati, decade da ogni suo diritto.Qualora, sapendo di essere debitore, non abbia dichiarato fedelmente il proprio debito, può essere rimosso dalla tutela.
Art. 369 Deposito di titoli e valori	1. Quali beni deve depositare il tutore presso un istituto di credito designato dal giudice tutelare?	Il tutore deve depositare il denaro, i titoli di credito al portatore e gli oggetti preziosi esistenti nel patrimonio del minore presso un istituto di credito (att. 251 e seguenti) designato dal giudice tutelare, salvo che questi disponga diversamente per la loro custodia.Non è tenuto a depositare le somme occorrenti per le spese urgenti di mantenimento e di educazione del minore e per le spese di amministrazione.
Art. 369 Deposito di titoli e valori	2. Quali somme non è tenuto a depositare il tutore?	Il tutore deve depositare il denaro, i titoli di credito al portatore e gli oggetti preziosi esistenti nel patrimonio del minore presso un istituto di credito (att. 251 e seguenti) designato dal giudice tutelare, salvo che questi disponga diversamente per la loro custodia.Non è tenuto a depositare le somme occorrenti per le spese urgenti di mantenimento e di educazione del minore e per le spese di amministrazione.
Art. 370 Amministrazione prima dell’inventario	1. Quali tipi di affari può gestire il tutore prima che sia compiuto l'inventario?	Prima che sia compiuto l’inventario, l’amministrazione del tutore deve limitarsi agli affari che non ammettono dilazione.
Art. 371 Provvedimenti circa l’educazione e l’amministrazione	1. Quali sono i soggetti che il giudice tutelare deve sentire prima di deliberare sul luogo dove il minore deve essere allevato e sul suo avviamento agli studi o all’esercizio di un’arte, mestiere o professione?	Compiuto l’inventario, il giudice tutelare, su proposta del tutore e sentito il protutore, delibera: 1) sul luogo dove il minore deve essere allevato e sul suo avviamento agli studi o all’esercizio di un’arte, mestiere o professione, sentito lo stesso minore se ha compiuto gli anni dieci, e richiesto, quando è opportuno, l’avviso dei parenti prossimi e del comitato di patronato dei minorenni;2) sulla spesa annua occorrente per il mantenimento e l’istruzione del minore e per l’amministrazione del patrimonio, fissando i modi d’impiego del reddito eccedente;3) sulla convenienza di continuare ovvero alienare o liquidare le aziende commerciali, che si trovano nel patrimonio del minore, e sulle relative modalità e cautele.Nel caso in cui il giudice stimi evidentemente utile per il minore la continuazione dell’esercizio dell’impresa, il tutore deve domandare l’autorizzazione del tribunale. In pendenza della deliberazione del tribunale (38 att.) il giudice tutelare può consentire l’esercizio provvisorio dell’impresa (2198; att. 38).
Art. 371 Provvedimenti circa l’educazione e l’amministrazione	2. Quali aspetti riguardanti il mantenimento e l’istruzione del minore deve deliberare il giudice tutelare?	Compiuto l’inventario, il giudice tutelare, su proposta del tutore e sentito il protutore, delibera: 1) sul luogo dove il minore deve essere allevato e sul suo avviamento agli studi o all’esercizio di un’arte, mestiere o professione, sentito lo stesso minore se ha compiuto gli anni dieci, e richiesto, quando è opportuno, l’avviso dei parenti prossimi e del comitato di patronato dei minorenni;2) sulla spesa annua occorrente per il mantenimento e l’istruzione del minore e per l’amministrazione del patrimonio, fissando i modi d’impiego del reddito eccedente;3) sulla convenienza di continuare ovvero alienare o liquidare le aziende commerciali, che si trovano nel patrimonio del minore, e sulle relative modalità e cautele.Nel caso in cui il giudice stimi evidentemente utile per il minore la continuazione dell’esercizio dell’impresa, il tutore deve domandare l’autorizzazione del tribunale. In pendenza della deliberazione del tribunale (38 att.) il giudice tutelare può consentire l’esercizio provvisorio dell’impresa (2198; att. 38).
Art. 371 Provvedimenti circa l’educazione e l’amministrazione	3. Cosa deve fare il tutore se il giudice stima evidentemente utile per il minore la continuazione dell’esercizio dell’impresa?	Compiuto l’inventario, il giudice tutelare, su proposta del tutore e sentito il protutore, delibera: 1) sul luogo dove il minore deve essere allevato e sul suo avviamento agli studi o all’esercizio di un’arte, mestiere o professione, sentito lo stesso minore se ha compiuto gli anni dieci, e richiesto, quando è opportuno, l’avviso dei parenti prossimi e del comitato di patronato dei minorenni;2) sulla spesa annua occorrente per il mantenimento e l’istruzione del minore e per l’amministrazione del patrimonio, fissando i modi d’impiego del reddito eccedente;3) sulla convenienza di continuare ovvero alienare o liquidare le aziende commerciali, che si trovano nel patrimonio del minore, e sulle relative modalità e cautele.Nel caso in cui il giudice stimi evidentemente utile per il minore la continuazione dell’esercizio dell’impresa, il tutore deve domandare l’autorizzazione del tribunale. In pendenza della deliberazione del tribunale (38 att.) il giudice tutelare può consentire l’esercizio provvisorio dell’impresa (2198; att. 38).
Art. 371 Provvedimenti circa l’educazione e l’amministrazione	4. In quali circostanze il giudice tutelare può consentire l’esercizio provvisorio dell’impresa appartenente al patrimonio del minore?	Compiuto l’inventario, il giudice tutelare, su proposta del tutore e sentito il protutore, delibera: 1) sul luogo dove il minore deve essere allevato e sul suo avviamento agli studi o all’esercizio di un’arte, mestiere o professione, sentito lo stesso minore se ha compiuto gli anni dieci, e richiesto, quando è opportuno, l’avviso dei parenti prossimi e del comitato di patronato dei minorenni;2) sulla spesa annua occorrente per il mantenimento e l’istruzione del minore e per l’amministrazione del patrimonio, fissando i modi d’impiego del reddito eccedente;3) sulla convenienza di continuare ovvero alienare o liquidare le aziende commerciali, che si trovano nel patrimonio del minore, e sulle relative modalità e cautele.Nel caso in cui il giudice stimi evidentemente utile per il minore la continuazione dell’esercizio dell’impresa, il tutore deve domandare l’autorizzazione del tribunale. In pendenza della deliberazione del tribunale (38 att.) il giudice tutelare può consentire l’esercizio provvisorio dell’impresa (2198; att. 38).
Art. 372 Investimento di capitali	1. Quali sono le tipologie di investimenti che il tutore può effettuare con i capitali del minore previa autorizzazione del giudice tutelare?	I capitali del minore devono, previa autorizzazione del giudice tutelare, essere dal tutore investiti:1) in titoli dello Stato o garantiti dallo Stato;2) nell’acquisto di beni immobili posti nello Stato;3) in mutui garantiti da idonea ipoteca sopra beni posti nello Stato, o in obbligazioni emesse da pubblici istituti autorizzati a esercitare il credito fondiario;4) in depositi fruttiferi presso le casse postali o presso altre casse di risparmio o monti di credito su pegno. Il giudice, sentito il tutore e il protutore, può autorizzare il deposito presso altri istituti di credito (att. 251), ovvero, per motivi particolari, un investimento diverso da quelli sopra indicati (att. 43, 45)
Art. 372 Investimento di capitali	2. In quali circostanze il giudice può autorizzare un investimento diverso da quelli specificati nel testo?	I capitali del minore devono, previa autorizzazione del giudice tutelare, essere dal tutore investiti:1) in titoli dello Stato o garantiti dallo Stato;2) nell’acquisto di beni immobili posti nello Stato;3) in mutui garantiti da idonea ipoteca sopra beni posti nello Stato, o in obbligazioni emesse da pubblici istituti autorizzati a esercitare il credito fondiario;4) in depositi fruttiferi presso le casse postali o presso altre casse di risparmio o monti di credito su pegno. Il giudice, sentito il tutore e il protutore, può autorizzare il deposito presso altri istituti di credito (att. 251), ovvero, per motivi particolari, un investimento diverso da quelli sopra indicati (att. 43, 45)
Art. 373 Titoli al portatore	1. Cosa deve fare il tutore se nel patrimonio del minore si trovano titoli al portatore?	Se nel patrimonio del minore si trovano titoli al portatore, il tutore deve farli convertire in nominativi, salvo che il giudice tutelare disponga che siano depositati in cauta custodia (att. 45).
Art. 373 Titoli al portatore	2. Quale autorità può disporre che i titoli al portatore del minore siano depositati in cauta custodia?	Se nel patrimonio del minore si trovano titoli al portatore, il tutore deve farli convertire in nominativi, salvo che il giudice tutelare disponga che siano depositati in cauta custodia (att. 45).
Art. 373 Titoli al portatore	3. In quale articolo è specificato che il tutore deve convertire i titoli al portatore in nominativi?	Se nel patrimonio del minore si trovano titoli al portatore, il tutore deve farli convertire in nominativi, salvo che il giudice tutelare disponga che siano depositati in cauta custodia (att. 45).
Art. 374 Autorizzazione del giudice tutelare	1. Quali beni può acquistare il tutore senza l'autorizzazione del giudice tutelare?	Il tutore non può senza l’autorizzazione del giudice tutelare (344, 377; att. 43, 45-1):1) acquistare beni, eccettuati i mobili necessari per l’uso del minore, per l’economia domestica e per l’amministrazione del patrimonio ;2) riscuotere capitali, consentire alla cancellazione di ipoteche o allo svincolo di pegni, assumere obbligazioni, salvo che queste riguardino le spese necessarie per il mantenimento del minore e per l’ordinaria amministrazione del suo patrimonio;3) accettare eredità o rinunciarvi, accettare donazioni o legati soggetti a pesi o a condizioni;4) fare contratti di locazione d’immobili oltre il novennio o che in ogni caso si prolunghino oltre un anno dopo il raggiungimento della maggiore età;5) promuovere giudizi, salvo che si tratti di denunzie di nuova opera o di danno temuto, di azioni possessorie o di sfratto e di azioni per riscuotere frutti o per ottenere provvedimenti conservativi.
Art. 374 Autorizzazione del giudice tutelare	2. In quali casi il tutore può riscuotere capitali senza l'autorizzazione del giudice tutelare?	Il tutore non può senza l’autorizzazione del giudice tutelare (344, 377; att. 43, 45-1):1) acquistare beni, eccettuati i mobili necessari per l’uso del minore, per l’economia domestica e per l’amministrazione del patrimonio ;2) riscuotere capitali, consentire alla cancellazione di ipoteche o allo svincolo di pegni, assumere obbligazioni, salvo che queste riguardino le spese necessarie per il mantenimento del minore e per l’ordinaria amministrazione del suo patrimonio;3) accettare eredità o rinunciarvi, accettare donazioni o legati soggetti a pesi o a condizioni;4) fare contratti di locazione d’immobili oltre il novennio o che in ogni caso si prolunghino oltre un anno dopo il raggiungimento della maggiore età;5) promuovere giudizi, salvo che si tratti di denunzie di nuova opera o di danno temuto, di azioni possessorie o di sfratto e di azioni per riscuotere frutti o per ottenere provvedimenti conservativi.
Art. 374 Autorizzazione del giudice tutelare	3. Il tutore può accettare eredità o donazioni senza l'autorizzazione del giudice tutelare?	Il tutore non può senza l’autorizzazione del giudice tutelare (344, 377; att. 43, 45-1):1) acquistare beni, eccettuati i mobili necessari per l’uso del minore, per l’economia domestica e per l’amministrazione del patrimonio ;2) riscuotere capitali, consentire alla cancellazione di ipoteche o allo svincolo di pegni, assumere obbligazioni, salvo che queste riguardino le spese necessarie per il mantenimento del minore e per l’ordinaria amministrazione del suo patrimonio;3) accettare eredità o rinunciarvi, accettare donazioni o legati soggetti a pesi o a condizioni;4) fare contratti di locazione d’immobili oltre il novennio o che in ogni caso si prolunghino oltre un anno dopo il raggiungimento della maggiore età;5) promuovere giudizi, salvo che si tratti di denunzie di nuova opera o di danno temuto, di azioni possessorie o di sfratto e di azioni per riscuotere frutti o per ottenere provvedimenti conservativi.
Art. 374 Autorizzazione del giudice tutelare	4. Quali contratti di locazione d'immobili può fare il tutore senza l'autorizzazione del giudice tutelare?	Il tutore non può senza l’autorizzazione del giudice tutelare (344, 377; att. 43, 45-1):1) acquistare beni, eccettuati i mobili necessari per l’uso del minore, per l’economia domestica e per l’amministrazione del patrimonio ;2) riscuotere capitali, consentire alla cancellazione di ipoteche o allo svincolo di pegni, assumere obbligazioni, salvo che queste riguardino le spese necessarie per il mantenimento del minore e per l’ordinaria amministrazione del suo patrimonio;3) accettare eredità o rinunciarvi, accettare donazioni o legati soggetti a pesi o a condizioni;4) fare contratti di locazione d’immobili oltre il novennio o che in ogni caso si prolunghino oltre un anno dopo il raggiungimento della maggiore età;5) promuovere giudizi, salvo che si tratti di denunzie di nuova opera o di danno temuto, di azioni possessorie o di sfratto e di azioni per riscuotere frutti o per ottenere provvedimenti conservativi.
Art. 374 Autorizzazione del giudice tutelare	5. In quali situazioni il tutore può promuovere giudizi senza l'autorizzazione del giudice tutelare?	Il tutore non può senza l’autorizzazione del giudice tutelare (344, 377; att. 43, 45-1):1) acquistare beni, eccettuati i mobili necessari per l’uso del minore, per l’economia domestica e per l’amministrazione del patrimonio ;2) riscuotere capitali, consentire alla cancellazione di ipoteche o allo svincolo di pegni, assumere obbligazioni, salvo che queste riguardino le spese necessarie per il mantenimento del minore e per l’ordinaria amministrazione del suo patrimonio;3) accettare eredità o rinunciarvi, accettare donazioni o legati soggetti a pesi o a condizioni;4) fare contratti di locazione d’immobili oltre il novennio o che in ogni caso si prolunghino oltre un anno dopo il raggiungimento della maggiore età;5) promuovere giudizi, salvo che si tratti di denunzie di nuova opera o di danno temuto, di azioni possessorie o di sfratto e di azioni per riscuotere frutti o per ottenere provvedimenti conservativi.
Art. 375 Autorizzazione del tribunale	1. Quali sono le azioni che il tutore non può compiere senza l'autorizzazione del tribunale?	Il tutore non può senza l’autorizzazione del tribunale (Cod. Proc. Civ. 732):1) alienare beni, eccettuati i frutti e i mobili soggetti a facile deterioramento;2) costituire pegni (2784 e seguenti) o ipoteche (2821 e seguenti);3) procedere a divisione o promuovere i relativi giudizi;4) fare compromessi e transazioni (1965 e seguenti) o accettare concordati.L’autorizzazione è data su parere del giudice tutelare.
Art. 375 Autorizzazione del tribunale	2. Su quale parere si basa il tribunale per concedere l'autorizzazione al tutore?	Il tutore non può senza l’autorizzazione del tribunale (Cod. Proc. Civ. 732):1) alienare beni, eccettuati i frutti e i mobili soggetti a facile deterioramento;2) costituire pegni (2784 e seguenti) o ipoteche (2821 e seguenti);3) procedere a divisione o promuovere i relativi giudizi;4) fare compromessi e transazioni (1965 e seguenti) o accettare concordati.L’autorizzazione è data su parere del giudice tutelare.
Art. 376 Vendita di beni	1. In che modo il tribunale determina se la vendita di beni debba farsi all'incanto o a trattative private?	Nell’autorizzare la vendita di beni, il tribunale determina se debba farsi all’incanto o a trattative private, fissandone in ogni caso il prezzo minimo (1470 e seguenti; Cod. Proc. Civ. 734).Quando nel dare l’autorizzazione il tribunale non ha stabilito il modo di erogazione o di reimpiego del prezzo, lo stabilisce il giudice tutelare (att. 38, 45-1)
Art. 376 Vendita di beni	2. Cosa stabilisce il giudice tutelare quando il tribunale non ha indicato il modo di erogazione o di reimpiego del prezzo?	Nell’autorizzare la vendita di beni, il tribunale determina se debba farsi all’incanto o a trattative private, fissandone in ogni caso il prezzo minimo (1470 e seguenti; Cod. Proc. Civ. 734).Quando nel dare l’autorizzazione il tribunale non ha stabilito il modo di erogazione o di reimpiego del prezzo, lo stabilisce il giudice tutelare (att. 38, 45-1)
Art. 376 Vendita di beni	3. Qual è il riferimento del Codice di Procedura Civile menzionato per l'autorizzazione alla vendita di beni?	Nell’autorizzare la vendita di beni, il tribunale determina se debba farsi all’incanto o a trattative private, fissandone in ogni caso il prezzo minimo (1470 e seguenti; Cod. Proc. Civ. 734).Quando nel dare l’autorizzazione il tribunale non ha stabilito il modo di erogazione o di reimpiego del prezzo, lo stabilisce il giudice tutelare (att. 38, 45-1)
Art. 377 Atti compiuti senza l’osservanza delle norme dei precedenti articoli	1. Quali soggetti possono richiedere l'annullamento degli atti compiuti senza osservare le norme dei precedenti articoli?	Gli atti compiuti senza osservare le norme dei precedenti articoli possono essere annullati su istanza del tutore o del minore o dei suoi eredi o aventi causa (322, 1441, 1425 e seguenti).
Art. 378 Atti vietati al tutore e al protutore	1. Il tutore e il protutore possono rendersi acquirenti dei beni e dei diritti del minore all'asta pubblica?	Il tutore e il protutore non possono, neppure all’asta pubblica, rendersi acquirenti direttamente o per interposta persona dei beni e dei diritti del minore (323, 344, 596, 779, 1261, 1425, 1471, 2233 n.3).Non possono prendere in locazione i beni del minore senza l’autorizzazione e le cautele fissate dal giudice tutelare.Gli atti compiuti in violazione di questi divieti possono essere annullati su istanza delle persone indicate nell’articolo precedente, ad eccezione del tutore e del protutore che li hanno compiuti (1425 e seguenti, 1441 e seguent).Il tutore e il protutore non possono neppure diventare cessionari di alcuna ragione o credito verso il minore.
Art. 378 Atti vietati al tutore e al protutore	2. Quali condizioni devono essere soddisfatte affinché il tutore e il protutore possano prendere in locazione i beni del minore?	Il tutore e il protutore non possono, neppure all’asta pubblica, rendersi acquirenti direttamente o per interposta persona dei beni e dei diritti del minore (323, 344, 596, 779, 1261, 1425, 1471, 2233 n.3).Non possono prendere in locazione i beni del minore senza l’autorizzazione e le cautele fissate dal giudice tutelare.Gli atti compiuti in violazione di questi divieti possono essere annullati su istanza delle persone indicate nell’articolo precedente, ad eccezione del tutore e del protutore che li hanno compiuti (1425 e seguenti, 1441 e seguent).Il tutore e il protutore non possono neppure diventare cessionari di alcuna ragione o credito verso il minore.
Art. 378 Atti vietati al tutore e al protutore	3. Chi può richiedere l'annullamento degli atti compiuti in violazione dei divieti imposti al tutore e al protutore?	Il tutore e il protutore non possono, neppure all’asta pubblica, rendersi acquirenti direttamente o per interposta persona dei beni e dei diritti del minore (323, 344, 596, 779, 1261, 1425, 1471, 2233 n.3).Non possono prendere in locazione i beni del minore senza l’autorizzazione e le cautele fissate dal giudice tutelare.Gli atti compiuti in violazione di questi divieti possono essere annullati su istanza delle persone indicate nell’articolo precedente, ad eccezione del tutore e del protutore che li hanno compiuti (1425 e seguenti, 1441 e seguent).Il tutore e il protutore non possono neppure diventare cessionari di alcuna ragione o credito verso il minore.
Art. 378 Atti vietati al tutore e al protutore	4. Il tutore e il protutore possono diventare cessionari di una ragione o credito verso il minore?	Il tutore e il protutore non possono, neppure all’asta pubblica, rendersi acquirenti direttamente o per interposta persona dei beni e dei diritti del minore (323, 344, 596, 779, 1261, 1425, 1471, 2233 n.3).Non possono prendere in locazione i beni del minore senza l’autorizzazione e le cautele fissate dal giudice tutelare.Gli atti compiuti in violazione di questi divieti possono essere annullati su istanza delle persone indicate nell’articolo precedente, ad eccezione del tutore e del protutore che li hanno compiuti (1425 e seguenti, 1441 e seguent).Il tutore e il protutore non possono neppure diventare cessionari di alcuna ragione o credito verso il minore.
Art. 379 Gratuità della tutela	1. In quali circostanze il giudice tutelare può assegnare un’equa indennità al tutore?	L’ufficio tutelare è gratuito (43 att.).Il giudice tutelare tuttavia, considerando l’entità del patrimonio e le difficolta dell’amministrazione, può assegnare al tutore un’equa indennità. Può altresì, se particolari circostanze lo richiedono, sentito il protutore, autorizzare il tutore a farsi coadiuvare nell’amministrazione, sotto la sua personale responsabilità, da una o più persone stipendiate.
Art. 379 Gratuità della tutela	2. Quali condizioni devono essere soddisfatte affinché il tutore possa essere autorizzato a farsi coadiuvare da persone stipendiate?	L’ufficio tutelare è gratuito (43 att.).Il giudice tutelare tuttavia, considerando l’entità del patrimonio e le difficolta dell’amministrazione, può assegnare al tutore un’equa indennità. Può altresì, se particolari circostanze lo richiedono, sentito il protutore, autorizzare il tutore a farsi coadiuvare nell’amministrazione, sotto la sua personale responsabilità, da una o più persone stipendiate.
Art. 379 Gratuità della tutela	3. Chi deve essere sentito dal giudice tutelare prima di autorizzare il tutore a farsi coadiuvare nell’amministrazione?	L’ufficio tutelare è gratuito (43 att.).Il giudice tutelare tuttavia, considerando l’entità del patrimonio e le difficolta dell’amministrazione, può assegnare al tutore un’equa indennità. Può altresì, se particolari circostanze lo richiedono, sentito il protutore, autorizzare il tutore a farsi coadiuvare nell’amministrazione, sotto la sua personale responsabilità, da una o più persone stipendiate.
Art. 380 Contabilità dell’amministrazione	1. Quali sono gli obblighi del tutore riguardo alla contabilità della sua amministrazione?	Il tutore deve tenere regolare contabilità della sua amministrazione e renderne conto ogni anno al giudice tutelare (att. 46-1).Il giudice può sottoporre il conto annuale all’esame del protutore e di qualche prossimo parente o affine del minore.
Art. 380 Contabilità dell’amministrazione	2. Chi può esaminare il conto annuale del tutore su decisione del giudice tutelare?	Il tutore deve tenere regolare contabilità della sua amministrazione e renderne conto ogni anno al giudice tutelare (att. 46-1).Il giudice può sottoporre il conto annuale all’esame del protutore e di qualche prossimo parente o affine del minore.
Art. 381 Cauzione	1. In quali circostanze il giudice tutelare può imporre al tutore di prestare una cauzione?	Il giudice tutelare, tenuto conto della particolare natura ed entità del patrimonio, può imporre al tutore di prestare una cauzione, determinandone l’ammontare e le modalità (att. 131).Egli può anche liberare il tutore in tutto o in parte dalla cauzione che avesse prestata.
Art. 381 Cauzione	2. Quali sono le facoltà del giudice tutelare riguardo alla cauzione prestata dal tutore?	Il giudice tutelare, tenuto conto della particolare natura ed entità del patrimonio, può imporre al tutore di prestare una cauzione, determinandone l’ammontare e le modalità (att. 131).Egli può anche liberare il tutore in tutto o in parte dalla cauzione che avesse prestata.
Art. 382 Responsabilità del tutore e del protutore	1. Quali sono le responsabilità del tutore nei confronti del minore in caso di danni causati dalla violazione dei propri doveri?	Il tutore deve amministrare il patrimonio del minore con la diligenza del buon padre di famiglia. Egli risponde verso il minore di ogni danno a lui cagionato violando i propri doveri.Nella stessa responsabilità incorre il protutore per ciò che riguarda i doveri del proprio ufficio.
Art. 382 Responsabilità del tutore e del protutore	2. In che modo il protutore è responsabile per i doveri del proprio ufficio?	Il tutore deve amministrare il patrimonio del minore con la diligenza del buon padre di famiglia. Egli risponde verso il minore di ogni danno a lui cagionato violando i propri doveri.Nella stessa responsabilità incorre il protutore per ciò che riguarda i doveri del proprio ufficio.
Art. 382 Responsabilità del tutore e del protutore	3. Quale standard di diligenza deve seguire il tutore nell'amministrare il patrimonio del minore?	Il tutore deve amministrare il patrimonio del minore con la diligenza del buon padre di famiglia. Egli risponde verso il minore di ogni danno a lui cagionato violando i propri doveri.Nella stessa responsabilità incorre il protutore per ciò che riguarda i doveri del proprio ufficio.
Art. 383 Esonero dall’ufficio	1. In quali circostanze il giudice tutelare può esonerare il tutore dall'ufficio?	Il giudice tutelare può sempre esonerare il tutore dall’ufficio, qualora l’esercizio di esso sia al tutore soverchiamente gravoso e vi sia altra persona atta a sostituirlo (att. 45, 129-2).
Art. 384 Rimozione e sospensione del tutore	1. In quali circostanze il giudice tutelare può rimuovere dall'ufficio il tutore?	Il giudice tutelare può rimuovere dall’ufficio il tutore che si sia reso colpevole di negligenza o abbia abusato dei suoi poteri, o si sia dimostrato inetto nell’adempimento di essi, o sia divenuto immeritevole dell’ufficio per atti anche estranei alla tutela, ovvero sia divenuto insolvente.Il giudice non può rimuovere il tutore se non dopo averlo sentito o citato; può tuttavia sospenderlo dall’esercizio della tutela nei casi che non ammettono dilazione (att. 129-2; 356, 382, 393).
Art. 384 Rimozione e sospensione del tutore	2. Quali sono le condizioni che rendono il tutore meritevole di rimozione dall'ufficio?	Il giudice tutelare può rimuovere dall’ufficio il tutore che si sia reso colpevole di negligenza o abbia abusato dei suoi poteri, o si sia dimostrato inetto nell’adempimento di essi, o sia divenuto immeritevole dell’ufficio per atti anche estranei alla tutela, ovvero sia divenuto insolvente.Il giudice non può rimuovere il tutore se non dopo averlo sentito o citato; può tuttavia sospenderlo dall’esercizio della tutela nei casi che non ammettono dilazione (att. 129-2; 356, 382, 393).
Art. 384 Rimozione e sospensione del tutore	3. Qual è la procedura che il giudice deve seguire prima di rimuovere il tutore dall'ufficio?	Il giudice tutelare può rimuovere dall’ufficio il tutore che si sia reso colpevole di negligenza o abbia abusato dei suoi poteri, o si sia dimostrato inetto nell’adempimento di essi, o sia divenuto immeritevole dell’ufficio per atti anche estranei alla tutela, ovvero sia divenuto insolvente.Il giudice non può rimuovere il tutore se non dopo averlo sentito o citato; può tuttavia sospenderlo dall’esercizio della tutela nei casi che non ammettono dilazione (att. 129-2; 356, 382, 393).
Art. 384 Rimozione e sospensione del tutore	4. In quali casi il giudice può sospendere il tutore dall'esercizio della tutela senza dilazione?	Il giudice tutelare può rimuovere dall’ufficio il tutore che si sia reso colpevole di negligenza o abbia abusato dei suoi poteri, o si sia dimostrato inetto nell’adempimento di essi, o sia divenuto immeritevole dell’ufficio per atti anche estranei alla tutela, ovvero sia divenuto insolvente.Il giudice non può rimuovere il tutore se non dopo averlo sentito o citato; può tuttavia sospenderlo dall’esercizio della tutela nei casi che non ammettono dilazione (att. 129-2; 356, 382, 393).
Art. 385 Conto finale	1. Qual è il termine entro il quale il tutore deve presentare il conto finale dell'amministrazione al giudice tutelare dopo aver cessato dalle funzioni?	Il tutore che cessa dalle funzioni deve fare subito la consegna dei beni e deve presentare nel termine di due mesi il conto finale dell’amministrazione al giudice tutelare. Questi può concedere una proroga (att. 46-1).
Art. 385 Conto finale	2. Chi ha la facoltà di concedere una proroga per la presentazione del conto finale dell'amministrazione da parte del tutore?	Il tutore che cessa dalle funzioni deve fare subito la consegna dei beni e deve presentare nel termine di due mesi il conto finale dell’amministrazione al giudice tutelare. Questi può concedere una proroga (att. 46-1).
Art. 386 Approvazione del conto	1. Chi è invitato dal giudice tutelare a esaminare il conto e a presentare osservazioni?	Il giudice tutelare invita il protutore, il minore divenuto maggiore o emancipato, ovvero, secondo le circostanze, il nuovo rappresentante legale a esaminare il conto e a presentare le loro osservazioni.Se non vi sono osservazioni, il giudice che non trova nel conto irregolarità o lacune lo approva; in caso contrario nega l’approvazione (att. 43, 45-1).Qualora il conto non sia stato presentato o sia impugnata la decisione del giudice tutelare, provvede l’autorità giudiziaria nel contraddittorio degli interessati (att. 38, 45-3).
Art. 386 Approvazione del conto	2. Cosa fa il giudice se non trova irregolarità o lacune nel conto?	Il giudice tutelare invita il protutore, il minore divenuto maggiore o emancipato, ovvero, secondo le circostanze, il nuovo rappresentante legale a esaminare il conto e a presentare le loro osservazioni.Se non vi sono osservazioni, il giudice che non trova nel conto irregolarità o lacune lo approva; in caso contrario nega l’approvazione (att. 43, 45-1).Qualora il conto non sia stato presentato o sia impugnata la decisione del giudice tutelare, provvede l’autorità giudiziaria nel contraddittorio degli interessati (att. 38, 45-3).
Art. 386 Approvazione del conto	3. Qual è la procedura se il conto non è stato presentato?	Il giudice tutelare invita il protutore, il minore divenuto maggiore o emancipato, ovvero, secondo le circostanze, il nuovo rappresentante legale a esaminare il conto e a presentare le loro osservazioni.Se non vi sono osservazioni, il giudice che non trova nel conto irregolarità o lacune lo approva; in caso contrario nega l’approvazione (att. 43, 45-1).Qualora il conto non sia stato presentato o sia impugnata la decisione del giudice tutelare, provvede l’autorità giudiziaria nel contraddittorio degli interessati (att. 38, 45-3).
Art. 386 Approvazione del conto	4. Chi provvede in caso di impugnazione della decisione del giudice tutelare?	Il giudice tutelare invita il protutore, il minore divenuto maggiore o emancipato, ovvero, secondo le circostanze, il nuovo rappresentante legale a esaminare il conto e a presentare le loro osservazioni.Se non vi sono osservazioni, il giudice che non trova nel conto irregolarità o lacune lo approva; in caso contrario nega l’approvazione (att. 43, 45-1).Qualora il conto non sia stato presentato o sia impugnata la decisione del giudice tutelare, provvede l’autorità giudiziaria nel contraddittorio degli interessati (att. 38, 45-3).
Art. 387 Prescrizione delle azioni relative alla tutela	1. In quanto tempo si prescrivono le azioni del minore contro il tutore relative alla tutela?	Le azioni del minore contro il tutore e quelle del tutore contro il minore relative alla tutela si prescrivono in cinque anni dal compimento della maggiore età o dalla morte del minore. Se il tutore ha cessato dall’ufficio e ha presentato il conto prima della maggiore età o della morte del minore, il termine decorre dalla data del provvedimento col quale il giudice tutelare pronunzia sul conto stesso (386, 2941 n. 3).Le disposizioni di quest’articolo non si applicano all’azione per il pagamento del residuo che risulta dal conto definitivo (2941 n. 3).
Art. 387 Prescrizione delle azioni relative alla tutela	2. Da quale momento decorre il termine di prescrizione se il tutore ha cessato dall’ufficio e ha presentato il conto prima della maggiore età del minore?	Le azioni del minore contro il tutore e quelle del tutore contro il minore relative alla tutela si prescrivono in cinque anni dal compimento della maggiore età o dalla morte del minore. Se il tutore ha cessato dall’ufficio e ha presentato il conto prima della maggiore età o della morte del minore, il termine decorre dalla data del provvedimento col quale il giudice tutelare pronunzia sul conto stesso (386, 2941 n. 3).Le disposizioni di quest’articolo non si applicano all’azione per il pagamento del residuo che risulta dal conto definitivo (2941 n. 3).
Art. 387 Prescrizione delle azioni relative alla tutela	3. A quale tipo di azione non si applicano le disposizioni dell'articolo citato?	Le azioni del minore contro il tutore e quelle del tutore contro il minore relative alla tutela si prescrivono in cinque anni dal compimento della maggiore età o dalla morte del minore. Se il tutore ha cessato dall’ufficio e ha presentato il conto prima della maggiore età o della morte del minore, il termine decorre dalla data del provvedimento col quale il giudice tutelare pronunzia sul conto stesso (386, 2941 n. 3).Le disposizioni di quest’articolo non si applicano all’azione per il pagamento del residuo che risulta dal conto definitivo (2941 n. 3).
Art. 388 Divieto di convenzioni prima dell’approvazione del conto	1. Qual è il periodo minimo che deve trascorrere prima che una convenzione tra il tutore e il minore divenuto maggiore possa aver luogo?	Nessuna convenzione tra il tutore e il minore divenuto maggiore può aver luogo prima che sia decorso un anno dell’approvazione del conto della tutela.La convenzione può essere annullata su istanza del minore o dei suoi eredi o aventi causa (1425, 1441 e seguenti).
Art. 388 Divieto di convenzioni prima dell’approvazione del conto	2. Chi può richiedere l'annullamento della convenzione tra il tutore e il minore divenuto maggiore?	Nessuna convenzione tra il tutore e il minore divenuto maggiore può aver luogo prima che sia decorso un anno dell’approvazione del conto della tutela.La convenzione può essere annullata su istanza del minore o dei suoi eredi o aventi causa (1425, 1441 e seguenti).
Art. 389 Registro delle tutele	1. Quali informazioni devono essere iscritte nel registro delle tutele a cura del cancelliere?	Nel registro delle tutele, istituito presso ogni giudice tutelare, sono iscritti a cura del cancelliere l’apertura e la chiusura della tutela, la nomina, I’esonero e la rimozione del tutore e del protutore, le risultanze degli inventari e dei rendiconti e tutti i provvedimenti che portano modificazioni nello stato personale o patrimoniale del minore (att. 48 e seguenti).Dell’apertura e della chiusura della tutela il cancelliere dà comunicazione entro dieci giorni all’ufficiale dello stato civile per l’annotazione in margine all’atto di nascita del minore (47 e seguenti att.).
Art. 389 Registro delle tutele	2. Entro quanti giorni il cancelliere deve comunicare l'apertura e la chiusura della tutela all'ufficiale dello stato civile?	Nel registro delle tutele, istituito presso ogni giudice tutelare, sono iscritti a cura del cancelliere l’apertura e la chiusura della tutela, la nomina, I’esonero e la rimozione del tutore e del protutore, le risultanze degli inventari e dei rendiconti e tutti i provvedimenti che portano modificazioni nello stato personale o patrimoniale del minore (att. 48 e seguenti).Dell’apertura e della chiusura della tutela il cancelliere dà comunicazione entro dieci giorni all’ufficiale dello stato civile per l’annotazione in margine all’atto di nascita del minore (47 e seguenti att.).
Art. 390 Emancipazione di diritto	1. In quale circostanza un minore è considerato emancipato di diritto secondo il testo?	Il minore è di diritto emancipato (129 att.) col matrimonio (82 e seguenti).
Art. 392 Curatore dell’emancipato	1. Chi è il curatore del minore sposato con una persona maggiore di età?	Curatore del minore sposato con persone maggiore di età è il coniuge.Se entrambi i coniugi sono minori di età, il giudice tutelare può nominare un unico curatore, scelto preferibilmente fra i genitori.Se interviene l’annullamento per una causa diversa dall’età, o lo scioglimento o la cessazione degli effetti civili del matrimonio o la separazione personale (150 e seguenti), il giudice tutelare nomina curatore uno dei genitori, se idoneo all’ufficio, o in mancanza, altra persona. Nel caso in cui il minore contrae successivamente matrimonio, il curatore lo assiste altresì negli atti previsti nell’art. 165.
Art. 392 Curatore dell’emancipato	2. Cosa può fare il giudice tutelare se entrambi i coniugi sono minori di età?	Curatore del minore sposato con persone maggiore di età è il coniuge.Se entrambi i coniugi sono minori di età, il giudice tutelare può nominare un unico curatore, scelto preferibilmente fra i genitori.Se interviene l’annullamento per una causa diversa dall’età, o lo scioglimento o la cessazione degli effetti civili del matrimonio o la separazione personale (150 e seguenti), il giudice tutelare nomina curatore uno dei genitori, se idoneo all’ufficio, o in mancanza, altra persona. Nel caso in cui il minore contrae successivamente matrimonio, il curatore lo assiste altresì negli atti previsti nell’art. 165.
Art. 392 Curatore dell’emancipato	3. Chi nomina il giudice tutelare come curatore in caso di annullamento, scioglimento, cessazione degli effetti civili del matrimonio o separazione personale?	Curatore del minore sposato con persone maggiore di età è il coniuge.Se entrambi i coniugi sono minori di età, il giudice tutelare può nominare un unico curatore, scelto preferibilmente fra i genitori.Se interviene l’annullamento per una causa diversa dall’età, o lo scioglimento o la cessazione degli effetti civili del matrimonio o la separazione personale (150 e seguenti), il giudice tutelare nomina curatore uno dei genitori, se idoneo all’ufficio, o in mancanza, altra persona. Nel caso in cui il minore contrae successivamente matrimonio, il curatore lo assiste altresì negli atti previsti nell’art. 165.
Art. 392 Curatore dell’emancipato	4. Cosa succede se il minore contrae successivamente matrimonio?	Curatore del minore sposato con persone maggiore di età è il coniuge.Se entrambi i coniugi sono minori di età, il giudice tutelare può nominare un unico curatore, scelto preferibilmente fra i genitori.Se interviene l’annullamento per una causa diversa dall’età, o lo scioglimento o la cessazione degli effetti civili del matrimonio o la separazione personale (150 e seguenti), il giudice tutelare nomina curatore uno dei genitori, se idoneo all’ufficio, o in mancanza, altra persona. Nel caso in cui il minore contrae successivamente matrimonio, il curatore lo assiste altresì negli atti previsti nell’art. 165.
Art. 393 Incapacità o rimozione del curatore	1. Quali articoli del codice civile sono applicabili al curatore secondo il testo?	Sono applicabili al curatore le disposizioni degli artt. 348 ultimo comma, 350 e 384 (att. 129-2).
Art. 394 Capacità dell’emancipato	1. Quali atti può compiere autonomamente un minore emancipato?	L’emancipazione conferisce al minore la capacità di compiere gli atti che non eccedono l’ordinaria amministrazione (397,1572, 2942).Il minore emancipato può con l’assistenza del curatore riscuotere i capitali sotto la condizione di un idoneo impiego e può stare in giudizio sia come attore sia come convenuto.Per gli altri atti eccedenti l’ordinaria amministrazione, oltre il consenso del curatore, è necessaria l’autorizzazione del giudice tutelare (att. 45-1) Per gli atti indicati nell’art. 375 l’autorizzazione, se curatore non è il genitore, deve essere data dal tribunale su parere del giudice tutelare.Qualora nasca conflitto di interessi fra il minore e il curatore, è nominato un curatore speciale a norma dell’ultimo comma dell’art. 320 (396; att. 45-1).
Art. 394 Capacità dell’emancipato	2. Quali condizioni devono essere soddisfatte affinché un minore emancipato possa riscuotere i capitali?	L’emancipazione conferisce al minore la capacità di compiere gli atti che non eccedono l’ordinaria amministrazione (397,1572, 2942).Il minore emancipato può con l’assistenza del curatore riscuotere i capitali sotto la condizione di un idoneo impiego e può stare in giudizio sia come attore sia come convenuto.Per gli altri atti eccedenti l’ordinaria amministrazione, oltre il consenso del curatore, è necessaria l’autorizzazione del giudice tutelare (att. 45-1) Per gli atti indicati nell’art. 375 l’autorizzazione, se curatore non è il genitore, deve essere data dal tribunale su parere del giudice tutelare.Qualora nasca conflitto di interessi fra il minore e il curatore, è nominato un curatore speciale a norma dell’ultimo comma dell’art. 320 (396; att. 45-1).
Art. 394 Capacità dell’emancipato	3. Quali autorizzazioni sono necessarie per un minore emancipato per compiere atti eccedenti l'ordinaria amministrazione?	L’emancipazione conferisce al minore la capacità di compiere gli atti che non eccedono l’ordinaria amministrazione (397,1572, 2942).Il minore emancipato può con l’assistenza del curatore riscuotere i capitali sotto la condizione di un idoneo impiego e può stare in giudizio sia come attore sia come convenuto.Per gli altri atti eccedenti l’ordinaria amministrazione, oltre il consenso del curatore, è necessaria l’autorizzazione del giudice tutelare (att. 45-1) Per gli atti indicati nell’art. 375 l’autorizzazione, se curatore non è il genitore, deve essere data dal tribunale su parere del giudice tutelare.Qualora nasca conflitto di interessi fra il minore e il curatore, è nominato un curatore speciale a norma dell’ultimo comma dell’art. 320 (396; att. 45-1).
Art. 394 Capacità dell’emancipato	4. Cosa accade in caso di conflitto di interessi tra il minore emancipato e il curatore?	L’emancipazione conferisce al minore la capacità di compiere gli atti che non eccedono l’ordinaria amministrazione (397,1572, 2942).Il minore emancipato può con l’assistenza del curatore riscuotere i capitali sotto la condizione di un idoneo impiego e può stare in giudizio sia come attore sia come convenuto.Per gli altri atti eccedenti l’ordinaria amministrazione, oltre il consenso del curatore, è necessaria l’autorizzazione del giudice tutelare (att. 45-1) Per gli atti indicati nell’art. 375 l’autorizzazione, se curatore non è il genitore, deve essere data dal tribunale su parere del giudice tutelare.Qualora nasca conflitto di interessi fra il minore e il curatore, è nominato un curatore speciale a norma dell’ultimo comma dell’art. 320 (396; att. 45-1).
Art. 395 Rifiuto del consenso da parte del curatore	1. Cosa può fare il minore se il curatore rifiuta il suo consenso?	Nel caso in cui il curatore rifiuta il suo consenso, il minore può ricorrere al giudice tutelare, il quale, se stima ingiustificato il rifiuto, nomina un curatore speciale per assistere il minore nel compimento dell’atto, salva, se occorre, l’autorizzazione del tribunale (att. 38, 45-1).
Art. 395 Rifiuto del consenso da parte del curatore	2. Chi può nominare un curatore speciale per assistere il minore nel compimento dell'atto?	Nel caso in cui il curatore rifiuta il suo consenso, il minore può ricorrere al giudice tutelare, il quale, se stima ingiustificato il rifiuto, nomina un curatore speciale per assistere il minore nel compimento dell’atto, salva, se occorre, l’autorizzazione del tribunale (att. 38, 45-1).
Art. 395 Rifiuto del consenso da parte del curatore	3. In quali circostanze il giudice tutelare può nominare un curatore speciale per il minore?	Nel caso in cui il curatore rifiuta il suo consenso, il minore può ricorrere al giudice tutelare, il quale, se stima ingiustificato il rifiuto, nomina un curatore speciale per assistere il minore nel compimento dell’atto, salva, se occorre, l’autorizzazione del tribunale (att. 38, 45-1).
Art. 395 Rifiuto del consenso da parte del curatore	4. Quale autorizzazione può essere necessaria oltre alla nomina di un curatore speciale?	Nel caso in cui il curatore rifiuta il suo consenso, il minore può ricorrere al giudice tutelare, il quale, se stima ingiustificato il rifiuto, nomina un curatore speciale per assistere il minore nel compimento dell’atto, salva, se occorre, l’autorizzazione del tribunale (att. 38, 45-1).
Art. 396 Inosservanza delle precedenti norme	1. Quali soggetti possono richiedere l'annullamento degli atti compiuti senza osservare le norme stabilite nell'art. 394?	Gli atti compiuti senza osservare le norme stabilite nell’art. 394 possono essere annullati su istanza del minore o dei suoi eredi o aventi causa (1425 e seguenti, 1441 e seguenti).Sono applicabili al curatore le disposizioni dell’art. 378.
Art. 396 Inosservanza delle precedenti norme	2. Quali disposizioni sono applicabili al curatore secondo il testo?	Gli atti compiuti senza osservare le norme stabilite nell’art. 394 possono essere annullati su istanza del minore o dei suoi eredi o aventi causa (1425 e seguenti, 1441 e seguenti).Sono applicabili al curatore le disposizioni dell’art. 378.
Art. 397 Emancipato autorizzato all’esercizio di un’impresa commerciale	1. Quali sono i requisiti necessari affinché un minore emancipato possa esercitare un’impresa commerciale senza l’assistenza del curatore?	Il minore emancipato può esercitare un’impresa commerciale senza l’assistenza del curatore, se è autorizzato dal tribunale, previo parere del giudice tutelare e sentito il curatore (2198; att. 60, 100).L’autorizzazione può essere revocata dal tribunale su istanza del curatore o d’ufficio, previo, in entrambi i casi, il parere del giudice tutelare e sentito il minore emancipato.Il minore emancipato, che è autorizzato all’esercizio di una impresa commerciale, può compiere da solo gli atti che eccedono l’ordinaria amministrazione, anche se estranei all’esercizio dell’impresa (394, 774; Cod. Proc. Civ. 75).
Art. 397 Emancipato autorizzato all’esercizio di un’impresa commerciale	2. In quali circostanze il tribunale può revocare l’autorizzazione concessa al minore emancipato per l’esercizio di un’impresa commerciale?	Il minore emancipato può esercitare un’impresa commerciale senza l’assistenza del curatore, se è autorizzato dal tribunale, previo parere del giudice tutelare e sentito il curatore (2198; att. 60, 100).L’autorizzazione può essere revocata dal tribunale su istanza del curatore o d’ufficio, previo, in entrambi i casi, il parere del giudice tutelare e sentito il minore emancipato.Il minore emancipato, che è autorizzato all’esercizio di una impresa commerciale, può compiere da solo gli atti che eccedono l’ordinaria amministrazione, anche se estranei all’esercizio dell’impresa (394, 774; Cod. Proc. Civ. 75).
Art. 397 Emancipato autorizzato all’esercizio di un’impresa commerciale	3. Quali atti può compiere da solo il minore emancipato autorizzato all’esercizio di un’impresa commerciale?	Il minore emancipato può esercitare un’impresa commerciale senza l’assistenza del curatore, se è autorizzato dal tribunale, previo parere del giudice tutelare e sentito il curatore (2198; att. 60, 100).L’autorizzazione può essere revocata dal tribunale su istanza del curatore o d’ufficio, previo, in entrambi i casi, il parere del giudice tutelare e sentito il minore emancipato.Il minore emancipato, che è autorizzato all’esercizio di una impresa commerciale, può compiere da solo gli atti che eccedono l’ordinaria amministrazione, anche se estranei all’esercizio dell’impresa (394, 774; Cod. Proc. Civ. 75).
Art. 400 Norme regolatrici dell’assistenza dei minori	1. Quali sono le fonti normative che regolano l'assistenza dei minori secondo il testo?	L’assistenza dei minori è regolata, oltre che dalle leggi speciali, dalle norme del presente titolo (31 Costit.; vedere anche Legge 4 maggio 1983, n. 184, riportata tra le Leggi Speciali).
Art. 400 Norme regolatrici dell’assistenza dei minori	2. A quale articolo della Costituzione italiana fa riferimento il testo per l'assistenza dei minori?	L’assistenza dei minori è regolata, oltre che dalle leggi speciali, dalle norme del presente titolo (31 Costit.; vedere anche Legge 4 maggio 1983, n. 184, riportata tra le Leggi Speciali).
Art. 400 Norme regolatrici dell’assistenza dei minori	3. Qual è la legge speciale menzionata nel testo che riguarda l'assistenza dei minori?	L’assistenza dei minori è regolata, oltre che dalle leggi speciali, dalle norme del presente titolo (31 Costit.; vedere anche Legge 4 maggio 1983, n. 184, riportata tra le Leggi Speciali).
Art. 401 Limiti di applicazione delle norme	1. A quali minori si applicano le disposizioni del presente titolo?	Le disposizioni del presente titolo si applicano anche ai minori che sono figli di genitori non conosciuti, ovvero figli naturali riconosciuti dalla sola madre che si trovi nell’impossibilità di provvedere al loro allevamento.Le stesse disposizioni si applicano ai minori ricoverati in un istituto di pubblica assistenza o assistiti da questo per il mantenimento, l’educazione o la rieducazione, ovvero in istato di abbandono materiale o morale.
Art. 401 Limiti di applicazione delle norme	2. Quali sono le condizioni in cui le disposizioni del presente titolo si applicano ai minori ricoverati in un istituto di pubblica assistenza?	Le disposizioni del presente titolo si applicano anche ai minori che sono figli di genitori non conosciuti, ovvero figli naturali riconosciuti dalla sola madre che si trovi nell’impossibilità di provvedere al loro allevamento.Le stesse disposizioni si applicano ai minori ricoverati in un istituto di pubblica assistenza o assistiti da questo per il mantenimento, l’educazione o la rieducazione, ovvero in istato di abbandono materiale o morale.
Art. 402 Poteri tutelari spettanti agli istituti di assistenza	1. Quali poteri esercita l'istituto di pubblica assistenza sul minore ricoverato o assistito?	L’istituto di pubblica assistenza esercita i poteri tutelari sul minore ricoverato o assistito, secondo le norme del titolo X, capo I di questo libro (343 e seguenti), fino a quando non si provveda alla nomina di un tutore, e in tutti i casi nei quali l’esercizio della patria potestà o della tutela sia impedito. Resta salva la facoltà del giudice tutelare di deferire la tutela all’ente di assistenza o all’ospizio, ovvero di nominare un tutore a norma dell’art. 354 (316 e seguenti).Nel caso in cui il genitore riprenda l’esercizio della patria potestà, l’Istituto deve chiedere al giudice tutelare di fissare eventualmente limiti o condizioni a tale esercizio.
Art. 402 Poteri tutelari spettanti agli istituti di assistenza	2. In quali circostanze l'istituto di pubblica assistenza mantiene i poteri tutelari sul minore?	L’istituto di pubblica assistenza esercita i poteri tutelari sul minore ricoverato o assistito, secondo le norme del titolo X, capo I di questo libro (343 e seguenti), fino a quando non si provveda alla nomina di un tutore, e in tutti i casi nei quali l’esercizio della patria potestà o della tutela sia impedito. Resta salva la facoltà del giudice tutelare di deferire la tutela all’ente di assistenza o all’ospizio, ovvero di nominare un tutore a norma dell’art. 354 (316 e seguenti).Nel caso in cui il genitore riprenda l’esercizio della patria potestà, l’Istituto deve chiedere al giudice tutelare di fissare eventualmente limiti o condizioni a tale esercizio.
Art. 402 Poteri tutelari spettanti agli istituti di assistenza	3. Cosa deve fare l'istituto di pubblica assistenza se il genitore riprende l'esercizio della patria potestà?	L’istituto di pubblica assistenza esercita i poteri tutelari sul minore ricoverato o assistito, secondo le norme del titolo X, capo I di questo libro (343 e seguenti), fino a quando non si provveda alla nomina di un tutore, e in tutti i casi nei quali l’esercizio della patria potestà o della tutela sia impedito. Resta salva la facoltà del giudice tutelare di deferire la tutela all’ente di assistenza o all’ospizio, ovvero di nominare un tutore a norma dell’art. 354 (316 e seguenti).Nel caso in cui il genitore riprenda l’esercizio della patria potestà, l’Istituto deve chiedere al giudice tutelare di fissare eventualmente limiti o condizioni a tale esercizio.
Art. 403 Intervento della pubblica autorità a favore dei minori	1. In quali circostanze la pubblica autorità può intervenire per collocare un minore in un luogo sicuro?	Quando il minore è moralmente o materialmente abbandonato o è allevato in locali insalubri o pericolosi, oppure da persone per negligenza, immoralità, ignoranza o per altri motivi incapaci di provvedere all’educazione di lui, la pubblica autorità, a mezzo degli organi di protezione dell’infanzia, lo colloca in luogo sicuro, sino a quando si possa provvedere in modo definitivo alla sua protezione.CAPO I Dell’amministrazione di sostegno
Art. 403 Intervento della pubblica autorità a favore dei minori	2. Quali sono le caratteristiche dei locali che possono giustificare l'intervento della pubblica autorità per la protezione di un minore?	Quando il minore è moralmente o materialmente abbandonato o è allevato in locali insalubri o pericolosi, oppure da persone per negligenza, immoralità, ignoranza o per altri motivi incapaci di provvedere all’educazione di lui, la pubblica autorità, a mezzo degli organi di protezione dell’infanzia, lo colloca in luogo sicuro, sino a quando si possa provvedere in modo definitivo alla sua protezione.CAPO I Dell’amministrazione di sostegno
Art. 403 Intervento della pubblica autorità a favore dei minori	3. Quali motivi possono rendere le persone incapaci di provvedere all'educazione di un minore secondo il testo?	Quando il minore è moralmente o materialmente abbandonato o è allevato in locali insalubri o pericolosi, oppure da persone per negligenza, immoralità, ignoranza o per altri motivi incapaci di provvedere all’educazione di lui, la pubblica autorità, a mezzo degli organi di protezione dell’infanzia, lo colloca in luogo sicuro, sino a quando si possa provvedere in modo definitivo alla sua protezione.CAPO I Dell’amministrazione di sostegno
Art. 404 Amministrazione di sostegno.	1. In quali circostanze una persona può essere assistita da un amministratore di sostegno?	La persona che, per effetto di una infermità ovvero di una menomazione fisica o psichica, si trova nella impossibilità, anche parziale o temporanea, di provvedere ai propri interessi, può essere assistita da un amministratore di sostegno, nominato dal giudice tutelare del luogo in cui questa ha la residenza o il domicilio.
Art. 404 Amministrazione di sostegno.	2. Chi nomina l'amministratore di sostegno per una persona che non può provvedere ai propri interessi?	La persona che, per effetto di una infermità ovvero di una menomazione fisica o psichica, si trova nella impossibilità, anche parziale o temporanea, di provvedere ai propri interessi, può essere assistita da un amministratore di sostegno, nominato dal giudice tutelare del luogo in cui questa ha la residenza o il domicilio.
Art. 404 Amministrazione di sostegno.	3. Qual è il criterio territoriale per la nomina dell'amministratore di sostegno?	La persona che, per effetto di una infermità ovvero di una menomazione fisica o psichica, si trova nella impossibilità, anche parziale o temporanea, di provvedere ai propri interessi, può essere assistita da un amministratore di sostegno, nominato dal giudice tutelare del luogo in cui questa ha la residenza o il domicilio.
Art. 405. Decreto di nomina dell’amministratore di sostegno. Durata dell’incarico e relativa pubblicità.	1. Entro quanti giorni dalla presentazione della richiesta il giudice tutelare deve provvedere alla nomina dell’amministratore di sostegno?	Il giudice tutelare provvede entro sessanta giorni dalla data di presentazione della richiesta alla nomina dell’amministratore di sostegno con decreto motivato immediatamente esecutivo, su ricorso di uno dei soggetti indicati nell’articolo 406.Il decreto che riguarda un minore non emancipato può essere emesso solo nell’ultimo anno della sua minore eta’ e diventa esecutivo a decorrere dal momento in cui la maggiore età è raggiunta.Se l’interessato è un interdetto o un inabilitato, il decreto è esecutivo dalla pubblicazione della sentenza di revoca dell’interdizione o dell’inabilitazione. Qualora ne sussista la necessità, il giudice tutelare adotta anche d’ufficio i provvedimenti urgenti per la cura della persona interessata e per la conservazione e l’amministrazione del suo patrimonio. Può procedere alla nomina di un amministratore di sostegno provvisorio indicando gli atti che è autorizzato a compiere. Il decreto di nomina dell’amministratore di sostegno deve contenere l’indicazione:1) delle generalità della persona beneficiaria e dell’amministratore di sostegno;2) della durata dell’incarico, che può essere anche a tempo indeterminato;3) dell’oggetto dell’incarico e degli atti che l’amministratore di sostegno ha il potere di compiere in nome e per conto del beneficiario;4) degli atti che il beneficiario può compiere solo con l’assistenza dell’amministratore di sostegno;5) dei limiti, anche periodici, delle spese che l’amministratore di sostegno può sostenere con utilizzo delle somme di cui il beneficiario ha o può avere la disponibilità;6) della periodicità con cui l’amministratore di sostegno deve riferire al giudice circa l’attività svolta e le condizioni di vita personale e sociale del beneficiario.Se la durata dell’incarico è a tempo determinato, il giudice tutelare può prorogarlo con decreto motivato pronunciato anche d’ufficio prima della scadenza del termine.Il decreto di apertura dell’amministrazione di sostegno, il decreto di chiusura ed ogni altro provvedimento assunto dal giudice tutelare nel corso dell’amministrazione di sostegno devono essere immediatamente annotati a cura del cancelliere nell’apposito registro.Il decreto di apertura dell’amministrazione di sostegno e il decreto di chiusura devono essere comunicati, entro dieci giorni, all’ufficiale dello stato civile per le annotazioni in margine all’atto di nascita del beneficiario. Se la durata dell’incarico è a tempo determinato, le annotazioni devono essere cancellate alla scadenza del termine indicato nel decreto di apertura o in quello eventuale di proroga.
Art. 405. Decreto di nomina dell’amministratore di sostegno. Durata dell’incarico e relativa pubblicità.	2. Quali soggetti possono presentare ricorso per la nomina dell’amministratore di sostegno secondo l’articolo 406?	Il giudice tutelare provvede entro sessanta giorni dalla data di presentazione della richiesta alla nomina dell’amministratore di sostegno con decreto motivato immediatamente esecutivo, su ricorso di uno dei soggetti indicati nell’articolo 406.Il decreto che riguarda un minore non emancipato può essere emesso solo nell’ultimo anno della sua minore eta’ e diventa esecutivo a decorrere dal momento in cui la maggiore età è raggiunta.Se l’interessato è un interdetto o un inabilitato, il decreto è esecutivo dalla pubblicazione della sentenza di revoca dell’interdizione o dell’inabilitazione. Qualora ne sussista la necessità, il giudice tutelare adotta anche d’ufficio i provvedimenti urgenti per la cura della persona interessata e per la conservazione e l’amministrazione del suo patrimonio. Può procedere alla nomina di un amministratore di sostegno provvisorio indicando gli atti che è autorizzato a compiere. Il decreto di nomina dell’amministratore di sostegno deve contenere l’indicazione:1) delle generalità della persona beneficiaria e dell’amministratore di sostegno;2) della durata dell’incarico, che può essere anche a tempo indeterminato;3) dell’oggetto dell’incarico e degli atti che l’amministratore di sostegno ha il potere di compiere in nome e per conto del beneficiario;4) degli atti che il beneficiario può compiere solo con l’assistenza dell’amministratore di sostegno;5) dei limiti, anche periodici, delle spese che l’amministratore di sostegno può sostenere con utilizzo delle somme di cui il beneficiario ha o può avere la disponibilità;6) della periodicità con cui l’amministratore di sostegno deve riferire al giudice circa l’attività svolta e le condizioni di vita personale e sociale del beneficiario.Se la durata dell’incarico è a tempo determinato, il giudice tutelare può prorogarlo con decreto motivato pronunciato anche d’ufficio prima della scadenza del termine.Il decreto di apertura dell’amministrazione di sostegno, il decreto di chiusura ed ogni altro provvedimento assunto dal giudice tutelare nel corso dell’amministrazione di sostegno devono essere immediatamente annotati a cura del cancelliere nell’apposito registro.Il decreto di apertura dell’amministrazione di sostegno e il decreto di chiusura devono essere comunicati, entro dieci giorni, all’ufficiale dello stato civile per le annotazioni in margine all’atto di nascita del beneficiario. Se la durata dell’incarico è a tempo determinato, le annotazioni devono essere cancellate alla scadenza del termine indicato nel decreto di apertura o in quello eventuale di proroga.
Art. 405. Decreto di nomina dell’amministratore di sostegno. Durata dell’incarico e relativa pubblicità.	3. In quale periodo può essere emesso il decreto di nomina dell’amministratore di sostegno per un minore non emancipato?	Il giudice tutelare provvede entro sessanta giorni dalla data di presentazione della richiesta alla nomina dell’amministratore di sostegno con decreto motivato immediatamente esecutivo, su ricorso di uno dei soggetti indicati nell’articolo 406.Il decreto che riguarda un minore non emancipato può essere emesso solo nell’ultimo anno della sua minore eta’ e diventa esecutivo a decorrere dal momento in cui la maggiore età è raggiunta.Se l’interessato è un interdetto o un inabilitato, il decreto è esecutivo dalla pubblicazione della sentenza di revoca dell’interdizione o dell’inabilitazione. Qualora ne sussista la necessità, il giudice tutelare adotta anche d’ufficio i provvedimenti urgenti per la cura della persona interessata e per la conservazione e l’amministrazione del suo patrimonio. Può procedere alla nomina di un amministratore di sostegno provvisorio indicando gli atti che è autorizzato a compiere. Il decreto di nomina dell’amministratore di sostegno deve contenere l’indicazione:1) delle generalità della persona beneficiaria e dell’amministratore di sostegno;2) della durata dell’incarico, che può essere anche a tempo indeterminato;3) dell’oggetto dell’incarico e degli atti che l’amministratore di sostegno ha il potere di compiere in nome e per conto del beneficiario;4) degli atti che il beneficiario può compiere solo con l’assistenza dell’amministratore di sostegno;5) dei limiti, anche periodici, delle spese che l’amministratore di sostegno può sostenere con utilizzo delle somme di cui il beneficiario ha o può avere la disponibilità;6) della periodicità con cui l’amministratore di sostegno deve riferire al giudice circa l’attività svolta e le condizioni di vita personale e sociale del beneficiario.Se la durata dell’incarico è a tempo determinato, il giudice tutelare può prorogarlo con decreto motivato pronunciato anche d’ufficio prima della scadenza del termine.Il decreto di apertura dell’amministrazione di sostegno, il decreto di chiusura ed ogni altro provvedimento assunto dal giudice tutelare nel corso dell’amministrazione di sostegno devono essere immediatamente annotati a cura del cancelliere nell’apposito registro.Il decreto di apertura dell’amministrazione di sostegno e il decreto di chiusura devono essere comunicati, entro dieci giorni, all’ufficiale dello stato civile per le annotazioni in margine all’atto di nascita del beneficiario. Se la durata dell’incarico è a tempo determinato, le annotazioni devono essere cancellate alla scadenza del termine indicato nel decreto di apertura o in quello eventuale di proroga.
Art. 405. Decreto di nomina dell’amministratore di sostegno. Durata dell’incarico e relativa pubblicità.	4. Quando diventa esecutivo il decreto di nomina dell’amministratore di sostegno per un minore non emancipato?	Il giudice tutelare provvede entro sessanta giorni dalla data di presentazione della richiesta alla nomina dell’amministratore di sostegno con decreto motivato immediatamente esecutivo, su ricorso di uno dei soggetti indicati nell’articolo 406.Il decreto che riguarda un minore non emancipato può essere emesso solo nell’ultimo anno della sua minore eta’ e diventa esecutivo a decorrere dal momento in cui la maggiore età è raggiunta.Se l’interessato è un interdetto o un inabilitato, il decreto è esecutivo dalla pubblicazione della sentenza di revoca dell’interdizione o dell’inabilitazione. Qualora ne sussista la necessità, il giudice tutelare adotta anche d’ufficio i provvedimenti urgenti per la cura della persona interessata e per la conservazione e l’amministrazione del suo patrimonio. Può procedere alla nomina di un amministratore di sostegno provvisorio indicando gli atti che è autorizzato a compiere. Il decreto di nomina dell’amministratore di sostegno deve contenere l’indicazione:1) delle generalità della persona beneficiaria e dell’amministratore di sostegno;2) della durata dell’incarico, che può essere anche a tempo indeterminato;3) dell’oggetto dell’incarico e degli atti che l’amministratore di sostegno ha il potere di compiere in nome e per conto del beneficiario;4) degli atti che il beneficiario può compiere solo con l’assistenza dell’amministratore di sostegno;5) dei limiti, anche periodici, delle spese che l’amministratore di sostegno può sostenere con utilizzo delle somme di cui il beneficiario ha o può avere la disponibilità;6) della periodicità con cui l’amministratore di sostegno deve riferire al giudice circa l’attività svolta e le condizioni di vita personale e sociale del beneficiario.Se la durata dell’incarico è a tempo determinato, il giudice tutelare può prorogarlo con decreto motivato pronunciato anche d’ufficio prima della scadenza del termine.Il decreto di apertura dell’amministrazione di sostegno, il decreto di chiusura ed ogni altro provvedimento assunto dal giudice tutelare nel corso dell’amministrazione di sostegno devono essere immediatamente annotati a cura del cancelliere nell’apposito registro.Il decreto di apertura dell’amministrazione di sostegno e il decreto di chiusura devono essere comunicati, entro dieci giorni, all’ufficiale dello stato civile per le annotazioni in margine all’atto di nascita del beneficiario. Se la durata dell’incarico è a tempo determinato, le annotazioni devono essere cancellate alla scadenza del termine indicato nel decreto di apertura o in quello eventuale di proroga.
Art. 405. Decreto di nomina dell’amministratore di sostegno. Durata dell’incarico e relativa pubblicità.	5. Da quando è esecutivo il decreto di nomina dell’amministratore di sostegno per un interdetto o un inabilitato?	Il giudice tutelare provvede entro sessanta giorni dalla data di presentazione della richiesta alla nomina dell’amministratore di sostegno con decreto motivato immediatamente esecutivo, su ricorso di uno dei soggetti indicati nell’articolo 406.Il decreto che riguarda un minore non emancipato può essere emesso solo nell’ultimo anno della sua minore eta’ e diventa esecutivo a decorrere dal momento in cui la maggiore età è raggiunta.Se l’interessato è un interdetto o un inabilitato, il decreto è esecutivo dalla pubblicazione della sentenza di revoca dell’interdizione o dell’inabilitazione. Qualora ne sussista la necessità, il giudice tutelare adotta anche d’ufficio i provvedimenti urgenti per la cura della persona interessata e per la conservazione e l’amministrazione del suo patrimonio. Può procedere alla nomina di un amministratore di sostegno provvisorio indicando gli atti che è autorizzato a compiere. Il decreto di nomina dell’amministratore di sostegno deve contenere l’indicazione:1) delle generalità della persona beneficiaria e dell’amministratore di sostegno;2) della durata dell’incarico, che può essere anche a tempo indeterminato;3) dell’oggetto dell’incarico e degli atti che l’amministratore di sostegno ha il potere di compiere in nome e per conto del beneficiario;4) degli atti che il beneficiario può compiere solo con l’assistenza dell’amministratore di sostegno;5) dei limiti, anche periodici, delle spese che l’amministratore di sostegno può sostenere con utilizzo delle somme di cui il beneficiario ha o può avere la disponibilità;6) della periodicità con cui l’amministratore di sostegno deve riferire al giudice circa l’attività svolta e le condizioni di vita personale e sociale del beneficiario.Se la durata dell’incarico è a tempo determinato, il giudice tutelare può prorogarlo con decreto motivato pronunciato anche d’ufficio prima della scadenza del termine.Il decreto di apertura dell’amministrazione di sostegno, il decreto di chiusura ed ogni altro provvedimento assunto dal giudice tutelare nel corso dell’amministrazione di sostegno devono essere immediatamente annotati a cura del cancelliere nell’apposito registro.Il decreto di apertura dell’amministrazione di sostegno e il decreto di chiusura devono essere comunicati, entro dieci giorni, all’ufficiale dello stato civile per le annotazioni in margine all’atto di nascita del beneficiario. Se la durata dell’incarico è a tempo determinato, le annotazioni devono essere cancellate alla scadenza del termine indicato nel decreto di apertura o in quello eventuale di proroga.
Art. 405. Decreto di nomina dell’amministratore di sostegno. Durata dell’incarico e relativa pubblicità.	6. Quali provvedimenti urgenti può adottare il giudice tutelare per la cura della persona interessata?	Il giudice tutelare provvede entro sessanta giorni dalla data di presentazione della richiesta alla nomina dell’amministratore di sostegno con decreto motivato immediatamente esecutivo, su ricorso di uno dei soggetti indicati nell’articolo 406.Il decreto che riguarda un minore non emancipato può essere emesso solo nell’ultimo anno della sua minore eta’ e diventa esecutivo a decorrere dal momento in cui la maggiore età è raggiunta.Se l’interessato è un interdetto o un inabilitato, il decreto è esecutivo dalla pubblicazione della sentenza di revoca dell’interdizione o dell’inabilitazione. Qualora ne sussista la necessità, il giudice tutelare adotta anche d’ufficio i provvedimenti urgenti per la cura della persona interessata e per la conservazione e l’amministrazione del suo patrimonio. Può procedere alla nomina di un amministratore di sostegno provvisorio indicando gli atti che è autorizzato a compiere. Il decreto di nomina dell’amministratore di sostegno deve contenere l’indicazione:1) delle generalità della persona beneficiaria e dell’amministratore di sostegno;2) della durata dell’incarico, che può essere anche a tempo indeterminato;3) dell’oggetto dell’incarico e degli atti che l’amministratore di sostegno ha il potere di compiere in nome e per conto del beneficiario;4) degli atti che il beneficiario può compiere solo con l’assistenza dell’amministratore di sostegno;5) dei limiti, anche periodici, delle spese che l’amministratore di sostegno può sostenere con utilizzo delle somme di cui il beneficiario ha o può avere la disponibilità;6) della periodicità con cui l’amministratore di sostegno deve riferire al giudice circa l’attività svolta e le condizioni di vita personale e sociale del beneficiario.Se la durata dell’incarico è a tempo determinato, il giudice tutelare può prorogarlo con decreto motivato pronunciato anche d’ufficio prima della scadenza del termine.Il decreto di apertura dell’amministrazione di sostegno, il decreto di chiusura ed ogni altro provvedimento assunto dal giudice tutelare nel corso dell’amministrazione di sostegno devono essere immediatamente annotati a cura del cancelliere nell’apposito registro.Il decreto di apertura dell’amministrazione di sostegno e il decreto di chiusura devono essere comunicati, entro dieci giorni, all’ufficiale dello stato civile per le annotazioni in margine all’atto di nascita del beneficiario. Se la durata dell’incarico è a tempo determinato, le annotazioni devono essere cancellate alla scadenza del termine indicato nel decreto di apertura o in quello eventuale di proroga.
Art. 405. Decreto di nomina dell’amministratore di sostegno. Durata dell’incarico e relativa pubblicità.	7. Quali informazioni deve contenere il decreto di nomina dell’amministratore di sostegno?	Il giudice tutelare provvede entro sessanta giorni dalla data di presentazione della richiesta alla nomina dell’amministratore di sostegno con decreto motivato immediatamente esecutivo, su ricorso di uno dei soggetti indicati nell’articolo 406.Il decreto che riguarda un minore non emancipato può essere emesso solo nell’ultimo anno della sua minore eta’ e diventa esecutivo a decorrere dal momento in cui la maggiore età è raggiunta.Se l’interessato è un interdetto o un inabilitato, il decreto è esecutivo dalla pubblicazione della sentenza di revoca dell’interdizione o dell’inabilitazione. Qualora ne sussista la necessità, il giudice tutelare adotta anche d’ufficio i provvedimenti urgenti per la cura della persona interessata e per la conservazione e l’amministrazione del suo patrimonio. Può procedere alla nomina di un amministratore di sostegno provvisorio indicando gli atti che è autorizzato a compiere. Il decreto di nomina dell’amministratore di sostegno deve contenere l’indicazione:1) delle generalità della persona beneficiaria e dell’amministratore di sostegno;2) della durata dell’incarico, che può essere anche a tempo indeterminato;3) dell’oggetto dell’incarico e degli atti che l’amministratore di sostegno ha il potere di compiere in nome e per conto del beneficiario;4) degli atti che il beneficiario può compiere solo con l’assistenza dell’amministratore di sostegno;5) dei limiti, anche periodici, delle spese che l’amministratore di sostegno può sostenere con utilizzo delle somme di cui il beneficiario ha o può avere la disponibilità;6) della periodicità con cui l’amministratore di sostegno deve riferire al giudice circa l’attività svolta e le condizioni di vita personale e sociale del beneficiario.Se la durata dell’incarico è a tempo determinato, il giudice tutelare può prorogarlo con decreto motivato pronunciato anche d’ufficio prima della scadenza del termine.Il decreto di apertura dell’amministrazione di sostegno, il decreto di chiusura ed ogni altro provvedimento assunto dal giudice tutelare nel corso dell’amministrazione di sostegno devono essere immediatamente annotati a cura del cancelliere nell’apposito registro.Il decreto di apertura dell’amministrazione di sostegno e il decreto di chiusura devono essere comunicati, entro dieci giorni, all’ufficiale dello stato civile per le annotazioni in margine all’atto di nascita del beneficiario. Se la durata dell’incarico è a tempo determinato, le annotazioni devono essere cancellate alla scadenza del termine indicato nel decreto di apertura o in quello eventuale di proroga.
Art. 405. Decreto di nomina dell’amministratore di sostegno. Durata dell’incarico e relativa pubblicità.	8. In quali casi il giudice tutelare può prorogare l’incarico dell’amministratore di sostegno?	Il giudice tutelare provvede entro sessanta giorni dalla data di presentazione della richiesta alla nomina dell’amministratore di sostegno con decreto motivato immediatamente esecutivo, su ricorso di uno dei soggetti indicati nell’articolo 406.Il decreto che riguarda un minore non emancipato può essere emesso solo nell’ultimo anno della sua minore eta’ e diventa esecutivo a decorrere dal momento in cui la maggiore età è raggiunta.Se l’interessato è un interdetto o un inabilitato, il decreto è esecutivo dalla pubblicazione della sentenza di revoca dell’interdizione o dell’inabilitazione. Qualora ne sussista la necessità, il giudice tutelare adotta anche d’ufficio i provvedimenti urgenti per la cura della persona interessata e per la conservazione e l’amministrazione del suo patrimonio. Può procedere alla nomina di un amministratore di sostegno provvisorio indicando gli atti che è autorizzato a compiere. Il decreto di nomina dell’amministratore di sostegno deve contenere l’indicazione:1) delle generalità della persona beneficiaria e dell’amministratore di sostegno;2) della durata dell’incarico, che può essere anche a tempo indeterminato;3) dell’oggetto dell’incarico e degli atti che l’amministratore di sostegno ha il potere di compiere in nome e per conto del beneficiario;4) degli atti che il beneficiario può compiere solo con l’assistenza dell’amministratore di sostegno;5) dei limiti, anche periodici, delle spese che l’amministratore di sostegno può sostenere con utilizzo delle somme di cui il beneficiario ha o può avere la disponibilità;6) della periodicità con cui l’amministratore di sostegno deve riferire al giudice circa l’attività svolta e le condizioni di vita personale e sociale del beneficiario.Se la durata dell’incarico è a tempo determinato, il giudice tutelare può prorogarlo con decreto motivato pronunciato anche d’ufficio prima della scadenza del termine.Il decreto di apertura dell’amministrazione di sostegno, il decreto di chiusura ed ogni altro provvedimento assunto dal giudice tutelare nel corso dell’amministrazione di sostegno devono essere immediatamente annotati a cura del cancelliere nell’apposito registro.Il decreto di apertura dell’amministrazione di sostegno e il decreto di chiusura devono essere comunicati, entro dieci giorni, all’ufficiale dello stato civile per le annotazioni in margine all’atto di nascita del beneficiario. Se la durata dell’incarico è a tempo determinato, le annotazioni devono essere cancellate alla scadenza del termine indicato nel decreto di apertura o in quello eventuale di proroga.
Art. 405. Decreto di nomina dell’amministratore di sostegno. Durata dell’incarico e relativa pubblicità.	9. Dove devono essere annotati i decreti di apertura e chiusura dell’amministrazione di sostegno?	Il giudice tutelare provvede entro sessanta giorni dalla data di presentazione della richiesta alla nomina dell’amministratore di sostegno con decreto motivato immediatamente esecutivo, su ricorso di uno dei soggetti indicati nell’articolo 406.Il decreto che riguarda un minore non emancipato può essere emesso solo nell’ultimo anno della sua minore eta’ e diventa esecutivo a decorrere dal momento in cui la maggiore età è raggiunta.Se l’interessato è un interdetto o un inabilitato, il decreto è esecutivo dalla pubblicazione della sentenza di revoca dell’interdizione o dell’inabilitazione. Qualora ne sussista la necessità, il giudice tutelare adotta anche d’ufficio i provvedimenti urgenti per la cura della persona interessata e per la conservazione e l’amministrazione del suo patrimonio. Può procedere alla nomina di un amministratore di sostegno provvisorio indicando gli atti che è autorizzato a compiere. Il decreto di nomina dell’amministratore di sostegno deve contenere l’indicazione:1) delle generalità della persona beneficiaria e dell’amministratore di sostegno;2) della durata dell’incarico, che può essere anche a tempo indeterminato;3) dell’oggetto dell’incarico e degli atti che l’amministratore di sostegno ha il potere di compiere in nome e per conto del beneficiario;4) degli atti che il beneficiario può compiere solo con l’assistenza dell’amministratore di sostegno;5) dei limiti, anche periodici, delle spese che l’amministratore di sostegno può sostenere con utilizzo delle somme di cui il beneficiario ha o può avere la disponibilità;6) della periodicità con cui l’amministratore di sostegno deve riferire al giudice circa l’attività svolta e le condizioni di vita personale e sociale del beneficiario.Se la durata dell’incarico è a tempo determinato, il giudice tutelare può prorogarlo con decreto motivato pronunciato anche d’ufficio prima della scadenza del termine.Il decreto di apertura dell’amministrazione di sostegno, il decreto di chiusura ed ogni altro provvedimento assunto dal giudice tutelare nel corso dell’amministrazione di sostegno devono essere immediatamente annotati a cura del cancelliere nell’apposito registro.Il decreto di apertura dell’amministrazione di sostegno e il decreto di chiusura devono essere comunicati, entro dieci giorni, all’ufficiale dello stato civile per le annotazioni in margine all’atto di nascita del beneficiario. Se la durata dell’incarico è a tempo determinato, le annotazioni devono essere cancellate alla scadenza del termine indicato nel decreto di apertura o in quello eventuale di proroga.
Art. 405. Decreto di nomina dell’amministratore di sostegno. Durata dell’incarico e relativa pubblicità.	10. Entro quanti giorni devono essere comunicati all’ufficiale dello stato civile i decreti di apertura e chiusura dell’amministrazione di sostegno?	Il giudice tutelare provvede entro sessanta giorni dalla data di presentazione della richiesta alla nomina dell’amministratore di sostegno con decreto motivato immediatamente esecutivo, su ricorso di uno dei soggetti indicati nell’articolo 406.Il decreto che riguarda un minore non emancipato può essere emesso solo nell’ultimo anno della sua minore eta’ e diventa esecutivo a decorrere dal momento in cui la maggiore età è raggiunta.Se l’interessato è un interdetto o un inabilitato, il decreto è esecutivo dalla pubblicazione della sentenza di revoca dell’interdizione o dell’inabilitazione. Qualora ne sussista la necessità, il giudice tutelare adotta anche d’ufficio i provvedimenti urgenti per la cura della persona interessata e per la conservazione e l’amministrazione del suo patrimonio. Può procedere alla nomina di un amministratore di sostegno provvisorio indicando gli atti che è autorizzato a compiere. Il decreto di nomina dell’amministratore di sostegno deve contenere l’indicazione:1) delle generalità della persona beneficiaria e dell’amministratore di sostegno;2) della durata dell’incarico, che può essere anche a tempo indeterminato;3) dell’oggetto dell’incarico e degli atti che l’amministratore di sostegno ha il potere di compiere in nome e per conto del beneficiario;4) degli atti che il beneficiario può compiere solo con l’assistenza dell’amministratore di sostegno;5) dei limiti, anche periodici, delle spese che l’amministratore di sostegno può sostenere con utilizzo delle somme di cui il beneficiario ha o può avere la disponibilità;6) della periodicità con cui l’amministratore di sostegno deve riferire al giudice circa l’attività svolta e le condizioni di vita personale e sociale del beneficiario.Se la durata dell’incarico è a tempo determinato, il giudice tutelare può prorogarlo con decreto motivato pronunciato anche d’ufficio prima della scadenza del termine.Il decreto di apertura dell’amministrazione di sostegno, il decreto di chiusura ed ogni altro provvedimento assunto dal giudice tutelare nel corso dell’amministrazione di sostegno devono essere immediatamente annotati a cura del cancelliere nell’apposito registro.Il decreto di apertura dell’amministrazione di sostegno e il decreto di chiusura devono essere comunicati, entro dieci giorni, all’ufficiale dello stato civile per le annotazioni in margine all’atto di nascita del beneficiario. Se la durata dell’incarico è a tempo determinato, le annotazioni devono essere cancellate alla scadenza del termine indicato nel decreto di apertura o in quello eventuale di proroga.
Art. 406 Soggetti.	1. Chi può proporre il ricorso per l’istituzione dell’amministrazione di sostegno?	Il ricorso per l’istituzione dell’amministrazione di sostegno può essere proposto dallo stesso soggetto beneficiario, anche se minore, interdetto o inabilitato, ovvero da uno dei soggetti indicati nell’articolo 417.Se il ricorso concerne persona interdetta o inabilitata il medesimo è presentato congiuntamente all’istanza di revoca dell’interdizione o dell’inabilitazione davanti al giudice competente per quest’ultima.I responsabili dei servizi sanitari e sociali direttamente impegnati nella cura e assistenza della persona, ove a conoscenza di fatti tali da rendere opportuna l’apertura del procedimento di amministrazione di sostegno, sono tenuti a proporre al giudice tutelare il ricorso di cui all’articolo 407 o a fornirne comunque notizia al pubblico ministero.
Art. 406 Soggetti.	2. Cosa deve essere presentato congiuntamente al ricorso se riguarda una persona interdetta o inabilitata?	Il ricorso per l’istituzione dell’amministrazione di sostegno può essere proposto dallo stesso soggetto beneficiario, anche se minore, interdetto o inabilitato, ovvero da uno dei soggetti indicati nell’articolo 417.Se il ricorso concerne persona interdetta o inabilitata il medesimo è presentato congiuntamente all’istanza di revoca dell’interdizione o dell’inabilitazione davanti al giudice competente per quest’ultima.I responsabili dei servizi sanitari e sociali direttamente impegnati nella cura e assistenza della persona, ove a conoscenza di fatti tali da rendere opportuna l’apertura del procedimento di amministrazione di sostegno, sono tenuti a proporre al giudice tutelare il ricorso di cui all’articolo 407 o a fornirne comunque notizia al pubblico ministero.
Art. 406 Soggetti.	3. Quali obblighi hanno i responsabili dei servizi sanitari e sociali direttamente impegnati nella cura e assistenza della persona in merito all’amministrazione di sostegno?	Il ricorso per l’istituzione dell’amministrazione di sostegno può essere proposto dallo stesso soggetto beneficiario, anche se minore, interdetto o inabilitato, ovvero da uno dei soggetti indicati nell’articolo 417.Se il ricorso concerne persona interdetta o inabilitata il medesimo è presentato congiuntamente all’istanza di revoca dell’interdizione o dell’inabilitazione davanti al giudice competente per quest’ultima.I responsabili dei servizi sanitari e sociali direttamente impegnati nella cura e assistenza della persona, ove a conoscenza di fatti tali da rendere opportuna l’apertura del procedimento di amministrazione di sostegno, sono tenuti a proporre al giudice tutelare il ricorso di cui all’articolo 407 o a fornirne comunque notizia al pubblico ministero.
Art. 407. Procedimento.	1. Quali informazioni devono essere indicate nel ricorso per l’istituzione dell’amministrazione di sostegno?	Il ricorso per l’istituzione dell’amministrazione di sostegno deve indicare le generalità del beneficiario, la sua dimora abituale, le ragioni per cui si richiede la nomina dell’amministratore di sostegno, il nominativo ed il domicilio, se conosciuti dal ricorrente, del coniuge, dei discendenti, degli ascendenti, dei fratelli e dei conviventi del beneficiario.Il giudice tutelare deve sentire personalmente la persona cui il procedimento si riferisce recandosi, ove occorra, nel luogo in cui questa si trova e deve tener conto, compatibilmente con gli interessi e le esigenze di protezione della persona, dei bisogni e delle richieste di questa.Il giudice tutelare provvede, assunte le necessarie informazioni e sentiti i soggetti di cui all’articolo 406; in caso di mancata comparizione provvede comunque sul ricorso. Dispone altresi’, anche d’ufficio, gli accertamenti di natura medica e tutti gli altri mezzi istruttori utili ai fini della decisione.Il giudice tutelare puo’, in ogni tempo, modificare o integrare, anche d’ufficio, le decisioni assunte con il decreto di nomina dell’amministratore di sostegno. In ogni caso, nel procedimento di nomina dell’amministratore di sostegno interviene il pubblico ministero
Art. 407. Procedimento.	2. Chi deve essere sentito personalmente dal giudice tutelare nel procedimento per l’istituzione dell’amministrazione di sostegno?	Il ricorso per l’istituzione dell’amministrazione di sostegno deve indicare le generalità del beneficiario, la sua dimora abituale, le ragioni per cui si richiede la nomina dell’amministratore di sostegno, il nominativo ed il domicilio, se conosciuti dal ricorrente, del coniuge, dei discendenti, degli ascendenti, dei fratelli e dei conviventi del beneficiario.Il giudice tutelare deve sentire personalmente la persona cui il procedimento si riferisce recandosi, ove occorra, nel luogo in cui questa si trova e deve tener conto, compatibilmente con gli interessi e le esigenze di protezione della persona, dei bisogni e delle richieste di questa.Il giudice tutelare provvede, assunte le necessarie informazioni e sentiti i soggetti di cui all’articolo 406; in caso di mancata comparizione provvede comunque sul ricorso. Dispone altresi’, anche d’ufficio, gli accertamenti di natura medica e tutti gli altri mezzi istruttori utili ai fini della decisione.Il giudice tutelare puo’, in ogni tempo, modificare o integrare, anche d’ufficio, le decisioni assunte con il decreto di nomina dell’amministratore di sostegno. In ogni caso, nel procedimento di nomina dell’amministratore di sostegno interviene il pubblico ministero
Art. 407. Procedimento.	3. Cosa deve fare il giudice tutelare se la persona cui il procedimento si riferisce non può essere sentita nel luogo abituale?	Il ricorso per l’istituzione dell’amministrazione di sostegno deve indicare le generalità del beneficiario, la sua dimora abituale, le ragioni per cui si richiede la nomina dell’amministratore di sostegno, il nominativo ed il domicilio, se conosciuti dal ricorrente, del coniuge, dei discendenti, degli ascendenti, dei fratelli e dei conviventi del beneficiario.Il giudice tutelare deve sentire personalmente la persona cui il procedimento si riferisce recandosi, ove occorra, nel luogo in cui questa si trova e deve tener conto, compatibilmente con gli interessi e le esigenze di protezione della persona, dei bisogni e delle richieste di questa.Il giudice tutelare provvede, assunte le necessarie informazioni e sentiti i soggetti di cui all’articolo 406; in caso di mancata comparizione provvede comunque sul ricorso. Dispone altresi’, anche d’ufficio, gli accertamenti di natura medica e tutti gli altri mezzi istruttori utili ai fini della decisione.Il giudice tutelare puo’, in ogni tempo, modificare o integrare, anche d’ufficio, le decisioni assunte con il decreto di nomina dell’amministratore di sostegno. In ogni caso, nel procedimento di nomina dell’amministratore di sostegno interviene il pubblico ministero
Art. 407. Procedimento.	4. Quali soggetti devono essere sentiti dal giudice tutelare secondo l’articolo 406?	Il ricorso per l’istituzione dell’amministrazione di sostegno deve indicare le generalità del beneficiario, la sua dimora abituale, le ragioni per cui si richiede la nomina dell’amministratore di sostegno, il nominativo ed il domicilio, se conosciuti dal ricorrente, del coniuge, dei discendenti, degli ascendenti, dei fratelli e dei conviventi del beneficiario.Il giudice tutelare deve sentire personalmente la persona cui il procedimento si riferisce recandosi, ove occorra, nel luogo in cui questa si trova e deve tener conto, compatibilmente con gli interessi e le esigenze di protezione della persona, dei bisogni e delle richieste di questa.Il giudice tutelare provvede, assunte le necessarie informazioni e sentiti i soggetti di cui all’articolo 406; in caso di mancata comparizione provvede comunque sul ricorso. Dispone altresi’, anche d’ufficio, gli accertamenti di natura medica e tutti gli altri mezzi istruttori utili ai fini della decisione.Il giudice tutelare puo’, in ogni tempo, modificare o integrare, anche d’ufficio, le decisioni assunte con il decreto di nomina dell’amministratore di sostegno. In ogni caso, nel procedimento di nomina dell’amministratore di sostegno interviene il pubblico ministero
Art. 407. Procedimento.	5. Cosa accade se i soggetti di cui all’articolo 406 non compaiono nel procedimento per l’istituzione dell’amministrazione di sostegno?	Il ricorso per l’istituzione dell’amministrazione di sostegno deve indicare le generalità del beneficiario, la sua dimora abituale, le ragioni per cui si richiede la nomina dell’amministratore di sostegno, il nominativo ed il domicilio, se conosciuti dal ricorrente, del coniuge, dei discendenti, degli ascendenti, dei fratelli e dei conviventi del beneficiario.Il giudice tutelare deve sentire personalmente la persona cui il procedimento si riferisce recandosi, ove occorra, nel luogo in cui questa si trova e deve tener conto, compatibilmente con gli interessi e le esigenze di protezione della persona, dei bisogni e delle richieste di questa.Il giudice tutelare provvede, assunte le necessarie informazioni e sentiti i soggetti di cui all’articolo 406; in caso di mancata comparizione provvede comunque sul ricorso. Dispone altresi’, anche d’ufficio, gli accertamenti di natura medica e tutti gli altri mezzi istruttori utili ai fini della decisione.Il giudice tutelare puo’, in ogni tempo, modificare o integrare, anche d’ufficio, le decisioni assunte con il decreto di nomina dell’amministratore di sostegno. In ogni caso, nel procedimento di nomina dell’amministratore di sostegno interviene il pubblico ministero
Art. 407. Procedimento.	6. Quali accertamenti può disporre il giudice tutelare d’ufficio nel procedimento per l’istituzione dell’amministrazione di sostegno?	Il ricorso per l’istituzione dell’amministrazione di sostegno deve indicare le generalità del beneficiario, la sua dimora abituale, le ragioni per cui si richiede la nomina dell’amministratore di sostegno, il nominativo ed il domicilio, se conosciuti dal ricorrente, del coniuge, dei discendenti, degli ascendenti, dei fratelli e dei conviventi del beneficiario.Il giudice tutelare deve sentire personalmente la persona cui il procedimento si riferisce recandosi, ove occorra, nel luogo in cui questa si trova e deve tener conto, compatibilmente con gli interessi e le esigenze di protezione della persona, dei bisogni e delle richieste di questa.Il giudice tutelare provvede, assunte le necessarie informazioni e sentiti i soggetti di cui all’articolo 406; in caso di mancata comparizione provvede comunque sul ricorso. Dispone altresi’, anche d’ufficio, gli accertamenti di natura medica e tutti gli altri mezzi istruttori utili ai fini della decisione.Il giudice tutelare puo’, in ogni tempo, modificare o integrare, anche d’ufficio, le decisioni assunte con il decreto di nomina dell’amministratore di sostegno. In ogni caso, nel procedimento di nomina dell’amministratore di sostegno interviene il pubblico ministero
Art. 407. Procedimento.	7. In quali circostanze il giudice tutelare può modificare o integrare le decisioni assunte con il decreto di nomina dell’amministratore di sostegno?	Il ricorso per l’istituzione dell’amministrazione di sostegno deve indicare le generalità del beneficiario, la sua dimora abituale, le ragioni per cui si richiede la nomina dell’amministratore di sostegno, il nominativo ed il domicilio, se conosciuti dal ricorrente, del coniuge, dei discendenti, degli ascendenti, dei fratelli e dei conviventi del beneficiario.Il giudice tutelare deve sentire personalmente la persona cui il procedimento si riferisce recandosi, ove occorra, nel luogo in cui questa si trova e deve tener conto, compatibilmente con gli interessi e le esigenze di protezione della persona, dei bisogni e delle richieste di questa.Il giudice tutelare provvede, assunte le necessarie informazioni e sentiti i soggetti di cui all’articolo 406; in caso di mancata comparizione provvede comunque sul ricorso. Dispone altresi’, anche d’ufficio, gli accertamenti di natura medica e tutti gli altri mezzi istruttori utili ai fini della decisione.Il giudice tutelare puo’, in ogni tempo, modificare o integrare, anche d’ufficio, le decisioni assunte con il decreto di nomina dell’amministratore di sostegno. In ogni caso, nel procedimento di nomina dell’amministratore di sostegno interviene il pubblico ministero
Art. 408 Scelta dell’amministratore di sostegno.	1. Quali sono i criteri principali per la scelta dell'amministratore di sostegno?	La scelta dell’amministratore di sostegno avviene con esclusivo riguardo alla cura ed agli interessi della persona del beneficiario. L’amministratore di sostegno può essere designato dallo stesso interessato, in previsione della propria eventuale futura incapacità, mediante atto pubblico o scrittura privata autenticata. In mancanza, ovvero in presenza di gravi motivi, il giudice tutelare può designare con decreto motivato un amministratore di sostegno diverso. Nella scelta, il giudice tutelare preferisce, ove possibile, il coniuge che non sia separato legalmente, la persona stabilmente convivente, il padre, la madre, il figlio o il fratello o la sorella, il parente entro il quarto grado ovvero il soggetto designato dal genitore superstite con testamento, atto pubblico o scrittura privata autenticata.Le designazioni di cui al primo comma possono essere revocate dall’autore con le stesse forme.Non possono ricoprire le funzioni di amministratore di sostegno gli operatori dei servizi pubblici o privati che hanno in cura o in carico il beneficiario.Il giudice tutelare, quando ne ravvisa l’opportunità, e nel caso di designazione dell’interessato quando ricorrano gravi motivi, può chiamare all’incarico di amministratore di sostegno anche altra persona idonea, ovvero uno dei soggetti di cui al titolo II al cui legale rappresentante ovvero alla persona che questi ha facolta’ di delegare con atto depositato presso l’ufficio del giudice tutelare, competono tutti i doveri e tutte le facoltà previste nel presente capo.
Art. 408 Scelta dell’amministratore di sostegno.	2. In che modo l'interessato può designare il proprio amministratore di sostegno in previsione di una futura incapacità?	La scelta dell’amministratore di sostegno avviene con esclusivo riguardo alla cura ed agli interessi della persona del beneficiario. L’amministratore di sostegno può essere designato dallo stesso interessato, in previsione della propria eventuale futura incapacità, mediante atto pubblico o scrittura privata autenticata. In mancanza, ovvero in presenza di gravi motivi, il giudice tutelare può designare con decreto motivato un amministratore di sostegno diverso. Nella scelta, il giudice tutelare preferisce, ove possibile, il coniuge che non sia separato legalmente, la persona stabilmente convivente, il padre, la madre, il figlio o il fratello o la sorella, il parente entro il quarto grado ovvero il soggetto designato dal genitore superstite con testamento, atto pubblico o scrittura privata autenticata.Le designazioni di cui al primo comma possono essere revocate dall’autore con le stesse forme.Non possono ricoprire le funzioni di amministratore di sostegno gli operatori dei servizi pubblici o privati che hanno in cura o in carico il beneficiario.Il giudice tutelare, quando ne ravvisa l’opportunità, e nel caso di designazione dell’interessato quando ricorrano gravi motivi, può chiamare all’incarico di amministratore di sostegno anche altra persona idonea, ovvero uno dei soggetti di cui al titolo II al cui legale rappresentante ovvero alla persona che questi ha facolta’ di delegare con atto depositato presso l’ufficio del giudice tutelare, competono tutti i doveri e tutte le facoltà previste nel presente capo.
Art. 408 Scelta dell’amministratore di sostegno.	3. Quali sono le condizioni in cui il giudice tutelare può designare un amministratore di sostegno diverso da quello indicato dall'interessato?	La scelta dell’amministratore di sostegno avviene con esclusivo riguardo alla cura ed agli interessi della persona del beneficiario. L’amministratore di sostegno può essere designato dallo stesso interessato, in previsione della propria eventuale futura incapacità, mediante atto pubblico o scrittura privata autenticata. In mancanza, ovvero in presenza di gravi motivi, il giudice tutelare può designare con decreto motivato un amministratore di sostegno diverso. Nella scelta, il giudice tutelare preferisce, ove possibile, il coniuge che non sia separato legalmente, la persona stabilmente convivente, il padre, la madre, il figlio o il fratello o la sorella, il parente entro il quarto grado ovvero il soggetto designato dal genitore superstite con testamento, atto pubblico o scrittura privata autenticata.Le designazioni di cui al primo comma possono essere revocate dall’autore con le stesse forme.Non possono ricoprire le funzioni di amministratore di sostegno gli operatori dei servizi pubblici o privati che hanno in cura o in carico il beneficiario.Il giudice tutelare, quando ne ravvisa l’opportunità, e nel caso di designazione dell’interessato quando ricorrano gravi motivi, può chiamare all’incarico di amministratore di sostegno anche altra persona idonea, ovvero uno dei soggetti di cui al titolo II al cui legale rappresentante ovvero alla persona che questi ha facolta’ di delegare con atto depositato presso l’ufficio del giudice tutelare, competono tutti i doveri e tutte le facoltà previste nel presente capo.
Art. 408 Scelta dell’amministratore di sostegno.	4. Chi sono le persone che il giudice tutelare preferisce nella scelta dell'amministratore di sostegno?	La scelta dell’amministratore di sostegno avviene con esclusivo riguardo alla cura ed agli interessi della persona del beneficiario. L’amministratore di sostegno può essere designato dallo stesso interessato, in previsione della propria eventuale futura incapacità, mediante atto pubblico o scrittura privata autenticata. In mancanza, ovvero in presenza di gravi motivi, il giudice tutelare può designare con decreto motivato un amministratore di sostegno diverso. Nella scelta, il giudice tutelare preferisce, ove possibile, il coniuge che non sia separato legalmente, la persona stabilmente convivente, il padre, la madre, il figlio o il fratello o la sorella, il parente entro il quarto grado ovvero il soggetto designato dal genitore superstite con testamento, atto pubblico o scrittura privata autenticata.Le designazioni di cui al primo comma possono essere revocate dall’autore con le stesse forme.Non possono ricoprire le funzioni di amministratore di sostegno gli operatori dei servizi pubblici o privati che hanno in cura o in carico il beneficiario.Il giudice tutelare, quando ne ravvisa l’opportunità, e nel caso di designazione dell’interessato quando ricorrano gravi motivi, può chiamare all’incarico di amministratore di sostegno anche altra persona idonea, ovvero uno dei soggetti di cui al titolo II al cui legale rappresentante ovvero alla persona che questi ha facolta’ di delegare con atto depositato presso l’ufficio del giudice tutelare, competono tutti i doveri e tutte le facoltà previste nel presente capo.
Art. 408 Scelta dell’amministratore di sostegno.	5. In quali forme possono essere revocate le designazioni dell'amministratore di sostegno fatte dall'interessato?	La scelta dell’amministratore di sostegno avviene con esclusivo riguardo alla cura ed agli interessi della persona del beneficiario. L’amministratore di sostegno può essere designato dallo stesso interessato, in previsione della propria eventuale futura incapacità, mediante atto pubblico o scrittura privata autenticata. In mancanza, ovvero in presenza di gravi motivi, il giudice tutelare può designare con decreto motivato un amministratore di sostegno diverso. Nella scelta, il giudice tutelare preferisce, ove possibile, il coniuge che non sia separato legalmente, la persona stabilmente convivente, il padre, la madre, il figlio o il fratello o la sorella, il parente entro il quarto grado ovvero il soggetto designato dal genitore superstite con testamento, atto pubblico o scrittura privata autenticata.Le designazioni di cui al primo comma possono essere revocate dall’autore con le stesse forme.Non possono ricoprire le funzioni di amministratore di sostegno gli operatori dei servizi pubblici o privati che hanno in cura o in carico il beneficiario.Il giudice tutelare, quando ne ravvisa l’opportunità, e nel caso di designazione dell’interessato quando ricorrano gravi motivi, può chiamare all’incarico di amministratore di sostegno anche altra persona idonea, ovvero uno dei soggetti di cui al titolo II al cui legale rappresentante ovvero alla persona che questi ha facolta’ di delegare con atto depositato presso l’ufficio del giudice tutelare, competono tutti i doveri e tutte le facoltà previste nel presente capo.
Art. 408 Scelta dell’amministratore di sostegno.	6. Quali categorie di persone sono escluse dalla possibilità di ricoprire il ruolo di amministratore di sostegno?	La scelta dell’amministratore di sostegno avviene con esclusivo riguardo alla cura ed agli interessi della persona del beneficiario. L’amministratore di sostegno può essere designato dallo stesso interessato, in previsione della propria eventuale futura incapacità, mediante atto pubblico o scrittura privata autenticata. In mancanza, ovvero in presenza di gravi motivi, il giudice tutelare può designare con decreto motivato un amministratore di sostegno diverso. Nella scelta, il giudice tutelare preferisce, ove possibile, il coniuge che non sia separato legalmente, la persona stabilmente convivente, il padre, la madre, il figlio o il fratello o la sorella, il parente entro il quarto grado ovvero il soggetto designato dal genitore superstite con testamento, atto pubblico o scrittura privata autenticata.Le designazioni di cui al primo comma possono essere revocate dall’autore con le stesse forme.Non possono ricoprire le funzioni di amministratore di sostegno gli operatori dei servizi pubblici o privati che hanno in cura o in carico il beneficiario.Il giudice tutelare, quando ne ravvisa l’opportunità, e nel caso di designazione dell’interessato quando ricorrano gravi motivi, può chiamare all’incarico di amministratore di sostegno anche altra persona idonea, ovvero uno dei soggetti di cui al titolo II al cui legale rappresentante ovvero alla persona che questi ha facolta’ di delegare con atto depositato presso l’ufficio del giudice tutelare, competono tutti i doveri e tutte le facoltà previste nel presente capo.
Art. 408 Scelta dell’amministratore di sostegno.	7. In quali circostanze il giudice tutelare può chiamare all'incarico di amministratore di sostegno una persona diversa da quella designata dall'interessato?	La scelta dell’amministratore di sostegno avviene con esclusivo riguardo alla cura ed agli interessi della persona del beneficiario. L’amministratore di sostegno può essere designato dallo stesso interessato, in previsione della propria eventuale futura incapacità, mediante atto pubblico o scrittura privata autenticata. In mancanza, ovvero in presenza di gravi motivi, il giudice tutelare può designare con decreto motivato un amministratore di sostegno diverso. Nella scelta, il giudice tutelare preferisce, ove possibile, il coniuge che non sia separato legalmente, la persona stabilmente convivente, il padre, la madre, il figlio o il fratello o la sorella, il parente entro il quarto grado ovvero il soggetto designato dal genitore superstite con testamento, atto pubblico o scrittura privata autenticata.Le designazioni di cui al primo comma possono essere revocate dall’autore con le stesse forme.Non possono ricoprire le funzioni di amministratore di sostegno gli operatori dei servizi pubblici o privati che hanno in cura o in carico il beneficiario.Il giudice tutelare, quando ne ravvisa l’opportunità, e nel caso di designazione dell’interessato quando ricorrano gravi motivi, può chiamare all’incarico di amministratore di sostegno anche altra persona idonea, ovvero uno dei soggetti di cui al titolo II al cui legale rappresentante ovvero alla persona che questi ha facolta’ di delegare con atto depositato presso l’ufficio del giudice tutelare, competono tutti i doveri e tutte le facoltà previste nel presente capo.
Art. 409.Effetti dell’amministrazione di sostegno.	1. Quali atti può compiere autonomamente il beneficiario dell'amministrazione di sostegno senza la rappresentanza esclusiva o l'assistenza necessaria dell'amministratore di sostegno?	Il beneficiario conserva la capacità di agire per tutti gli atti che non richiedono la rappresentanza esclusiva o l’assistenza necessaria dell’amministratore di sostegno.Il beneficiario dell’amministrazione di sostegno può in ogni caso compiere gli atti necessari a soddisfare le esigenze della propria vita quotidiana.
Art. 409.Effetti dell’amministrazione di sostegno.	2. Il beneficiario dell'amministrazione di sostegno può compiere gli atti necessari a soddisfare le esigenze della propria vita quotidiana?	Il beneficiario conserva la capacità di agire per tutti gli atti che non richiedono la rappresentanza esclusiva o l’assistenza necessaria dell’amministratore di sostegno.Il beneficiario dell’amministrazione di sostegno può in ogni caso compiere gli atti necessari a soddisfare le esigenze della propria vita quotidiana.
Art. 410 Doveri dell’amministratore di sostegno.	1. Quali sono i doveri dell'amministratore di sostegno nei confronti del beneficiario?	Nello svolgimento dei suoi compiti l’amministratore di sostegno deve tener conto dei bisogni e delle aspirazioni del beneficiario.L’amministratore di sostegno deve tempestivamente informare il beneficiario circa gli atti da compiere nonchè il giudice tutelare in caso di dissenso con il beneficiario stesso. In caso di contrasto, di scelte o di atti dannosi ovvero di negligenza nel perseguire l’interesse o nel soddisfare i bisogni o le richieste del beneficiario, questi, il pubblico ministero o gli altri soggetti di cui all’articolo 406 possono ricorrere al giudice tutelare, che adotta con decreto motivato gli opportuni provvedimenti.L’amministratore di sostegno non è tenuto a continuare nello svolgimento dei suoi compiti oltre dieci anni, ad eccezione dei casi in cui tale incarico è rivestito dal coniuge, dalla persona stabilmente convivente, dagli ascendenti o dai discendenti.
Art. 410 Doveri dell’amministratore di sostegno.	2. Cosa deve fare l'amministratore di sostegno in caso di dissenso con il beneficiario riguardo agli atti da compiere?	Nello svolgimento dei suoi compiti l’amministratore di sostegno deve tener conto dei bisogni e delle aspirazioni del beneficiario.L’amministratore di sostegno deve tempestivamente informare il beneficiario circa gli atti da compiere nonchè il giudice tutelare in caso di dissenso con il beneficiario stesso. In caso di contrasto, di scelte o di atti dannosi ovvero di negligenza nel perseguire l’interesse o nel soddisfare i bisogni o le richieste del beneficiario, questi, il pubblico ministero o gli altri soggetti di cui all’articolo 406 possono ricorrere al giudice tutelare, che adotta con decreto motivato gli opportuni provvedimenti.L’amministratore di sostegno non è tenuto a continuare nello svolgimento dei suoi compiti oltre dieci anni, ad eccezione dei casi in cui tale incarico è rivestito dal coniuge, dalla persona stabilmente convivente, dagli ascendenti o dai discendenti.
Art. 410 Doveri dell’amministratore di sostegno.	3. Chi può ricorrere al giudice tutelare in caso di negligenza dell'amministratore di sostegno nel perseguire l'interesse del beneficiario?	Nello svolgimento dei suoi compiti l’amministratore di sostegno deve tener conto dei bisogni e delle aspirazioni del beneficiario.L’amministratore di sostegno deve tempestivamente informare il beneficiario circa gli atti da compiere nonchè il giudice tutelare in caso di dissenso con il beneficiario stesso. In caso di contrasto, di scelte o di atti dannosi ovvero di negligenza nel perseguire l’interesse o nel soddisfare i bisogni o le richieste del beneficiario, questi, il pubblico ministero o gli altri soggetti di cui all’articolo 406 possono ricorrere al giudice tutelare, che adotta con decreto motivato gli opportuni provvedimenti.L’amministratore di sostegno non è tenuto a continuare nello svolgimento dei suoi compiti oltre dieci anni, ad eccezione dei casi in cui tale incarico è rivestito dal coniuge, dalla persona stabilmente convivente, dagli ascendenti o dai discendenti.
Art. 410 Doveri dell’amministratore di sostegno.	4. Per quanto tempo può durare l'incarico dell'amministratore di sostegno e quali sono le eccezioni a questa durata?	Nello svolgimento dei suoi compiti l’amministratore di sostegno deve tener conto dei bisogni e delle aspirazioni del beneficiario.L’amministratore di sostegno deve tempestivamente informare il beneficiario circa gli atti da compiere nonchè il giudice tutelare in caso di dissenso con il beneficiario stesso. In caso di contrasto, di scelte o di atti dannosi ovvero di negligenza nel perseguire l’interesse o nel soddisfare i bisogni o le richieste del beneficiario, questi, il pubblico ministero o gli altri soggetti di cui all’articolo 406 possono ricorrere al giudice tutelare, che adotta con decreto motivato gli opportuni provvedimenti.L’amministratore di sostegno non è tenuto a continuare nello svolgimento dei suoi compiti oltre dieci anni, ad eccezione dei casi in cui tale incarico è rivestito dal coniuge, dalla persona stabilmente convivente, dagli ascendenti o dai discendenti.
Art. 411 Norme applicabili all’amministrazione di sostegno.	1. Quali articoli del codice civile si applicano all'amministratore di sostegno in quanto compatibili?	Si applicano all’amministratore di sostegno, in quanto compatibili, le disposizioni di cui agli articoli da 349 a 353 e da 374 a 388. I provvedimenti di cui agli articoli 375 e 376 sono emessi dal giudice tutelare.All’amministratore di sostegno si applicano altresì, in quanto compatibili, le disposizioni degli articoli 596, 599 e 779. Sono in ogni caso valide le disposizioni testamentarie e le convenzioni in favore dell’amministratore di sostegno che sia parente entro il quarto grado del beneficiario, ovvero che sia coniuge o persona che sia stata chiamata alla funzione in quanto con lui stabilmente convivente.Il giudice tutelare, nel provvedimento con il quale nomina l’amministratore di sostegno, o successivamente, può disporre che determinati effetti, limitazioni o decadenze, previsti da disposizioni di legge per l’interdetto o l’inabilitato, si estendano al beneficiario dell’amministrazione di sostegno, avuto riguardo all’interesse del medesimo ed a quello tutelato dalle predette disposizioni. Il provvedimento è assunto con decreto motivato a seguito di ricorso che può essere presentato anche dal beneficiario direttamente.
Art. 411 Norme applicabili all’amministrazione di sostegno.	2. Chi emette i provvedimenti di cui agli articoli 375 e 376?	Si applicano all’amministratore di sostegno, in quanto compatibili, le disposizioni di cui agli articoli da 349 a 353 e da 374 a 388. I provvedimenti di cui agli articoli 375 e 376 sono emessi dal giudice tutelare.All’amministratore di sostegno si applicano altresì, in quanto compatibili, le disposizioni degli articoli 596, 599 e 779. Sono in ogni caso valide le disposizioni testamentarie e le convenzioni in favore dell’amministratore di sostegno che sia parente entro il quarto grado del beneficiario, ovvero che sia coniuge o persona che sia stata chiamata alla funzione in quanto con lui stabilmente convivente.Il giudice tutelare, nel provvedimento con il quale nomina l’amministratore di sostegno, o successivamente, può disporre che determinati effetti, limitazioni o decadenze, previsti da disposizioni di legge per l’interdetto o l’inabilitato, si estendano al beneficiario dell’amministrazione di sostegno, avuto riguardo all’interesse del medesimo ed a quello tutelato dalle predette disposizioni. Il provvedimento è assunto con decreto motivato a seguito di ricorso che può essere presentato anche dal beneficiario direttamente.
Art. 411 Norme applicabili all’amministrazione di sostegno.	3. Quali articoli del codice civile si applicano all'amministratore di sostegno oltre a quelli da 349 a 353 e da 374 a 388?	Si applicano all’amministratore di sostegno, in quanto compatibili, le disposizioni di cui agli articoli da 349 a 353 e da 374 a 388. I provvedimenti di cui agli articoli 375 e 376 sono emessi dal giudice tutelare.All’amministratore di sostegno si applicano altresì, in quanto compatibili, le disposizioni degli articoli 596, 599 e 779. Sono in ogni caso valide le disposizioni testamentarie e le convenzioni in favore dell’amministratore di sostegno che sia parente entro il quarto grado del beneficiario, ovvero che sia coniuge o persona che sia stata chiamata alla funzione in quanto con lui stabilmente convivente.Il giudice tutelare, nel provvedimento con il quale nomina l’amministratore di sostegno, o successivamente, può disporre che determinati effetti, limitazioni o decadenze, previsti da disposizioni di legge per l’interdetto o l’inabilitato, si estendano al beneficiario dell’amministrazione di sostegno, avuto riguardo all’interesse del medesimo ed a quello tutelato dalle predette disposizioni. Il provvedimento è assunto con decreto motivato a seguito di ricorso che può essere presentato anche dal beneficiario direttamente.
Art. 411 Norme applicabili all’amministrazione di sostegno.	4. In quali casi sono valide le disposizioni testamentarie e le convenzioni in favore dell’amministratore di sostegno?	Si applicano all’amministratore di sostegno, in quanto compatibili, le disposizioni di cui agli articoli da 349 a 353 e da 374 a 388. I provvedimenti di cui agli articoli 375 e 376 sono emessi dal giudice tutelare.All’amministratore di sostegno si applicano altresì, in quanto compatibili, le disposizioni degli articoli 596, 599 e 779. Sono in ogni caso valide le disposizioni testamentarie e le convenzioni in favore dell’amministratore di sostegno che sia parente entro il quarto grado del beneficiario, ovvero che sia coniuge o persona che sia stata chiamata alla funzione in quanto con lui stabilmente convivente.Il giudice tutelare, nel provvedimento con il quale nomina l’amministratore di sostegno, o successivamente, può disporre che determinati effetti, limitazioni o decadenze, previsti da disposizioni di legge per l’interdetto o l’inabilitato, si estendano al beneficiario dell’amministrazione di sostegno, avuto riguardo all’interesse del medesimo ed a quello tutelato dalle predette disposizioni. Il provvedimento è assunto con decreto motivato a seguito di ricorso che può essere presentato anche dal beneficiario direttamente.
Art. 411 Norme applicabili all’amministrazione di sostegno.	5. Chi può disporre che determinati effetti, limitazioni o decadenze previsti per l’interdetto o l’inabilitato si estendano al beneficiario dell’amministrazione di sostegno?	Si applicano all’amministratore di sostegno, in quanto compatibili, le disposizioni di cui agli articoli da 349 a 353 e da 374 a 388. I provvedimenti di cui agli articoli 375 e 376 sono emessi dal giudice tutelare.All’amministratore di sostegno si applicano altresì, in quanto compatibili, le disposizioni degli articoli 596, 599 e 779. Sono in ogni caso valide le disposizioni testamentarie e le convenzioni in favore dell’amministratore di sostegno che sia parente entro il quarto grado del beneficiario, ovvero che sia coniuge o persona che sia stata chiamata alla funzione in quanto con lui stabilmente convivente.Il giudice tutelare, nel provvedimento con il quale nomina l’amministratore di sostegno, o successivamente, può disporre che determinati effetti, limitazioni o decadenze, previsti da disposizioni di legge per l’interdetto o l’inabilitato, si estendano al beneficiario dell’amministrazione di sostegno, avuto riguardo all’interesse del medesimo ed a quello tutelato dalle predette disposizioni. Il provvedimento è assunto con decreto motivato a seguito di ricorso che può essere presentato anche dal beneficiario direttamente.
Art. 411 Norme applicabili all’amministrazione di sostegno.	6. Quali sono le condizioni per l'assunzione del provvedimento che estende determinati effetti, limitazioni o decadenze al beneficiario dell’amministrazione di sostegno?	Si applicano all’amministratore di sostegno, in quanto compatibili, le disposizioni di cui agli articoli da 349 a 353 e da 374 a 388. I provvedimenti di cui agli articoli 375 e 376 sono emessi dal giudice tutelare.All’amministratore di sostegno si applicano altresì, in quanto compatibili, le disposizioni degli articoli 596, 599 e 779. Sono in ogni caso valide le disposizioni testamentarie e le convenzioni in favore dell’amministratore di sostegno che sia parente entro il quarto grado del beneficiario, ovvero che sia coniuge o persona che sia stata chiamata alla funzione in quanto con lui stabilmente convivente.Il giudice tutelare, nel provvedimento con il quale nomina l’amministratore di sostegno, o successivamente, può disporre che determinati effetti, limitazioni o decadenze, previsti da disposizioni di legge per l’interdetto o l’inabilitato, si estendano al beneficiario dell’amministrazione di sostegno, avuto riguardo all’interesse del medesimo ed a quello tutelato dalle predette disposizioni. Il provvedimento è assunto con decreto motivato a seguito di ricorso che può essere presentato anche dal beneficiario direttamente.
Art. 412 Atti compiuti dal beneficiario o dall’amministratore di sostegno in violazione di norme di legge o delle disposizioni del giudice.	1. Chi può richiedere l'annullamento degli atti compiuti dall'amministratore di sostegno in violazione di disposizioni di legge?	Gli atti compiuti dall’amministratore di sostegno in violazione di disposizioni di legge, od in eccesso rispetto all’oggetto dell’incarico o ai poteri conferitigli dal giudice, possono essere annullati su istanza dell’amministratore di sostegno, del pubblico ministero, del beneficiario o dei suoi eredi ed aventi causa.Possono essere parimenti annullati su istanza dell’amministratore di sostegno, del beneficiario, o dei suoi eredi ed aventi causa, gli atti compiuti personalmente dal beneficiario in violazione delle disposizioni di legge o di quelle contenute nel decreto che istituisce l’amministrazione di sostegno.Le azioni relative si prescrivono nel termine di cinque anni. Il termine decorre dal momento in cui è cessato lo stato di sottoposizione all’amministrazione di sostegno.
Art. 412 Atti compiuti dal beneficiario o dall’amministratore di sostegno in violazione di norme di legge o delle disposizioni del giudice.	2. Quali atti compiuti personalmente dal beneficiario possono essere annullati su istanza dell'amministratore di sostegno?	Gli atti compiuti dall’amministratore di sostegno in violazione di disposizioni di legge, od in eccesso rispetto all’oggetto dell’incarico o ai poteri conferitigli dal giudice, possono essere annullati su istanza dell’amministratore di sostegno, del pubblico ministero, del beneficiario o dei suoi eredi ed aventi causa.Possono essere parimenti annullati su istanza dell’amministratore di sostegno, del beneficiario, o dei suoi eredi ed aventi causa, gli atti compiuti personalmente dal beneficiario in violazione delle disposizioni di legge o di quelle contenute nel decreto che istituisce l’amministrazione di sostegno.Le azioni relative si prescrivono nel termine di cinque anni. Il termine decorre dal momento in cui è cessato lo stato di sottoposizione all’amministrazione di sostegno.
Art. 412 Atti compiuti dal beneficiario o dall’amministratore di sostegno in violazione di norme di legge o delle disposizioni del giudice.	3. Qual è il termine di prescrizione per le azioni relative all'annullamento degli atti compiuti dall'amministratore di sostegno o dal beneficiario?	Gli atti compiuti dall’amministratore di sostegno in violazione di disposizioni di legge, od in eccesso rispetto all’oggetto dell’incarico o ai poteri conferitigli dal giudice, possono essere annullati su istanza dell’amministratore di sostegno, del pubblico ministero, del beneficiario o dei suoi eredi ed aventi causa.Possono essere parimenti annullati su istanza dell’amministratore di sostegno, del beneficiario, o dei suoi eredi ed aventi causa, gli atti compiuti personalmente dal beneficiario in violazione delle disposizioni di legge o di quelle contenute nel decreto che istituisce l’amministrazione di sostegno.Le azioni relative si prescrivono nel termine di cinque anni. Il termine decorre dal momento in cui è cessato lo stato di sottoposizione all’amministrazione di sostegno.
Art. 412 Atti compiuti dal beneficiario o dall’amministratore di sostegno in violazione di norme di legge o delle disposizioni del giudice.	4. Da quando decorre il termine di prescrizione per le azioni relative all'annullamento degli atti compiuti in violazione delle disposizioni di legge?	Gli atti compiuti dall’amministratore di sostegno in violazione di disposizioni di legge, od in eccesso rispetto all’oggetto dell’incarico o ai poteri conferitigli dal giudice, possono essere annullati su istanza dell’amministratore di sostegno, del pubblico ministero, del beneficiario o dei suoi eredi ed aventi causa.Possono essere parimenti annullati su istanza dell’amministratore di sostegno, del beneficiario, o dei suoi eredi ed aventi causa, gli atti compiuti personalmente dal beneficiario in violazione delle disposizioni di legge o di quelle contenute nel decreto che istituisce l’amministrazione di sostegno.Le azioni relative si prescrivono nel termine di cinque anni. Il termine decorre dal momento in cui è cessato lo stato di sottoposizione all’amministrazione di sostegno.
Art. 413 Revoca dell’amministrazione di sostegno.	1. Chi può rivolgere istanza motivata al giudice tutelare per la cessazione dell’amministrazione di sostegno o per la sostituzione dell’amministratore?	Quando il beneficiario, l’amministratore di sostegno, il pubblico ministero o taluno dei soggetti di cui all’articolo 406, ritengono che si siano determinati i presupposti per la cessazione dell’amministrazione di sostegno, o per la sostituzione dell’amministratore, rivolgono istanza motivata al giudice tutelare.L’istanza è comunicata al beneficiario ed all’amministratore di sostegno. Il giudice tutelare provvede con decreto motivato, acquisite le necessarie informazioni e disposti gli opportuni mezzi istruttori.Il giudice tutelare provvede altresì, anche d’ufficio, alla dichiarazione di cessazione dell’amministrazione di sostegno quando questa si sia rivelata inidonea a realizzare la piena tutela del beneficiario. In tale ipotesi, se ritiene che si debba promuovere giudizio di interdizione o di inabilitazione, ne informa il pubblico ministero, affinchè vi provveda. In questo caso l’amministrazione di sostegno cessa con la nomina del tutore o del curatore provvisorio ai sensi dell’articolo 419, ovvero con la dichiarazione di interdizione o di inabilitazione.
Art. 413 Revoca dell’amministrazione di sostegno.	2. A chi deve essere comunicata l’istanza per la cessazione dell’amministrazione di sostegno?	Quando il beneficiario, l’amministratore di sostegno, il pubblico ministero o taluno dei soggetti di cui all’articolo 406, ritengono che si siano determinati i presupposti per la cessazione dell’amministrazione di sostegno, o per la sostituzione dell’amministratore, rivolgono istanza motivata al giudice tutelare.L’istanza è comunicata al beneficiario ed all’amministratore di sostegno. Il giudice tutelare provvede con decreto motivato, acquisite le necessarie informazioni e disposti gli opportuni mezzi istruttori.Il giudice tutelare provvede altresì, anche d’ufficio, alla dichiarazione di cessazione dell’amministrazione di sostegno quando questa si sia rivelata inidonea a realizzare la piena tutela del beneficiario. In tale ipotesi, se ritiene che si debba promuovere giudizio di interdizione o di inabilitazione, ne informa il pubblico ministero, affinchè vi provveda. In questo caso l’amministrazione di sostegno cessa con la nomina del tutore o del curatore provvisorio ai sensi dell’articolo 419, ovvero con la dichiarazione di interdizione o di inabilitazione.
Art. 413 Revoca dell’amministrazione di sostegno.	3. Come provvede il giudice tutelare dopo aver ricevuto l’istanza motivata?	Quando il beneficiario, l’amministratore di sostegno, il pubblico ministero o taluno dei soggetti di cui all’articolo 406, ritengono che si siano determinati i presupposti per la cessazione dell’amministrazione di sostegno, o per la sostituzione dell’amministratore, rivolgono istanza motivata al giudice tutelare.L’istanza è comunicata al beneficiario ed all’amministratore di sostegno. Il giudice tutelare provvede con decreto motivato, acquisite le necessarie informazioni e disposti gli opportuni mezzi istruttori.Il giudice tutelare provvede altresì, anche d’ufficio, alla dichiarazione di cessazione dell’amministrazione di sostegno quando questa si sia rivelata inidonea a realizzare la piena tutela del beneficiario. In tale ipotesi, se ritiene che si debba promuovere giudizio di interdizione o di inabilitazione, ne informa il pubblico ministero, affinchè vi provveda. In questo caso l’amministrazione di sostegno cessa con la nomina del tutore o del curatore provvisorio ai sensi dell’articolo 419, ovvero con la dichiarazione di interdizione o di inabilitazione.
Art. 413 Revoca dell’amministrazione di sostegno.	4. In quali casi il giudice tutelare può dichiarare d’ufficio la cessazione dell’amministrazione di sostegno?	Quando il beneficiario, l’amministratore di sostegno, il pubblico ministero o taluno dei soggetti di cui all’articolo 406, ritengono che si siano determinati i presupposti per la cessazione dell’amministrazione di sostegno, o per la sostituzione dell’amministratore, rivolgono istanza motivata al giudice tutelare.L’istanza è comunicata al beneficiario ed all’amministratore di sostegno. Il giudice tutelare provvede con decreto motivato, acquisite le necessarie informazioni e disposti gli opportuni mezzi istruttori.Il giudice tutelare provvede altresì, anche d’ufficio, alla dichiarazione di cessazione dell’amministrazione di sostegno quando questa si sia rivelata inidonea a realizzare la piena tutela del beneficiario. In tale ipotesi, se ritiene che si debba promuovere giudizio di interdizione o di inabilitazione, ne informa il pubblico ministero, affinchè vi provveda. In questo caso l’amministrazione di sostegno cessa con la nomina del tutore o del curatore provvisorio ai sensi dell’articolo 419, ovvero con la dichiarazione di interdizione o di inabilitazione.
Art. 413 Revoca dell’amministrazione di sostegno.	5. Cosa deve fare il giudice tutelare se ritiene necessario promuovere un giudizio di interdizione o di inabilitazione?	Quando il beneficiario, l’amministratore di sostegno, il pubblico ministero o taluno dei soggetti di cui all’articolo 406, ritengono che si siano determinati i presupposti per la cessazione dell’amministrazione di sostegno, o per la sostituzione dell’amministratore, rivolgono istanza motivata al giudice tutelare.L’istanza è comunicata al beneficiario ed all’amministratore di sostegno. Il giudice tutelare provvede con decreto motivato, acquisite le necessarie informazioni e disposti gli opportuni mezzi istruttori.Il giudice tutelare provvede altresì, anche d’ufficio, alla dichiarazione di cessazione dell’amministrazione di sostegno quando questa si sia rivelata inidonea a realizzare la piena tutela del beneficiario. In tale ipotesi, se ritiene che si debba promuovere giudizio di interdizione o di inabilitazione, ne informa il pubblico ministero, affinchè vi provveda. In questo caso l’amministrazione di sostegno cessa con la nomina del tutore o del curatore provvisorio ai sensi dell’articolo 419, ovvero con la dichiarazione di interdizione o di inabilitazione.
Art. 413 Revoca dell’amministrazione di sostegno.	6. Quando cessa l’amministrazione di sostegno in caso di promozione di giudizio di interdizione o di inabilitazione?	Quando il beneficiario, l’amministratore di sostegno, il pubblico ministero o taluno dei soggetti di cui all’articolo 406, ritengono che si siano determinati i presupposti per la cessazione dell’amministrazione di sostegno, o per la sostituzione dell’amministratore, rivolgono istanza motivata al giudice tutelare.L’istanza è comunicata al beneficiario ed all’amministratore di sostegno. Il giudice tutelare provvede con decreto motivato, acquisite le necessarie informazioni e disposti gli opportuni mezzi istruttori.Il giudice tutelare provvede altresì, anche d’ufficio, alla dichiarazione di cessazione dell’amministrazione di sostegno quando questa si sia rivelata inidonea a realizzare la piena tutela del beneficiario. In tale ipotesi, se ritiene che si debba promuovere giudizio di interdizione o di inabilitazione, ne informa il pubblico ministero, affinchè vi provveda. In questo caso l’amministrazione di sostegno cessa con la nomina del tutore o del curatore provvisorio ai sensi dell’articolo 419, ovvero con la dichiarazione di interdizione o di inabilitazione.
Art. 414 Persone che possono essere interdette	1. Quali sono le condizioni necessarie per l'interdizione di un maggiore di età o di un minore emancipato?	Il maggiore di età e il minore emancipato, i quali si trovano in condizioni di abituale infermità di mente che li rende incapaci di provvedere ai propri interessi, sono interdetti quando ciò è necessario per assicurare la loro adeguata protezione. (417 e seguenti).
Art. 414 Persone che possono essere interdette	2. Qual è lo scopo dell'interdizione per un maggiore di età o un minore emancipato in condizioni di abituale infermità di mente?	Il maggiore di età e il minore emancipato, i quali si trovano in condizioni di abituale infermità di mente che li rende incapaci di provvedere ai propri interessi, sono interdetti quando ciò è necessario per assicurare la loro adeguata protezione. (417 e seguenti).
Art. 415 Persone che possono essere inabilitate	1. Quali sono le condizioni per cui un maggiore di età infermo di mente può essere inabilitato?	Il maggiore di età infermo di mente, lo stato del quale non è talmente grave da far luogo all’interdizione, può essere inabilitato (166, 193, 417 e seguenti, 429).Possono anche essere inabilitati coloro che, per prodigalità o per abuso abituale di bevande alcoliche o di stupefacenti, espongono sé e la loro famiglia a gravi pregiudizi economici.Possono infine essere inabilitati il sordomuto e il cieco dalla nascita o dalla prima infanzia, se non hanno ricevuto un’educazione sufficiente, salva l’applicazione dell’art. 414 quando risulta che essi sono del tutto incapaci di provvedere ai propri interessi.
Art. 415 Persone che possono essere inabilitate	2. In quali casi una persona può essere inabilitata per prodigalità o abuso abituale di bevande alcoliche o di stupefacenti?	Il maggiore di età infermo di mente, lo stato del quale non è talmente grave da far luogo all’interdizione, può essere inabilitato (166, 193, 417 e seguenti, 429).Possono anche essere inabilitati coloro che, per prodigalità o per abuso abituale di bevande alcoliche o di stupefacenti, espongono sé e la loro famiglia a gravi pregiudizi economici.Possono infine essere inabilitati il sordomuto e il cieco dalla nascita o dalla prima infanzia, se non hanno ricevuto un’educazione sufficiente, salva l’applicazione dell’art. 414 quando risulta che essi sono del tutto incapaci di provvedere ai propri interessi.
Art. 415 Persone che possono essere inabilitate	3. Quali sono le condizioni per l'inabilitazione del sordomuto e del cieco dalla nascita o dalla prima infanzia?	Il maggiore di età infermo di mente, lo stato del quale non è talmente grave da far luogo all’interdizione, può essere inabilitato (166, 193, 417 e seguenti, 429).Possono anche essere inabilitati coloro che, per prodigalità o per abuso abituale di bevande alcoliche o di stupefacenti, espongono sé e la loro famiglia a gravi pregiudizi economici.Possono infine essere inabilitati il sordomuto e il cieco dalla nascita o dalla prima infanzia, se non hanno ricevuto un’educazione sufficiente, salva l’applicazione dell’art. 414 quando risulta che essi sono del tutto incapaci di provvedere ai propri interessi.
Art. 416 Interdizione e inabilitazione nell’ultimo anno di minore età	1. In quale periodo della minore età può essere interdetto o inabilitato un minore non emancipato?	Il minore non emancipato può essere interdetto o inabilitato nell’ultimo anno della sua minore età. L’interdizione o l’inabilitazione ha effetto dal giorno in cui il minore raggiunge l’età maggiore (2, 421; 2 att.).
Art. 416 Interdizione e inabilitazione nell’ultimo anno di minore età	2. Da quando ha effetto l'interdizione o l'inabilitazione di un minore non emancipato?	Il minore non emancipato può essere interdetto o inabilitato nell’ultimo anno della sua minore età. L’interdizione o l’inabilitazione ha effetto dal giorno in cui il minore raggiunge l’età maggiore (2, 421; 2 att.).
Art. 417 Istanza d’interdizione o di inabilitazione	1. Chi può promuovere l'interdizione o l'inabilitazione secondo gli articoli 414 e 415?	L’interdizione o l’inabilitazione possono essere promosse dalle persone indicate negli articoli 414 e 415, dal coniuge, dalla persona stabilmente convivente, dai parenti entro il quarto grado, dagli affini entro il secondo grado, dal tutore o curatore ovvero dal pubblico ministero (76 e seguenti, 85; Cod. Proc. Civ. 712).Se l’interdicendo o l’inabilitando si trova sotto la patria potestà dei genitori o ha per curatore uno dei genitori, l’interdizione o l’inabilitazione non può essere promossa che su istanza del genitore medesimo o del pubblico ministero.
Art. 417 Istanza d’interdizione o di inabilitazione	2. In quali casi l'interdizione o l'inabilitazione può essere promossa solo su istanza del genitore o del pubblico ministero?	L’interdizione o l’inabilitazione possono essere promosse dalle persone indicate negli articoli 414 e 415, dal coniuge, dalla persona stabilmente convivente, dai parenti entro il quarto grado, dagli affini entro il secondo grado, dal tutore o curatore ovvero dal pubblico ministero (76 e seguenti, 85; Cod. Proc. Civ. 712).Se l’interdicendo o l’inabilitando si trova sotto la patria potestà dei genitori o ha per curatore uno dei genitori, l’interdizione o l’inabilitazione non può essere promossa che su istanza del genitore medesimo o del pubblico ministero.
Art. 418 Poteri dell’autorità giudiziaria	1. Può essere dichiarata l’inabilitazione per infermità di mente anche d’ufficio durante un giudizio d’interdizione?	Promosso il giudizio d’interdizione, può essere dichiarata anche d’ufficio l’inabilitazione per infermità di mente.Se nel corso del giudizio d’inabilitazione si rivela l’esistenza delle condizioni richieste per l’interdizione, il pubblico ministero fa istanza al tribunale di pronunziare l’interdizione, e il tribunale provvede nello stesso giudizio, premessa l’istruttoria necessaria (att. 40).Se nel corso del giudizio di interdizione o di inabilitazione appare opportuno applicare l’amministrazione di sostegno, il giudice, d’ufficio o ad istanza di parte, dispone la trasmissione del procedimento al giudice tutelare. In tal caso il giudice competente per l’interdizione o per l’inabilitazione può adottare i provvedimenti urgenti di cui al quarto comma dell’articolo 405.
Art. 418 Poteri dell’autorità giudiziaria	2. Cosa deve fare il pubblico ministero se nel corso del giudizio d’inabilitazione si rivelano le condizioni per l’interdizione?	Promosso il giudizio d’interdizione, può essere dichiarata anche d’ufficio l’inabilitazione per infermità di mente.Se nel corso del giudizio d’inabilitazione si rivela l’esistenza delle condizioni richieste per l’interdizione, il pubblico ministero fa istanza al tribunale di pronunziare l’interdizione, e il tribunale provvede nello stesso giudizio, premessa l’istruttoria necessaria (att. 40).Se nel corso del giudizio di interdizione o di inabilitazione appare opportuno applicare l’amministrazione di sostegno, il giudice, d’ufficio o ad istanza di parte, dispone la trasmissione del procedimento al giudice tutelare. In tal caso il giudice competente per l’interdizione o per l’inabilitazione può adottare i provvedimenti urgenti di cui al quarto comma dell’articolo 405.
Art. 418 Poteri dell’autorità giudiziaria	3. Quale istruttoria è necessaria se il tribunale deve pronunciare l’interdizione durante un giudizio d’inabilitazione?	Promosso il giudizio d’interdizione, può essere dichiarata anche d’ufficio l’inabilitazione per infermità di mente.Se nel corso del giudizio d’inabilitazione si rivela l’esistenza delle condizioni richieste per l’interdizione, il pubblico ministero fa istanza al tribunale di pronunziare l’interdizione, e il tribunale provvede nello stesso giudizio, premessa l’istruttoria necessaria (att. 40).Se nel corso del giudizio di interdizione o di inabilitazione appare opportuno applicare l’amministrazione di sostegno, il giudice, d’ufficio o ad istanza di parte, dispone la trasmissione del procedimento al giudice tutelare. In tal caso il giudice competente per l’interdizione o per l’inabilitazione può adottare i provvedimenti urgenti di cui al quarto comma dell’articolo 405.
Art. 418 Poteri dell’autorità giudiziaria	4. Cosa può fare il giudice se durante un giudizio di interdizione o di inabilitazione appare opportuno applicare l’amministrazione di sostegno?	Promosso il giudizio d’interdizione, può essere dichiarata anche d’ufficio l’inabilitazione per infermità di mente.Se nel corso del giudizio d’inabilitazione si rivela l’esistenza delle condizioni richieste per l’interdizione, il pubblico ministero fa istanza al tribunale di pronunziare l’interdizione, e il tribunale provvede nello stesso giudizio, premessa l’istruttoria necessaria (att. 40).Se nel corso del giudizio di interdizione o di inabilitazione appare opportuno applicare l’amministrazione di sostegno, il giudice, d’ufficio o ad istanza di parte, dispone la trasmissione del procedimento al giudice tutelare. In tal caso il giudice competente per l’interdizione o per l’inabilitazione può adottare i provvedimenti urgenti di cui al quarto comma dell’articolo 405.
Art. 418 Poteri dell’autorità giudiziaria	5. Quali provvedimenti urgenti può adottare il giudice competente per l’interdizione o per l’inabilitazione in caso di trasmissione del procedimento al giudice tutelare?	Promosso il giudizio d’interdizione, può essere dichiarata anche d’ufficio l’inabilitazione per infermità di mente.Se nel corso del giudizio d’inabilitazione si rivela l’esistenza delle condizioni richieste per l’interdizione, il pubblico ministero fa istanza al tribunale di pronunziare l’interdizione, e il tribunale provvede nello stesso giudizio, premessa l’istruttoria necessaria (att. 40).Se nel corso del giudizio di interdizione o di inabilitazione appare opportuno applicare l’amministrazione di sostegno, il giudice, d’ufficio o ad istanza di parte, dispone la trasmissione del procedimento al giudice tutelare. In tal caso il giudice competente per l’interdizione o per l’inabilitazione può adottare i provvedimenti urgenti di cui al quarto comma dell’articolo 405.
Art. 419 Mezzi istruttori e provvedimenti provvisori	1. È possibile pronunciare l’interdizione o l’inabilitazione senza l’esame dell’interdicendo o dell’inabilitando?	Non si può pronunziare l’interdizione o l’inabilitazione senza che si sia proceduto all’esame dell’interdicendo o dell’inabilitando (Cod. Proc. Civ. 713 e seguenti).Il giudice può in questo esame farsi assistere da un consulente tecnico. Può anche d’ufficio disporre i mezzi istruttori utili ai fini del giudizio, interrogare i parenti prossimi dell’interdicendo o inabilitando e assumere le necessarie informazioni.Dopo l’esame, qualora sia ritenuto opportuno, può essere nominato un tutore provvisorio all’interdicendo o un curatore provvisorio all’inabilitando (Cod. Proc. Civ. 714 e seguenti).
Art. 419 Mezzi istruttori e provvedimenti provvisori	2. Chi può assistere il giudice durante l’esame dell’interdicendo o dell’inabilitando?	Non si può pronunziare l’interdizione o l’inabilitazione senza che si sia proceduto all’esame dell’interdicendo o dell’inabilitando (Cod. Proc. Civ. 713 e seguenti).Il giudice può in questo esame farsi assistere da un consulente tecnico. Può anche d’ufficio disporre i mezzi istruttori utili ai fini del giudizio, interrogare i parenti prossimi dell’interdicendo o inabilitando e assumere le necessarie informazioni.Dopo l’esame, qualora sia ritenuto opportuno, può essere nominato un tutore provvisorio all’interdicendo o un curatore provvisorio all’inabilitando (Cod. Proc. Civ. 714 e seguenti).
Art. 419 Mezzi istruttori e provvedimenti provvisori	3. Quali mezzi istruttori può disporre il giudice d’ufficio ai fini del giudizio?	Non si può pronunziare l’interdizione o l’inabilitazione senza che si sia proceduto all’esame dell’interdicendo o dell’inabilitando (Cod. Proc. Civ. 713 e seguenti).Il giudice può in questo esame farsi assistere da un consulente tecnico. Può anche d’ufficio disporre i mezzi istruttori utili ai fini del giudizio, interrogare i parenti prossimi dell’interdicendo o inabilitando e assumere le necessarie informazioni.Dopo l’esame, qualora sia ritenuto opportuno, può essere nominato un tutore provvisorio all’interdicendo o un curatore provvisorio all’inabilitando (Cod. Proc. Civ. 714 e seguenti).
Art. 419 Mezzi istruttori e provvedimenti provvisori	4. Cosa può essere nominato all’interdicendo o all’inabilitando dopo l’esame, se ritenuto opportuno?	Non si può pronunziare l’interdizione o l’inabilitazione senza che si sia proceduto all’esame dell’interdicendo o dell’inabilitando (Cod. Proc. Civ. 713 e seguenti).Il giudice può in questo esame farsi assistere da un consulente tecnico. Può anche d’ufficio disporre i mezzi istruttori utili ai fini del giudizio, interrogare i parenti prossimi dell’interdicendo o inabilitando e assumere le necessarie informazioni.Dopo l’esame, qualora sia ritenuto opportuno, può essere nominato un tutore provvisorio all’interdicendo o un curatore provvisorio all’inabilitando (Cod. Proc. Civ. 714 e seguenti).
Art. 421 Decorrenza degli effetti dell’interdizione e dell’inabilitazione	1. Quali sono gli effetti dell’interdizione e dell’inabilitazione e da quando decorrono?	L’interdizione e l’inabilitazione producono i loro effetti dal giorno della pubblicazione della sentenza, salvo il caso previsto dall’art. 416.
Art. 422 Cessazione del tutore e del curatore provvisorio	1. Può il tutore o il curatore provvisorio rimanere in ufficio fino al passaggio in giudicato della sentenza che rigetta l’istanza d’interdizione o d’inabilitazione?	Nella sentenza che rigetta l’istanza d’interdizione o d’inabilitazione, può disporsi che il tutore o il curatore provvisorio, rimanga in ufficio fino a che la sentenza non sia passata in giudicato (Cod. Proc. Civ. 324).
Art. 423 Pubblicità	1. Quali documenti devono essere immediatamente annotati a cura del cancelliere nell'apposito registro?	Il decreto di nomina del tutore o del curatore provvisorio e la sentenza d’interdizione o d’inabilitazione devono essere immediatamente annotati a cura del cancelliere nell’apposito registro (48 e seguenti; 49 att.) e comunicati entro dieci giorni all’ufficiale dello stato civile per le annotazioni in margine all’atto di nascita (att. 42).
Art. 423 Pubblicità	2. Entro quanti giorni devono essere comunicati all'ufficiale dello stato civile i decreti di nomina del tutore o del curatore provvisorio e le sentenze d’interdizione o d’inabilitazione?	Il decreto di nomina del tutore o del curatore provvisorio e la sentenza d’interdizione o d’inabilitazione devono essere immediatamente annotati a cura del cancelliere nell’apposito registro (48 e seguenti; 49 att.) e comunicati entro dieci giorni all’ufficiale dello stato civile per le annotazioni in margine all’atto di nascita (att. 42).
Art. 424 Tutela dell’interdetto e curatela dell’inabilitato	1. A quali categorie di persone si applicano le disposizioni sulla tutela dei minori e sulla curatela dei minori emancipati?	Le disposizioni sulla tutela dei minori e quelle sulla curatela dei minori emancipati si applicano rispettivamente alla tutela degli interdetti e alla curatela degli inabilitati (343 e seguenti, 390 e seguenti).Le stesse disposizioni si applicano rispettivamente anche nei casi di nomina del tutore provvisorio dell’interdicendo e del curatore provvisorio dell’inabilitando a norma dell’art. 419. Per l’interdicendo non si nomina il protutore provvisorio.Nella scelta del tutore dell’interdetto e del curatore dell’inabilitato il giudice tutelare individua di preferenza la persona più idonea all’incarico tra i soggetti, e con i criteri, indicati nell’articolo 408.
Art. 424 Tutela dell’interdetto e curatela dell’inabilitato	2. In quali casi si applicano le stesse disposizioni previste per la tutela dei minori e la curatela dei minori emancipati?	Le disposizioni sulla tutela dei minori e quelle sulla curatela dei minori emancipati si applicano rispettivamente alla tutela degli interdetti e alla curatela degli inabilitati (343 e seguenti, 390 e seguenti).Le stesse disposizioni si applicano rispettivamente anche nei casi di nomina del tutore provvisorio dell’interdicendo e del curatore provvisorio dell’inabilitando a norma dell’art. 419. Per l’interdicendo non si nomina il protutore provvisorio.Nella scelta del tutore dell’interdetto e del curatore dell’inabilitato il giudice tutelare individua di preferenza la persona più idonea all’incarico tra i soggetti, e con i criteri, indicati nell’articolo 408.
Art. 424 Tutela dell’interdetto e curatela dell’inabilitato	3. Quale articolo del codice civile viene richiamato per la nomina del tutore provvisorio dell’interdicendo e del curatore provvisorio dell’inabilitando?	Le disposizioni sulla tutela dei minori e quelle sulla curatela dei minori emancipati si applicano rispettivamente alla tutela degli interdetti e alla curatela degli inabilitati (343 e seguenti, 390 e seguenti).Le stesse disposizioni si applicano rispettivamente anche nei casi di nomina del tutore provvisorio dell’interdicendo e del curatore provvisorio dell’inabilitando a norma dell’art. 419. Per l’interdicendo non si nomina il protutore provvisorio.Nella scelta del tutore dell’interdetto e del curatore dell’inabilitato il giudice tutelare individua di preferenza la persona più idonea all’incarico tra i soggetti, e con i criteri, indicati nell’articolo 408.
Art. 424 Tutela dell’interdetto e curatela dell’inabilitato	4. Quali criteri deve seguire il giudice tutelare nella scelta del tutore dell’interdetto e del curatore dell’inabilitato?	Le disposizioni sulla tutela dei minori e quelle sulla curatela dei minori emancipati si applicano rispettivamente alla tutela degli interdetti e alla curatela degli inabilitati (343 e seguenti, 390 e seguenti).Le stesse disposizioni si applicano rispettivamente anche nei casi di nomina del tutore provvisorio dell’interdicendo e del curatore provvisorio dell’inabilitando a norma dell’art. 419. Per l’interdicendo non si nomina il protutore provvisorio.Nella scelta del tutore dell’interdetto e del curatore dell’inabilitato il giudice tutelare individua di preferenza la persona più idonea all’incarico tra i soggetti, e con i criteri, indicati nell’articolo 408.
Art. 425 Esercizio dell’impresa commerciale da parte dell’inabilitato	1. L'inabilitato può continuare l'esercizio dell'impresa commerciale senza autorizzazione del tribunale?	L’inabilitato può continuare l’esercizio dell’impresa commerciale soltanto se autorizzato dal tribunale su parere del giudice tutelare (2198, 2294; att. 100). L’autorizzazione può essere subordinata alla nomina di un institore (2203 e seguenti)
Art. 425 Esercizio dell’impresa commerciale da parte dell’inabilitato	2. A quale condizione l'autorizzazione del tribunale per l'inabilitato può essere subordinata?	L’inabilitato può continuare l’esercizio dell’impresa commerciale soltanto se autorizzato dal tribunale su parere del giudice tutelare (2198, 2294; att. 100). L’autorizzazione può essere subordinata alla nomina di un institore (2203 e seguenti)
Art. 426 Durata dell’ufficio	1. Quali sono le eccezioni alla regola che nessuno è tenuto a continuare nella tutela dell’interdetto o nella curatela dell’inabilitato oltre i dieci anni?	Nessuno è tenuto a continuare nella tutela dell’interdetto o nella curatela dell’inabilitato oltre i dieci anni, ad eccezione del coniuge, della persona stabilmente convivente, degli ascendenti o dei discendenti.
Art. 427 Atti compiuti dall’interdetto e dall’inabilitato	1. Quali atti di ordinaria amministrazione possono essere compiuti dall’interdetto senza l’intervento del tutore?	Nella sentenza che pronuncia l’interdizione o l’inabilitazione, o in successivi provvedimenti dell’autorità giudiziaria, può stabilirsi che taluni atti di ordinaria amministrazione possano essere compiuti dall’interdetto senza l’intervento ovvero con l’assistenza del tutore, o che taluni atti eccedenti l’ordinaria amministrazione possano essere compiuti dall’inabilitato senza l’assistenza del curatore.Gli atti compiuti dall’interdetto dopo la sentenza di interdizione possono essere annullati su istanza del tutore, dell’interdetto o dei suoi eredi o aventi causa (1425 e seguenti, 1441 e seguenti). Sono del pari annullabili gli atti compiuti dall’interdetto dopo la nomina del tutore provvisorio, qualora alla nomina segua la sentenza d’interdizione.Possono essere annullati su istanza dell’inabilitato o dei suoi eredi o aventi causa gli atti eccedenti l’ordinaria amministrazione fatti dall’inabilitato, senza l’osservanza delle prescritte formalità, dopo la sentenza di inabilitazione o dopo la nomina del curatore provvisorio, qualora alla nomina sia seguita l’inabilitazione.Per gli atti compiuti dall’interdetto prima della sentenza d’interdizione o prima della nomina del tutore provvisorio si applicano le disposizioni dell’articolo seguente.
Art. 427 Atti compiuti dall’interdetto e dall’inabilitato	2. Chi può richiedere l'annullamento degli atti compiuti dall’interdetto dopo la sentenza di interdizione?	Nella sentenza che pronuncia l’interdizione o l’inabilitazione, o in successivi provvedimenti dell’autorità giudiziaria, può stabilirsi che taluni atti di ordinaria amministrazione possano essere compiuti dall’interdetto senza l’intervento ovvero con l’assistenza del tutore, o che taluni atti eccedenti l’ordinaria amministrazione possano essere compiuti dall’inabilitato senza l’assistenza del curatore.Gli atti compiuti dall’interdetto dopo la sentenza di interdizione possono essere annullati su istanza del tutore, dell’interdetto o dei suoi eredi o aventi causa (1425 e seguenti, 1441 e seguenti). Sono del pari annullabili gli atti compiuti dall’interdetto dopo la nomina del tutore provvisorio, qualora alla nomina segua la sentenza d’interdizione.Possono essere annullati su istanza dell’inabilitato o dei suoi eredi o aventi causa gli atti eccedenti l’ordinaria amministrazione fatti dall’inabilitato, senza l’osservanza delle prescritte formalità, dopo la sentenza di inabilitazione o dopo la nomina del curatore provvisorio, qualora alla nomina sia seguita l’inabilitazione.Per gli atti compiuti dall’interdetto prima della sentenza d’interdizione o prima della nomina del tutore provvisorio si applicano le disposizioni dell’articolo seguente.
Art. 427 Atti compiuti dall’interdetto e dall’inabilitato	3. Quali atti compiuti dall’interdetto dopo la nomina del tutore provvisorio possono essere annullati?	Nella sentenza che pronuncia l’interdizione o l’inabilitazione, o in successivi provvedimenti dell’autorità giudiziaria, può stabilirsi che taluni atti di ordinaria amministrazione possano essere compiuti dall’interdetto senza l’intervento ovvero con l’assistenza del tutore, o che taluni atti eccedenti l’ordinaria amministrazione possano essere compiuti dall’inabilitato senza l’assistenza del curatore.Gli atti compiuti dall’interdetto dopo la sentenza di interdizione possono essere annullati su istanza del tutore, dell’interdetto o dei suoi eredi o aventi causa (1425 e seguenti, 1441 e seguenti). Sono del pari annullabili gli atti compiuti dall’interdetto dopo la nomina del tutore provvisorio, qualora alla nomina segua la sentenza d’interdizione.Possono essere annullati su istanza dell’inabilitato o dei suoi eredi o aventi causa gli atti eccedenti l’ordinaria amministrazione fatti dall’inabilitato, senza l’osservanza delle prescritte formalità, dopo la sentenza di inabilitazione o dopo la nomina del curatore provvisorio, qualora alla nomina sia seguita l’inabilitazione.Per gli atti compiuti dall’interdetto prima della sentenza d’interdizione o prima della nomina del tutore provvisorio si applicano le disposizioni dell’articolo seguente.
Art. 427 Atti compiuti dall’interdetto e dall’inabilitato	4. Chi può richiedere l'annullamento degli atti eccedenti l’ordinaria amministrazione compiuti dall’inabilitato senza l’osservanza delle prescritte formalità?	Nella sentenza che pronuncia l’interdizione o l’inabilitazione, o in successivi provvedimenti dell’autorità giudiziaria, può stabilirsi che taluni atti di ordinaria amministrazione possano essere compiuti dall’interdetto senza l’intervento ovvero con l’assistenza del tutore, o che taluni atti eccedenti l’ordinaria amministrazione possano essere compiuti dall’inabilitato senza l’assistenza del curatore.Gli atti compiuti dall’interdetto dopo la sentenza di interdizione possono essere annullati su istanza del tutore, dell’interdetto o dei suoi eredi o aventi causa (1425 e seguenti, 1441 e seguenti). Sono del pari annullabili gli atti compiuti dall’interdetto dopo la nomina del tutore provvisorio, qualora alla nomina segua la sentenza d’interdizione.Possono essere annullati su istanza dell’inabilitato o dei suoi eredi o aventi causa gli atti eccedenti l’ordinaria amministrazione fatti dall’inabilitato, senza l’osservanza delle prescritte formalità, dopo la sentenza di inabilitazione o dopo la nomina del curatore provvisorio, qualora alla nomina sia seguita l’inabilitazione.Per gli atti compiuti dall’interdetto prima della sentenza d’interdizione o prima della nomina del tutore provvisorio si applicano le disposizioni dell’articolo seguente.
Art. 427 Atti compiuti dall’interdetto e dall’inabilitato	5. Quali condizioni devono essere soddisfatte affinché gli atti compiuti dall’inabilitato dopo la nomina del curatore provvisorio possano essere annullati?	Nella sentenza che pronuncia l’interdizione o l’inabilitazione, o in successivi provvedimenti dell’autorità giudiziaria, può stabilirsi che taluni atti di ordinaria amministrazione possano essere compiuti dall’interdetto senza l’intervento ovvero con l’assistenza del tutore, o che taluni atti eccedenti l’ordinaria amministrazione possano essere compiuti dall’inabilitato senza l’assistenza del curatore.Gli atti compiuti dall’interdetto dopo la sentenza di interdizione possono essere annullati su istanza del tutore, dell’interdetto o dei suoi eredi o aventi causa (1425 e seguenti, 1441 e seguenti). Sono del pari annullabili gli atti compiuti dall’interdetto dopo la nomina del tutore provvisorio, qualora alla nomina segua la sentenza d’interdizione.Possono essere annullati su istanza dell’inabilitato o dei suoi eredi o aventi causa gli atti eccedenti l’ordinaria amministrazione fatti dall’inabilitato, senza l’osservanza delle prescritte formalità, dopo la sentenza di inabilitazione o dopo la nomina del curatore provvisorio, qualora alla nomina sia seguita l’inabilitazione.Per gli atti compiuti dall’interdetto prima della sentenza d’interdizione o prima della nomina del tutore provvisorio si applicano le disposizioni dell’articolo seguente.
Art. 427 Atti compiuti dall’interdetto e dall’inabilitato	6. A quali disposizioni si fa riferimento per gli atti compiuti dall’interdetto prima della sentenza d’interdizione o prima della nomina del tutore provvisorio?	Nella sentenza che pronuncia l’interdizione o l’inabilitazione, o in successivi provvedimenti dell’autorità giudiziaria, può stabilirsi che taluni atti di ordinaria amministrazione possano essere compiuti dall’interdetto senza l’intervento ovvero con l’assistenza del tutore, o che taluni atti eccedenti l’ordinaria amministrazione possano essere compiuti dall’inabilitato senza l’assistenza del curatore.Gli atti compiuti dall’interdetto dopo la sentenza di interdizione possono essere annullati su istanza del tutore, dell’interdetto o dei suoi eredi o aventi causa (1425 e seguenti, 1441 e seguenti). Sono del pari annullabili gli atti compiuti dall’interdetto dopo la nomina del tutore provvisorio, qualora alla nomina segua la sentenza d’interdizione.Possono essere annullati su istanza dell’inabilitato o dei suoi eredi o aventi causa gli atti eccedenti l’ordinaria amministrazione fatti dall’inabilitato, senza l’osservanza delle prescritte formalità, dopo la sentenza di inabilitazione o dopo la nomina del curatore provvisorio, qualora alla nomina sia seguita l’inabilitazione.Per gli atti compiuti dall’interdetto prima della sentenza d’interdizione o prima della nomina del tutore provvisorio si applicano le disposizioni dell’articolo seguente.
Art. 428 Atti compiuti da persona incapace d’intendere o di volere	1. Chi può richiedere l'annullamento degli atti compiuti da una persona incapace d’intendere o di volere?	Gli atti compiuti da persona che, sebbene non interdetta, si provi essere stata per qualsiasi causa, anche transitoria, incapace d’intendere o di volere al momento in cui gli atti sono stati compiuti, possono essere annullati (1441 e seguenti) su istanza della persona medesima o dei suoi eredi o aventi causa, se ne risulta un grave pregiudizio all’autore (120, 591 n. 3, 1425 e seguenti).L’annullamento dei contratti non può essere pronunziato se non quando, per il pregiudizio che sia derivato o possa derivare alla persona incapace d’intendere o di volere o per la qualità del contratto o altrimenti, risulta la malafede dell’altro contraente.L’azione si prescrive nel termine di cinque anni dal giorno in cui l’atto o il contratto è stato compiuto.Resta salva ogni diversa disposizione di legge (120, 591, 775, 1195; att. 130).
Art. 428 Atti compiuti da persona incapace d’intendere o di volere	2. Quali condizioni devono essere soddisfatte affinché l'annullamento dei contratti possa essere pronunziato?	Gli atti compiuti da persona che, sebbene non interdetta, si provi essere stata per qualsiasi causa, anche transitoria, incapace d’intendere o di volere al momento in cui gli atti sono stati compiuti, possono essere annullati (1441 e seguenti) su istanza della persona medesima o dei suoi eredi o aventi causa, se ne risulta un grave pregiudizio all’autore (120, 591 n. 3, 1425 e seguenti).L’annullamento dei contratti non può essere pronunziato se non quando, per il pregiudizio che sia derivato o possa derivare alla persona incapace d’intendere o di volere o per la qualità del contratto o altrimenti, risulta la malafede dell’altro contraente.L’azione si prescrive nel termine di cinque anni dal giorno in cui l’atto o il contratto è stato compiuto.Resta salva ogni diversa disposizione di legge (120, 591, 775, 1195; att. 130).
Art. 428 Atti compiuti da persona incapace d’intendere o di volere	3. Qual è il termine di prescrizione per l'azione di annullamento degli atti o contratti compiuti da una persona incapace d’intendere o di volere?	Gli atti compiuti da persona che, sebbene non interdetta, si provi essere stata per qualsiasi causa, anche transitoria, incapace d’intendere o di volere al momento in cui gli atti sono stati compiuti, possono essere annullati (1441 e seguenti) su istanza della persona medesima o dei suoi eredi o aventi causa, se ne risulta un grave pregiudizio all’autore (120, 591 n. 3, 1425 e seguenti).L’annullamento dei contratti non può essere pronunziato se non quando, per il pregiudizio che sia derivato o possa derivare alla persona incapace d’intendere o di volere o per la qualità del contratto o altrimenti, risulta la malafede dell’altro contraente.L’azione si prescrive nel termine di cinque anni dal giorno in cui l’atto o il contratto è stato compiuto.Resta salva ogni diversa disposizione di legge (120, 591, 775, 1195; att. 130).
Art. 428 Atti compiuti da persona incapace d’intendere o di volere	4. Quali sono le conseguenze se si dimostra la malafede dell'altro contraente in un contratto con una persona incapace d’intendere o di volere?	Gli atti compiuti da persona che, sebbene non interdetta, si provi essere stata per qualsiasi causa, anche transitoria, incapace d’intendere o di volere al momento in cui gli atti sono stati compiuti, possono essere annullati (1441 e seguenti) su istanza della persona medesima o dei suoi eredi o aventi causa, se ne risulta un grave pregiudizio all’autore (120, 591 n. 3, 1425 e seguenti).L’annullamento dei contratti non può essere pronunziato se non quando, per il pregiudizio che sia derivato o possa derivare alla persona incapace d’intendere o di volere o per la qualità del contratto o altrimenti, risulta la malafede dell’altro contraente.L’azione si prescrive nel termine di cinque anni dal giorno in cui l’atto o il contratto è stato compiuto.Resta salva ogni diversa disposizione di legge (120, 591, 775, 1195; att. 130).
Art. 428 Atti compiuti da persona incapace d’intendere o di volere	5. Quali altre disposizioni di legge possono influire sull'annullamento degli atti compiuti da una persona incapace d’intendere o di volere?	Gli atti compiuti da persona che, sebbene non interdetta, si provi essere stata per qualsiasi causa, anche transitoria, incapace d’intendere o di volere al momento in cui gli atti sono stati compiuti, possono essere annullati (1441 e seguenti) su istanza della persona medesima o dei suoi eredi o aventi causa, se ne risulta un grave pregiudizio all’autore (120, 591 n. 3, 1425 e seguenti).L’annullamento dei contratti non può essere pronunziato se non quando, per il pregiudizio che sia derivato o possa derivare alla persona incapace d’intendere o di volere o per la qualità del contratto o altrimenti, risulta la malafede dell’altro contraente.L’azione si prescrive nel termine di cinque anni dal giorno in cui l’atto o il contratto è stato compiuto.Resta salva ogni diversa disposizione di legge (120, 591, 775, 1195; att. 130).
Art. 429 Revoca dell’interdizione e dell’inabilitazione	1. Chi può presentare istanza per la revoca dell'interdizione o dell'inabilitazione?	Quando cessa la causa dell’interdizione o dell’inabilitazione, queste possono essere revocate su istanza del coniuge, dei parenti entro il quarto grado o degli affini entro il secondo grado, del tutore dell’interdetto, del curatore dell’inabilitato o su istanza del pubblico ministero (74, 78; Cod. Proc. Civ. 720).Il giudice tutelare deve vigilare per riconoscere se la causa dell’interdizione o dell’inabilitazione continui. Se ritiene che sia venuta meno, deve informarne il pubblico ministero (42 att.).Se nel corso del giudizio per la revoca dell’interdizione o dell’inabilitazione appare opportuno che, successivamente alla revoca, il soggetto sia assistito dall’amministratore di sostegno, il tribunale, d’ufficio o ad istanza di parte, dispone la trasmissione degli atti al giudice tutelare.
Art. 429 Revoca dell’interdizione e dell’inabilitazione	2. Qual è il ruolo del giudice tutelare in relazione alla causa dell’interdizione o dell’inabilitazione?	Quando cessa la causa dell’interdizione o dell’inabilitazione, queste possono essere revocate su istanza del coniuge, dei parenti entro il quarto grado o degli affini entro il secondo grado, del tutore dell’interdetto, del curatore dell’inabilitato o su istanza del pubblico ministero (74, 78; Cod. Proc. Civ. 720).Il giudice tutelare deve vigilare per riconoscere se la causa dell’interdizione o dell’inabilitazione continui. Se ritiene che sia venuta meno, deve informarne il pubblico ministero (42 att.).Se nel corso del giudizio per la revoca dell’interdizione o dell’inabilitazione appare opportuno che, successivamente alla revoca, il soggetto sia assistito dall’amministratore di sostegno, il tribunale, d’ufficio o ad istanza di parte, dispone la trasmissione degli atti al giudice tutelare.
Art. 429 Revoca dell’interdizione e dell’inabilitazione	3. Cosa deve fare il giudice tutelare se ritiene che la causa dell’interdizione o dell’inabilitazione sia venuta meno?	Quando cessa la causa dell’interdizione o dell’inabilitazione, queste possono essere revocate su istanza del coniuge, dei parenti entro il quarto grado o degli affini entro il secondo grado, del tutore dell’interdetto, del curatore dell’inabilitato o su istanza del pubblico ministero (74, 78; Cod. Proc. Civ. 720).Il giudice tutelare deve vigilare per riconoscere se la causa dell’interdizione o dell’inabilitazione continui. Se ritiene che sia venuta meno, deve informarne il pubblico ministero (42 att.).Se nel corso del giudizio per la revoca dell’interdizione o dell’inabilitazione appare opportuno che, successivamente alla revoca, il soggetto sia assistito dall’amministratore di sostegno, il tribunale, d’ufficio o ad istanza di parte, dispone la trasmissione degli atti al giudice tutelare.
Art. 429 Revoca dell’interdizione e dell’inabilitazione	4. Cosa può disporre il tribunale se durante il giudizio per la revoca dell’interdizione o dell’inabilitazione appare opportuno che il soggetto sia assistito dall’amministratore di sostegno?	Quando cessa la causa dell’interdizione o dell’inabilitazione, queste possono essere revocate su istanza del coniuge, dei parenti entro il quarto grado o degli affini entro il secondo grado, del tutore dell’interdetto, del curatore dell’inabilitato o su istanza del pubblico ministero (74, 78; Cod. Proc. Civ. 720).Il giudice tutelare deve vigilare per riconoscere se la causa dell’interdizione o dell’inabilitazione continui. Se ritiene che sia venuta meno, deve informarne il pubblico ministero (42 att.).Se nel corso del giudizio per la revoca dell’interdizione o dell’inabilitazione appare opportuno che, successivamente alla revoca, il soggetto sia assistito dall’amministratore di sostegno, il tribunale, d’ufficio o ad istanza di parte, dispone la trasmissione degli atti al giudice tutelare.
Art. 430 Pubblicità	1. Quali disposizioni si applicano alla sentenza di revoca dell’interdizione o dell’inabilitazione?	Alla sentenza di rievoca dell’interdizione o dell’inabilitazione si applica l’art. 423.
Art. 431 Decorrenza degli effetti della sentenza di revoca	1. Quando produce i suoi effetti la sentenza che revoca l’interdizione o l’inabilitazione?	La sentenza che revoca l’interdizione o l’inabilitazione produce i suoi effetti appena passata in giudicato (Cod. Proc. Civ. 324).Tuttavia gli atti compiuti dopo la pubblicazione della sentenza di revoca non possono essere impugnati se non quando la revoca è esclusa con sentenza passata in giudicato (Cod. Proc. Civ. 324).
Art. 431 Decorrenza degli effetti della sentenza di revoca	2. In quali circostanze gli atti compiuti dopo la pubblicazione della sentenza di revoca possono essere impugnati?	La sentenza che revoca l’interdizione o l’inabilitazione produce i suoi effetti appena passata in giudicato (Cod. Proc. Civ. 324).Tuttavia gli atti compiuti dopo la pubblicazione della sentenza di revoca non possono essere impugnati se non quando la revoca è esclusa con sentenza passata in giudicato (Cod. Proc. Civ. 324).
Art. 432 Inabilitazione nel giudizio di revoca dell’interdizione	1. Cosa può fare l'autorità giudiziaria se riconosce fondata l'istanza di revoca dell'interdizione ma non crede che l'infermo abbia riacquistato la piena capacità?	L’autorità giudiziaria che pur riconoscendo fondata l’istanza di revoca dell’interdizione, non crede che l’infermo abbia riacquistato la piena capacità, può revocare l’interdizione e dichiarare inabilitato l’infermo medesimo.Si applica anche in questo caso il primo comma dell’articolo precedente.Gli atti non eccedenti l’ordinaria amministrazione, compiuti dall’inabilitato dopo la pubblicazione della sentenza che revoca l’interdizione, possono essere impugnati solo quando la revoca è esclusa con sentenza passata in giudicato.
Art. 432 Inabilitazione nel giudizio di revoca dell’interdizione	2. Quale comma dell'articolo precedente si applica anche nel caso di revoca dell'interdizione e dichiarazione di inabilitazione?	L’autorità giudiziaria che pur riconoscendo fondata l’istanza di revoca dell’interdizione, non crede che l’infermo abbia riacquistato la piena capacità, può revocare l’interdizione e dichiarare inabilitato l’infermo medesimo.Si applica anche in questo caso il primo comma dell’articolo precedente.Gli atti non eccedenti l’ordinaria amministrazione, compiuti dall’inabilitato dopo la pubblicazione della sentenza che revoca l’interdizione, possono essere impugnati solo quando la revoca è esclusa con sentenza passata in giudicato.
Art. 432 Inabilitazione nel giudizio di revoca dell’interdizione	3. Quali atti compiuti dall'inabilitato dopo la pubblicazione della sentenza che revoca l'interdizione possono essere impugnati?	L’autorità giudiziaria che pur riconoscendo fondata l’istanza di revoca dell’interdizione, non crede che l’infermo abbia riacquistato la piena capacità, può revocare l’interdizione e dichiarare inabilitato l’infermo medesimo.Si applica anche in questo caso il primo comma dell’articolo precedente.Gli atti non eccedenti l’ordinaria amministrazione, compiuti dall’inabilitato dopo la pubblicazione della sentenza che revoca l’interdizione, possono essere impugnati solo quando la revoca è esclusa con sentenza passata in giudicato.
Art. 432 Inabilitazione nel giudizio di revoca dell’interdizione	4. Quando possono essere impugnati gli atti non eccedenti l'ordinaria amministrazione compiuti dall'inabilitato?	L’autorità giudiziaria che pur riconoscendo fondata l’istanza di revoca dell’interdizione, non crede che l’infermo abbia riacquistato la piena capacità, può revocare l’interdizione e dichiarare inabilitato l’infermo medesimo.Si applica anche in questo caso il primo comma dell’articolo precedente.Gli atti non eccedenti l’ordinaria amministrazione, compiuti dall’inabilitato dopo la pubblicazione della sentenza che revoca l’interdizione, possono essere impugnati solo quando la revoca è esclusa con sentenza passata in giudicato.
Art. 433 Persone obbligate	1. Qual è l'ordine delle persone obbligate a prestare gli alimenti secondo l'articolo 2751 n.4?	All’obbligo di prestare gli alimenti sono tenuti, nell’ordine (2751 n.4):1) il coniuge (51, 129-bis, 156, 548, 585);2) i figli legittimi o legittimati o naturali o adottivi, e, in loro mancanza, i discendenti prossimi, anche naturali;3) i genitori e, in loro mancanza, gli ascendenti prossimi, anche naturali; gli adottanti;4) i generi e le nuore;5) il suocero e la suocera;6) i fratelli e le sorelle germani o unilaterali, con precedenza dei germani sugli unilaterali.
Art. 433 Persone obbligate	2. Chi ha la precedenza tra i fratelli germani e i fratelli unilaterali nell'obbligo di prestare gli alimenti?	All’obbligo di prestare gli alimenti sono tenuti, nell’ordine (2751 n.4):1) il coniuge (51, 129-bis, 156, 548, 585);2) i figli legittimi o legittimati o naturali o adottivi, e, in loro mancanza, i discendenti prossimi, anche naturali;3) i genitori e, in loro mancanza, gli ascendenti prossimi, anche naturali; gli adottanti;4) i generi e le nuore;5) il suocero e la suocera;6) i fratelli e le sorelle germani o unilaterali, con precedenza dei germani sugli unilaterali.
Art. 434 Cessazione dell’obbligo tra affini	1. Quando cessa l'obbligazione alimentare del suocero e della suocera nei confronti del genero o della nuora?	L’obbligazione alimentare del suocero e della suocera e quella del genero e della nuora cessano:1) quando la persona che ha diritto agli alimenti è passata a nuove nozze;2) quando il coniuge, da cui deriva l’affinità, e i figli nati dalla sua unione con l’altro coniuge e i loro discendenti sono morti.
Art. 434 Cessazione dell’obbligo tra affini	2. Qual è una delle condizioni che determinano la cessazione dell'obbligazione alimentare del genero e della nuora?	L’obbligazione alimentare del suocero e della suocera e quella del genero e della nuora cessano:1) quando la persona che ha diritto agli alimenti è passata a nuove nozze;2) quando il coniuge, da cui deriva l’affinità, e i figli nati dalla sua unione con l’altro coniuge e i loro discendenti sono morti.
Art. 434 Cessazione dell’obbligo tra affini	3. Cosa accade all'obbligazione alimentare se la persona che ha diritto agli alimenti si risposa?	L’obbligazione alimentare del suocero e della suocera e quella del genero e della nuora cessano:1) quando la persona che ha diritto agli alimenti è passata a nuove nozze;2) quando il coniuge, da cui deriva l’affinità, e i figli nati dalla sua unione con l’altro coniuge e i loro discendenti sono morti.
Art. 434 Cessazione dell’obbligo tra affini	4. In quale circostanza l'obbligazione alimentare cessa a causa della morte di determinate persone?	L’obbligazione alimentare del suocero e della suocera e quella del genero e della nuora cessano:1) quando la persona che ha diritto agli alimenti è passata a nuove nozze;2) quando il coniuge, da cui deriva l’affinità, e i figli nati dalla sua unione con l’altro coniuge e i loro discendenti sono morti.
Art. 434 Cessazione dell’obbligo tra affini	5. Quali discendenti devono essere morti affinché cessi l'obbligazione alimentare derivante dall'affinità?	L’obbligazione alimentare del suocero e della suocera e quella del genero e della nuora cessano:1) quando la persona che ha diritto agli alimenti è passata a nuove nozze;2) quando il coniuge, da cui deriva l’affinità, e i figli nati dalla sua unione con l’altro coniuge e i loro discendenti sono morti.
Art. 436 Obbligo tra adottante e adottato	1. Qual è l'ordine di precedenza nell'obbligo di fornire alimenti tra l'adottante e i genitori legittimi o naturali del figlio adottivo?	L’adottante deve gli alimenti al figlio adottivo con precedenza sui genitori legittimi o naturali di lui.
Art. 437 Obbligo del donatario	1. Il donatario è sempre tenuto a prestare gli alimenti al donante?	Il donatario (769 e seguenti) è tenuto, con precedenza su ogni altro obbligato, a prestare gli alimenti al donante, a meno che si tratti di donazione fatta in riguardo di un matrimonio o di una donazione rimuneratoria.
Art. 437 Obbligo del donatario	2. Quali sono le eccezioni in cui il donatario non è tenuto a prestare gli alimenti al donante?	Il donatario (769 e seguenti) è tenuto, con precedenza su ogni altro obbligato, a prestare gli alimenti al donante, a meno che si tratti di donazione fatta in riguardo di un matrimonio o di una donazione rimuneratoria.
Art. 437 Obbligo del donatario	3. In quale ordine di precedenza il donatario è tenuto a prestare gli alimenti al donante rispetto ad altri obbligati?	Il donatario (769 e seguenti) è tenuto, con precedenza su ogni altro obbligato, a prestare gli alimenti al donante, a meno che si tratti di donazione fatta in riguardo di un matrimonio o di una donazione rimuneratoria.
Art. 437 Obbligo del donatario	4. La donazione fatta in riguardo di un matrimonio esonera il donatario dall'obbligo di prestare gli alimenti al donante?	Il donatario (769 e seguenti) è tenuto, con precedenza su ogni altro obbligato, a prestare gli alimenti al donante, a meno che si tratti di donazione fatta in riguardo di un matrimonio o di una donazione rimuneratoria.
Art. 438 Misura degli alimenti	1. Chi può richiedere gli alimenti secondo il testo?	Gli alimenti possono essere chiesti solo da chi versa in istato di bisogno e non è in grado di provvedere al proprio mantenimento.Essi devono essere assegnati in proporzione del bisogno di chi li domanda e delle condizioni economiche di chi deve somministrarli. Non devono tuttavia superare quanto sia necessario per la vita dell’alimentando, avuto però riguardo alla sua posizione sociale.Il donatario non è tenuto oltre il valore della donazione tuttora esistente nel suo patrimonio.
Art. 438 Misura degli alimenti	2. In base a quali criteri devono essere assegnati gli alimenti?	Gli alimenti possono essere chiesti solo da chi versa in istato di bisogno e non è in grado di provvedere al proprio mantenimento.Essi devono essere assegnati in proporzione del bisogno di chi li domanda e delle condizioni economiche di chi deve somministrarli. Non devono tuttavia superare quanto sia necessario per la vita dell’alimentando, avuto però riguardo alla sua posizione sociale.Il donatario non è tenuto oltre il valore della donazione tuttora esistente nel suo patrimonio.
Art. 438 Misura degli alimenti	3. Qual è il limite massimo degli alimenti che possono essere assegnati?	Gli alimenti possono essere chiesti solo da chi versa in istato di bisogno e non è in grado di provvedere al proprio mantenimento.Essi devono essere assegnati in proporzione del bisogno di chi li domanda e delle condizioni economiche di chi deve somministrarli. Non devono tuttavia superare quanto sia necessario per la vita dell’alimentando, avuto però riguardo alla sua posizione sociale.Il donatario non è tenuto oltre il valore della donazione tuttora esistente nel suo patrimonio.
Art. 438 Misura degli alimenti	4. Fino a che punto è tenuto il donatario a fornire alimenti?	Gli alimenti possono essere chiesti solo da chi versa in istato di bisogno e non è in grado di provvedere al proprio mantenimento.Essi devono essere assegnati in proporzione del bisogno di chi li domanda e delle condizioni economiche di chi deve somministrarli. Non devono tuttavia superare quanto sia necessario per la vita dell’alimentando, avuto però riguardo alla sua posizione sociale.Il donatario non è tenuto oltre il valore della donazione tuttora esistente nel suo patrimonio.
Art. 439 Misura degli alimenti tra fratelli e sorelle	1. In quale misura sono dovuti gli alimenti tra fratelli e sorelle?	Tra fratelli e sorelle gli alimenti sono dovuti nella misura dello stretto necessario.Possono comprendere anche le spese per l’educazione e l’istruzione se si tratta di minore.
Art. 439 Misura degli alimenti tra fratelli e sorelle	2. Le spese per l'educazione e l'istruzione di un minore possono essere comprese negli alimenti dovuti tra fratelli e sorelle?	Tra fratelli e sorelle gli alimenti sono dovuti nella misura dello stretto necessario.Possono comprendere anche le spese per l’educazione e l’istruzione se si tratta di minore.
Art. 440 Cessazione, riduzione e aumento	1. In quali circostanze l'autorità giudiziaria può provvedere alla cessazione, riduzione o aumento degli alimenti assegnati?	Se dopo l’assegnazione degli alimenti mutano le condizioni economiche di chi li somministra o di chi li riceve, l’autorità giudiziaria provvede per la cessazione, la riduzione o l’aumento, secondo le circostanze. Gli alimenti possono pure essere ridotti per la condotta disordinata o riprovevole dell’alimentato.Se, dopo assegnati gli alimenti, consta che uno degli obbligati di grado anteriore è in condizione di poterli somministrare, l’autorità giudiziaria non può liberare l’obbligato di grado posteriore se non quando abbia imposto all’obbligato di grado anteriore di somministrare gli alimenti.
Art. 440 Cessazione, riduzione e aumento	2. Quali comportamenti dell'alimentato possono portare alla riduzione degli alimenti?	Se dopo l’assegnazione degli alimenti mutano le condizioni economiche di chi li somministra o di chi li riceve, l’autorità giudiziaria provvede per la cessazione, la riduzione o l’aumento, secondo le circostanze. Gli alimenti possono pure essere ridotti per la condotta disordinata o riprovevole dell’alimentato.Se, dopo assegnati gli alimenti, consta che uno degli obbligati di grado anteriore è in condizione di poterli somministrare, l’autorità giudiziaria non può liberare l’obbligato di grado posteriore se non quando abbia imposto all’obbligato di grado anteriore di somministrare gli alimenti.
Art. 440 Cessazione, riduzione e aumento	3. Cosa deve fare l'autorità giudiziaria se uno degli obbligati di grado anteriore diventa in grado di somministrare gli alimenti?	Se dopo l’assegnazione degli alimenti mutano le condizioni economiche di chi li somministra o di chi li riceve, l’autorità giudiziaria provvede per la cessazione, la riduzione o l’aumento, secondo le circostanze. Gli alimenti possono pure essere ridotti per la condotta disordinata o riprovevole dell’alimentato.Se, dopo assegnati gli alimenti, consta che uno degli obbligati di grado anteriore è in condizione di poterli somministrare, l’autorità giudiziaria non può liberare l’obbligato di grado posteriore se non quando abbia imposto all’obbligato di grado anteriore di somministrare gli alimenti.
Art. 441 Concorso di obbligati	1. Come devono concorrere alla prestazione degli alimenti le persone obbligate nello stesso grado?	Se più persone sono obbligate nello stesso grado alla prestazione degli alimenti, tutte devono concorrere alla prestazione stessa, ciascuna in proporzione delle proprie condizioni economiche.Se le persone chiamate in grado anteriore alla prestazione non sono in condizioni di sopportare l’onere in tutto o in parte, l’obbligazione stessa è posta in tutto o in parte a carico delle persone chiamate in grado posteriore.Se gli obbligati non sono concordi sulla misura, sulla distribuzione e sul modo di somministrazione degli alimenti, provvede l’autorità giudiziaria secondo le circostanze.
Art. 441 Concorso di obbligati	2. Cosa accade se le persone chiamate in grado anteriore alla prestazione non sono in condizioni di sopportare l’onere?	Se più persone sono obbligate nello stesso grado alla prestazione degli alimenti, tutte devono concorrere alla prestazione stessa, ciascuna in proporzione delle proprie condizioni economiche.Se le persone chiamate in grado anteriore alla prestazione non sono in condizioni di sopportare l’onere in tutto o in parte, l’obbligazione stessa è posta in tutto o in parte a carico delle persone chiamate in grado posteriore.Se gli obbligati non sono concordi sulla misura, sulla distribuzione e sul modo di somministrazione degli alimenti, provvede l’autorità giudiziaria secondo le circostanze.
Art. 441 Concorso di obbligati	3. Chi provvede in caso di disaccordo tra gli obbligati sulla misura, sulla distribuzione e sul modo di somministrazione degli alimenti?	Se più persone sono obbligate nello stesso grado alla prestazione degli alimenti, tutte devono concorrere alla prestazione stessa, ciascuna in proporzione delle proprie condizioni economiche.Se le persone chiamate in grado anteriore alla prestazione non sono in condizioni di sopportare l’onere in tutto o in parte, l’obbligazione stessa è posta in tutto o in parte a carico delle persone chiamate in grado posteriore.Se gli obbligati non sono concordi sulla misura, sulla distribuzione e sul modo di somministrazione degli alimenti, provvede l’autorità giudiziaria secondo le circostanze.
Art. 442 Concorso di aventi diritto	1. Quali criteri utilizza l'autorità giudiziaria per determinare i provvedimenti opportuni quando un obbligato non è in grado di provvedere ai bisogni di più aventi diritto agli alimenti?	Quando o più persone hanno diritto agli alimenti nei confronti di un medesimo obbligato, e questi non è in grado di provvedere ai bisogni di ciascuna di esse, l’autorità giudiziaria dà i provvedimenti opportuni, tenendo conto della prossimità della parentela e dei rispettivi bisogni, e anche della possibilità che taluno degli aventi diritto abbia di conseguire gli alimenti da obbligati di grado ulteriore.
Art. 442 Concorso di aventi diritto	2. In che modo la prossimità della parentela influisce sui provvedimenti presi dall'autorità giudiziaria in caso di insufficienza di risorse da parte dell'obbligato?	Quando o più persone hanno diritto agli alimenti nei confronti di un medesimo obbligato, e questi non è in grado di provvedere ai bisogni di ciascuna di esse, l’autorità giudiziaria dà i provvedimenti opportuni, tenendo conto della prossimità della parentela e dei rispettivi bisogni, e anche della possibilità che taluno degli aventi diritto abbia di conseguire gli alimenti da obbligati di grado ulteriore.
Art. 442 Concorso di aventi diritto	3. Come viene considerata la possibilità che un avente diritto possa conseguire gli alimenti da obbligati di grado ulteriore nel determinare i provvedimenti giudiziari?	Quando o più persone hanno diritto agli alimenti nei confronti di un medesimo obbligato, e questi non è in grado di provvedere ai bisogni di ciascuna di esse, l’autorità giudiziaria dà i provvedimenti opportuni, tenendo conto della prossimità della parentela e dei rispettivi bisogni, e anche della possibilità che taluno degli aventi diritto abbia di conseguire gli alimenti da obbligati di grado ulteriore.
Art. 443 Modo di somministrazione degli alimenti	1. Quali sono le due modalità con cui chi deve somministrare gli alimenti può adempiere a questa obbligazione?	Chi deve somministrare gli alimenti ha la scelta di adempiere questa obbligazione o mediante un assegno alimentare corrisposto in periodi anticipati (2948 n. 2), o accogliendo e mantenendo nella propria casa colui che vi ha diritto.L’autorità giudiziaria può però, secondo le circostanze, determinare il modo di somministrazione.In caso di urgente necessità, l’autorità giudiziaria può altresì porre temporaneamente l’obbligazione degli alimenti a carico di uno solo tra quelli che vi sono obbligati, salvo il regresso verso gli altri.
Art. 443 Modo di somministrazione degli alimenti	2. In quali circostanze l'autorità giudiziaria può determinare il modo di somministrazione degli alimenti?	Chi deve somministrare gli alimenti ha la scelta di adempiere questa obbligazione o mediante un assegno alimentare corrisposto in periodi anticipati (2948 n. 2), o accogliendo e mantenendo nella propria casa colui che vi ha diritto.L’autorità giudiziaria può però, secondo le circostanze, determinare il modo di somministrazione.In caso di urgente necessità, l’autorità giudiziaria può altresì porre temporaneamente l’obbligazione degli alimenti a carico di uno solo tra quelli che vi sono obbligati, salvo il regresso verso gli altri.
Art. 443 Modo di somministrazione degli alimenti	3. Cosa può fare l'autorità giudiziaria in caso di urgente necessità riguardo l'obbligazione degli alimenti?	Chi deve somministrare gli alimenti ha la scelta di adempiere questa obbligazione o mediante un assegno alimentare corrisposto in periodi anticipati (2948 n. 2), o accogliendo e mantenendo nella propria casa colui che vi ha diritto.L’autorità giudiziaria può però, secondo le circostanze, determinare il modo di somministrazione.In caso di urgente necessità, l’autorità giudiziaria può altresì porre temporaneamente l’obbligazione degli alimenti a carico di uno solo tra quelli che vi sono obbligati, salvo il regresso verso gli altri.
Art. 444 Adempimento della prestazione alimentare	1. L'assegno alimentare prestato secondo le modalità stabilite può essere nuovamente richiesto se l'alimentando ne ha fatto un uso improprio?	L’assegno alimentare prestato secondo le modalità stabilite non può essere nuovamente richiesto, qualunque uso l’alimentando ne abbia fatto.
Art. 445 Decorrenza degli alimenti	1. Da quale momento sono dovuti gli alimenti secondo il testo?	Gli alimenti sono dovuti dal giorno della domanda giudiziale o dal giorno della costituzione in mora dell’obbligato, quando questa costituzione sia entro sei mesi seguita dalla domanda giudiziale.
Art. 446 Assegno provvisorio	1. Quali sono le condizioni che permettono al presidente del tribunale di ordinare un assegno in via provvisoria per gli alimenti?	Finché non sono determinati definitivamente il modo e la misura degli alimenti, presidente del tribunale può, sentita l’altra parte, ordinare un assegno in via provvisoria ponendolo, nel caso di concorso di più obbligati, a carico anche di uno solo di essi, salvo il regresso verso gli altri.
Art. 446 Assegno provvisorio	2. In caso di concorso di più obbligati, su chi può essere posto l'assegno in via provvisoria?	Finché non sono determinati definitivamente il modo e la misura degli alimenti, presidente del tribunale può, sentita l’altra parte, ordinare un assegno in via provvisoria ponendolo, nel caso di concorso di più obbligati, a carico anche di uno solo di essi, salvo il regresso verso gli altri.
Art. 446 Assegno provvisorio	3. Cosa deve fare il presidente del tribunale prima di ordinare un assegno in via provvisoria?	Finché non sono determinati definitivamente il modo e la misura degli alimenti, presidente del tribunale può, sentita l’altra parte, ordinare un assegno in via provvisoria ponendolo, nel caso di concorso di più obbligati, a carico anche di uno solo di essi, salvo il regresso verso gli altri.
Art. 446 Assegno provvisorio	4. Cosa è previsto per l'obbligato che si vede assegnato l'assegno in via provvisoria in caso di concorso di più obbligati?	Finché non sono determinati definitivamente il modo e la misura degli alimenti, presidente del tribunale può, sentita l’altra parte, ordinare un assegno in via provvisoria ponendolo, nel caso di concorso di più obbligati, a carico anche di uno solo di essi, salvo il regresso verso gli altri.
Art. 447 Inammissibilità di cessione e di compensazione	1. Perché il credito alimentare non può essere ceduto?	Il credito alimentare non può essere ceduto.L’obbligo agli alimenti non può opporre all’altra parte la compensazione (1241, 1246 n. 5), neppure quando si tratta di prestazioni arretrate.
Art. 447 Inammissibilità di cessione e di compensazione	2. È possibile opporre la compensazione all'obbligo agli alimenti, anche in caso di prestazioni arretrate?	Il credito alimentare non può essere ceduto.L’obbligo agli alimenti non può opporre all’altra parte la compensazione (1241, 1246 n. 5), neppure quando si tratta di prestazioni arretrate.
Art. 448 Cessazione per morte dell’obbligato	1. L'obbligo degli alimenti cessa con la morte dell'obbligato anche se questi li ha somministrati in esecuzione di sentenza?	L’obbligo degli alimenti cessa con la morte dell’obbligato, anche se questi li ha somministrati in esecuzione di sentenza.
Art. 449 Registri dello stato civile	1. Quali norme regolano la tenuta dei registri dello stato civile nei comuni?	I registri dello stato civile sono tenuti in ogni comune in conformità delle norme contenute nella legge sull’ordinamento dello stato civile.
Art. 450 Pubblicità dei registri dello stato civile	1. Gli ufficiali dello stato civile sono obbligati a rilasciare estratti e certificati richiesti dai privati?	I registri dello stato civile sono pubblici.Gli ufficiali dello stato civile devono rilasciare gli estratti e i certificati che vengono loro domandati con le indicazioni dalla legge prescritte.Essi devono altresì compiere negli atti affidati alla loro custodia le indagini domandate dai privati.
Art. 450 Pubblicità dei registri dello stato civile	2. Quali tipi di indagini devono compiere gli ufficiali dello stato civile negli atti affidati alla loro custodia?	I registri dello stato civile sono pubblici.Gli ufficiali dello stato civile devono rilasciare gli estratti e i certificati che vengono loro domandati con le indicazioni dalla legge prescritte.Essi devono altresì compiere negli atti affidati alla loro custodia le indagini domandate dai privati.
Art. 450 Pubblicità dei registri dello stato civile	3. I registri dello stato civile sono accessibili al pubblico?	I registri dello stato civile sono pubblici.Gli ufficiali dello stato civile devono rilasciare gli estratti e i certificati che vengono loro domandati con le indicazioni dalla legge prescritte.Essi devono altresì compiere negli atti affidati alla loro custodia le indagini domandate dai privati.
Art. 451 Forza probatoria degli atti	1. Fino a quale punto gli atti dello stato civile fanno prova?	Gli atti dello stato civile fanno prova, fino a querela di falso (2699; Cod. Proc. Civ. 221), di ciò che l’ufficiale pubblico attesta essere avvenuto alla sua presenza o da lui compiuto.Le dichiarazioni dei comparenti fanno fede a prova contraria.Le indicazioni estranee all’atto non hanno alcun valore.
Art. 451 Forza probatoria degli atti	2. Quale valore hanno le dichiarazioni dei comparenti negli atti dello stato civile?	Gli atti dello stato civile fanno prova, fino a querela di falso (2699; Cod. Proc. Civ. 221), di ciò che l’ufficiale pubblico attesta essere avvenuto alla sua presenza o da lui compiuto.Le dichiarazioni dei comparenti fanno fede a prova contraria.Le indicazioni estranee all’atto non hanno alcun valore.
Art. 451 Forza probatoria degli atti	3. Che valore hanno le indicazioni estranee all'atto dello stato civile?	Gli atti dello stato civile fanno prova, fino a querela di falso (2699; Cod. Proc. Civ. 221), di ciò che l’ufficiale pubblico attesta essere avvenuto alla sua presenza o da lui compiuto.Le dichiarazioni dei comparenti fanno fede a prova contraria.Le indicazioni estranee all’atto non hanno alcun valore.
Art. 452 Mancanza, distruzione o smarrimento di registri	1. Quali sono le condizioni che permettono di provare la nascita o la morte con ogni mezzo?	Se non si sono tenuti i registri o sono andati distrutti o smarriti o se, per qualunque altra causa, manca in tutto o in parte la registrazione dell’atto, la prova della nascita o della morte può essere data con ogni mezzo.In caso di mancanza, di distruzione totale o parziale, di alterazione o di occultamento accaduti per dolo del richiedente, questi non è ammesso alla prova consentita nel comma precedente.
Art. 452 Mancanza, distruzione o smarrimento di registri	2. Cosa accade se la mancanza, distruzione, alterazione o occultamento dei registri è avvenuta per dolo del richiedente?	Se non si sono tenuti i registri o sono andati distrutti o smarriti o se, per qualunque altra causa, manca in tutto o in parte la registrazione dell’atto, la prova della nascita o della morte può essere data con ogni mezzo.In caso di mancanza, di distruzione totale o parziale, di alterazione o di occultamento accaduti per dolo del richiedente, questi non è ammesso alla prova consentita nel comma precedente.
Art. 453 Annotazioni	1. Quali sono le condizioni che permettono di fare annotazioni su un atto già iscritto nei registri?	Nessuna annotazione può essere fatta sopra un atto già iscritto nei registri se non è disposta per legge ovvero non è ordinata dall’autorità giudiziaria.
Art. 455 Efficacia della sentenza di rettificazione	1. A chi non può essere opposta la sentenza di rettificazione?	La sentenza di rettificazione non può essere opposta a quelli che non concorsero a domandare la rettificazione, ovvero non furono parti in giudizio o non vi furono regolarmente chiamati.
